source_repo_path	public_repo_path	role	upstream_source	source_version_or_retrieval_date	original_redistribution_status	public_decision	license_or_terms	citation_required	reason	replacement_or_acquisition_method	sha256
.gitattributes	.gitattributes	PUBLIC_RELEASE_FILE	Cardozo ketamine historeceptomics project	APPROVED_PUBLICATION_SOURCE_SNAPSHOT_2026-08-25	PROJECT_ORIGINAL_OR_NOT_APPLICABLE	KEEP	MIT	NO	Byte-identical approved artifact	None	4AA2658F12003DF42FFAA80EA841DEC717B05AA8BEF4C8390F7A28938F67F300
.github/workflows/ci.yml	.github/workflows/ci.yml	ORIGINAL_CONFIGURATION	Cardozo ketamine historeceptomics project	APPROVED_PUBLICATION_SOURCE_SNAPSHOT_2026-08-25	PROJECT_ORIGINAL_OR_NOT_APPLICABLE	REPLACE_WITH_PUBLIC_DERIVATIVE	MIT	NO	Public documentation, metadata, or input routing was sanitized without changing protected scientific behavior	Derived from the approved source snapshot with documented public-only changes	9CE2F91AC6E358579D89E41343CF869700C7A2F009AA3F8721B73A09D0D47DF0
.gitignore	.gitignore	PUBLIC_RELEASE_FILE	Cardozo ketamine historeceptomics project	APPROVED_PUBLICATION_SOURCE_SNAPSHOT_2026-08-25	PROJECT_ORIGINAL_OR_NOT_APPLICABLE	KEEP	MIT	NO	Byte-identical approved artifact	None	79B4000904D67DA4B25C5CFE3E589724A71A60BE9E828EEED4DC87975CBAA58B
ANALYSIS_REPRODUCIBILITY_MATRIX.csv	ANALYSIS_REPRODUCIBILITY_MATRIX.csv	PROJECT_METADATA_OR_AUDIT_EVIDENCE	Cardozo ketamine historeceptomics project	APPROVED_PUBLICATION_SOURCE_SNAPSHOT_2026-08-25	PROJECT_ORIGINAL_OR_NOT_APPLICABLE	KEEP	MIT	NO	Byte-identical approved artifact	None	DD4F7085FAAFE5DCF7ECAFF679DA354B51174976A6BF194E4CC6725E19E17631
CITATION.cff	CITATION.cff	ORIGINAL_DOCUMENTATION_OR_LICENSE	Cardozo ketamine historeceptomics project	APPROVED_PUBLICATION_SOURCE_SNAPSHOT_2026-08-25	PROJECT_ORIGINAL_OR_NOT_APPLICABLE	REPLACE_WITH_PUBLIC_DERIVATIVE	MIT	NO	Public documentation, metadata, or input routing was sanitized without changing protected scientific behavior	Derived from the approved source snapshot with documented public-only changes	BE625E00D08B7B6296812F27B3D7EBCC4D4B0A3A6C3CE6C68C0F95AD2B879E24
CURRENT_ANALYSIS_AUTHORITY_MANIFEST.csv	CURRENT_ANALYSIS_AUTHORITY_MANIFEST.csv	PROJECT_METADATA_OR_AUDIT_EVIDENCE	Cardozo ketamine historeceptomics project	APPROVED_PUBLICATION_SOURCE_SNAPSHOT_2026-08-25	PROJECT_ORIGINAL_OR_NOT_APPLICABLE	REPLACE_WITH_PUBLIC_DERIVATIVE	MIT	NO	Public documentation, metadata, or input routing was sanitized without changing protected scientific behavior	Derived from the approved source snapshot with documented public-only changes	6D0CBA738D5B971E66CC39AC6D644E052037909886D63A848E7A576C0E10E733
DATA_MANIFEST.csv	DATA_MANIFEST.csv	PROJECT_METADATA_OR_AUDIT_EVIDENCE	Cardozo ketamine historeceptomics project	APPROVED_PUBLICATION_SOURCE_SNAPSHOT_2026-08-25	PROJECT_ORIGINAL_OR_NOT_APPLICABLE	REPLACE_WITH_PUBLIC_DERIVATIVE	MIT	NO	Public documentation, metadata, or input routing was sanitized without changing protected scientific behavior	Derived from the approved source snapshot with documented public-only changes	181DEDB48C6193278D447660C8CA8CFC6DEFC9E4D9BA36704EA88783B71D88C8
LICENSE_STATUS.md		ORIGINAL_DOCUMENTATION_OR_LICENSE	Cardozo ketamine historeceptomics project	APPROVED_PUBLICATION_SOURCE_SNAPSHOT_2026-08-25	PROJECT_ORIGINAL_OR_NOT_APPLICABLE	REMOVE	NOT_REDISTRIBUTED	NO	Source-era release, provenance-sanitization, or superseded metadata is not public release content	Replaced by public release documentation where applicable	D8DFB5789BD54DD9B61EEAA12417D352A832FDEBE3BA62959B734B92DBA0F28A
MANIFEST.tsv		PROJECT_METADATA_OR_AUDIT_EVIDENCE	Cardozo ketamine historeceptomics project	APPROVED_PUBLICATION_SOURCE_SNAPSHOT_2026-08-25	PROJECT_ORIGINAL_OR_NOT_APPLICABLE	REMOVE	NOT_REDISTRIBUTED	NO	Source-era release, provenance-sanitization, or superseded metadata is not public release content	Replaced by public release documentation where applicable	50A675CDFCD68FA5BF9ACE52E007D24B811CD5A7525C2B076F8313ADB10908F0
MULTIVARIATE_MODEL_STATUS.csv	MULTIVARIATE_MODEL_STATUS.csv	PROJECT_METADATA_OR_AUDIT_EVIDENCE	Cardozo ketamine historeceptomics project	APPROVED_PUBLICATION_SOURCE_SNAPSHOT_2026-08-25	PROJECT_ORIGINAL_OR_NOT_APPLICABLE	KEEP	MIT	NO	Byte-identical approved artifact	None	C9DAAC10045CB98D6AD273897A1F28A42B89F208CB7B157A19FB80A8364C24B4
PUBLICATION_REPOSITORY_AUDIT.md		ORIGINAL_DOCUMENTATION_OR_LICENSE	Cardozo ketamine historeceptomics project	APPROVED_PUBLICATION_SOURCE_SNAPSHOT_2026-08-25	PROJECT_ORIGINAL_OR_NOT_APPLICABLE	REMOVE	NOT_REDISTRIBUTED	NO	Source-era release, provenance-sanitization, or superseded metadata is not public release content	Replaced by public release documentation where applicable	9333CB84CC7281C0C3536AB554471E92CD747585CCC65CF866E41D1DAFAE1652
README.md	README.md	ORIGINAL_DOCUMENTATION_OR_LICENSE	Cardozo ketamine historeceptomics project	APPROVED_PUBLICATION_SOURCE_SNAPSHOT_2026-08-25	PROJECT_ORIGINAL_OR_NOT_APPLICABLE	REPLACE_WITH_PUBLIC_DERIVATIVE	MIT	NO	Public documentation, metadata, or input routing was sanitized without changing protected scientific behavior	Derived from the approved source snapshot with documented public-only changes	08FFAE34613AADCBDD0E1B6D33815BACD31D143C2E113685FD282B966F23C8E9
RELEASE_NOTES.md	RELEASE_NOTES.md	ORIGINAL_DOCUMENTATION_OR_LICENSE	Cardozo ketamine historeceptomics project	APPROVED_PUBLICATION_SOURCE_SNAPSHOT_2026-08-25	PROJECT_ORIGINAL_OR_NOT_APPLICABLE	REPLACE_WITH_PUBLIC_DERIVATIVE	MIT	NO	Public documentation, metadata, or input routing was sanitized without changing protected scientific behavior	Derived from the approved source snapshot with documented public-only changes	684E86A988A3389BFD72108C3AA74432F5380868EF8C1E924A059F5E9E9B7A5E
SHA256SUMS.txt	SHA256SUMS.txt	PROJECT_METADATA_OR_AUDIT_EVIDENCE	Cardozo ketamine historeceptomics project	APPROVED_PUBLICATION_SOURCE_SNAPSHOT_2026-08-25	PROJECT_ORIGINAL_OR_NOT_APPLICABLE	REPLACE_WITH_PUBLIC_DERIVATIVE	MIT	NO	Public documentation, metadata, or input routing was sanitized without changing protected scientific behavior	Derived from the approved source snapshot with documented public-only changes	SEE_PUBLIC_RELEASE_MANIFEST
audits/CLEAN_CLONE_VALIDATION.md		ORIGINAL_DOCUMENTATION_OR_LICENSE	Cardozo ketamine historeceptomics project	APPROVED_PUBLICATION_SOURCE_SNAPSHOT_2026-08-25	PROJECT_ORIGINAL_OR_NOT_APPLICABLE	REMOVE	NOT_REDISTRIBUTED	NO	Source-era release, provenance-sanitization, or superseded metadata is not public release content	Replaced by public release documentation where applicable	EC84DD7B5D3275B0F67056C4D6AFA253877BEEFF3C10A04869DE2E05EDCCF6AB
audits/CODE_INVENTORY.csv	audits/CODE_INVENTORY.csv	PROJECT_METADATA_OR_AUDIT_EVIDENCE	Cardozo ketamine historeceptomics project	APPROVED_PUBLICATION_SOURCE_SNAPSHOT_2026-08-25	PROJECT_ORIGINAL_OR_NOT_APPLICABLE	REPLACE_WITH_PUBLIC_DERIVATIVE	MIT	NO	Public documentation, metadata, or input routing was sanitized without changing protected scientific behavior	Derived from the approved source snapshot with documented public-only changes	D85DA7A059637783A7C6F3E2BD7352C19416E6B1A8A7E1186E63FC2D1DD044D4
audits/OUTPUT_CODE_LINEAGE.csv	audits/OUTPUT_CODE_LINEAGE.csv	PROJECT_METADATA_OR_AUDIT_EVIDENCE	Cardozo ketamine historeceptomics project	APPROVED_PUBLICATION_SOURCE_SNAPSHOT_2026-08-25	PROJECT_ORIGINAL_OR_NOT_APPLICABLE	KEEP	MIT	NO	Byte-identical approved artifact	None	D3D65E2809F2553824DF1B7E836FEF3E9699C2C51ABB298CB407B7AD236A98C5
audits/RELEASE_VALIDATION.md		ORIGINAL_DOCUMENTATION_OR_LICENSE	Cardozo ketamine historeceptomics project	APPROVED_PUBLICATION_SOURCE_SNAPSHOT_2026-08-25	PROJECT_ORIGINAL_OR_NOT_APPLICABLE	REMOVE	NOT_REDISTRIBUTED	NO	Source-era release, provenance-sanitization, or superseded metadata is not public release content	Replaced by public release documentation where applicable	18EA6CCC2F8D022905399C1E1248713BA30A98157FBFEE188D7F861C0D607FF5
audits/REPOSITORY_CONTENT_AUDIT.md	audits/REPOSITORY_CONTENT_AUDIT.md	ORIGINAL_DOCUMENTATION_OR_LICENSE	Cardozo ketamine historeceptomics project	APPROVED_PUBLICATION_SOURCE_SNAPSHOT_2026-08-25	PROJECT_ORIGINAL_OR_NOT_APPLICABLE	REPLACE_WITH_PUBLIC_DERIVATIVE	MIT	NO	Public documentation, metadata, or input routing was sanitized without changing protected scientific behavior	Derived from the approved source snapshot with documented public-only changes	SEE_PUBLIC_RELEASE_MANIFEST
audits/SOURCE_SELECTION_RECORD.md	audits/SOURCE_SELECTION_RECORD.md	ORIGINAL_DOCUMENTATION_OR_LICENSE	Cardozo ketamine historeceptomics project	APPROVED_PUBLICATION_SOURCE_SNAPSHOT_2026-08-25	PROJECT_ORIGINAL_OR_NOT_APPLICABLE	REPLACE_WITH_PUBLIC_DERIVATIVE	MIT	NO	Public documentation, metadata, or input routing was sanitized without changing protected scientific behavior	Derived from the approved source snapshot with documented public-only changes	DA01B4027BD2D9BE966F1F8F61BA790B17CA9305379F07244E17C43C5E55FB80
audits/SOURCE_SNAPSHOT_MANIFEST.tsv	audits/SOURCE_SNAPSHOT_MANIFEST.tsv	PROJECT_METADATA_OR_AUDIT_EVIDENCE	Cardozo ketamine historeceptomics project	APPROVED_PUBLICATION_SOURCE_SNAPSHOT_2026-08-25	PROJECT_ORIGINAL_OR_NOT_APPLICABLE	KEEP	MIT	NO	Byte-identical approved artifact	None	689CED60961EF51E7414A6871C19EE85CD5C4A281FBE61F2E27EE46866113894
audits/UPSTREAM_REPRODUCIBILITY_BOUNDARIES.csv	audits/UPSTREAM_REPRODUCIBILITY_BOUNDARIES.csv	PROJECT_METADATA_OR_AUDIT_EVIDENCE	Cardozo ketamine historeceptomics project	APPROVED_PUBLICATION_SOURCE_SNAPSHOT_2026-08-25	PROJECT_ORIGINAL_OR_NOT_APPLICABLE	REPLACE_WITH_PUBLIC_DERIVATIVE	MIT	NO	Public documentation, metadata, or input routing was sanitized without changing protected scientific behavior	Derived from the approved source snapshot with documented public-only changes	C87149AC1FBE7E75636D9189FF9C959996FEA25599982C93082EDFC676D25CE3
audits/UPSTREAM_REPRODUCIBILITY_BOUNDARIES.md	audits/UPSTREAM_REPRODUCIBILITY_BOUNDARIES.md	ORIGINAL_DOCUMENTATION_OR_LICENSE	Cardozo ketamine historeceptomics project	APPROVED_PUBLICATION_SOURCE_SNAPSHOT_2026-08-25	PROJECT_ORIGINAL_OR_NOT_APPLICABLE	KEEP	MIT	NO	Byte-identical approved artifact	None	DDCB7D3FC8F8180C0784CC170E9205C41654D20E62D54E37B3B3778966073EF2
configs/analysis_registry.yaml	configs/analysis_registry.yaml	ORIGINAL_CONFIGURATION	Cardozo ketamine historeceptomics project	APPROVED_PUBLICATION_SOURCE_SNAPSHOT_2026-08-25	PROJECT_ORIGINAL_OR_NOT_APPLICABLE	REPLACE_WITH_PUBLIC_DERIVATIVE	MIT	NO	Public documentation, metadata, or input routing was sanitized without changing protected scientific behavior	Derived from the approved source snapshot with documented public-only changes	63CED959C6B0C61520997F0F3A332359AEF2DA98460FE05B904FFA9FCC725F0B
configs/compounds.yaml	configs/compounds.yaml	ORIGINAL_CONFIGURATION	Cardozo ketamine historeceptomics project	APPROVED_PUBLICATION_SOURCE_SNAPSHOT_2026-08-25	PROJECT_ORIGINAL_OR_NOT_APPLICABLE	REPLACE_WITH_PUBLIC_DERIVATIVE	MIT	NO	Public documentation, metadata, or input routing was sanitized without changing protected scientific behavior	Derived from the approved source snapshot with documented public-only changes	39C3F8ED65B07D2007FE461CAA0EA63661E64069A5D476CB0BBA4B6F84C88CC0
configs/governed_parameters.yaml	configs/governed_parameters.yaml	ORIGINAL_CONFIGURATION	Cardozo ketamine historeceptomics project	APPROVED_PUBLICATION_SOURCE_SNAPSHOT_2026-08-25	PROJECT_ORIGINAL_OR_NOT_APPLICABLE	REPLACE_WITH_PUBLIC_DERIVATIVE	MIT	NO	Public documentation, metadata, or input routing was sanitized without changing protected scientific behavior	Derived from the approved source snapshot with documented public-only changes	73095C18D650450F9934F8D57592823923568AFD7738E366BE6A076B94264DF3
configs/reference_drugs.yaml	configs/reference_drugs.yaml	ORIGINAL_CONFIGURATION	Cardozo ketamine historeceptomics project	APPROVED_PUBLICATION_SOURCE_SNAPSHOT_2026-08-25	PROJECT_ORIGINAL_OR_NOT_APPLICABLE	REPLACE_WITH_PUBLIC_DERIVATIVE	MIT	NO	Public documentation, metadata, or input routing was sanitized without changing protected scientific behavior	Derived from the approved source snapshot with documented public-only changes	94B677D3D47AB6D1F1765079875088C8B0FE1CAA141D58F665BEFDBE927C6563
configs/tissues_cns18.yaml	configs/tissues_cns18.yaml	ORIGINAL_CONFIGURATION	Cardozo ketamine historeceptomics project	APPROVED_PUBLICATION_SOURCE_SNAPSHOT_2026-08-25	PROJECT_ORIGINAL_OR_NOT_APPLICABLE	REPLACE_WITH_PUBLIC_DERIVATIVE	MIT	NO	Public documentation, metadata, or input routing was sanitized without changing protected scientific behavior	Derived from the approved source snapshot with documented public-only changes	51A8B843CAE944AB35FD1A3EBFBBC937D41F4323A7AF652D0F7FD94DF4AB2BB8
configs/tissues_full77.yaml	configs/tissues_full77.yaml	ORIGINAL_CONFIGURATION	Cardozo ketamine historeceptomics project	APPROVED_PUBLICATION_SOURCE_SNAPSHOT_2026-08-25	PROJECT_ORIGINAL_OR_NOT_APPLICABLE	REPLACE_WITH_PUBLIC_DERIVATIVE	MIT	NO	Public documentation, metadata, or input routing was sanitized without changing protected scientific behavior	Derived from the approved source snapshot with documented public-only changes	9041CCCEDE49B5BA0A841DB58B3D8CEC47A444F95C788D6D2FC12DE6B542FD20
data/frozen/core/pooled_expression58.parquet	data/fixtures/	GOVERNED_DATA_OR_METADATA	Pooled-parent activity, BioGPS/GNF1H expression, HR, and fingerprint pipeline	Missing38_Expression_Recovery_Audit_v1_20260813_100740	PRIVATE_ONLY_PENDING_SOURCE_LICENSE_REVIEW	REPLACE_WITH_SYNTHETIC_FIXTURE	NOT_REDISTRIBUTED; upstream-specific terms remain controlling	YES	Redistribution basis was unclear or source-mixed, so the governed input is excluded	Supply the exact external file described by EXTERNAL_INPUT_MANIFEST.tsv for Verify/Full; Smoke uses synthetic fixtures	D8A917357EE506AAA8F3280921F631177B872E11FBF83456CEF64A07A44F1C04
data/frozen/core/pooled_full77_hr.parquet	data/fixtures/	GOVERNED_DATA_OR_METADATA	Pooled-parent activity, BioGPS/GNF1H expression, HR, and fingerprint pipeline	Expanded58_Full_Tissue_HR_v2_20260813_123324	PRIVATE_ONLY_PENDING_SOURCE_LICENSE_REVIEW	REPLACE_WITH_SYNTHETIC_FIXTURE	NOT_REDISTRIBUTED; upstream-specific terms remain controlling	YES	Redistribution basis was unclear or source-mixed, so the governed input is excluded	Supply the exact external file described by EXTERNAL_INPUT_MANIFEST.tsv for Verify/Full; Smoke uses synthetic fixtures	2D406BB6D5CF6C48DCC1805F2E812681856A14785E43C32A5A9ADE7FDE437DF3
data/frozen/core/pooled_missing_expression.csv	data/fixtures/	GOVERNED_DATA_OR_METADATA	Pooled-parent activity, BioGPS/GNF1H expression, HR, and fingerprint pipeline	Missing38_Expression_Recovery_Audit_v1_20260813_100740	PRIVATE_ONLY_PENDING_SOURCE_LICENSE_REVIEW	REPLACE_WITH_SYNTHETIC_FIXTURE	NOT_REDISTRIBUTED; upstream-specific terms remain controlling	YES	Redistribution basis was unclear or source-mixed, so the governed input is excluded	Supply the exact external file described by EXTERNAL_INPUT_MANIFEST.tsv for Verify/Full; Smoke uses synthetic fixtures	ECABEBD514AB2001C8E5886BDB35FCB1CD8CAAF03F423AAADC1522F2C594DEB0
data/frozen/core/pooled_strict18_calls_alpha0001.csv	data/fixtures/	GOVERNED_DATA_OR_METADATA	Pooled-parent activity, BioGPS/GNF1H expression, HR, and fingerprint pipeline	Strict18_Fingerprint_v1_20260813_124501	PRIVATE_ONLY_PENDING_SOURCE_LICENSE_REVIEW	REPLACE_WITH_SYNTHETIC_FIXTURE	NOT_REDISTRIBUTED; upstream-specific terms remain controlling	YES	Redistribution basis was unclear or source-mixed, so the governed input is excluded	Supply the exact external file described by EXTERNAL_INPUT_MANIFEST.tsv for Verify/Full; Smoke uses synthetic fixtures	18C7F33DC9079FBFC8F00B16C4EAD20F8DAD5601DF60E556F99CCCA1DB1E7F64
data/frozen/core/pooled_strict18_calls_alpha001.csv	data/fixtures/	GOVERNED_DATA_OR_METADATA	Pooled-parent activity, BioGPS/GNF1H expression, HR, and fingerprint pipeline	Strict18_Fingerprint_v1_20260813_124501	PRIVATE_ONLY_PENDING_SOURCE_LICENSE_REVIEW	REPLACE_WITH_SYNTHETIC_FIXTURE	NOT_REDISTRIBUTED; upstream-specific terms remain controlling	YES	Redistribution basis was unclear or source-mixed, so the governed input is excluded	Supply the exact external file described by EXTERNAL_INPUT_MANIFEST.tsv for Verify/Full; Smoke uses synthetic fixtures	653D384BD2D1AC790DCDF101E1E1DC07B8B3DFECC95D992B29C376886604E387
data/frozen/core/pooled_strict18_hr.csv	data/fixtures/	GOVERNED_DATA_OR_METADATA	Pooled-parent activity, BioGPS/GNF1H expression, HR, and fingerprint pipeline	Strict18_Fingerprint_v1_20260813_124501	PRIVATE_ONLY_PENDING_SOURCE_LICENSE_REVIEW	REPLACE_WITH_SYNTHETIC_FIXTURE	NOT_REDISTRIBUTED; upstream-specific terms remain controlling	YES	Redistribution basis was unclear or source-mixed, so the governed input is excluded	Supply the exact external file described by EXTERNAL_INPUT_MANIFEST.tsv for Verify/Full; Smoke uses synthetic fixtures	48027602E0A9E63D48977BEA885155CD36D5826C773231F8CC38116354781BD8
data/frozen/core/pooled_target_activity.csv	data/fixtures/	GOVERNED_DATA_OR_METADATA	Pooled-parent activity, BioGPS/GNF1H expression, HR, and fingerprint pipeline	Final_Activity_v4_20260813_084842	PRIVATE_ONLY_PENDING_SOURCE_LICENSE_REVIEW	REPLACE_WITH_SYNTHETIC_FIXTURE	NOT_REDISTRIBUTED; upstream-specific terms remain controlling	YES	Redistribution basis was unclear or source-mixed, so the governed input is excluded	Supply the exact external file described by EXTERNAL_INPUT_MANIFEST.tsv for Verify/Full; Smoke uses synthetic fixtures	7C23FC0ED80FF6E460F753F778BDB744AFB3FA12F0EA11215E95760849E3B15C
data/frozen/core/pooled_target_activity_summary.csv	data/fixtures/	GOVERNED_DATA_OR_METADATA	Pooled-parent activity, BioGPS/GNF1H expression, HR, and fingerprint pipeline	Final_Activity_v4_20260813_084842	PRIVATE_ONLY_PENDING_SOURCE_LICENSE_REVIEW	REPLACE_WITH_SYNTHETIC_FIXTURE	NOT_REDISTRIBUTED; upstream-specific terms remain controlling	YES	Redistribution basis was unclear or source-mixed, so the governed input is excluded	Supply the exact external file described by EXTERNAL_INPUT_MANIFEST.tsv for Verify/Full; Smoke uses synthetic fixtures	6EC9E988065783E925DAC4AD50A606766A15819F86D63378979B2D6BBDF7BDDC
data/frozen/e7/calls_alpha0001.csv	data/fixtures/	GOVERNED_DATA_OR_METADATA	Five-metabolite exploratory profile release (historical source label E7)	Final_Audit_And_Freeze_20260813_191547	PRIVATE_ONLY_PENDING_SOURCE_LICENSE_REVIEW	REPLACE_WITH_SYNTHETIC_FIXTURE	NOT_REDISTRIBUTED; upstream-specific terms remain controlling	YES	Redistribution basis was unclear or source-mixed, so the governed input is excluded	Supply the exact external file described by EXTERNAL_INPUT_MANIFEST.tsv for Verify/Full; Smoke uses synthetic fixtures	6A0BE7D1F47B202E8AE1226428F17104C69F5351FE0A750563AEB080BEE74BBB
data/frozen/e7/calls_alpha001.csv	data/fixtures/	GOVERNED_DATA_OR_METADATA	Five-metabolite exploratory profile release (historical source label E7)	Final_Audit_And_Freeze_20260813_191547	PRIVATE_ONLY_PENDING_SOURCE_LICENSE_REVIEW	REPLACE_WITH_SYNTHETIC_FIXTURE	NOT_REDISTRIBUTED; upstream-specific terms remain controlling	YES	Redistribution basis was unclear or source-mixed, so the governed input is excluded	Supply the exact external file described by EXTERNAL_INPUT_MANIFEST.tsv for Verify/Full; Smoke uses synthetic fixtures	9C36972ADF598D04C23FC74EECC410ACEBB84B7D75DD6F7636A2D9F6357864AE
data/frozen/e7/common_rhr.csv	data/fixtures/	GOVERNED_DATA_OR_METADATA	Five-metabolite exploratory profile release (historical source label E7)	Final_Audit_And_Freeze_20260813_191547	PRIVATE_ONLY_PENDING_SOURCE_LICENSE_REVIEW	REPLACE_WITH_SYNTHETIC_FIXTURE	NOT_REDISTRIBUTED; upstream-specific terms remain controlling	YES	Redistribution basis was unclear or source-mixed, so the governed input is excluded	Supply the exact external file described by EXTERNAL_INPUT_MANIFEST.tsv for Verify/Full; Smoke uses synthetic fixtures	ED5042917ECA6C7BA0F6D111B76E11EC57FAEEFBBB96966D45F022553CD01642
data/frozen/e7/identity_accounting.csv	data/fixtures/	GOVERNED_DATA_OR_METADATA	Five-metabolite exploratory profile release (historical source label E7)	Final_Audit_And_Freeze_20260813_191547	PRIVATE_ONLY_PENDING_SOURCE_LICENSE_REVIEW	REPLACE_WITH_SYNTHETIC_FIXTURE	NOT_REDISTRIBUTED; upstream-specific terms remain controlling	YES	Redistribution basis was unclear or source-mixed, so the governed input is excluded	Supply the exact external file described by EXTERNAL_INPUT_MANIFEST.tsv for Verify/Full; Smoke uses synthetic fixtures	5BDFCF93983EB8E92822719DB4DBA01FE2A23DD138AEF64CE479797EF4DC2BFE
data/frozen/e7/numeric_compounds.csv	data/fixtures/	GOVERNED_DATA_OR_METADATA	Five-metabolite exploratory profile release (historical source label E7)	Final_Audit_And_Freeze_20260813_191547	PRIVATE_ONLY_PENDING_SOURCE_LICENSE_REVIEW	REPLACE_WITH_SYNTHETIC_FIXTURE	NOT_REDISTRIBUTED; upstream-specific terms remain controlling	YES	Redistribution basis was unclear or source-mixed, so the governed input is excluded	Supply the exact external file described by EXTERNAL_INPUT_MANIFEST.tsv for Verify/Full; Smoke uses synthetic fixtures	D7957C711DDE86B91495D09AC92B204B8CC72B76AA5C59B427652C198435BA06
data/frozen/e7/raw_hr.csv	data/fixtures/	GOVERNED_DATA_OR_METADATA	Five-metabolite exploratory profile release (historical source label E7)	Final_Audit_And_Freeze_20260813_191547	PRIVATE_ONLY_PENDING_SOURCE_LICENSE_REVIEW	REPLACE_WITH_SYNTHETIC_FIXTURE	NOT_REDISTRIBUTED; upstream-specific terms remain controlling	YES	Redistribution basis was unclear or source-mixed, so the governed input is excluded	Supply the exact external file described by EXTERNAL_INPUT_MANIFEST.tsv for Verify/Full; Smoke uses synthetic fixtures	2CBDA7BE0E359990439E795E8A0803978A34CC12D15CF717099055374E39D8F9
data/frozen/metadata/class_membership.csv	data/frozen/metadata/class_membership.csv	GOVERNED_DATA_OR_METADATA	Exact-protein feature dictionary and descriptive class registry	Pooled_Parent_Ketamine_Complete_Comparative_Analysis_20260813_182544	PRIVATE_ONLY_PENDING_REVIEW	KEEP	CC-BY-SA-4.0 project data terms; upstream rights retained	YES	Byte-identical approved artifact	None	51C98F45A172FCD1EBCCCC9CF2651AA9762435CB768F293DC2E1F559972FDF74
data/frozen/metadata/feature_dictionary.parquet	data/fixtures/	GOVERNED_DATA_OR_METADATA	Exact-protein feature dictionary and descriptive class registry	Human_Priority_Mammalian_Fallback_U1_Fingerprint_Authority_20260807_051641_664	PRIVATE_ONLY_PENDING_REVIEW	REPLACE_WITH_SYNTHETIC_FIXTURE	NOT_REDISTRIBUTED; upstream-specific terms remain controlling	YES	Redistribution basis was unclear or source-mixed, so the governed input is excluded	Supply the exact external file described by EXTERNAL_INPUT_MANIFEST.tsv for Verify/Full; Smoke uses synthetic fixtures	C118155941DBD00E01ECBB99FB5577D419C0EE8A157ED6788DC2B0316CBF3281
data/frozen/profiles/all_compound_profiles_strict18_long.csv	data/fixtures/	GOVERNED_DATA_OR_METADATA	Ketamine-family and psychoactive-reference comparative analysis	Pooled_Parent_Ketamine_Complete_Comparative_Analysis_20260813_182544	PRIVATE_ONLY_PENDING_SOURCE_LICENSE_REVIEW	REPLACE_WITH_SYNTHETIC_FIXTURE	NOT_REDISTRIBUTED; upstream-specific terms remain controlling	YES	Redistribution basis was unclear or source-mixed, so the governed input is excluded	Supply the exact external file described by EXTERNAL_INPUT_MANIFEST.tsv for Verify/Full; Smoke uses synthetic fixtures	5A3974F72A37CC7C35824C2E795F054F3EDCCA87B02CACEFF7A1D36868C31CC4
data/frozen/profiles/prior_calls_alpha0001.parquet	data/fixtures/	GOVERNED_DATA_OR_METADATA	Ketamine-family and psychoactive-reference comparative analysis	Pooled_Parent_Ketamine_Complete_Comparative_Analysis_20260813_182544	PRIVATE_ONLY_PENDING_SOURCE_LICENSE_REVIEW	REPLACE_WITH_SYNTHETIC_FIXTURE	NOT_REDISTRIBUTED; upstream-specific terms remain controlling	YES	Redistribution basis was unclear or source-mixed, so the governed input is excluded	Supply the exact external file described by EXTERNAL_INPUT_MANIFEST.tsv for Verify/Full; Smoke uses synthetic fixtures	023380CCF50E709E566972DE7A09478C837088E97DCDEBB3732768CAF1303FC7
data/frozen/profiles/prior_calls_alpha001.parquet	data/fixtures/	GOVERNED_DATA_OR_METADATA	Ketamine-family and psychoactive-reference comparative analysis	Pooled_Parent_Ketamine_Complete_Comparative_Analysis_20260813_182544	PRIVATE_ONLY_PENDING_SOURCE_LICENSE_REVIEW	REPLACE_WITH_SYNTHETIC_FIXTURE	NOT_REDISTRIBUTED; upstream-specific terms remain controlling	YES	Redistribution basis was unclear or source-mixed, so the governed input is excluded	Supply the exact external file described by EXTERNAL_INPUT_MANIFEST.tsv for Verify/Full; Smoke uses synthetic fixtures	88CAF367CB35583188CEFE2FED7D9DB43C767EA6368DC7CA7BA3491C2E00170E
data/frozen/profiles/prior_external_profiles.parquet	data/fixtures/	GOVERNED_DATA_OR_METADATA	Ketamine-family and psychoactive-reference comparative analysis	Pooled_Parent_Ketamine_Complete_Comparative_Analysis_20260813_182544	PRIVATE_ONLY_PENDING_SOURCE_LICENSE_REVIEW	REPLACE_WITH_SYNTHETIC_FIXTURE	NOT_REDISTRIBUTED; upstream-specific terms remain controlling	YES	Redistribution basis was unclear or source-mixed, so the governed input is excluded	Supply the exact external file described by EXTERNAL_INPUT_MANIFEST.tsv for Verify/Full; Smoke uses synthetic fixtures	06878111F984A76902B5B61D6DC3F6D981A39504923BE8C3F65174537CCC8868
data/frozen/profiles/prior_pairwise.parquet	data/fixtures/	GOVERNED_DATA_OR_METADATA	Ketamine-family and psychoactive-reference comparative analysis	Pooled_Parent_Ketamine_Complete_Comparative_Analysis_20260813_182544	PRIVATE_ONLY_PENDING_SOURCE_LICENSE_REVIEW	REPLACE_WITH_SYNTHETIC_FIXTURE	NOT_REDISTRIBUTED; upstream-specific terms remain controlling	YES	Redistribution basis was unclear or source-mixed, so the governed input is excluded	Supply the exact external file described by EXTERNAL_INPUT_MANIFEST.tsv for Verify/Full; Smoke uses synthetic fixtures	5FA8B473AF467737C8F7C15305A8382072392F9F01C660AEB72C7879ACC7CB48
docs/DATA_SOURCES.md	docs/DATA_SOURCES.md	ORIGINAL_DOCUMENTATION_OR_LICENSE	Cardozo ketamine historeceptomics project	APPROVED_PUBLICATION_SOURCE_SNAPSHOT_2026-08-25	PROJECT_ORIGINAL_OR_NOT_APPLICABLE	REPLACE_WITH_PUBLIC_DERIVATIVE	MIT	NO	Public documentation, metadata, or input routing was sanitized without changing protected scientific behavior	Derived from the approved source snapshot with documented public-only changes	1E1D52A4C5228DB6068A8C5DA665F5BA3E476CCD1A804A0F15DFF193916A7750
docs/ENVIRONMENT.md	docs/ENVIRONMENT.md	ORIGINAL_DOCUMENTATION_OR_LICENSE	Cardozo ketamine historeceptomics project	APPROVED_PUBLICATION_SOURCE_SNAPSHOT_2026-08-25	PROJECT_ORIGINAL_OR_NOT_APPLICABLE	REPLACE_WITH_PUBLIC_DERIVATIVE	MIT	NO	Public documentation, metadata, or input routing was sanitized without changing protected scientific behavior	Derived from the approved source snapshot with documented public-only changes	D3C177D3731DE72E8BB5A6554320E61DAA9EC2F0C0D11C5CF9345807250808CF
docs/FULL_MODE.md	docs/FULL_MODE.md	ORIGINAL_DOCUMENTATION_OR_LICENSE	Cardozo ketamine historeceptomics project	APPROVED_PUBLICATION_SOURCE_SNAPSHOT_2026-08-25	PROJECT_ORIGINAL_OR_NOT_APPLICABLE	REPLACE_WITH_PUBLIC_DERIVATIVE	MIT	NO	Public documentation, metadata, or input routing was sanitized without changing protected scientific behavior	Derived from the approved source snapshot with documented public-only changes	313760CF5AC49C5C2BCCE8380F8BB65C7898B445948E0884DAEC6ACDF8980586
docs/METHODS.md	docs/METHODS.md	ORIGINAL_DOCUMENTATION_OR_LICENSE	Cardozo ketamine historeceptomics project	APPROVED_PUBLICATION_SOURCE_SNAPSHOT_2026-08-25	PROJECT_ORIGINAL_OR_NOT_APPLICABLE	REPLACE_WITH_PUBLIC_DERIVATIVE	MIT	NO	Public documentation, metadata, or input routing was sanitized without changing protected scientific behavior	Derived from the approved source snapshot with documented public-only changes	CDEEFB2F2E0412CE4ED996D1348F7BFAFC9E11020A1333583E732C78FDF6DC0C
docs/PROVENANCE.md	docs/PROVENANCE.md	ORIGINAL_DOCUMENTATION_OR_LICENSE	Cardozo ketamine historeceptomics project	APPROVED_PUBLICATION_SOURCE_SNAPSHOT_2026-08-25	PROJECT_ORIGINAL_OR_NOT_APPLICABLE	REPLACE_WITH_PUBLIC_DERIVATIVE	MIT	NO	Public documentation, metadata, or input routing was sanitized without changing protected scientific behavior	Derived from the approved source snapshot with documented public-only changes	8C0BC6C982153E58B913AD4E1C30801D1864FB70B145E397826F9665DE8D3694
docs/REPRODUCIBILITY.md	docs/REPRODUCIBILITY.md	ORIGINAL_DOCUMENTATION_OR_LICENSE	Cardozo ketamine historeceptomics project	APPROVED_PUBLICATION_SOURCE_SNAPSHOT_2026-08-25	PROJECT_ORIGINAL_OR_NOT_APPLICABLE	REPLACE_WITH_PUBLIC_DERIVATIVE	MIT	NO	Public documentation, metadata, or input routing was sanitized without changing protected scientific behavior	Derived from the approved source snapshot with documented public-only changes	74210387F7FBE2BD75D9AC3EFC6EB44CBC7875ABF910C4B6038DAED54757C508
environment.yml	environment.yml	ORIGINAL_CONFIGURATION	Cardozo ketamine historeceptomics project	APPROVED_PUBLICATION_SOURCE_SNAPSHOT_2026-08-25	PROJECT_ORIGINAL_OR_NOT_APPLICABLE	REPLACE_WITH_PUBLIC_DERIVATIVE	MIT	NO	Public documentation, metadata, or input routing was sanitized without changing protected scientific behavior	Derived from the approved source snapshot with documented public-only changes	63ED8A92A671A39DEFD4F9CD253EEAAA44A7DA6BFDD1316B3E2383417978DA6F
launchers/Full.ps1	launchers/Full.ps1	ORIGINAL_SOFTWARE_OR_TEST	Cardozo ketamine historeceptomics project	APPROVED_PUBLICATION_SOURCE_SNAPSHOT_2026-08-25	PROJECT_ORIGINAL_OR_NOT_APPLICABLE	REPLACE_WITH_PUBLIC_DERIVATIVE	MIT	NO	Public documentation, metadata, or input routing was sanitized without changing protected scientific behavior	Derived from the approved source snapshot with documented public-only changes	7B718A520E00B9E36D22CC07508759B5133AC9F59F8486C1A6AF17905600116F
launchers/Run.ps1	launchers/Run.ps1	ORIGINAL_SOFTWARE_OR_TEST	Cardozo ketamine historeceptomics project	APPROVED_PUBLICATION_SOURCE_SNAPSHOT_2026-08-25	PROJECT_ORIGINAL_OR_NOT_APPLICABLE	REPLACE_WITH_PUBLIC_DERIVATIVE	MIT	NO	Public documentation, metadata, or input routing was sanitized without changing protected scientific behavior	Derived from the approved source snapshot with documented public-only changes	A2FC5800B8ECCB03EC6095682FB7A9D84B8E8FC835C7AC5B0DA1DD2C75939E82
launchers/Smoke.ps1	launchers/Smoke.ps1	ORIGINAL_SOFTWARE_OR_TEST	Cardozo ketamine historeceptomics project	APPROVED_PUBLICATION_SOURCE_SNAPSHOT_2026-08-25	PROJECT_ORIGINAL_OR_NOT_APPLICABLE	REPLACE_WITH_PUBLIC_DERIVATIVE	MIT	NO	Public documentation, metadata, or input routing was sanitized without changing protected scientific behavior	Derived from the approved source snapshot with documented public-only changes	2D320DA1FFEECA3A99A8309DEEC93A394A7C47334F1698F61F01875BBF4FE11D
launchers/Verify.ps1	launchers/Verify.ps1	ORIGINAL_SOFTWARE_OR_TEST	Cardozo ketamine historeceptomics project	APPROVED_PUBLICATION_SOURCE_SNAPSHOT_2026-08-25	PROJECT_ORIGINAL_OR_NOT_APPLICABLE	REPLACE_WITH_PUBLIC_DERIVATIVE	MIT	NO	Public documentation, metadata, or input routing was sanitized without changing protected scientific behavior	Derived from the approved source snapshot with documented public-only changes	B72298C21FE6C5112B030A4BB34C6B46055AACAEC8882237E4F425672C010076
launchers/run_reproduction.ps1	launchers/run_reproduction.ps1	ORIGINAL_SOFTWARE_OR_TEST	Cardozo ketamine historeceptomics project	APPROVED_PUBLICATION_SOURCE_SNAPSHOT_2026-08-25	PROJECT_ORIGINAL_OR_NOT_APPLICABLE	REPLACE_WITH_PUBLIC_DERIVATIVE	MIT	NO	Public documentation, metadata, or input routing was sanitized without changing protected scientific behavior	Derived from the approved source snapshot with documented public-only changes	1648ABBD7F74351658F1471C0DAD0B64710E46AA843E18C4AB5251A7367777CC
launchers/validate_release.ps1	launchers/validate_release.ps1	ORIGINAL_SOFTWARE_OR_TEST	Cardozo ketamine historeceptomics project	APPROVED_PUBLICATION_SOURCE_SNAPSHOT_2026-08-25	PROJECT_ORIGINAL_OR_NOT_APPLICABLE	REPLACE_WITH_PUBLIC_DERIVATIVE	MIT	NO	Public documentation, metadata, or input routing was sanitized without changing protected scientific behavior	Derived from the approved source snapshot with documented public-only changes	1301F075D4516CE0D22F6BF6CD7556177315493C3AD3B1C58C86CC4B8342C451
optional/README.md	optional/README.md	ORIGINAL_DOCUMENTATION_OR_LICENSE	Cardozo ketamine historeceptomics project	APPROVED_PUBLICATION_SOURCE_SNAPSHOT_2026-08-25	PROJECT_ORIGINAL_OR_NOT_APPLICABLE	REPLACE_WITH_PUBLIC_DERIVATIVE	MIT	NO	Public documentation, metadata, or input routing was sanitized without changing protected scientific behavior	Derived from the approved source snapshot with documented public-only changes	AADB6A03FA1C0AAE4BD5703E96A996124A02CA9E5DEB0FB1F1ACFC41770739A1
pyproject.toml	pyproject.toml	ORIGINAL_CONFIGURATION	Cardozo ketamine historeceptomics project	APPROVED_PUBLICATION_SOURCE_SNAPSHOT_2026-08-25	PROJECT_ORIGINAL_OR_NOT_APPLICABLE	REPLACE_WITH_PUBLIC_DERIVATIVE	MIT	NO	Public documentation, metadata, or input routing was sanitized without changing protected scientific behavior	Derived from the approved source snapshot with documented public-only changes	7999F4FAAB7A42F8A7B7F5F8D74532FA306429402EC463220C56D4FA762F52DA
requirements-lock.txt	requirements-lock.txt	PROJECT_METADATA_OR_AUDIT_EVIDENCE	Cardozo ketamine historeceptomics project	APPROVED_PUBLICATION_SOURCE_SNAPSHOT_2026-08-25	PROJECT_ORIGINAL_OR_NOT_APPLICABLE	REPLACE_WITH_PUBLIC_DERIVATIVE	MIT	NO	Public documentation, metadata, or input routing was sanitized without changing protected scientific behavior	Derived from the approved source snapshot with documented public-only changes	EE8D82A8414FF6DF830CDA8340A3584AE7298566EB3115604649299894C008D8
requirements.txt	requirements.txt	PROJECT_METADATA_OR_AUDIT_EVIDENCE	Cardozo ketamine historeceptomics project	APPROVED_PUBLICATION_SOURCE_SNAPSHOT_2026-08-25	PROJECT_ORIGINAL_OR_NOT_APPLICABLE	KEEP	MIT	NO	Byte-identical approved artifact	None	C5C47ECFBAC90E9CE72B9E8A547F723374DC09AF7DD51685093D122C8199671F
results/reference/FINAL_MODEL_STATUS.csv	results/reference/FINAL_MODEL_STATUS.csv	ACCEPTED_ANALYSIS_REFERENCE_OUTPUT	Pooled-parent comparative final audit and freeze	Pooled_Parent_Ketamine_Final_Audit_And_Freeze_20260813_191547	PRIVATE_DERIVATIVE_PENDING_REVIEW	KEEP	CC-BY-SA-4.0 project data terms; upstream rights retained	YES	Byte-identical approved artifact	None	81C9E1D9B1527BAA194BF20710E139AA0ADACA91CC136E8EDA968C5936E1CF73
results/reference/FINAL_MULTIVARIATE_AUDIT.csv	results/reference/FINAL_MULTIVARIATE_AUDIT.csv	ACCEPTED_ANALYSIS_REFERENCE_OUTPUT	Pooled-parent comparative final audit and freeze	Pooled_Parent_Ketamine_Final_Audit_And_Freeze_20260813_191547	PRIVATE_DERIVATIVE_PENDING_REVIEW	KEEP	CC-BY-SA-4.0 project data terms; upstream rights retained	YES	Byte-identical approved artifact	None	2908CFC554C101AD8F6CC1C007A759A521A30187A0E20B126F76ED6C7412A9F8
results/reference/FINAL_QA_SUMMARY.csv	results/reference/FINAL_QA_SUMMARY.csv	ACCEPTED_ANALYSIS_REFERENCE_OUTPUT	Pooled-parent comparative final audit and freeze	Pooled_Parent_Ketamine_Final_Audit_And_Freeze_20260813_191547	PRIVATE_DERIVATIVE_PENDING_REVIEW	KEEP	CC-BY-SA-4.0 project data terms; upstream rights retained	YES	Byte-identical approved artifact	None	6005FBC040E1C806E9EFB27BAF944C55DAC8DC63F1F447038838A3CEA1E4432A
results/reference/class/CLASS_LOADINGS.csv	results/reference/class/CLASS_LOADINGS.csv	ACCEPTED_ANALYSIS_REFERENCE_OUTPUT	Pooled-parent comparative final audit and freeze	Pooled_Parent_Ketamine_Final_Audit_And_Freeze_20260813_191547	PRIVATE_DERIVATIVE_PENDING_REVIEW	KEEP	CC-BY-SA-4.0 project data terms; upstream rights retained	YES	Byte-identical approved artifact	None	D6597C40EBC00710ECE6507AD14D726FAAF0E6AE1A817FE848060B49DA30EC89
results/reference/class/CLASS_RESIDUALS_LONG.csv	results/reference/class/CLASS_RESIDUALS_LONG.csv	ACCEPTED_ANALYSIS_REFERENCE_OUTPUT	Pooled-parent comparative final audit and freeze	Pooled_Parent_Ketamine_Final_Audit_And_Freeze_20260813_191547	PRIVATE_DERIVATIVE_PENDING_REVIEW	KEEP	CC-BY-SA-4.0 project data terms; upstream rights retained	YES	Byte-identical approved artifact	None	0C94C018CCB73634531280D7AE7269C099672A9E1D8F7F7BC2B3C5FE6C845EC6
results/reference/class/CLASS_SCORES.csv	results/reference/class/CLASS_SCORES.csv	ACCEPTED_ANALYSIS_REFERENCE_OUTPUT	Pooled-parent comparative final audit and freeze	Pooled_Parent_Ketamine_Final_Audit_And_Freeze_20260813_191547	PRIVATE_DERIVATIVE_PENDING_REVIEW	KEEP	CC-BY-SA-4.0 project data terms; upstream rights retained	YES	Byte-identical approved artifact	None	A4FDF3386138CB86D2F15806447EBC4209FA647A1BE82E466AEE3DBFA8FA6D42
results/reference/class/CLASS_STATUS.csv	results/reference/class/CLASS_STATUS.csv	ACCEPTED_ANALYSIS_REFERENCE_OUTPUT	Pooled-parent comparative final audit and freeze	Pooled_Parent_Ketamine_Final_Audit_And_Freeze_20260813_191547	PRIVATE_DERIVATIVE_PENDING_REVIEW	KEEP	CC-BY-SA-4.0 project data terms; upstream rights retained	YES	Byte-identical approved artifact	None	AD3B330CD24074994014487D31F07C8D283544AE6FDE3C93069E35A98C1C8D04
results/reference/class/CLASS_SUMMARY.csv	results/reference/class/CLASS_SUMMARY.csv	ACCEPTED_ANALYSIS_REFERENCE_OUTPUT	Pooled-parent comparative final audit and freeze	Pooled_Parent_Ketamine_Final_Audit_And_Freeze_20260813_191547	PRIVATE_DERIVATIVE_PENDING_REVIEW	KEEP	CC-BY-SA-4.0 project data terms; upstream rights retained	YES	Byte-identical approved artifact	None	6578577215B8F50A1FE9F375D7DA87D68BC068508247EF4EE0150F1B1A36AAB2
results/reference/family/FAMILY_AVERAGE_LINKAGE.csv	results/reference/family/FAMILY_AVERAGE_LINKAGE.csv	ACCEPTED_ANALYSIS_REFERENCE_OUTPUT	Pooled-parent comparative final audit and freeze	Pooled_Parent_Ketamine_Final_Audit_And_Freeze_20260813_191547	PRIVATE_DERIVATIVE_PENDING_REVIEW	KEEP	CC-BY-SA-4.0 project data terms; upstream rights retained	YES	Byte-identical approved artifact	None	9ED5927D053549B3E566BC25C45472E57569B83C75658409E7DB5A8D1596D346
results/reference/family/FAMILY_COMPLETE_CASE_PCA_LOADINGS.csv	results/reference/family/FAMILY_COMPLETE_CASE_PCA_LOADINGS.csv	ACCEPTED_ANALYSIS_REFERENCE_OUTPUT	Pooled-parent comparative final audit and freeze	Pooled_Parent_Ketamine_Final_Audit_And_Freeze_20260813_191547	PRIVATE_DERIVATIVE_PENDING_REVIEW	KEEP	CC-BY-SA-4.0 project data terms; upstream rights retained	YES	Byte-identical approved artifact	None	E69FC0F5EAD771571FCA1A971206C46579E7038583A646BCC558275700AC81C6
results/reference/family/FAMILY_COMPLETE_CASE_PCA_SCORES.csv	results/reference/family/FAMILY_COMPLETE_CASE_PCA_SCORES.csv	ACCEPTED_ANALYSIS_REFERENCE_OUTPUT	Pooled-parent comparative final audit and freeze	Pooled_Parent_Ketamine_Final_Audit_And_Freeze_20260813_191547	PRIVATE_DERIVATIVE_PENDING_REVIEW	KEEP	CC-BY-SA-4.0 project data terms; upstream rights retained	YES	Byte-identical approved artifact	None	BA1CB4E6BB6D8FCD492CC68A0ED8713E32965545703A452FC9B53091EA4B1ADA
results/reference/family/FAMILY_JOINT_CONTINUOUS_PCA_LOADINGS.csv	results/reference/family/FAMILY_JOINT_CONTINUOUS_PCA_LOADINGS.csv	ACCEPTED_ANALYSIS_REFERENCE_OUTPUT	Pooled-parent comparative final audit and freeze	Pooled_Parent_Ketamine_Final_Audit_And_Freeze_20260813_191547	PRIVATE_DERIVATIVE_PENDING_REVIEW	KEEP	CC-BY-SA-4.0 project data terms; upstream rights retained	YES	Byte-identical approved artifact	None	DE7DA22ADDE8FECA54D01A80F2A24DBF707C9CE4BA0E456E3A740488E3961646
results/reference/family/FAMILY_JOINT_CONTINUOUS_PCA_SCORES.csv	results/reference/family/FAMILY_JOINT_CONTINUOUS_PCA_SCORES.csv	ACCEPTED_ANALYSIS_REFERENCE_OUTPUT	Pooled-parent comparative final audit and freeze	Pooled_Parent_Ketamine_Final_Audit_And_Freeze_20260813_191547	PRIVATE_DERIVATIVE_PENDING_REVIEW	KEEP	CC-BY-SA-4.0 project data terms; upstream rights retained	YES	Byte-identical approved artifact	None	BB49FA37D0F70C30B1DB6E6A0A55C720251237CA21D458C8AF7827AA6310CEC5
results/reference/family/FAMILY_MODEL_STATUS.csv	results/reference/family/FAMILY_MODEL_STATUS.csv	ACCEPTED_ANALYSIS_REFERENCE_OUTPUT	Pooled-parent comparative final audit and freeze	Pooled_Parent_Ketamine_Final_Audit_And_Freeze_20260813_191547	PRIVATE_DERIVATIVE_PENDING_REVIEW	KEEP	CC-BY-SA-4.0 project data terms; upstream rights retained	YES	Byte-identical approved artifact	None	AA3DD6C04A15ADE002B54CF4442343077D6BCC73BF2DE73893CC6C1DA2C492DE
results/reference/family/FAMILY_RMS_DISTANCE_MATRIX.csv	results/reference/family/FAMILY_RMS_DISTANCE_MATRIX.csv	ACCEPTED_ANALYSIS_REFERENCE_OUTPUT	Pooled-parent comparative final audit and freeze	Pooled_Parent_Ketamine_Final_Audit_And_Freeze_20260813_191547	PRIVATE_DERIVATIVE_PENDING_REVIEW	KEEP	CC-BY-SA-4.0 project data terms; upstream rights retained	YES	Byte-identical approved artifact	None	508AB47DEB46F85EFADF5E7083DEAF7E3D61D457B4FC6BCD32D4A8D97F01D6DD
results/reference/family/FAMILY_RMS_DISTANCE_SUBSET_AUDIT.csv	results/reference/family/FAMILY_RMS_DISTANCE_SUBSET_AUDIT.csv	ACCEPTED_ANALYSIS_REFERENCE_OUTPUT	Pooled-parent comparative final audit and freeze	Pooled_Parent_Ketamine_Final_Audit_And_Freeze_20260813_191547	PRIVATE_DERIVATIVE_PENDING_REVIEW	KEEP	CC-BY-SA-4.0 project data terms; upstream rights retained	YES	Byte-identical approved artifact	None	D7FD6AA66ED540803C687A1AA88743A0E3D1E8107A97971DBC74D306A5E0357A
results/reference/family/FAMILY_RMS_PCOA_COORDINATES.csv	results/reference/family/FAMILY_RMS_PCOA_COORDINATES.csv	ACCEPTED_ANALYSIS_REFERENCE_OUTPUT	Pooled-parent comparative final audit and freeze	Pooled_Parent_Ketamine_Final_Audit_And_Freeze_20260813_191547	PRIVATE_DERIVATIVE_PENDING_REVIEW	KEEP	CC-BY-SA-4.0 project data terms; upstream rights retained	YES	Byte-identical approved artifact	None	CCC012F481389A592263532DE88F28E38C5305F02BCC581747A407D07E23340D
results/reference/family/FAMILY_SHARED_TARGET_PCA_LOADINGS.csv	results/reference/family/FAMILY_SHARED_TARGET_PCA_LOADINGS.csv	ACCEPTED_ANALYSIS_REFERENCE_OUTPUT	Pooled-parent comparative final audit and freeze	Pooled_Parent_Ketamine_Final_Audit_And_Freeze_20260813_191547	PRIVATE_DERIVATIVE_PENDING_REVIEW	KEEP	CC-BY-SA-4.0 project data terms; upstream rights retained	YES	Byte-identical approved artifact	None	E6E8F43835DD3D515276DCD5193A6BD1F2A86F6682DE1767A2B103807F99CC12
results/reference/family/FAMILY_SHARED_TARGET_PCA_SCORES.csv	results/reference/family/FAMILY_SHARED_TARGET_PCA_SCORES.csv	ACCEPTED_ANALYSIS_REFERENCE_OUTPUT	Pooled-parent comparative final audit and freeze	Pooled_Parent_Ketamine_Final_Audit_And_Freeze_20260813_191547	PRIVATE_DERIVATIVE_PENDING_REVIEW	KEEP	CC-BY-SA-4.0 project data terms; upstream rights retained	YES	Byte-identical approved artifact	None	23E051B12E16325FE2F15C3889635B499460F33E042F87D55CC2717F0E5A4D17
results/reference/family/FAMILY_SPARSE_ALPHA0001_PCA_LOADINGS.csv	results/reference/family/FAMILY_SPARSE_ALPHA0001_PCA_LOADINGS.csv	ACCEPTED_ANALYSIS_REFERENCE_OUTPUT	Pooled-parent comparative final audit and freeze	Pooled_Parent_Ketamine_Final_Audit_And_Freeze_20260813_191547	PRIVATE_DERIVATIVE_PENDING_REVIEW	KEEP	CC-BY-SA-4.0 project data terms; upstream rights retained	YES	Byte-identical approved artifact	None	9BB5800F582BC93D18B15AF16D14A8A252B36C59395CF81A5C47DCE9B594D2E4
results/reference/family/FAMILY_SPARSE_ALPHA0001_PCA_SCORES.csv	results/reference/family/FAMILY_SPARSE_ALPHA0001_PCA_SCORES.csv	ACCEPTED_ANALYSIS_REFERENCE_OUTPUT	Pooled-parent comparative final audit and freeze	Pooled_Parent_Ketamine_Final_Audit_And_Freeze_20260813_191547	PRIVATE_DERIVATIVE_PENDING_REVIEW	KEEP	CC-BY-SA-4.0 project data terms; upstream rights retained	YES	Byte-identical approved artifact	None	27F2BC339253DB0C16C60B796451C0D1521C2EC7C4C258884B68CA5E8C0B264D
results/reference/family/FAMILY_SPARSE_ALPHA001_PCA_LOADINGS.csv	results/reference/family/FAMILY_SPARSE_ALPHA001_PCA_LOADINGS.csv	ACCEPTED_ANALYSIS_REFERENCE_OUTPUT	Pooled-parent comparative final audit and freeze	Pooled_Parent_Ketamine_Final_Audit_And_Freeze_20260813_191547	PRIVATE_DERIVATIVE_PENDING_REVIEW	KEEP	CC-BY-SA-4.0 project data terms; upstream rights retained	YES	Byte-identical approved artifact	None	D2715644CEDA97892A350EE4D391FD9D4A241EF8E050C5CC793ECA576712F4D6
results/reference/family/FAMILY_SPARSE_ALPHA001_PCA_SCORES.csv	results/reference/family/FAMILY_SPARSE_ALPHA001_PCA_SCORES.csv	ACCEPTED_ANALYSIS_REFERENCE_OUTPUT	Pooled-parent comparative final audit and freeze	Pooled_Parent_Ketamine_Final_Audit_And_Freeze_20260813_191547	PRIVATE_DERIVATIVE_PENDING_REVIEW	KEEP	CC-BY-SA-4.0 project data terms; upstream rights retained	YES	Byte-identical approved artifact	None	0CEE2C04BF7C7C64B84E387E01257396800DA5238B3D5B15440438727C4463DB
results/reference/family/FAMILY_TARGET_LEVEL_PCA_LOADINGS.csv	results/reference/family/FAMILY_TARGET_LEVEL_PCA_LOADINGS.csv	ACCEPTED_ANALYSIS_REFERENCE_OUTPUT	Pooled-parent comparative final audit and freeze	Pooled_Parent_Ketamine_Final_Audit_And_Freeze_20260813_191547	PRIVATE_DERIVATIVE_PENDING_REVIEW	KEEP	CC-BY-SA-4.0 project data terms; upstream rights retained	YES	Byte-identical approved artifact	None	35CA2F60A052BA82998A7A7B4397313512FA03E312BBF7C44179506F0DFE7FB1
results/reference/family/FAMILY_TARGET_LEVEL_PCA_SCORES.csv	results/reference/family/FAMILY_TARGET_LEVEL_PCA_SCORES.csv	ACCEPTED_ANALYSIS_REFERENCE_OUTPUT	Pooled-parent comparative final audit and freeze	Pooled_Parent_Ketamine_Final_Audit_And_Freeze_20260813_191547	PRIVATE_DERIVATIVE_PENDING_REVIEW	KEEP	CC-BY-SA-4.0 project data terms; upstream rights retained	YES	Byte-identical approved artifact	None	386970FC1B291D9DFC471370EF79B7E02E40A3B145126EAAC6E771F1203F319E
results/reference/family/FAMILY_WEIGHTED_MDS_COORDINATES.csv	results/reference/family/FAMILY_WEIGHTED_MDS_COORDINATES.csv	ACCEPTED_ANALYSIS_REFERENCE_OUTPUT	Pooled-parent comparative final audit and freeze	Pooled_Parent_Ketamine_Final_Audit_And_Freeze_20260813_191547	PRIVATE_DERIVATIVE_PENDING_REVIEW	KEEP	CC-BY-SA-4.0 project data terms; upstream rights retained	YES	Byte-identical approved artifact	None	3D41139D331A3B9967B1132FD0FD7A81FF2CC5B96CCCF7470A6B484E16AC47E1
results/reference/family/KETAMINE_FAMILY_ALL_PAIR_METRICS_FINAL.csv	results/reference/family/KETAMINE_FAMILY_ALL_PAIR_METRICS_FINAL.csv	ACCEPTED_ANALYSIS_REFERENCE_OUTPUT	Pooled-parent comparative final audit and freeze	Pooled_Parent_Ketamine_Final_Audit_And_Freeze_20260813_191547	PRIVATE_DERIVATIVE_PENDING_REVIEW	KEEP	CC-BY-SA-4.0 project data terms; upstream rights retained	YES	Byte-identical approved artifact	None	FF279F96CB5B8C7FBF64370ADD496E91E45DBCE69268D2C1C156ECE10DDA142A
results/reference/figure4/final/FINAL_FIGURE4_CARDOZO_BRIGHT_RIGHTLEGEND.pdf	results/reference/figure4/final/FINAL_FIGURE4_CARDOZO_BRIGHT_RIGHTLEGEND.pdf	ACCEPTED_ANALYSIS_REFERENCE_OUTPUT	Fixed-reference PCA publication figure package	Figure_4_Final_RightLegend_20260821_135544	PRIVATE_DERIVATIVE_PENDING_REVIEW	KEEP	CC-BY-SA-4.0 project data terms; upstream rights retained	YES	Byte-identical approved artifact	None	22AF27D5FB224E011384C16235F21A5419804A457503B7F719C6020A6E1D322C
results/reference/figure4/final/FINAL_FIGURE4_CARDOZO_BRIGHT_RIGHTLEGEND.svg	results/reference/figure4/final/FINAL_FIGURE4_CARDOZO_BRIGHT_RIGHTLEGEND.svg	ACCEPTED_ANALYSIS_REFERENCE_OUTPUT	Fixed-reference PCA publication figure package	Figure_4_Final_RightLegend_20260821_135544	PRIVATE_DERIVATIVE_PENDING_REVIEW	KEEP	CC-BY-SA-4.0 project data terms; upstream rights retained	YES	Byte-identical approved artifact	None	D5499470890BDA3AFA6416A4925A11594701F8C17786BE35B2262FB89343A99C
results/reference/figure4/final/FINAL_FIGURE4_CARDOZO_BRIGHT_RIGHTLEGEND_600dpi.png	results/reference/figure4/final/FINAL_FIGURE4_CARDOZO_BRIGHT_RIGHTLEGEND_600dpi.png	ACCEPTED_ANALYSIS_REFERENCE_OUTPUT	Fixed-reference PCA publication figure package	Figure_4_Final_RightLegend_20260821_135544	PRIVATE_DERIVATIVE_PENDING_REVIEW	KEEP	CC-BY-SA-4.0 project data terms; upstream rights retained	YES	Byte-identical approved artifact	None	0ACB17DCE9B984FD2DB0C9144E472DD8828BC2523688BBF0DD812CFD7F3105F8
results/reference/figure4/qc/NUMERICAL_QC.json	results/reference/figure4/qc/NUMERICAL_QC.json	ACCEPTED_ANALYSIS_REFERENCE_OUTPUT	Fixed-reference PCA publication figure package	Figure_4_Final_RightLegend_20260821_135544	PRIVATE_DERIVATIVE_PENDING_REVIEW	KEEP	CC-BY-SA-4.0 project data terms; upstream rights retained	YES	Byte-identical approved artifact	None	875F5DCB8110059B9AC906EDFCD664648BFA2E365B580F336D054C752BF8DAF1
results/reference/figure4/qc/VISUAL_LAYOUT_QC.json	results/reference/figure4/qc/VISUAL_LAYOUT_QC.json	ACCEPTED_ANALYSIS_REFERENCE_OUTPUT	Fixed-reference PCA publication figure package	Figure_4_Final_RightLegend_20260821_135544	PRIVATE_DERIVATIVE_PENDING_REVIEW	KEEP	CC-BY-SA-4.0 project data terms; upstream rights retained	YES	Byte-identical approved artifact	None	44A3840B77DC2443C03DFB7E6D0211E10468D793F129B8E03F69CC9F56FA2101
results/reference/figure4/source_data/FROZEN_GLOBAL_FIXED_REFERENCE_PCA_SCORES.csv	results/reference/figure4/source_data/FROZEN_GLOBAL_FIXED_REFERENCE_PCA_SCORES.csv	ACCEPTED_ANALYSIS_REFERENCE_OUTPUT	Fixed-reference PCA publication figure package	Figure_4_Final_RightLegend_20260821_135544	PRIVATE_DERIVATIVE_PENDING_REVIEW	KEEP	CC-BY-SA-4.0 project data terms; upstream rights retained	YES	Byte-identical approved artifact	None	58B7F3231B47EA198ED2235F50F6EA711D21DE40FE24038F1AD26D8824CB99C0
results/reference/figure4/source_data/PALETTE_SPECIFICATION.csv	results/reference/figure4/source_data/PALETTE_SPECIFICATION.csv	ACCEPTED_ANALYSIS_REFERENCE_OUTPUT	Fixed-reference PCA publication figure package	Figure_4_Final_RightLegend_20260821_135544	PRIVATE_DERIVATIVE_PENDING_REVIEW	KEEP	CC-BY-SA-4.0 project data terms; upstream rights retained	YES	Byte-identical approved artifact	None	B3FE766160678E67DC582E6058996549994E3D7F046E6CF5904E87D3939842A5
results/reference/figure4/source_data/VALIDATED_FIGURE4_SOURCE_COORDINATES.csv	results/reference/figure4/source_data/VALIDATED_FIGURE4_SOURCE_COORDINATES.csv	ACCEPTED_ANALYSIS_REFERENCE_OUTPUT	Fixed-reference PCA publication figure package	Figure_4_Final_RightLegend_20260821_135544	PRIVATE_DERIVATIVE_PENDING_REVIEW	KEEP	CC-BY-SA-4.0 project data terms; upstream rights retained	YES	Byte-identical approved artifact	None	8A369B7DDD2201E3EBC5A9BA227D67997B2E154B8982238588BF95A4894ED4AA
results/reference/global/ALL_UNORDERED_DRUG_PAIR_METRICS_FINAL.csv	results/reference/global/ALL_UNORDERED_DRUG_PAIR_METRICS_FINAL.csv	ACCEPTED_ANALYSIS_REFERENCE_OUTPUT	Pooled-parent comparative final audit and freeze	Pooled_Parent_Ketamine_Final_Audit_And_Freeze_20260813_191547	PRIVATE_DERIVATIVE_PENDING_REVIEW	KEEP	CC-BY-SA-4.0 project data terms; upstream rights retained	YES	Byte-identical approved artifact	None	1E5B037A76F4E25C745C9952E0CE31108FF64936FFF696A5B1BAF8006A603AC7
results/reference/global/GLOBAL_ALPHA0001_CALL_JACCARD_MATRIX.csv	results/reference/global/GLOBAL_ALPHA0001_CALL_JACCARD_MATRIX.csv	ACCEPTED_ANALYSIS_REFERENCE_OUTPUT	Pooled-parent comparative final audit and freeze	Pooled_Parent_Ketamine_Final_Audit_And_Freeze_20260813_191547	PRIVATE_DERIVATIVE_PENDING_REVIEW	KEEP	CC-BY-SA-4.0 project data terms; upstream rights retained	YES	Byte-identical approved artifact	None	D6CC5D8F8A504BC583A85F70C0B6A7C410A679F99755662A7F16505CE2C55503
results/reference/global/GLOBAL_ALPHA001_CALL_JACCARD_MATRIX.csv	results/reference/global/GLOBAL_ALPHA001_CALL_JACCARD_MATRIX.csv	ACCEPTED_ANALYSIS_REFERENCE_OUTPUT	Pooled-parent comparative final audit and freeze	Pooled_Parent_Ketamine_Final_Audit_And_Freeze_20260813_191547	PRIVATE_DERIVATIVE_PENDING_REVIEW	KEEP	CC-BY-SA-4.0 project data terms; upstream rights retained	YES	Byte-identical approved artifact	None	D6F7C9E00A968563BC32629A8DAFC753306D8D827669143952A0162580C48A03
results/reference/global/GLOBAL_ALPHA001_SIGNED_SPARSE_COSINE_MATRIX.csv	results/reference/global/GLOBAL_ALPHA001_SIGNED_SPARSE_COSINE_MATRIX.csv	ACCEPTED_ANALYSIS_REFERENCE_OUTPUT	Pooled-parent comparative final audit and freeze	Pooled_Parent_Ketamine_Final_Audit_And_Freeze_20260813_191547	PRIVATE_DERIVATIVE_PENDING_REVIEW	KEEP	CC-BY-SA-4.0 project data terms; upstream rights retained	YES	Byte-identical approved artifact	None	1E01C759DC6C8439037C018026F1F107346BEA92AF0F9E23B8CE562009163055
results/reference/global/GLOBAL_AVERAGE_LINKAGE.csv	results/reference/global/GLOBAL_AVERAGE_LINKAGE.csv	ACCEPTED_ANALYSIS_REFERENCE_OUTPUT	Pooled-parent comparative final audit and freeze	Pooled_Parent_Ketamine_Final_Audit_And_Freeze_20260813_191547	PRIVATE_DERIVATIVE_PENDING_REVIEW	KEEP	CC-BY-SA-4.0 project data terms; upstream rights retained	YES	Byte-identical approved artifact	None	38743A2831E981CCAAE728DBB5D8ABFF7D24C76D9B60525A64C6D6B8802B61B7
results/reference/global/GLOBAL_FIXED_REFERENCE_PCA_LOADINGS.csv	results/reference/global/GLOBAL_FIXED_REFERENCE_PCA_LOADINGS.csv	ACCEPTED_ANALYSIS_REFERENCE_OUTPUT	Pooled-parent comparative final audit and freeze	Pooled_Parent_Ketamine_Final_Audit_And_Freeze_20260813_191547	PRIVATE_DERIVATIVE_PENDING_REVIEW	KEEP	CC-BY-SA-4.0 project data terms; upstream rights retained	YES	Byte-identical approved artifact	None	77C897290FE62EE997C1AE11D661CC0DF773590FE1270833B1BD3ED1F84F570F
results/reference/global/GLOBAL_FIXED_REFERENCE_PCA_SCORES.csv	results/reference/global/GLOBAL_FIXED_REFERENCE_PCA_SCORES.csv	ACCEPTED_ANALYSIS_REFERENCE_OUTPUT	Pooled-parent comparative final audit and freeze	Pooled_Parent_Ketamine_Final_Audit_And_Freeze_20260813_191547	PRIVATE_DERIVATIVE_PENDING_REVIEW	KEEP	CC-BY-SA-4.0 project data terms; upstream rights retained	YES	Byte-identical approved artifact	None	79CCCB4DFA80C0FFB6F135AE31D5462939EB193A3D95B96AF5C4A922775749C0
results/reference/global/GLOBAL_JOINT_CONTINUOUS_PCA_LOADINGS.csv	results/reference/global/GLOBAL_JOINT_CONTINUOUS_PCA_LOADINGS.csv	ACCEPTED_ANALYSIS_REFERENCE_OUTPUT	Pooled-parent comparative final audit and freeze	Pooled_Parent_Ketamine_Final_Audit_And_Freeze_20260813_191547	PRIVATE_DERIVATIVE_PENDING_REVIEW	KEEP	CC-BY-SA-4.0 project data terms; upstream rights retained	YES	Byte-identical approved artifact	None	E3482737054B6CC60C51F4DFF7DBF782E67565854D765EE42B5625CF44B31CA7
results/reference/global/GLOBAL_JOINT_CONTINUOUS_PCA_SCORES.csv	results/reference/global/GLOBAL_JOINT_CONTINUOUS_PCA_SCORES.csv	ACCEPTED_ANALYSIS_REFERENCE_OUTPUT	Pooled-parent comparative final audit and freeze	Pooled_Parent_Ketamine_Final_Audit_And_Freeze_20260813_191547	PRIVATE_DERIVATIVE_PENDING_REVIEW	KEEP	CC-BY-SA-4.0 project data terms; upstream rights retained	YES	Byte-identical approved artifact	None	27160D736BEE860F8AE20A26453EF69AE452DE1F4F0F51991E35C03F397B093E
results/reference/global/GLOBAL_MODEL_STATUS.csv	results/reference/global/GLOBAL_MODEL_STATUS.csv	ACCEPTED_ANALYSIS_REFERENCE_OUTPUT	Pooled-parent comparative final audit and freeze	Pooled_Parent_Ketamine_Final_Audit_And_Freeze_20260813_191547	PRIVATE_DERIVATIVE_PENDING_REVIEW	KEEP	CC-BY-SA-4.0 project data terms; upstream rights retained	YES	Byte-identical approved artifact	None	A32606C98F49603FCC3AE027FDA20EFB6B54C3A9A69B4ED1FF23550B02E1A12D
results/reference/global/GLOBAL_RMS_DISTANCE_MATRIX.csv	results/reference/global/GLOBAL_RMS_DISTANCE_MATRIX.csv	ACCEPTED_ANALYSIS_REFERENCE_OUTPUT	Pooled-parent comparative final audit and freeze	Pooled_Parent_Ketamine_Final_Audit_And_Freeze_20260813_191547	PRIVATE_DERIVATIVE_PENDING_REVIEW	KEEP	CC-BY-SA-4.0 project data terms; upstream rights retained	YES	Byte-identical approved artifact	None	8268EEE453F15CF846F898942A2E27215A290E8CFA60DD236530E60B95D50081
results/reference/global/GLOBAL_RMS_DISTANCE_SUBSET_AUDIT.csv	results/reference/global/GLOBAL_RMS_DISTANCE_SUBSET_AUDIT.csv	ACCEPTED_ANALYSIS_REFERENCE_OUTPUT	Pooled-parent comparative final audit and freeze	Pooled_Parent_Ketamine_Final_Audit_And_Freeze_20260813_191547	PRIVATE_DERIVATIVE_PENDING_REVIEW	KEEP	CC-BY-SA-4.0 project data terms; upstream rights retained	YES	Byte-identical approved artifact	None	C550A4658E90BC3F2C78752288E49D22E5B16F9E6F73D15D765BC8AE29973B01
results/reference/global/GLOBAL_RMS_PCOA_COORDINATES.csv	results/reference/global/GLOBAL_RMS_PCOA_COORDINATES.csv	ACCEPTED_ANALYSIS_REFERENCE_OUTPUT	Pooled-parent comparative final audit and freeze	Pooled_Parent_Ketamine_Final_Audit_And_Freeze_20260813_191547	PRIVATE_DERIVATIVE_PENDING_REVIEW	KEEP	CC-BY-SA-4.0 project data terms; upstream rights retained	YES	Byte-identical approved artifact	None	71A2B622AC1BBAFE5A6C660BB1EA3F2C4BBFDFEF23EAA71ECD648522B0159E2A
results/reference/global/GLOBAL_SPARSE_ALPHA0001_PCA_LOADINGS.csv	results/reference/global/GLOBAL_SPARSE_ALPHA0001_PCA_LOADINGS.csv	ACCEPTED_ANALYSIS_REFERENCE_OUTPUT	Pooled-parent comparative final audit and freeze	Pooled_Parent_Ketamine_Final_Audit_And_Freeze_20260813_191547	PRIVATE_DERIVATIVE_PENDING_REVIEW	KEEP	CC-BY-SA-4.0 project data terms; upstream rights retained	YES	Byte-identical approved artifact	None	B07F45C4877762EF157B4C85D464716FC6AAD0BA8D7244B8A722C79572FB53C9
results/reference/global/GLOBAL_SPARSE_ALPHA0001_PCA_SCORES.csv	results/reference/global/GLOBAL_SPARSE_ALPHA0001_PCA_SCORES.csv	ACCEPTED_ANALYSIS_REFERENCE_OUTPUT	Pooled-parent comparative final audit and freeze	Pooled_Parent_Ketamine_Final_Audit_And_Freeze_20260813_191547	PRIVATE_DERIVATIVE_PENDING_REVIEW	KEEP	CC-BY-SA-4.0 project data terms; upstream rights retained	YES	Byte-identical approved artifact	None	6989DF9C3D92A250458184EFFF21285276A0743A56017B86FC15C0321EF89EF8
results/reference/global/GLOBAL_SPARSE_ALPHA001_PCA_LOADINGS.csv	results/reference/global/GLOBAL_SPARSE_ALPHA001_PCA_LOADINGS.csv	ACCEPTED_ANALYSIS_REFERENCE_OUTPUT	Pooled-parent comparative final audit and freeze	Pooled_Parent_Ketamine_Final_Audit_And_Freeze_20260813_191547	PRIVATE_DERIVATIVE_PENDING_REVIEW	KEEP	CC-BY-SA-4.0 project data terms; upstream rights retained	YES	Byte-identical approved artifact	None	14B6A083ABE2865F47B4AA9CF3A3BD62BC98B99A600A53F0FBA8F334E9272F60
results/reference/global/GLOBAL_SPARSE_ALPHA001_PCA_SCORES.csv	results/reference/global/GLOBAL_SPARSE_ALPHA001_PCA_SCORES.csv	ACCEPTED_ANALYSIS_REFERENCE_OUTPUT	Pooled-parent comparative final audit and freeze	Pooled_Parent_Ketamine_Final_Audit_And_Freeze_20260813_191547	PRIVATE_DERIVATIVE_PENDING_REVIEW	KEEP	CC-BY-SA-4.0 project data terms; upstream rights retained	YES	Byte-identical approved artifact	None	1D3A59C6F427F44B6B5DF5ACDC5F65EBCB245626253DBB220A588A1ACCB2A932
results/reference/global/GLOBAL_TARGET_LEVEL_PCA_LOADINGS.csv	results/reference/global/GLOBAL_TARGET_LEVEL_PCA_LOADINGS.csv	ACCEPTED_ANALYSIS_REFERENCE_OUTPUT	Pooled-parent comparative final audit and freeze	Pooled_Parent_Ketamine_Final_Audit_And_Freeze_20260813_191547	PRIVATE_DERIVATIVE_PENDING_REVIEW	KEEP	CC-BY-SA-4.0 project data terms; upstream rights retained	YES	Byte-identical approved artifact	None	7EF6F6431C54DD7FFB7E8951324A14C650A0F051D204FFD003576B0D96B8D379
results/reference/global/GLOBAL_TARGET_LEVEL_PCA_SCORES.csv	results/reference/global/GLOBAL_TARGET_LEVEL_PCA_SCORES.csv	ACCEPTED_ANALYSIS_REFERENCE_OUTPUT	Pooled-parent comparative final audit and freeze	Pooled_Parent_Ketamine_Final_Audit_And_Freeze_20260813_191547	PRIVATE_DERIVATIVE_PENDING_REVIEW	KEEP	CC-BY-SA-4.0 project data terms; upstream rights retained	YES	Byte-identical approved artifact	None	55667CABC905528EB66C39E20C7C3E16C436196755E07FD9B86F1068F1BCC191
results/reference/global/GLOBAL_WEIGHTED_MDS_COORDINATES.csv	results/reference/global/GLOBAL_WEIGHTED_MDS_COORDINATES.csv	ACCEPTED_ANALYSIS_REFERENCE_OUTPUT	Pooled-parent comparative final audit and freeze	Pooled_Parent_Ketamine_Final_Audit_And_Freeze_20260813_191547	PRIVATE_DERIVATIVE_PENDING_REVIEW	KEEP	CC-BY-SA-4.0 project data terms; upstream rights retained	YES	Byte-identical approved artifact	None	098A4A49E041ADBEE924816206BB9405C8CF3DD84A558E5ED7CA443F38E69446
results/reference/whole_body/CNS_SMOKE_TEST.json	results/reference/whole_body/CNS_SMOKE_TEST.json	ACCEPTED_ANALYSIS_REFERENCE_OUTPUT	Complete pooled-parent whole-body fingerprint package	Ketamine_whole_body_fingerprint_20260813	PRIVATE_DERIVATIVE_PENDING_REVIEW	KEEP	CC-BY-SA-4.0 project data terms; upstream rights retained	YES	Byte-identical approved artifact	None	16941D78187F15FFACDDD6B89C641F7184F875E7C4704CE4DF53EA613BC05541
results/reference/whole_body/KETAMINE_WHOLE_BODY_FINGERPRINT_ALPHA_0p0001.csv	results/reference/whole_body/KETAMINE_WHOLE_BODY_FINGERPRINT_ALPHA_0p0001.csv	ACCEPTED_ANALYSIS_REFERENCE_OUTPUT	Complete pooled-parent whole-body fingerprint package	Ketamine_whole_body_fingerprint_20260813	PRIVATE_DERIVATIVE_PENDING_REVIEW	KEEP	CC-BY-SA-4.0 project data terms; upstream rights retained	YES	Byte-identical approved artifact	None	F78C8D209F663C2C7AE077118E9CEF96C035DA6FD8D4F27CF4AB95031211C147
results/reference/whole_body/KETAMINE_WHOLE_BODY_FINGERPRINT_ALPHA_0p001.csv	results/reference/whole_body/KETAMINE_WHOLE_BODY_FINGERPRINT_ALPHA_0p001.csv	ACCEPTED_ANALYSIS_REFERENCE_OUTPUT	Complete pooled-parent whole-body fingerprint package	Ketamine_whole_body_fingerprint_20260813	PRIVATE_DERIVATIVE_PENDING_REVIEW	KEEP	CC-BY-SA-4.0 project data terms; upstream rights retained	YES	Byte-identical approved artifact	None	ABB2AA0BC6E3343E0EEDA91CCA9B0699356C770542B9B7B1FF9976F86EEB9A0E
results/reference/whole_body/KETAMINE_WHOLE_BODY_FINGERPRINT_SUMMARY_METRICS.csv	results/reference/whole_body/KETAMINE_WHOLE_BODY_FINGERPRINT_SUMMARY_METRICS.csv	ACCEPTED_ANALYSIS_REFERENCE_OUTPUT	Complete pooled-parent whole-body fingerprint package	Ketamine_whole_body_fingerprint_20260813	PRIVATE_DERIVATIVE_PENDING_REVIEW	KEEP	CC-BY-SA-4.0 project data terms; upstream rights retained	YES	Byte-identical approved artifact	None	30F72624E1EEF5CBD095B9D4DDAE7E2125914A90A40ECFF5F942129A9F8682A7
results/reference/whole_body/QC_RESULTS.json	results/reference/whole_body/QC_RESULTS.json	ACCEPTED_ANALYSIS_REFERENCE_OUTPUT	Complete pooled-parent whole-body fingerprint package	Ketamine_whole_body_fingerprint_20260813	PRIVATE_DERIVATIVE_PENDING_REVIEW	KEEP	CC-BY-SA-4.0 project data terms; upstream rights retained	YES	Byte-identical approved artifact	None	044B2EBE4FFCD2F85784877CCC09AC97AFCED428E1A082E7057090FD89107707
scripts/audit_repository.py	scripts/audit_repository.py	ORIGINAL_SOFTWARE_OR_TEST	Cardozo ketamine historeceptomics project	APPROVED_PUBLICATION_SOURCE_SNAPSHOT_2026-08-25	PROJECT_ORIGINAL_OR_NOT_APPLICABLE	REPLACE_WITH_PUBLIC_DERIVATIVE	MIT	NO	Public documentation, metadata, or input routing was sanitized without changing protected scientific behavior	Derived from the approved source snapshot with documented public-only changes	4B32DEEA5BEA8CBF4D7F803E78156D8A2E62F01BEF619FAA5145BD5725CC65B9
scripts/build_release_manifests.py	scripts/build_release_manifests.py	ORIGINAL_SOFTWARE_OR_TEST	Cardozo ketamine historeceptomics project	APPROVED_PUBLICATION_SOURCE_SNAPSHOT_2026-08-25	PROJECT_ORIGINAL_OR_NOT_APPLICABLE	REPLACE_WITH_PUBLIC_DERIVATIVE	MIT	NO	Public documentation, metadata, or input routing was sanitized without changing protected scientific behavior	Derived from the approved source snapshot with documented public-only changes	A6FEA3955A3FC42F7401B53C5CC1C2234AE6BE6644947DEDE6FB6B69B32FE58F
scripts/build_repository_metadata.py	scripts/build_repository_metadata.py	ORIGINAL_SOFTWARE_OR_TEST	Cardozo ketamine historeceptomics project	APPROVED_PUBLICATION_SOURCE_SNAPSHOT_2026-08-25	PROJECT_ORIGINAL_OR_NOT_APPLICABLE	REPLACE_WITH_PUBLIC_DERIVATIVE	MIT	NO	Public documentation, metadata, or input routing was sanitized without changing protected scientific behavior	Derived from the approved source snapshot with documented public-only changes	816889450111208242AF41C8A567BBF022C8D1EBDCC367E1E244344724A04599
scripts/sanitize_local_provenance.py		ORIGINAL_SOFTWARE_OR_TEST	Cardozo ketamine historeceptomics project	APPROVED_PUBLICATION_SOURCE_SNAPSHOT_2026-08-25	PROJECT_ORIGINAL_OR_NOT_APPLICABLE	REMOVE	NOT_REDISTRIBUTED	NO	Source-era release, provenance-sanitization, or superseded metadata is not public release content	Replaced by public release documentation where applicable	5FB3E9562C110CD94F7C1A1D0F0D3E3DCF587BE8B5F995640CF9BEE59B262811
src/cardozo_ketamine_hr/__init__.py	src/cardozo_ketamine_hr/__init__.py	ORIGINAL_SOFTWARE_OR_TEST	Cardozo ketamine historeceptomics project	APPROVED_PUBLICATION_SOURCE_SNAPSHOT_2026-08-25	PROJECT_ORIGINAL_OR_NOT_APPLICABLE	REPLACE_WITH_PUBLIC_DERIVATIVE	MIT	NO	Public documentation, metadata, or input routing was sanitized without changing protected scientific behavior	Derived from the approved source snapshot with documented public-only changes	5AAF81A4B25E0140E953A128A730E103725B38BF4672E9D2EB9FE731A220F5E2
src/cardozo_ketamine_hr/__main__.py	src/cardozo_ketamine_hr/__main__.py	ORIGINAL_SOFTWARE_OR_TEST	Cardozo ketamine historeceptomics project	APPROVED_PUBLICATION_SOURCE_SNAPSHOT_2026-08-25	PROJECT_ORIGINAL_OR_NOT_APPLICABLE	REPLACE_WITH_PUBLIC_DERIVATIVE	MIT	NO	Public documentation, metadata, or input routing was sanitized without changing protected scientific behavior	Derived from the approved source snapshot with documented public-only changes	9E87D2B5CA08EF4DED078A6953C1F816C4C2A08613D7FBAA8B59656B46C301F5
src/cardozo_ketamine_hr/activity.py	src/cardozo_ketamine_hr/activity.py	ORIGINAL_SOFTWARE_OR_TEST	Cardozo ketamine historeceptomics project	APPROVED_PUBLICATION_SOURCE_SNAPSHOT_2026-08-25	PROJECT_ORIGINAL_OR_NOT_APPLICABLE	REPLACE_WITH_PUBLIC_DERIVATIVE	MIT	NO	Public documentation, metadata, or input routing was sanitized without changing protected scientific behavior	Derived from the approved source snapshot with documented public-only changes	75FA7F0E64BD6D9EE3ABB6975B5C78D6C032DCFD8AD772C3A4E7628987AD9C6C
src/cardozo_ketamine_hr/authority_discovery.py	src/cardozo_ketamine_hr/authority_discovery.py	ORIGINAL_SOFTWARE_OR_TEST	Cardozo ketamine historeceptomics project	APPROVED_PUBLICATION_SOURCE_SNAPSHOT_2026-08-25	PROJECT_ORIGINAL_OR_NOT_APPLICABLE	REPLACE_WITH_PUBLIC_DERIVATIVE	MIT	NO	Public documentation, metadata, or input routing was sanitized without changing protected scientific behavior	Derived from the approved source snapshot with documented public-only changes	53F8FB06A27AAE7D1966B0E00E8F673CF96CE77608157153122518241ABD6ED9
src/cardozo_ketamine_hr/class_analysis.py	src/cardozo_ketamine_hr/class_analysis.py	ORIGINAL_SOFTWARE_OR_TEST	Cardozo ketamine historeceptomics project	APPROVED_PUBLICATION_SOURCE_SNAPSHOT_2026-08-25	PROJECT_ORIGINAL_OR_NOT_APPLICABLE	REPLACE_WITH_PUBLIC_DERIVATIVE	MIT	NO	Public documentation, metadata, or input routing was sanitized without changing protected scientific behavior	Derived from the approved source snapshot with documented public-only changes	C00F0E3C647639D68DAEF693C356FC13ED91C2FC55C66FD0516CDC5B065D7C4A
src/cardozo_ketamine_hr/coverage_diagnostics.py	src/cardozo_ketamine_hr/coverage_diagnostics.py	ORIGINAL_SOFTWARE_OR_TEST	Cardozo ketamine historeceptomics project	APPROVED_PUBLICATION_SOURCE_SNAPSHOT_2026-08-25	PROJECT_ORIGINAL_OR_NOT_APPLICABLE	REPLACE_WITH_PUBLIC_DERIVATIVE	MIT	NO	Public documentation, metadata, or input routing was sanitized without changing protected scientific behavior	Derived from the approved source snapshot with documented public-only changes	EC174D23BB6133C8830240FD4FFC3DD1DD94B5B044A9081B0BDF774D40C29D0C
src/cardozo_ketamine_hr/expression.py	src/cardozo_ketamine_hr/expression.py	ORIGINAL_SOFTWARE_OR_TEST	Cardozo ketamine historeceptomics project	APPROVED_PUBLICATION_SOURCE_SNAPSHOT_2026-08-25	PROJECT_ORIGINAL_OR_NOT_APPLICABLE	REPLACE_WITH_PUBLIC_DERIVATIVE	MIT	NO	Public documentation, metadata, or input routing was sanitized without changing protected scientific behavior	Derived from the approved source snapshot with documented public-only changes	00EDFE72880F01876F8318210F5835C54A431913675AEFE64BD7BF52C30FBDB6
src/cardozo_ketamine_hr/family_analysis.py	src/cardozo_ketamine_hr/family_analysis.py	ORIGINAL_SOFTWARE_OR_TEST	Cardozo ketamine historeceptomics project	APPROVED_PUBLICATION_SOURCE_SNAPSHOT_2026-08-25	PROJECT_ORIGINAL_OR_NOT_APPLICABLE	REPLACE_WITH_PUBLIC_DERIVATIVE	MIT	NO	Public documentation, metadata, or input routing was sanitized without changing protected scientific behavior	Derived from the approved source snapshot with documented public-only changes	D235F390DD6DE94841C81D55DA25A6A79A9991600FF1DFE39267E87E13EE1089
src/cardozo_ketamine_hr/family_completion.py	src/cardozo_ketamine_hr/family_completion.py	ORIGINAL_SOFTWARE_OR_TEST	Cardozo ketamine historeceptomics project	APPROVED_PUBLICATION_SOURCE_SNAPSHOT_2026-08-25	PROJECT_ORIGINAL_OR_NOT_APPLICABLE	REPLACE_WITH_PUBLIC_DERIVATIVE	MIT	NO	Public documentation, metadata, or input routing was sanitized without changing protected scientific behavior	Derived from the approved source snapshot with documented public-only changes	D9C8D94D361F07E87402E2F885C2B67908EAD8F0813D889AEBCD26BF77E75648
src/cardozo_ketamine_hr/figure_repair.py	src/cardozo_ketamine_hr/figure_repair.py	ORIGINAL_SOFTWARE_OR_TEST	Cardozo ketamine historeceptomics project	APPROVED_PUBLICATION_SOURCE_SNAPSHOT_2026-08-25	PROJECT_ORIGINAL_OR_NOT_APPLICABLE	REPLACE_WITH_PUBLIC_DERIVATIVE	MIT	NO	Public documentation, metadata, or input routing was sanitized without changing protected scientific behavior	Derived from the approved source snapshot with documented public-only changes	AB99648ABDF515811C19E0BE3602836B5D1E68760FD521552340E5746ED5BF23
src/cardozo_ketamine_hr/figures.py	src/cardozo_ketamine_hr/figures.py	ORIGINAL_SOFTWARE_OR_TEST	Cardozo ketamine historeceptomics project	APPROVED_PUBLICATION_SOURCE_SNAPSHOT_2026-08-25	PROJECT_ORIGINAL_OR_NOT_APPLICABLE	REPLACE_WITH_PUBLIC_DERIVATIVE	MIT	NO	Public documentation, metadata, or input routing was sanitized without changing protected scientific behavior	Derived from the approved source snapshot with documented public-only changes	65DF8568D086073BC79B97C85AD779483C91887F5C31AEBDE1E8724558D3478F
src/cardozo_ketamine_hr/final_audit.py	src/cardozo_ketamine_hr/final_audit.py	ORIGINAL_SOFTWARE_OR_TEST	Cardozo ketamine historeceptomics project	APPROVED_PUBLICATION_SOURCE_SNAPSHOT_2026-08-25	PROJECT_ORIGINAL_OR_NOT_APPLICABLE	REPLACE_WITH_PUBLIC_DERIVATIVE	MIT	NO	Public documentation, metadata, or input routing was sanitized without changing protected scientific behavior	Derived from the approved source snapshot with documented public-only changes	13062D2F3DAF70CE9882A7061C2B47AFAAAAFF2D0A2BC8652310C782A613A969
src/cardozo_ketamine_hr/fingerprint.py	src/cardozo_ketamine_hr/fingerprint.py	ORIGINAL_SOFTWARE_OR_TEST	Cardozo ketamine historeceptomics project	APPROVED_PUBLICATION_SOURCE_SNAPSHOT_2026-08-25	PROJECT_ORIGINAL_OR_NOT_APPLICABLE	REPLACE_WITH_PUBLIC_DERIVATIVE	MIT	NO	Public documentation, metadata, or input routing was sanitized without changing protected scientific behavior	Derived from the approved source snapshot with documented public-only changes	03E18FFE0E19EF19E5884372E85E9737C683C529165C7BC1DABAE819794C5303
src/cardozo_ketamine_hr/gpu_backend.py	src/cardozo_ketamine_hr/gpu_backend.py	ORIGINAL_SOFTWARE_OR_TEST	Cardozo ketamine historeceptomics project	APPROVED_PUBLICATION_SOURCE_SNAPSHOT_2026-08-25	PROJECT_ORIGINAL_OR_NOT_APPLICABLE	REPLACE_WITH_PUBLIC_DERIVATIVE	MIT	NO	Public documentation, metadata, or input routing was sanitized without changing protected scientific behavior	Derived from the approved source snapshot with documented public-only changes	7DC0FA2BD0F59A9F56CE0BCF475B1C164A56A5A86107C11CFAB3934C0E575FE5
src/cardozo_ketamine_hr/hr.py	src/cardozo_ketamine_hr/hr.py	ORIGINAL_SOFTWARE_OR_TEST	Cardozo ketamine historeceptomics project	APPROVED_PUBLICATION_SOURCE_SNAPSHOT_2026-08-25	PROJECT_ORIGINAL_OR_NOT_APPLICABLE	REPLACE_WITH_PUBLIC_DERIVATIVE	MIT	NO	Public documentation, metadata, or input routing was sanitized without changing protected scientific behavior	Derived from the approved source snapshot with documented public-only changes	89FD857FE8117CDA27AB7D15CA97E50C08ABFA0C771006C7FE4D0AAC70FAE9E7
src/cardozo_ketamine_hr/identity.py	src/cardozo_ketamine_hr/identity.py	ORIGINAL_SOFTWARE_OR_TEST	Cardozo ketamine historeceptomics project	APPROVED_PUBLICATION_SOURCE_SNAPSHOT_2026-08-25	PROJECT_ORIGINAL_OR_NOT_APPLICABLE	REPLACE_WITH_PUBLIC_DERIVATIVE	MIT	NO	Public documentation, metadata, or input routing was sanitized without changing protected scientific behavior	Derived from the approved source snapshot with documented public-only changes	747307621799F7F93A67771B7F854467195D281466EA6045D41E0CE16E2CAD02
src/cardozo_ketamine_hr/independent_validation.py	src/cardozo_ketamine_hr/independent_validation.py	ORIGINAL_SOFTWARE_OR_TEST	Cardozo ketamine historeceptomics project	APPROVED_PUBLICATION_SOURCE_SNAPSHOT_2026-08-25	PROJECT_ORIGINAL_OR_NOT_APPLICABLE	REPLACE_WITH_PUBLIC_DERIVATIVE	MIT	NO	Public documentation, metadata, or input routing was sanitized without changing protected scientific behavior	Derived from the approved source snapshot with documented public-only changes	1BD42ABC3695CA0BD05BB0266EE90A54E42814495C37FFF5601F7153F302BBBF
src/cardozo_ketamine_hr/multivariate.py	src/cardozo_ketamine_hr/multivariate.py	ORIGINAL_SOFTWARE_OR_TEST	Cardozo ketamine historeceptomics project	APPROVED_PUBLICATION_SOURCE_SNAPSHOT_2026-08-25	PROJECT_ORIGINAL_OR_NOT_APPLICABLE	REPLACE_WITH_PUBLIC_DERIVATIVE	MIT	NO	Public documentation, metadata, or input routing was sanitized without changing protected scientific behavior	Derived from the approved source snapshot with documented public-only changes	8505B638152250B4A86A1297D403CC93DB32BE911B561D6588FFD81D60B51283
src/cardozo_ketamine_hr/nearest_reference.py	src/cardozo_ketamine_hr/nearest_reference.py	ORIGINAL_SOFTWARE_OR_TEST	Cardozo ketamine historeceptomics project	APPROVED_PUBLICATION_SOURCE_SNAPSHOT_2026-08-25	PROJECT_ORIGINAL_OR_NOT_APPLICABLE	REPLACE_WITH_PUBLIC_DERIVATIVE	MIT	NO	Public documentation, metadata, or input routing was sanitized without changing protected scientific behavior	Derived from the approved source snapshot with documented public-only changes	1FE64FA4AEA00F018FBE6526A319D54C7F7813FF7AFF0E1737C5A51C526E5783
src/cardozo_ketamine_hr/packaging.py	src/cardozo_ketamine_hr/packaging.py	ORIGINAL_SOFTWARE_OR_TEST	Cardozo ketamine historeceptomics project	APPROVED_PUBLICATION_SOURCE_SNAPSHOT_2026-08-25	PROJECT_ORIGINAL_OR_NOT_APPLICABLE	REPLACE_WITH_PUBLIC_DERIVATIVE	MIT	NO	Public documentation, metadata, or input routing was sanitized without changing protected scientific behavior	Derived from the approved source snapshot with documented public-only changes	BEC0F3453907BEB8DA837479645E3EF0E2ED3B3A0E63B58FEA301CF67F2AE7D0
src/cardozo_ketamine_hr/pairwise_continuous.py	src/cardozo_ketamine_hr/pairwise_continuous.py	ORIGINAL_SOFTWARE_OR_TEST	Cardozo ketamine historeceptomics project	APPROVED_PUBLICATION_SOURCE_SNAPSHOT_2026-08-25	PROJECT_ORIGINAL_OR_NOT_APPLICABLE	REPLACE_WITH_PUBLIC_DERIVATIVE	MIT	NO	Public documentation, metadata, or input routing was sanitized without changing protected scientific behavior	Derived from the approved source snapshot with documented public-only changes	D73B9432FD4C37125FE60F881C09EB819A29F890AE0D5EBFDC05462C3306E72C
src/cardozo_ketamine_hr/pairwise_fingerprint.py	src/cardozo_ketamine_hr/pairwise_fingerprint.py	ORIGINAL_SOFTWARE_OR_TEST	Cardozo ketamine historeceptomics project	APPROVED_PUBLICATION_SOURCE_SNAPSHOT_2026-08-25	PROJECT_ORIGINAL_OR_NOT_APPLICABLE	REPLACE_WITH_PUBLIC_DERIVATIVE	MIT	NO	Public documentation, metadata, or input routing was sanitized without changing protected scientific behavior	Derived from the approved source snapshot with documented public-only changes	BFF725618DB8D57AC98DBF6335FA9DB7DDEA0AAE4D682E74D956BA166272DF1C
src/cardozo_ketamine_hr/pipeline.py	src/cardozo_ketamine_hr/pipeline.py	ORIGINAL_SOFTWARE_OR_TEST	Cardozo ketamine historeceptomics project	APPROVED_PUBLICATION_SOURCE_SNAPSHOT_2026-08-25	PROJECT_ORIGINAL_OR_NOT_APPLICABLE	REPLACE_WITH_PUBLIC_DERIVATIVE	MIT	NO	Public documentation, metadata, or input routing was sanitized without changing protected scientific behavior	Derived from the approved source snapshot with documented public-only changes	63CD8537A5A1B03449AD741F237BB9F335C902B6F205C08EE51DFEDF189FCB2F
src/cardozo_ketamine_hr/portable.py	src/cardozo_ketamine_hr/portable.py	ORIGINAL_SOFTWARE_OR_TEST	Cardozo ketamine historeceptomics project	APPROVED_PUBLICATION_SOURCE_SNAPSHOT_2026-08-25	PROJECT_ORIGINAL_OR_NOT_APPLICABLE	REPLACE_WITH_PUBLIC_DERIVATIVE	MIT	NO	Public documentation, metadata, or input routing was sanitized without changing protected scientific behavior	Derived from the approved source snapshot with documented public-only changes	871A1E8007DB6FB1C756B7FC1FDD0453FDAC5913E50CF23306AF6810465FFEB8
src/cardozo_ketamine_hr/qa.py	src/cardozo_ketamine_hr/qa.py	ORIGINAL_SOFTWARE_OR_TEST	Cardozo ketamine historeceptomics project	APPROVED_PUBLICATION_SOURCE_SNAPSHOT_2026-08-25	PROJECT_ORIGINAL_OR_NOT_APPLICABLE	REPLACE_WITH_PUBLIC_DERIVATIVE	MIT	NO	Public documentation, metadata, or input routing was sanitized without changing protected scientific behavior	Derived from the approved source snapshot with documented public-only changes	E8DEAA531014BA5F0E721FD6711B52F57A1A9AF96E1BB542A12B474CE492A717
src/cardozo_ketamine_hr/query_freeze.py	src/cardozo_ketamine_hr/query_freeze.py	ORIGINAL_SOFTWARE_OR_TEST	Cardozo ketamine historeceptomics project	APPROVED_PUBLICATION_SOURCE_SNAPSHOT_2026-08-25	PROJECT_ORIGINAL_OR_NOT_APPLICABLE	REPLACE_WITH_PUBLIC_DERIVATIVE	MIT	NO	Public documentation, metadata, or input routing was sanitized without changing protected scientific behavior	Derived from the approved source snapshot with documented public-only changes	147417B40EAD67D52548343CADCDAB00EF4EE73DC583FAE61AF599DF585CF833
src/cardozo_ketamine_hr/residual_analysis.py	src/cardozo_ketamine_hr/residual_analysis.py	ORIGINAL_SOFTWARE_OR_TEST	Cardozo ketamine historeceptomics project	APPROVED_PUBLICATION_SOURCE_SNAPSHOT_2026-08-25	PROJECT_ORIGINAL_OR_NOT_APPLICABLE	REPLACE_WITH_PUBLIC_DERIVATIVE	MIT	NO	Public documentation, metadata, or input routing was sanitized without changing protected scientific behavior	Derived from the approved source snapshot with documented public-only changes	59497A282DCACFA86B1D806876A3B0181A15159E120AD3A369E6A77B73318CB5
src/cardozo_ketamine_hr/resource_manager.py	src/cardozo_ketamine_hr/resource_manager.py	ORIGINAL_SOFTWARE_OR_TEST	Cardozo ketamine historeceptomics project	APPROVED_PUBLICATION_SOURCE_SNAPSHOT_2026-08-25	PROJECT_ORIGINAL_OR_NOT_APPLICABLE	REPLACE_WITH_PUBLIC_DERIVATIVE	MIT	NO	Public documentation, metadata, or input routing was sanitized without changing protected scientific behavior	Derived from the approved source snapshot with documented public-only changes	6DAC849419732785F536D27A3EE86FC8BB59ED333833167D93EA80B61B075CC4
src/cardozo_ketamine_hr/tables.py	src/cardozo_ketamine_hr/tables.py	ORIGINAL_SOFTWARE_OR_TEST	Cardozo ketamine historeceptomics project	APPROVED_PUBLICATION_SOURCE_SNAPSHOT_2026-08-25	PROJECT_ORIGINAL_OR_NOT_APPLICABLE	REPLACE_WITH_PUBLIC_DERIVATIVE	MIT	NO	Public documentation, metadata, or input routing was sanitized without changing protected scientific behavior	Derived from the approved source snapshot with documented public-only changes	C8F57DECB73BF7B16A9B03DFB771500BC74567C0D1B9850A49FD873BAFB50FA7
src/cardozo_ketamine_hr/targets.py	src/cardozo_ketamine_hr/targets.py	ORIGINAL_SOFTWARE_OR_TEST	Cardozo ketamine historeceptomics project	APPROVED_PUBLICATION_SOURCE_SNAPSHOT_2026-08-25	PROJECT_ORIGINAL_OR_NOT_APPLICABLE	REPLACE_WITH_PUBLIC_DERIVATIVE	MIT	NO	Public documentation, metadata, or input routing was sanitized without changing protected scientific behavior	Derived from the approved source snapshot with documented public-only changes	A4F44E85D52118A49502EE2759B73A17BD540C2F224ACECB6D885D789D032D84
src/cardozo_ketamine_hr/tissue_normalization.py	src/cardozo_ketamine_hr/tissue_normalization.py	ORIGINAL_SOFTWARE_OR_TEST	Cardozo ketamine historeceptomics project	APPROVED_PUBLICATION_SOURCE_SNAPSHOT_2026-08-25	PROJECT_ORIGINAL_OR_NOT_APPLICABLE	REPLACE_WITH_PUBLIC_DERIVATIVE	MIT	NO	Public documentation, metadata, or input routing was sanitized without changing protected scientific behavior	Derived from the approved source snapshot with documented public-only changes	9939C7D4E633444576021919B0CC58DCA679BDBEC74E268D9258CB7BF026EE6E
src/cardozo_ketamine_hr/upstream/audit_recover_missing38_biogas_expression_v1.py	src/cardozo_ketamine_hr/upstream/audit_recover_missing38_biogas_expression_v1.py	ORIGINAL_SOFTWARE_OR_TEST	Cardozo ketamine historeceptomics project	APPROVED_PUBLICATION_SOURCE_SNAPSHOT_2026-08-25	PROJECT_ORIGINAL_OR_NOT_APPLICABLE	REPLACE_WITH_PUBLIC_DERIVATIVE	MIT	NO	Public documentation, metadata, or input routing was sanitized without changing protected scientific behavior	Derived from the approved source snapshot with documented public-only changes	EC7C1CE9CDCB5E8B81E86056B8575CB15881F3540954A10E8B23FAB9568331B0
src/cardozo_ketamine_hr/upstream/cleanup_pooled_parent_ketamine_activity_v2.py	src/cardozo_ketamine_hr/upstream/cleanup_pooled_parent_ketamine_activity_v2.py	ORIGINAL_SOFTWARE_OR_TEST	Cardozo ketamine historeceptomics project	APPROVED_PUBLICATION_SOURCE_SNAPSHOT_2026-08-25	PROJECT_ORIGINAL_OR_NOT_APPLICABLE	REPLACE_WITH_PUBLIC_DERIVATIVE	MIT	NO	Public documentation, metadata, or input routing was sanitized without changing protected scientific behavior	Derived from the approved source snapshot with documented public-only changes	8A2F32FA9E0E8E6D9CA0A57E64BCC29B4CDB41D282208A54C434B46563BAFF9D
src/cardozo_ketamine_hr/upstream/figure4_rightlegend_authority.py	src/cardozo_ketamine_hr/upstream/figure4_rightlegend_authority.py	ORIGINAL_SOFTWARE_OR_TEST	Cardozo ketamine historeceptomics project	APPROVED_PUBLICATION_SOURCE_SNAPSHOT_2026-08-25	PROJECT_ORIGINAL_OR_NOT_APPLICABLE	REPLACE_WITH_PUBLIC_DERIVATIVE	MIT	NO	Public documentation, metadata, or input routing was sanitized without changing protected scientific behavior	Derived from the approved source snapshot with documented public-only changes	0C2860E803E2BDB74657611C0DB0075B8CC453C9CCCA6697791959761E2AAA8F
src/cardozo_ketamine_hr/upstream/finalize_pooled_parent_ketamine_activity_v4.py	src/cardozo_ketamine_hr/upstream/finalize_pooled_parent_ketamine_activity_v4.py	ORIGINAL_SOFTWARE_OR_TEST	Cardozo ketamine historeceptomics project	APPROVED_PUBLICATION_SOURCE_SNAPSHOT_2026-08-25	PROJECT_ORIGINAL_OR_NOT_APPLICABLE	REPLACE_WITH_PUBLIC_DERIVATIVE	MIT	NO	Public documentation, metadata, or input routing was sanitized without changing protected scientific behavior	Derived from the approved source snapshot with documented public-only changes	F01B5D7DD0B3CC1295507D901706E41D139A7B5C44A7C844BAB01661DC67A741
src/cardozo_ketamine_hr/upstream/forensic_finalize_pooled_parent_ketamine_activity_v3.py	src/cardozo_ketamine_hr/upstream/forensic_finalize_pooled_parent_ketamine_activity_v3.py	ORIGINAL_SOFTWARE_OR_TEST	Cardozo ketamine historeceptomics project	APPROVED_PUBLICATION_SOURCE_SNAPSHOT_2026-08-25	PROJECT_ORIGINAL_OR_NOT_APPLICABLE	REPLACE_WITH_PUBLIC_DERIVATIVE	MIT	NO	Public documentation, metadata, or input routing was sanitized without changing protected scientific behavior	Derived from the approved source snapshot with documented public-only changes	F2EA1A22B2DAB55267E65DED6DAE23645EEC1A962FD7A7C61B44B3B6EA8C2A91
src/cardozo_ketamine_hr/upstream/generate_pooled_parent_ketamine_expanded58_hr_v2.py	src/cardozo_ketamine_hr/upstream/generate_pooled_parent_ketamine_expanded58_hr_v2.py	ORIGINAL_SOFTWARE_OR_TEST	Cardozo ketamine historeceptomics project	APPROVED_PUBLICATION_SOURCE_SNAPSHOT_2026-08-25	PROJECT_ORIGINAL_OR_NOT_APPLICABLE	REPLACE_WITH_PUBLIC_DERIVATIVE	MIT	NO	Public documentation, metadata, or input routing was sanitized without changing protected scientific behavior	Derived from the approved source snapshot with documented public-only changes	CFDC40D395C45CD5C7A0D5B381119DE33FC98F11177865DCFCDEC3CCAA0B8AC4
src/cardozo_ketamine_hr/upstream/generate_pooled_parent_ketamine_full_hr_v1.py	src/cardozo_ketamine_hr/upstream/generate_pooled_parent_ketamine_full_hr_v1.py	ORIGINAL_SOFTWARE_OR_TEST	Cardozo ketamine historeceptomics project	APPROVED_PUBLICATION_SOURCE_SNAPSHOT_2026-08-25	PROJECT_ORIGINAL_OR_NOT_APPLICABLE	REPLACE_WITH_PUBLIC_DERIVATIVE	MIT	NO	Public documentation, metadata, or input routing was sanitized without changing protected scientific behavior	Derived from the approved source snapshot with documented public-only changes	49DFAF91251C28CC67E09D3403B849A839D6680D39C207C2BCAE718A0D3820A2
src/cardozo_ketamine_hr/upstream/generate_pooled_parent_ketamine_strict18_fingerprint_v1.py	src/cardozo_ketamine_hr/upstream/generate_pooled_parent_ketamine_strict18_fingerprint_v1.py	ORIGINAL_SOFTWARE_OR_TEST	Cardozo ketamine historeceptomics project	APPROVED_PUBLICATION_SOURCE_SNAPSHOT_2026-08-25	PROJECT_ORIGINAL_OR_NOT_APPLICABLE	REPLACE_WITH_PUBLIC_DERIVATIVE	MIT	NO	Public documentation, metadata, or input routing was sanitized without changing protected scientific behavior	Derived from the approved source snapshot with documented public-only changes	67E4DCAE8F6CBC412527CD2AD0BDE0D57DCF6AFD199EC3F4D90EE66D769F1034
src/cardozo_ketamine_hr/upstream/whole_body_fingerprint_authority.py	src/cardozo_ketamine_hr/upstream/whole_body_fingerprint_authority.py	ORIGINAL_SOFTWARE_OR_TEST	Cardozo ketamine historeceptomics project	APPROVED_PUBLICATION_SOURCE_SNAPSHOT_2026-08-25	PROJECT_ORIGINAL_OR_NOT_APPLICABLE	REPLACE_WITH_PUBLIC_DERIVATIVE	MIT	NO	Public documentation, metadata, or input routing was sanitized without changing protected scientific behavior	Derived from the approved source snapshot with documented public-only changes	438C00EFE2632D1F9F6F7F3EEC54EE6AFD5ACDA879183E004C54EC76EB6A81FD
src/cardozo_ketamine_hr/utilities.py	src/cardozo_ketamine_hr/utilities.py	ORIGINAL_SOFTWARE_OR_TEST	Cardozo ketamine historeceptomics project	APPROVED_PUBLICATION_SOURCE_SNAPSHOT_2026-08-25	PROJECT_ORIGINAL_OR_NOT_APPLICABLE	REPLACE_WITH_PUBLIC_DERIVATIVE	MIT	NO	Public documentation, metadata, or input routing was sanitized without changing protected scientific behavior	Derived from the approved source snapshot with documented public-only changes	C11BA3BDEBEB7FA96E706F9C5C5A43A767F3F771923DE8F67BFCD9C59BD3BD91
tests/conftest.py	tests/conftest.py	ORIGINAL_SOFTWARE_OR_TEST	Cardozo ketamine historeceptomics project	APPROVED_PUBLICATION_SOURCE_SNAPSHOT_2026-08-25	PROJECT_ORIGINAL_OR_NOT_APPLICABLE	REPLACE_WITH_PUBLIC_DERIVATIVE	MIT	NO	Public documentation, metadata, or input routing was sanitized without changing protected scientific behavior	Derived from the approved source snapshot with documented public-only changes	1F9BED1E268BF50DA63CE96ECE6FAC298BBAE3044406ED1E18400DBA73700935
tests/test_activity_normalization.py	tests/test_activity_normalization.py	ORIGINAL_SOFTWARE_OR_TEST	Cardozo ketamine historeceptomics project	APPROVED_PUBLICATION_SOURCE_SNAPSHOT_2026-08-25	PROJECT_ORIGINAL_OR_NOT_APPLICABLE	REPLACE_WITH_PUBLIC_DERIVATIVE	MIT	NO	Public documentation, metadata, or input routing was sanitized without changing protected scientific behavior	Derived from the approved source snapshot with documented public-only changes	7A50BF4290287985D3863A2BB3A31B4525E8355E1C6F63757CB9A409CA10966E
tests/test_compound_identity_separation.py	tests/test_compound_identity_separation.py	ORIGINAL_SOFTWARE_OR_TEST	Cardozo ketamine historeceptomics project	APPROVED_PUBLICATION_SOURCE_SNAPSHOT_2026-08-25	PROJECT_ORIGINAL_OR_NOT_APPLICABLE	REPLACE_WITH_PUBLIC_DERIVATIVE	MIT	NO	Public documentation, metadata, or input routing was sanitized without changing protected scientific behavior	Derived from the approved source snapshot with documented public-only changes	D0EDD6BD7CF536DF65BF5797361AEFE21DC3C607644C07B7BE0BA7D2DFC836F7
tests/test_cpu_gpu_equivalence.py	tests/test_cpu_gpu_equivalence.py	ORIGINAL_SOFTWARE_OR_TEST	Cardozo ketamine historeceptomics project	APPROVED_PUBLICATION_SOURCE_SNAPSHOT_2026-08-25	PROJECT_ORIGINAL_OR_NOT_APPLICABLE	REPLACE_WITH_PUBLIC_DERIVATIVE	MIT	NO	Public documentation, metadata, or input routing was sanitized without changing protected scientific behavior	Derived from the approved source snapshot with documented public-only changes	FCD5465E6205C444105B825CD1D3CFDE835B67EA2ACBDA95B79B104A989776FD
tests/test_expression_standardization.py	tests/test_expression_standardization.py	ORIGINAL_SOFTWARE_OR_TEST	Cardozo ketamine historeceptomics project	APPROVED_PUBLICATION_SOURCE_SNAPSHOT_2026-08-25	PROJECT_ORIGINAL_OR_NOT_APPLICABLE	REPLACE_WITH_PUBLIC_DERIVATIVE	MIT	NO	Public documentation, metadata, or input routing was sanitized without changing protected scientific behavior	Derived from the approved source snapshot with documented public-only changes	8CD311411FDC9EAF911B99EE361BB9890F9FCB98A47312BCE0882B282F7BBD7D
tests/test_external_reuse.py	tests/test_external_reuse.py	ORIGINAL_SOFTWARE_OR_TEST	Cardozo ketamine historeceptomics project	APPROVED_PUBLICATION_SOURCE_SNAPSHOT_2026-08-25	PROJECT_ORIGINAL_OR_NOT_APPLICABLE	REPLACE_WITH_PUBLIC_DERIVATIVE	MIT	NO	Public documentation, metadata, or input routing was sanitized without changing protected scientific behavior	Derived from the approved source snapshot with documented public-only changes	71FF0FD12B0E04B036C0F1F42667714F5D74F9808BF9575606D80557661F9976
tests/test_final_family_completion.py	tests/test_final_family_completion.py	ORIGINAL_SOFTWARE_OR_TEST	Cardozo ketamine historeceptomics project	APPROVED_PUBLICATION_SOURCE_SNAPSHOT_2026-08-25	PROJECT_ORIGINAL_OR_NOT_APPLICABLE	REPLACE_WITH_PUBLIC_DERIVATIVE	MIT	NO	Public documentation, metadata, or input routing was sanitized without changing protected scientific behavior	Derived from the approved source snapshot with documented public-only changes	8A84B87AF9AAA735E02A771EB14650647AA736786FC04052455AC4BFC4B984A0
tests/test_fixed_reference_projection.py	tests/test_fixed_reference_projection.py	ORIGINAL_SOFTWARE_OR_TEST	Cardozo ketamine historeceptomics project	APPROVED_PUBLICATION_SOURCE_SNAPSHOT_2026-08-25	PROJECT_ORIGINAL_OR_NOT_APPLICABLE	REPLACE_WITH_PUBLIC_DERIVATIVE	MIT	NO	Public documentation, metadata, or input routing was sanitized without changing protected scientific behavior	Derived from the approved source snapshot with documented public-only changes	A8CD3478C0A7A2B7AFB5E61058D8CC35D048078E64B85DCAAB5F1B07A2712633
tests/test_gesd_regression.py	tests/test_gesd_regression.py	ORIGINAL_SOFTWARE_OR_TEST	Cardozo ketamine historeceptomics project	APPROVED_PUBLICATION_SOURCE_SNAPSHOT_2026-08-25	PROJECT_ORIGINAL_OR_NOT_APPLICABLE	REPLACE_WITH_PUBLIC_DERIVATIVE	MIT	NO	Public documentation, metadata, or input routing was sanitized without changing protected scientific behavior	Derived from the approved source snapshot with documented public-only changes	9D33D9F6FF7B7922D31710640DC1812B95D2477121C6278728A61F22F2F3CBA5
tests/test_governance_configs.py	tests/test_governance_configs.py	ORIGINAL_SOFTWARE_OR_TEST	Cardozo ketamine historeceptomics project	APPROVED_PUBLICATION_SOURCE_SNAPSHOT_2026-08-25	PROJECT_ORIGINAL_OR_NOT_APPLICABLE	REPLACE_WITH_PUBLIC_DERIVATIVE	MIT	NO	Public documentation, metadata, or input routing was sanitized without changing protected scientific behavior	Derived from the approved source snapshot with documented public-only changes	B40042F536070AACB2C36126D03926D3DF4FF7F0D0FCB1EB0A763685736ED3BC
tests/test_governance_statuses.py	tests/test_governance_statuses.py	ORIGINAL_SOFTWARE_OR_TEST	Cardozo ketamine historeceptomics project	APPROVED_PUBLICATION_SOURCE_SNAPSHOT_2026-08-25	PROJECT_ORIGINAL_OR_NOT_APPLICABLE	REPLACE_WITH_PUBLIC_DERIVATIVE	MIT	NO	Public documentation, metadata, or input routing was sanitized without changing protected scientific behavior	Derived from the approved source snapshot with documented public-only changes	76A590058B22AB5D94D26C0BB406E86D4676FA680B48FEF1653D259ED89AC248
tests/test_heatmap_call_count.py	tests/test_heatmap_call_count.py	ORIGINAL_SOFTWARE_OR_TEST	Cardozo ketamine historeceptomics project	APPROVED_PUBLICATION_SOURCE_SNAPSHOT_2026-08-25	PROJECT_ORIGINAL_OR_NOT_APPLICABLE	REPLACE_WITH_PUBLIC_DERIVATIVE	MIT	NO	Public documentation, metadata, or input routing was sanitized without changing protected scientific behavior	Derived from the approved source snapshot with documented public-only changes	4A3000F8AE64C93E1FF18226D2B7E6EDFB380A25CCA4842A5AA3162AE5A3A439
tests/test_hr_construction.py	tests/test_hr_construction.py	ORIGINAL_SOFTWARE_OR_TEST	Cardozo ketamine historeceptomics project	APPROVED_PUBLICATION_SOURCE_SNAPSHOT_2026-08-25	PROJECT_ORIGINAL_OR_NOT_APPLICABLE	REPLACE_WITH_PUBLIC_DERIVATIVE	MIT	NO	Public documentation, metadata, or input routing was sanitized without changing protected scientific behavior	Derived from the approved source snapshot with documented public-only changes	5614B7F162BF86ECB69024875C889389B539728B93B3897A26D656A1013C0745
tests/test_identity_resolution.py	tests/test_identity_resolution.py	ORIGINAL_SOFTWARE_OR_TEST	Cardozo ketamine historeceptomics project	APPROVED_PUBLICATION_SOURCE_SNAPSHOT_2026-08-25	PROJECT_ORIGINAL_OR_NOT_APPLICABLE	REPLACE_WITH_PUBLIC_DERIVATIVE	MIT	NO	Public documentation, metadata, or input routing was sanitized without changing protected scientific behavior	Derived from the approved source snapshot with documented public-only changes	DAB3C2CD18DAED560B202CCDA213AE3DC6539BC194366B677B6214AFDA358E2C
tests/test_multivariate_rank_handling.py	tests/test_multivariate_rank_handling.py	ORIGINAL_SOFTWARE_OR_TEST	Cardozo ketamine historeceptomics project	APPROVED_PUBLICATION_SOURCE_SNAPSHOT_2026-08-25	PROJECT_ORIGINAL_OR_NOT_APPLICABLE	REPLACE_WITH_PUBLIC_DERIVATIVE	MIT	NO	Public documentation, metadata, or input routing was sanitized without changing protected scientific behavior	Derived from the approved source snapshot with documented public-only changes	82E39DEF3F611360EED216B8018C01E1BB0F2C59AAD32D2089F8B8D5A3B314AB
tests/test_pairwise_metrics.py	tests/test_pairwise_metrics.py	ORIGINAL_SOFTWARE_OR_TEST	Cardozo ketamine historeceptomics project	APPROVED_PUBLICATION_SOURCE_SNAPSHOT_2026-08-25	PROJECT_ORIGINAL_OR_NOT_APPLICABLE	REPLACE_WITH_PUBLIC_DERIVATIVE	MIT	NO	Public documentation, metadata, or input routing was sanitized without changing protected scientific behavior	Derived from the approved source snapshot with documented public-only changes	9CC633CDAD2D824B8BFF0668281C03396AB27D3BB408EE204CBFF20597C73EC2
tests/test_pooled_authority_counts.py	tests/test_pooled_authority_counts.py	ORIGINAL_SOFTWARE_OR_TEST	Cardozo ketamine historeceptomics project	APPROVED_PUBLICATION_SOURCE_SNAPSHOT_2026-08-25	PROJECT_ORIGINAL_OR_NOT_APPLICABLE	REPLACE_WITH_PUBLIC_DERIVATIVE	MIT	NO	Public documentation, metadata, or input routing was sanitized without changing protected scientific behavior	Derived from the approved source snapshot with documented public-only changes	38F3294176337337F558B6B8A4FC39AAFD415D712EFD0BD830BC0F8F703A4330
tests/test_portable_release_outputs.py	tests/test_portable_release_outputs.py	ORIGINAL_SOFTWARE_OR_TEST	Cardozo ketamine historeceptomics project	APPROVED_PUBLICATION_SOURCE_SNAPSHOT_2026-08-25	PROJECT_ORIGINAL_OR_NOT_APPLICABLE	REPLACE_WITH_PUBLIC_DERIVATIVE	MIT	NO	Public documentation, metadata, or input routing was sanitized without changing protected scientific behavior	Derived from the approved source snapshot with documented public-only changes	E1A1A1579FDAA92DB90ABA53E11B2A2F5B7C604E0F3A4F833CAB45EF2AF44C2A
tests/test_resource_limits.py	tests/test_resource_limits.py	ORIGINAL_SOFTWARE_OR_TEST	Cardozo ketamine historeceptomics project	APPROVED_PUBLICATION_SOURCE_SNAPSHOT_2026-08-25	PROJECT_ORIGINAL_OR_NOT_APPLICABLE	REPLACE_WITH_PUBLIC_DERIVATIVE	MIT	NO	Public documentation, metadata, or input routing was sanitized without changing protected scientific behavior	Derived from the approved source snapshot with documented public-only changes	C3194FEA5164CBE0994C5891F02312A7A771CE0BD05B91F954C87A2F5DBB4CA7
tests/test_target_mapping.py	tests/test_target_mapping.py	ORIGINAL_SOFTWARE_OR_TEST	Cardozo ketamine historeceptomics project	APPROVED_PUBLICATION_SOURCE_SNAPSHOT_2026-08-25	PROJECT_ORIGINAL_OR_NOT_APPLICABLE	REPLACE_WITH_PUBLIC_DERIVATIVE	MIT	NO	Public documentation, metadata, or input routing was sanitized without changing protected scientific behavior	Derived from the approved source snapshot with documented public-only changes	AF9F501ADBFF0F1A33301A01246157AA3757493AE01F9817E5B345D8266B8BC3
workflow/Snakefile	workflow/Snakefile	ORIGINAL_SOFTWARE_OR_TEST	Cardozo ketamine historeceptomics project	APPROVED_PUBLICATION_SOURCE_SNAPSHOT_2026-08-25	PROJECT_ORIGINAL_OR_NOT_APPLICABLE	REPLACE_WITH_PUBLIC_DERIVATIVE	MIT	NO	Public documentation, metadata, or input routing was sanitized without changing protected scientific behavior	Derived from the approved source snapshot with documented public-only changes	4D1009A8A46CC5099ADDD551FEAC4A75E144D36F03CC93CE5243ADF7B9A02F2B
PUBLIC_RELEASE_ADDITION::.github/ISSUE_TEMPLATE/bug_report.yml	.github/ISSUE_TEMPLATE/bug_report.yml	ORIGINAL_CONFIGURATION	Cardozo ketamine historeceptomics public release	2026-08-25	NOT_IN_APPROVED_SOURCE_TREE	KEEP	MIT	NO	Original public-release software, documentation, configuration, or audit evidence	Authored for sanitized public release v0.1.1	09045D0B9E6DD07C93814D2E9B6222D53EB85E8A308C113C2A2ACD6662689712
PUBLIC_RELEASE_ADDITION::.github/ISSUE_TEMPLATE/config.yml	.github/ISSUE_TEMPLATE/config.yml	ORIGINAL_CONFIGURATION	Cardozo ketamine historeceptomics public release	2026-08-25	NOT_IN_APPROVED_SOURCE_TREE	KEEP	MIT	NO	Original public-release software, documentation, configuration, or audit evidence	Authored for sanitized public release v0.1.1	68BA8AF7F394AD9F53AD378C522F21B7D1849C6E9A89347A0CE57E933F350010
PUBLIC_RELEASE_ADDITION::.github/ISSUE_TEMPLATE/documentation_issue.yml	.github/ISSUE_TEMPLATE/documentation_issue.yml	ORIGINAL_CONFIGURATION	Cardozo ketamine historeceptomics public release	2026-08-25	NOT_IN_APPROVED_SOURCE_TREE	KEEP	MIT	NO	Original public-release software, documentation, configuration, or audit evidence	Authored for sanitized public release v0.1.1	E469288C4ACAF4EE9067A815A232524639FE8DFAAF28F530182AB7CFA609E862
PUBLIC_RELEASE_ADDITION::.github/ISSUE_TEMPLATE/feature_request.yml	.github/ISSUE_TEMPLATE/feature_request.yml	ORIGINAL_CONFIGURATION	Cardozo ketamine historeceptomics public release	2026-08-25	NOT_IN_APPROVED_SOURCE_TREE	KEEP	MIT	NO	Original public-release software, documentation, configuration, or audit evidence	Authored for sanitized public release v0.1.1	B7E1E242D4C6EF5F27A5D6578785853D66A11D92137C82C864C3BF59021F1A56
PUBLIC_RELEASE_ADDITION::.github/ISSUE_TEMPLATE/reproducibility_failure.yml	.github/ISSUE_TEMPLATE/reproducibility_failure.yml	ORIGINAL_CONFIGURATION	Cardozo ketamine historeceptomics public release	2026-08-25	NOT_IN_APPROVED_SOURCE_TREE	KEEP	MIT	NO	Original public-release software, documentation, configuration, or audit evidence	Authored for sanitized public release v0.1.1	C4784488889F9D0C8EC379515D6FA9930F09D2C62C8EE9DD560B3AE49CFBABEF
PUBLIC_RELEASE_ADDITION::.github/codeql/codeql-config.yml	.github/codeql/codeql-config.yml	ORIGINAL_CONFIGURATION	Cardozo ketamine historeceptomics public release	2026-08-25	NOT_IN_APPROVED_SOURCE_TREE	KEEP	MIT	NO	Original public-release software, documentation, configuration, or audit evidence	Authored for sanitized public release v0.1.1	A2A4072DA6024B667778BB3B13A8228F026F797226F39DBB72E4E017EBADFD2B
PUBLIC_RELEASE_ADDITION::.github/dependabot.yml	.github/dependabot.yml	ORIGINAL_CONFIGURATION	Cardozo ketamine historeceptomics public release	2026-08-25	NOT_IN_APPROVED_SOURCE_TREE	KEEP	MIT	NO	Original public-release software, documentation, configuration, or audit evidence	Authored for sanitized public release v0.1.1	4954D69388FFADFD7BDF08F7C68A6276B4FAAC632762D6FD6F9A85B953F15D02
PUBLIC_RELEASE_ADDITION::.github/pull_request_template.md	.github/pull_request_template.md	ORIGINAL_CONFIGURATION	Cardozo ketamine historeceptomics public release	2026-08-25	NOT_IN_APPROVED_SOURCE_TREE	KEEP	MIT	NO	Original public-release software, documentation, configuration, or audit evidence	Authored for sanitized public release v0.1.1	AE46F19A1A7998835B2C1FB7F8D38B33EC3A74CE655D2EE36E88E8820DF53F6F
PUBLIC_RELEASE_ADDITION::.github/workflows/codeql.yml	.github/workflows/codeql.yml	ORIGINAL_CONFIGURATION	Cardozo ketamine historeceptomics public release	2026-08-25	NOT_IN_APPROVED_SOURCE_TREE	KEEP	MIT	NO	Original public-release software, documentation, configuration, or audit evidence	Authored for sanitized public release v0.1.1	58BB28EC427F5CF3DF2957226BB509E5F28269AA6A01F88DEE87318B18CE9F7A
PUBLIC_RELEASE_ADDITION::.github/workflows/dependency-review.yml	.github/workflows/dependency-review.yml	ORIGINAL_CONFIGURATION	Cardozo ketamine historeceptomics public release	2026-08-25	NOT_IN_APPROVED_SOURCE_TREE	KEEP	MIT	NO	Original public-release software, documentation, configuration, or audit evidence	Authored for sanitized public release v0.1.1	4EA9093A8D2AAF8E6BF07D1F2425005BB61F1145C1B897DB8969A8DE2A421B82
PUBLIC_RELEASE_ADDITION::CHANGELOG.md	CHANGELOG.md	ORIGINAL_DOCUMENTATION_OR_LICENSE	Cardozo ketamine historeceptomics public release	2026-08-25	NOT_IN_APPROVED_SOURCE_TREE	KEEP	MIT	NO	Original public-release software, documentation, configuration, or audit evidence	Authored for sanitized public release v0.1.1	E2A259B48F9749EDA0488DDFDB57BAE9A775ECCBCD9DE2CC31FCA68E74189F17
PUBLIC_RELEASE_ADDITION::CITATION.bib	CITATION.bib	ORIGINAL_DOCUMENTATION_OR_LICENSE	Cardozo ketamine historeceptomics public release	2026-08-25	NOT_IN_APPROVED_SOURCE_TREE	KEEP	MIT	NO	Original public-release software, documentation, configuration, or audit evidence	Authored for sanitized public release v0.1.1	BB93371447E000948CE2C737280EFE0550968706A4D13462DF967216C3634F17
PUBLIC_RELEASE_ADDITION::CODE_OF_CONDUCT.md	CODE_OF_CONDUCT.md	ORIGINAL_DOCUMENTATION_OR_LICENSE	Cardozo ketamine historeceptomics public release	2026-08-25	NOT_IN_APPROVED_SOURCE_TREE	KEEP	MIT	NO	Original public-release software, documentation, configuration, or audit evidence	Authored for sanitized public release v0.1.1	796A69968349B65D0716D90010B0F19FDF53934B1FE244AE9D1681FE9CADD65E
PUBLIC_RELEASE_ADDITION::CONTRIBUTING.md	CONTRIBUTING.md	ORIGINAL_DOCUMENTATION_OR_LICENSE	Cardozo ketamine historeceptomics public release	2026-08-25	NOT_IN_APPROVED_SOURCE_TREE	KEEP	MIT	NO	Original public-release software, documentation, configuration, or audit evidence	Authored for sanitized public release v0.1.1	D87249B83E08DD4F5E90D9F74E483EA9EB20085AA863A8F594E9719AB99DB4F5
PUBLIC_RELEASE_ADDITION::DATA_LICENSE.md	DATA_LICENSE.md	ORIGINAL_DOCUMENTATION_OR_LICENSE	Cardozo ketamine historeceptomics public release	2026-08-25	NOT_IN_APPROVED_SOURCE_TREE	KEEP	MIT	NO	Original public-release software, documentation, configuration, or audit evidence	Authored for sanitized public release v0.1.1	AC780EE4CD6F6B702F2974F7276DE8B374715B23848D7035B098E98C011ED8BB
PUBLIC_RELEASE_ADDITION::EXTERNAL_INPUT_MANIFEST.tsv	EXTERNAL_INPUT_MANIFEST.tsv	PROJECT_METADATA_OR_AUDIT_EVIDENCE	Cardozo ketamine historeceptomics public release	2026-08-25	NOT_IN_APPROVED_SOURCE_TREE	KEEP	MIT	NO	Original public-release software, documentation, configuration, or audit evidence	Authored for sanitized public release v0.1.1	6C58175EA660D7843F435EE2ACD6B812CC34A6E03288D4BB2ADDB0550BF4248F
PUBLIC_RELEASE_ADDITION::LICENSE	LICENSE	ORIGINAL_DOCUMENTATION_OR_LICENSE	Cardozo ketamine historeceptomics public release	2026-08-25	NOT_IN_APPROVED_SOURCE_TREE	KEEP	MIT	NO	Original public-release software, documentation, configuration, or audit evidence	Authored for sanitized public release v0.1.1	32E54FE872237899182B1055BF066CF525020D55934718376EF7465BFA7264A7
PUBLIC_RELEASE_ADDITION::PUBLIC_RELEASE_DECISIONS.md	PUBLIC_RELEASE_DECISIONS.md	ORIGINAL_DOCUMENTATION_OR_LICENSE	Cardozo ketamine historeceptomics public release	2026-08-25	NOT_IN_APPROVED_SOURCE_TREE	KEEP	MIT	NO	Original public-release software, documentation, configuration, or audit evidence	Authored for sanitized public release v0.1.1	66282E846F3DEDD7352A373897F19DDBB514819F83AADEBA51B896EB171BFE86
PUBLIC_RELEASE_ADDITION::PUBLIC_RELEASE_FILE_DECISIONS.tsv	PUBLIC_RELEASE_FILE_DECISIONS.tsv	PROJECT_METADATA_OR_AUDIT_EVIDENCE	Cardozo ketamine historeceptomics public release	2026-08-25	NOT_IN_APPROVED_SOURCE_TREE	KEEP	MIT	NO	Original public-release software, documentation, configuration, or audit evidence	Authored for sanitized public release v0.1.1	SEE_PUBLIC_RELEASE_MANIFEST
PUBLIC_RELEASE_ADDITION::PUBLIC_RELEASE_MANIFEST.tsv	PUBLIC_RELEASE_MANIFEST.tsv	PROJECT_METADATA_OR_AUDIT_EVIDENCE	Cardozo ketamine historeceptomics public release	2026-08-25	NOT_IN_APPROVED_SOURCE_TREE	KEEP	MIT	NO	Original public-release software, documentation, configuration, or audit evidence	Authored for sanitized public release v0.1.1	SEE_PUBLIC_RELEASE_MANIFEST
PUBLIC_RELEASE_ADDITION::SECURITY.md	SECURITY.md	ORIGINAL_DOCUMENTATION_OR_LICENSE	Cardozo ketamine historeceptomics public release	2026-08-25	NOT_IN_APPROVED_SOURCE_TREE	KEEP	MIT	NO	Original public-release software, documentation, configuration, or audit evidence	Authored for sanitized public release v0.1.1	5E3489FA12725E714E1498C058330C3DC35A9141C16927E4FA1514075CB57675
PUBLIC_RELEASE_ADDITION::SUPPORT.md	SUPPORT.md	ORIGINAL_DOCUMENTATION_OR_LICENSE	Cardozo ketamine historeceptomics public release	2026-08-25	NOT_IN_APPROVED_SOURCE_TREE	KEEP	MIT	NO	Original public-release software, documentation, configuration, or audit evidence	Authored for sanitized public release v0.1.1	93B1A41BA73C702CF6A8930EA18B71000D0B10F1216B182CE361870F06926B11
PUBLIC_RELEASE_ADDITION::THIRD_PARTY_NOTICES.md	THIRD_PARTY_NOTICES.md	ORIGINAL_DOCUMENTATION_OR_LICENSE	Cardozo ketamine historeceptomics public release	2026-08-25	NOT_IN_APPROVED_SOURCE_TREE	KEEP	MIT	NO	Original public-release software, documentation, configuration, or audit evidence	Authored for sanitized public release v0.1.1	970DE8B8FB7918497438A191FD2000C4F397839976F96E9186CF712451810088
PUBLIC_RELEASE_ADDITION::audits/CODE_DOCUMENTATION_AUDIT.md	audits/CODE_DOCUMENTATION_AUDIT.md	ORIGINAL_DOCUMENTATION_OR_LICENSE	Cardozo ketamine historeceptomics public release	2026-08-25	NOT_IN_APPROVED_SOURCE_TREE	KEEP	MIT	NO	Original public-release software, documentation, configuration, or audit evidence	Authored for sanitized public release v0.1.1	SEE_PUBLIC_RELEASE_MANIFEST
PUBLIC_RELEASE_ADDITION::audits/CODE_DOCUMENTATION_AUDIT.tsv	audits/CODE_DOCUMENTATION_AUDIT.tsv	PROJECT_METADATA_OR_AUDIT_EVIDENCE	Cardozo ketamine historeceptomics public release	2026-08-25	NOT_IN_APPROVED_SOURCE_TREE	KEEP	MIT	NO	Original public-release software, documentation, configuration, or audit evidence	Authored for sanitized public release v0.1.1	SEE_PUBLIC_RELEASE_MANIFEST
PUBLIC_RELEASE_ADDITION::audits/PUBLIC_EXPOSURE_AUDIT.md	audits/PUBLIC_EXPOSURE_AUDIT.md	ORIGINAL_DOCUMENTATION_OR_LICENSE	Cardozo ketamine historeceptomics public release	2026-08-25	NOT_IN_APPROVED_SOURCE_TREE	KEEP	MIT	NO	Original public-release software, documentation, configuration, or audit evidence	Authored for sanitized public release v0.1.1	SEE_PUBLIC_RELEASE_MANIFEST
PUBLIC_RELEASE_ADDITION::audits/PUBLIC_EXPOSURE_FINDINGS.tsv	audits/PUBLIC_EXPOSURE_FINDINGS.tsv	PROJECT_METADATA_OR_AUDIT_EVIDENCE	Cardozo ketamine historeceptomics public release	2026-08-25	NOT_IN_APPROVED_SOURCE_TREE	KEEP	MIT	NO	Original public-release software, documentation, configuration, or audit evidence	Authored for sanitized public release v0.1.1	SEE_PUBLIC_RELEASE_MANIFEST
PUBLIC_RELEASE_ADDITION::audits/PUBLIC_SCIENTIFIC_EQUIVALENCE.md	audits/PUBLIC_SCIENTIFIC_EQUIVALENCE.md	ORIGINAL_DOCUMENTATION_OR_LICENSE	Cardozo ketamine historeceptomics public release	2026-08-25	NOT_IN_APPROVED_SOURCE_TREE	KEEP	MIT	NO	Original public-release software, documentation, configuration, or audit evidence	Authored for sanitized public release v0.1.1	80C646121C5C9DDFAB011EBB341D10D5AAAF8BDB87A1821D5A4EA416F83B8E42
PUBLIC_RELEASE_ADDITION::audits/PUBLIC_SCIENTIFIC_EQUIVALENCE.tsv	audits/PUBLIC_SCIENTIFIC_EQUIVALENCE.tsv	PROJECT_METADATA_OR_AUDIT_EVIDENCE	Cardozo ketamine historeceptomics public release	2026-08-25	NOT_IN_APPROVED_SOURCE_TREE	KEEP	MIT	NO	Original public-release software, documentation, configuration, or audit evidence	Authored for sanitized public release v0.1.1	82E4E16E8B51B0AC41D9DC74D9FEB315EC1271F24673D1ACC2B449EF4BC4D650
PUBLIC_RELEASE_ADDITION::data/fixtures/README.md	data/fixtures/README.md	SYNTHETIC_PUBLIC_TEST_FIXTURE	Cardozo ketamine historeceptomics public release	2026-08-25	NOT_IN_APPROVED_SOURCE_TREE	KEEP	MIT	NO	Original public-release software, documentation, configuration, or audit evidence	Authored for sanitized public release v0.1.1	7AA50BE55EFE13428C5A3AC3D230081F73AF2457BCDB12E37746A097A9D56D47
PUBLIC_RELEASE_ADDITION::data/fixtures/smoke_activity.csv	data/fixtures/smoke_activity.csv	SYNTHETIC_PUBLIC_TEST_FIXTURE	Cardozo ketamine historeceptomics public release	2026-08-25	NOT_IN_APPROVED_SOURCE_TREE	REPLACE_WITH_SYNTHETIC_FIXTURE	CC-BY-SA-4.0 project data terms	YES	Synthetic non-scientific test data replacing excluded governed inputs	Generated solely for Smoke and unit tests; not a scientific result	1A4626D28FA94564F966DE87156DBEB963389E4AE0878A8E0EF90EC05EAD7519
PUBLIC_RELEASE_ADDITION::data/fixtures/smoke_expression.csv	data/fixtures/smoke_expression.csv	SYNTHETIC_PUBLIC_TEST_FIXTURE	Cardozo ketamine historeceptomics public release	2026-08-25	NOT_IN_APPROVED_SOURCE_TREE	REPLACE_WITH_SYNTHETIC_FIXTURE	CC-BY-SA-4.0 project data terms	YES	Synthetic non-scientific test data replacing excluded governed inputs	Generated solely for Smoke and unit tests; not a scientific result	2C5E60D669BF9270B87775C53578286109FE0C7A0DCB234632BD5FA977503691
PUBLIC_RELEASE_ADDITION::data/fixtures/smoke_profiles.csv	data/fixtures/smoke_profiles.csv	SYNTHETIC_PUBLIC_TEST_FIXTURE	Cardozo ketamine historeceptomics public release	2026-08-25	NOT_IN_APPROVED_SOURCE_TREE	REPLACE_WITH_SYNTHETIC_FIXTURE	CC-BY-SA-4.0 project data terms	YES	Synthetic non-scientific test data replacing excluded governed inputs	Generated solely for Smoke and unit tests; not a scientific result	BD444CBAF7E0E7492EB190806D3A43AA2F16676D4D4E65B1BDACFA093CED6D7F
PUBLIC_RELEASE_ADDITION::docs/CODE_ARCHITECTURE.md	docs/CODE_ARCHITECTURE.md	ORIGINAL_DOCUMENTATION_OR_LICENSE	Cardozo ketamine historeceptomics public release	2026-08-25	NOT_IN_APPROVED_SOURCE_TREE	KEEP	MIT	NO	Original public-release software, documentation, configuration, or audit evidence	Authored for sanitized public release v0.1.1	C51D7A97EF71E3770B78D4DD3159108EAD40C7290F7533F3C3AA6CDE14EA0208
PUBLIC_RELEASE_ADDITION::docs/DEVELOPER_GUIDE.md	docs/DEVELOPER_GUIDE.md	ORIGINAL_DOCUMENTATION_OR_LICENSE	Cardozo ketamine historeceptomics public release	2026-08-25	NOT_IN_APPROVED_SOURCE_TREE	KEEP	MIT	NO	Original public-release software, documentation, configuration, or audit evidence	Authored for sanitized public release v0.1.1	ADCEE2069E9C42C68CE859AE5FABFC6B7A9047639CE5BAA7E9BAA4A6E36E6A3B
PUBLIC_RELEASE_ADDITION::docs/REFERENCES.md	docs/REFERENCES.md	ORIGINAL_DOCUMENTATION_OR_LICENSE	Cardozo ketamine historeceptomics public release	2026-08-25	NOT_IN_APPROVED_SOURCE_TREE	KEEP	MIT	NO	Original public-release software, documentation, configuration, or audit evidence	Authored for sanitized public release v0.1.1	A8DD891B7F80DA84C8F03C87C5C96B112B4817A7D9CA23974D555744B0A0A668
PUBLIC_RELEASE_ADDITION::scripts/audit_code_documentation.py	scripts/audit_code_documentation.py	ORIGINAL_SOFTWARE_OR_TEST	Cardozo ketamine historeceptomics public release	2026-08-25	NOT_IN_APPROVED_SOURCE_TREE	KEEP	MIT	NO	Original public-release software, documentation, configuration, or audit evidence	Authored for sanitized public release v0.1.1	8EAC236EE41DA1350F98C6EDC9D5877B67D416C114D2F584F19267BBD0846B93
PUBLIC_RELEASE_ADDITION::scripts/compare_executable_ast.py	scripts/compare_executable_ast.py	ORIGINAL_SOFTWARE_OR_TEST	Cardozo ketamine historeceptomics public release	2026-08-25	NOT_IN_APPROVED_SOURCE_TREE	KEEP	MIT	NO	Original public-release software, documentation, configuration, or audit evidence	Authored for sanitized public release v0.1.1	B2D8B87978488B651F8289FAB1868E529B0F4CDFAC317D78ACF26AB42D129C6E
