analysis_id,feature_id,representation,target,tissue,PC1_loading,PC2_loading
FAMILY_JOINT_CONTINUOUS_PCA,ACHE|EXACT_SINGLE_PROTEIN|HSAMP_06645e2e8409a5b743985cdd|HUMAN_BIOGPS_GNF1H_GCRMA_77_TISSUE_DDOF1,strict18_common_rhr,ACHE,Wholebrain,0.021683029597258964,0.009015801233303573
FAMILY_JOINT_CONTINUOUS_PCA,ACHE|EXACT_SINGLE_PROTEIN|HSAMP_0cb8b4d1db8c390eeeecca55|HUMAN_BIOGPS_GNF1H_GCRMA_77_TISSUE_DDOF1,strict18_common_rhr,ACHE,Pons,0.02226854453142967,0.009259258276145429
FAMILY_JOINT_CONTINUOUS_PCA,ACHE|EXACT_SINGLE_PROTEIN|HSAMP_13a552b6ffc4aac3b85a50ca|HUMAN_BIOGPS_GNF1H_GCRMA_77_TISSUE_DDOF1,strict18_common_rhr,ACHE,Amygdala,-0.030750475291104216,-0.0127860441185428
FAMILY_JOINT_CONTINUOUS_PCA,ACHE|EXACT_SINGLE_PROTEIN|HSAMP_192dff4b8df5862a227b1163|HUMAN_BIOGPS_GNF1H_GCRMA_77_TISSUE_DDOF1,strict18_common_rhr,ACHE,SubthalamicNucleus,0.02296167268281122,0.00954746088242947
FAMILY_JOINT_CONTINUOUS_PCA,ACHE|EXACT_SINGLE_PROTEIN|HSAMP_20b60708f05d03c76f9fe702|HUMAN_BIOGPS_GNF1H_GCRMA_77_TISSUE_DDOF1,strict18_common_rhr,ACHE,CerebellumPeduncles,-0.02492292596736403,-0.010362949774439727
FAMILY_JOINT_CONTINUOUS_PCA,ACHE|EXACT_SINGLE_PROTEIN|HSAMP_374f872ebf1bbba2be514f9f|HUMAN_BIOGPS_GNF1H_GCRMA_77_TISSUE_DDOF1,strict18_common_rhr,ACHE,GlobusPallidus,0.033988829760517786,0.01413255153754618
FAMILY_JOINT_CONTINUOUS_PCA,ACHE|EXACT_SINGLE_PROTEIN|HSAMP_5c090f15f3e5194312a7e8ed|HUMAN_BIOGPS_GNF1H_GCRMA_77_TISSUE_DDOF1,strict18_common_rhr,ACHE,MedullaOblongata,0.02491742313005843,0.010360661695315779
FAMILY_JOINT_CONTINUOUS_PCA,ACHE|EXACT_SINGLE_PROTEIN|HSAMP_752ebc880edc13bb4e2b2de8|HUMAN_BIOGPS_GNF1H_GCRMA_77_TISSUE_DDOF1,strict18_common_rhr,ACHE,PrefrontalCortex,0.009532283377097198,0.003963522340913709
FAMILY_JOINT_CONTINUOUS_PCA,ACHE|EXACT_SINGLE_PROTEIN|HSAMP_7725bb8a75064c4d7246d9ba|HUMAN_BIOGPS_GNF1H_GCRMA_77_TISSUE_DDOF1,strict18_common_rhr,ACHE,OccipitalLobe,0.026878274807612342,0.01117598359918121
FAMILY_JOINT_CONTINUOUS_PCA,ACHE|EXACT_SINGLE_PROTEIN|HSAMP_8ed020260a1d25cf72324c8a|HUMAN_BIOGPS_GNF1H_GCRMA_77_TISSUE_DDOF1,strict18_common_rhr,ACHE,Hypothalamus,-0.06579754315932863,0.06330071917204656
FAMILY_JOINT_CONTINUOUS_PCA,ACHE|EXACT_SINGLE_PROTEIN|HSAMP_936b77a4b11b5c19027de438|HUMAN_BIOGPS_GNF1H_GCRMA_77_TISSUE_DDOF1,strict18_common_rhr,ACHE,Spinalcord,0.014102032973688486,0.005863623701935746
FAMILY_JOINT_CONTINUOUS_PCA,ACHE|EXACT_SINGLE_PROTEIN|HSAMP_9aa72e4fb1ff63e1792b1ec7|HUMAN_BIOGPS_GNF1H_GCRMA_77_TISSUE_DDOF1,strict18_common_rhr,ACHE,Cerebellum,-0.05497765994971568,0.15603198852703337
FAMILY_JOINT_CONTINUOUS_PCA,ACHE|EXACT_SINGLE_PROTEIN|HSAMP_a32ce488a48b0df9b8c4c40a|HUMAN_BIOGPS_GNF1H_GCRMA_77_TISSUE_DDOF1,strict18_common_rhr,ACHE,Caudatenucleus,-0.007954401892517175,-0.003307439399603642
FAMILY_JOINT_CONTINUOUS_PCA,ACHE|EXACT_SINGLE_PROTEIN|HSAMP_d99ba5ea584363f8600ade55|HUMAN_BIOGPS_GNF1H_GCRMA_77_TISSUE_DDOF1,strict18_common_rhr,ACHE,CingulateCortex,0.01837765226618344,0.007641425716064008
FAMILY_JOINT_CONTINUOUS_PCA,ACHE|EXACT_SINGLE_PROTEIN|HSAMP_e75262fc0acfda69d976a6d3|HUMAN_BIOGPS_GNF1H_GCRMA_77_TISSUE_DDOF1,strict18_common_rhr,ACHE,ParietalLobe,0.016959311958063075,0.007051679977728137
FAMILY_JOINT_CONTINUOUS_PCA,ACHE|EXACT_SINGLE_PROTEIN|HSAMP_eb2587e74e2d6457032d4ae7|HUMAN_BIOGPS_GNF1H_GCRMA_77_TISSUE_DDOF1,strict18_common_rhr,ACHE,TemporalLobe,0.023528807490454093,0.009783275470758194
FAMILY_JOINT_CONTINUOUS_PCA,ACHE|EXACT_SINGLE_PROTEIN|HSAMP_f43595f3557cf05e6a721aeb|HUMAN_BIOGPS_GNF1H_GCRMA_77_TISSUE_DDOF1,strict18_common_rhr,ACHE,Thalamus,-0.002465209185835999,-0.0010250336982805953
FAMILY_JOINT_CONTINUOUS_PCA,ACHE|EXACT_SINGLE_PROTEIN|HSAMP_ff841df7ecd9f2c8ea2660f5|HUMAN_BIOGPS_GNF1H_GCRMA_77_TISSUE_DDOF1,strict18_common_rhr,ACHE,OlfactoryBulb,0.0336181443676477,0.013978420593472584
FAMILY_JOINT_CONTINUOUS_PCA,ADORA1|EXACT_SINGLE_PROTEIN|HSAMP_06645e2e8409a5b743985cdd|HUMAN_BIOGPS_GNF1H_GCRMA_77_TISSUE_DDOF1,strict18_common_rhr,ADORA1,Wholebrain,-0.048743979672894434,0.09549914565120644
FAMILY_JOINT_CONTINUOUS_PCA,ADORA1|EXACT_SINGLE_PROTEIN|HSAMP_13a552b6ffc4aac3b85a50ca|HUMAN_BIOGPS_GNF1H_GCRMA_77_TISSUE_DDOF1,strict18_common_rhr,ADORA1,Amygdala,-0.037447920452175064,0.07336792017385935
FAMILY_JOINT_CONTINUOUS_PCA,ADORA1|EXACT_SINGLE_PROTEIN|HSAMP_752ebc880edc13bb4e2b2de8|HUMAN_BIOGPS_GNF1H_GCRMA_77_TISSUE_DDOF1,strict18_common_rhr,ADORA1,PrefrontalCortex,-0.04121432063243188,0.08074704682311483
FAMILY_JOINT_CONTINUOUS_PCA,ADORA3|EXACT_SINGLE_PROTEIN|HSAMP_06645e2e8409a5b743985cdd|HUMAN_BIOGPS_GNF1H_GCRMA_77_TISSUE_DDOF1,strict18_common_rhr,ADORA3,Wholebrain,0.03375011602150568,0.04875267449594933
FAMILY_JOINT_CONTINUOUS_PCA,ADORA3|EXACT_SINGLE_PROTEIN|HSAMP_0cb8b4d1db8c390eeeecca55|HUMAN_BIOGPS_GNF1H_GCRMA_77_TISSUE_DDOF1,strict18_common_rhr,ADORA3,Pons,0.008568752764329036,0.07053997366369064
FAMILY_JOINT_CONTINUOUS_PCA,ADORA3|EXACT_SINGLE_PROTEIN|HSAMP_13a552b6ffc4aac3b85a50ca|HUMAN_BIOGPS_GNF1H_GCRMA_77_TISSUE_DDOF1,strict18_common_rhr,ADORA3,Amygdala,0.006002210824987906,0.039312606079459925
FAMILY_JOINT_CONTINUOUS_PCA,ADORA3|EXACT_SINGLE_PROTEIN|HSAMP_192dff4b8df5862a227b1163|HUMAN_BIOGPS_GNF1H_GCRMA_77_TISSUE_DDOF1,strict18_common_rhr,ADORA3,SubthalamicNucleus,0.017764398712379195,0.06506858828829894
FAMILY_JOINT_CONTINUOUS_PCA,ADORA3|EXACT_SINGLE_PROTEIN|HSAMP_20b60708f05d03c76f9fe702|HUMAN_BIOGPS_GNF1H_GCRMA_77_TISSUE_DDOF1,strict18_common_rhr,ADORA3,CerebellumPeduncles,-0.005891690054166473,-0.010306665239997844
FAMILY_JOINT_CONTINUOUS_PCA,ADORA3|EXACT_SINGLE_PROTEIN|HSAMP_374f872ebf1bbba2be514f9f|HUMAN_BIOGPS_GNF1H_GCRMA_77_TISSUE_DDOF1,strict18_common_rhr,ADORA3,GlobusPallidus,0.042191136377872654,0.0489378938946128
FAMILY_JOINT_CONTINUOUS_PCA,ADORA3|EXACT_SINGLE_PROTEIN|HSAMP_5c090f15f3e5194312a7e8ed|HUMAN_BIOGPS_GNF1H_GCRMA_77_TISSUE_DDOF1,strict18_common_rhr,ADORA3,MedullaOblongata,0.02186962388598678,0.060106865258964755
FAMILY_JOINT_CONTINUOUS_PCA,ADORA3|EXACT_SINGLE_PROTEIN|HSAMP_752ebc880edc13bb4e2b2de8|HUMAN_BIOGPS_GNF1H_GCRMA_77_TISSUE_DDOF1,strict18_common_rhr,ADORA3,PrefrontalCortex,-0.005891690054166473,-0.010306665239997844
FAMILY_JOINT_CONTINUOUS_PCA,ADORA3|EXACT_SINGLE_PROTEIN|HSAMP_7725bb8a75064c4d7246d9ba|HUMAN_BIOGPS_GNF1H_GCRMA_77_TISSUE_DDOF1,strict18_common_rhr,ADORA3,OccipitalLobe,0.011528332555261069,0.06949343236962299
FAMILY_JOINT_CONTINUOUS_PCA,ADORA3|EXACT_SINGLE_PROTEIN|HSAMP_8ed020260a1d25cf72324c8a|HUMAN_BIOGPS_GNF1H_GCRMA_77_TISSUE_DDOF1,strict18_common_rhr,ADORA3,Hypothalamus,-0.0012174327402335356,-0.0015051724531226682
FAMILY_JOINT_CONTINUOUS_PCA,ADORA3|EXACT_SINGLE_PROTEIN|HSAMP_936b77a4b11b5c19027de438|HUMAN_BIOGPS_GNF1H_GCRMA_77_TISSUE_DDOF1,strict18_common_rhr,ADORA3,Spinalcord,-0.011860008986202533,-0.013854263249689917
FAMILY_JOINT_CONTINUOUS_PCA,ADORA3|EXACT_SINGLE_PROTEIN|HSAMP_9aa72e4fb1ff63e1792b1ec7|HUMAN_BIOGPS_GNF1H_GCRMA_77_TISSUE_DDOF1,strict18_common_rhr,ADORA3,Cerebellum,0.036641094721784236,0.048247676945948885
FAMILY_JOINT_CONTINUOUS_PCA,ADORA3|EXACT_SINGLE_PROTEIN|HSAMP_a32ce488a48b0df9b8c4c40a|HUMAN_BIOGPS_GNF1H_GCRMA_77_TISSUE_DDOF1,strict18_common_rhr,ADORA3,Caudatenucleus,0.011528332555261069,0.06949343236962299
FAMILY_JOINT_CONTINUOUS_PCA,ADORA3|EXACT_SINGLE_PROTEIN|HSAMP_d99ba5ea584363f8600ade55|HUMAN_BIOGPS_GNF1H_GCRMA_77_TISSUE_DDOF1,strict18_common_rhr,ADORA3,CingulateCortex,0.006002210824987906,0.039312606079459925
FAMILY_JOINT_CONTINUOUS_PCA,ADORA3|EXACT_SINGLE_PROTEIN|HSAMP_e75262fc0acfda69d976a6d3|HUMAN_BIOGPS_GNF1H_GCRMA_77_TISSUE_DDOF1,strict18_common_rhr,ADORA3,ParietalLobe,0.012956174952332037,0.011230220138304901
FAMILY_JOINT_CONTINUOUS_PCA,ADORA3|EXACT_SINGLE_PROTEIN|HSAMP_eb2587e74e2d6457032d4ae7|HUMAN_BIOGPS_GNF1H_GCRMA_77_TISSUE_DDOF1,strict18_common_rhr,ADORA3,TemporalLobe,0.02186962388598678,0.060106865258964755
FAMILY_JOINT_CONTINUOUS_PCA,ADORA3|EXACT_SINGLE_PROTEIN|HSAMP_f43595f3557cf05e6a721aeb|HUMAN_BIOGPS_GNF1H_GCRMA_77_TISSUE_DDOF1,strict18_common_rhr,ADORA3,Thalamus,0.009675072726674654,0.024359988258114543
FAMILY_JOINT_CONTINUOUS_PCA,ADORA3|EXACT_SINGLE_PROTEIN|HSAMP_ff841df7ecd9f2c8ea2660f5|HUMAN_BIOGPS_GNF1H_GCRMA_77_TISSUE_DDOF1,strict18_common_rhr,ADORA3,OlfactoryBulb,-0.007509919608759401,-0.01000586164875056
FAMILY_JOINT_CONTINUOUS_PCA,ADRA2A|EXACT_SINGLE_PROTEIN|HSAMP_06645e2e8409a5b743985cdd|HUMAN_BIOGPS_GNF1H_GCRMA_77_TISSUE_DDOF1,strict18_common_rhr,ADRA2A,Wholebrain,-0.025341218604766756,-0.05247307669951095
FAMILY_JOINT_CONTINUOUS_PCA,ADRA2A|EXACT_SINGLE_PROTEIN|HSAMP_0cb8b4d1db8c390eeeecca55|HUMAN_BIOGPS_GNF1H_GCRMA_77_TISSUE_DDOF1,strict18_common_rhr,ADRA2A,Pons,0.026775827137725205,0.059310379788865435
FAMILY_JOINT_CONTINUOUS_PCA,ADRA2A|EXACT_SINGLE_PROTEIN|HSAMP_13a552b6ffc4aac3b85a50ca|HUMAN_BIOGPS_GNF1H_GCRMA_77_TISSUE_DDOF1,strict18_common_rhr,ADRA2A,Amygdala,-0.0024733744560904982,-0.007840770000466594
FAMILY_JOINT_CONTINUOUS_PCA,ADRA2A|EXACT_SINGLE_PROTEIN|HSAMP_192dff4b8df5862a227b1163|HUMAN_BIOGPS_GNF1H_GCRMA_77_TISSUE_DDOF1,strict18_common_rhr,ADRA2A,SubthalamicNucleus,0.037217190007562115,0.048615196510087944
FAMILY_JOINT_CONTINUOUS_PCA,ADRA2A|EXACT_SINGLE_PROTEIN|HSAMP_20b60708f05d03c76f9fe702|HUMAN_BIOGPS_GNF1H_GCRMA_77_TISSUE_DDOF1,strict18_common_rhr,ADRA2A,CerebellumPeduncles,-0.0034425918235202247,-0.009020227138995375
FAMILY_JOINT_CONTINUOUS_PCA,ADRA2A|EXACT_SINGLE_PROTEIN|HSAMP_374f872ebf1bbba2be514f9f|HUMAN_BIOGPS_GNF1H_GCRMA_77_TISSUE_DDOF1,strict18_common_rhr,ADRA2A,GlobusPallidus,0.05776507443586376,0.052717425264006475
FAMILY_JOINT_CONTINUOUS_PCA,ADRA2A|EXACT_SINGLE_PROTEIN|HSAMP_5c090f15f3e5194312a7e8ed|HUMAN_BIOGPS_GNF1H_GCRMA_77_TISSUE_DDOF1,strict18_common_rhr,ADRA2A,MedullaOblongata,0.03934996257790734,0.047881945933874286
FAMILY_JOINT_CONTINUOUS_PCA,ADRA2A|EXACT_SINGLE_PROTEIN|HSAMP_752ebc880edc13bb4e2b2de8|HUMAN_BIOGPS_GNF1H_GCRMA_77_TISSUE_DDOF1,strict18_common_rhr,ADRA2A,PrefrontalCortex,-0.006517181696052072,-0.010036652327047731
FAMILY_JOINT_CONTINUOUS_PCA,ADRA2A|EXACT_SINGLE_PROTEIN|HSAMP_7725bb8a75064c4d7246d9ba|HUMAN_BIOGPS_GNF1H_GCRMA_77_TISSUE_DDOF1,strict18_common_rhr,ADRA2A,OccipitalLobe,0.037217190007562115,0.048615196510087944
FAMILY_JOINT_CONTINUOUS_PCA,ADRA2A|EXACT_SINGLE_PROTEIN|HSAMP_8ed020260a1d25cf72324c8a|HUMAN_BIOGPS_GNF1H_GCRMA_77_TISSUE_DDOF1,strict18_common_rhr,ADRA2A,Hypothalamus,0.010416949201352372,0.008853566826490083
FAMILY_JOINT_CONTINUOUS_PCA,ADRA2A|EXACT_SINGLE_PROTEIN|HSAMP_936b77a4b11b5c19027de438|HUMAN_BIOGPS_GNF1H_GCRMA_77_TISSUE_DDOF1,strict18_common_rhr,ADRA2A,Spinalcord,0.005140004799795144,0.059247401223452095
FAMILY_JOINT_CONTINUOUS_PCA,ADRA2A|EXACT_SINGLE_PROTEIN|HSAMP_9aa72e4fb1ff63e1792b1ec7|HUMAN_BIOGPS_GNF1H_GCRMA_77_TISSUE_DDOF1,strict18_common_rhr,ADRA2A,Cerebellum,0.043547993464550634,0.04853907958731026
FAMILY_JOINT_CONTINUOUS_PCA,ADRA2A|EXACT_SINGLE_PROTEIN|HSAMP_a32ce488a48b0df9b8c4c40a|HUMAN_BIOGPS_GNF1H_GCRMA_77_TISSUE_DDOF1,strict18_common_rhr,ADRA2A,Caudatenucleus,0.0403093262277704,0.047787215200225955
FAMILY_JOINT_CONTINUOUS_PCA,ADRA2A|EXACT_SINGLE_PROTEIN|HSAMP_d99ba5ea584363f8600ade55|HUMAN_BIOGPS_GNF1H_GCRMA_77_TISSUE_DDOF1,strict18_common_rhr,ADRA2A,CingulateCortex,0.012178654970399619,0.07019239509376056
FAMILY_JOINT_CONTINUOUS_PCA,ADRA2A|EXACT_SINGLE_PROTEIN|HSAMP_e75262fc0acfda69d976a6d3|HUMAN_BIOGPS_GNF1H_GCRMA_77_TISSUE_DDOF1,strict18_common_rhr,ADRA2A,ParietalLobe,0.005948832262058425,0.042870104447127334
FAMILY_JOINT_CONTINUOUS_PCA,ADRA2A|EXACT_SINGLE_PROTEIN|HSAMP_eb2587e74e2d6457032d4ae7|HUMAN_BIOGPS_GNF1H_GCRMA_77_TISSUE_DDOF1,strict18_common_rhr,ADRA2A,TemporalLobe,0.03200335669495855,0.05493529338332441
FAMILY_JOINT_CONTINUOUS_PCA,ADRA2A|EXACT_SINGLE_PROTEIN|HSAMP_f43595f3557cf05e6a721aeb|HUMAN_BIOGPS_GNF1H_GCRMA_77_TISSUE_DDOF1,strict18_common_rhr,ADRA2A,Thalamus,0.012178654970399619,0.07019239509376056
FAMILY_JOINT_CONTINUOUS_PCA,ADRA2A|EXACT_SINGLE_PROTEIN|HSAMP_ff841df7ecd9f2c8ea2660f5|HUMAN_BIOGPS_GNF1H_GCRMA_77_TISSUE_DDOF1,strict18_common_rhr,ADRA2A,OlfactoryBulb,0.05277464021013362,0.05080229387195503
FAMILY_JOINT_CONTINUOUS_PCA,ADRA2B|EXACT_SINGLE_PROTEIN|HSAMP_06645e2e8409a5b743985cdd|HUMAN_BIOGPS_GNF1H_GCRMA_77_TISSUE_DDOF1,strict18_common_rhr,ADRA2B,Wholebrain,0.06096375189477039,0.02534872108412079
FAMILY_JOINT_CONTINUOUS_PCA,ADRA2B|EXACT_SINGLE_PROTEIN|HSAMP_0cb8b4d1db8c390eeeecca55|HUMAN_BIOGPS_GNF1H_GCRMA_77_TISSUE_DDOF1,strict18_common_rhr,ADRA2B,Pons,0.021485262808696125,0.008933569825176589
FAMILY_JOINT_CONTINUOUS_PCA,ADRA2B|EXACT_SINGLE_PROTEIN|HSAMP_13a552b6ffc4aac3b85a50ca|HUMAN_BIOGPS_GNF1H_GCRMA_77_TISSUE_DDOF1,strict18_common_rhr,ADRA2B,Amygdala,-0.014041630012550035,-0.005838508157584135
FAMILY_JOINT_CONTINUOUS_PCA,ADRA2B|EXACT_SINGLE_PROTEIN|HSAMP_192dff4b8df5862a227b1163|HUMAN_BIOGPS_GNF1H_GCRMA_77_TISSUE_DDOF1,strict18_common_rhr,ADRA2B,SubthalamicNucleus,0.03967779079956929,0.016498020888682425
FAMILY_JOINT_CONTINUOUS_PCA,ADRA2B|EXACT_SINGLE_PROTEIN|HSAMP_20b60708f05d03c76f9fe702|HUMAN_BIOGPS_GNF1H_GCRMA_77_TISSUE_DDOF1,strict18_common_rhr,ADRA2B,CerebellumPeduncles,-0.024539135585363483,-0.010203369777380062
FAMILY_JOINT_CONTINUOUS_PCA,ADRA2B|EXACT_SINGLE_PROTEIN|HSAMP_374f872ebf1bbba2be514f9f|HUMAN_BIOGPS_GNF1H_GCRMA_77_TISSUE_DDOF1,strict18_common_rhr,ADRA2B,GlobusPallidus,0.09066774572203747,0.037699638329363655
FAMILY_JOINT_CONTINUOUS_PCA,ADRA2B|EXACT_SINGLE_PROTEIN|HSAMP_5c090f15f3e5194312a7e8ed|HUMAN_BIOGPS_GNF1H_GCRMA_77_TISSUE_DDOF1,strict18_common_rhr,ADRA2B,MedullaOblongata,0.03967779079956929,0.016498020888682425
FAMILY_JOINT_CONTINUOUS_PCA,ADRA2B|EXACT_SINGLE_PROTEIN|HSAMP_752ebc880edc13bb4e2b2de8|HUMAN_BIOGPS_GNF1H_GCRMA_77_TISSUE_DDOF1,strict18_common_rhr,ADRA2B,PrefrontalCortex,-0.0394294814165973,-0.016394773875565576
FAMILY_JOINT_CONTINUOUS_PCA,ADRA2B|EXACT_SINGLE_PROTEIN|HSAMP_7725bb8a75064c4d7246d9ba|HUMAN_BIOGPS_GNF1H_GCRMA_77_TISSUE_DDOF1,strict18_common_rhr,ADRA2B,OccipitalLobe,0.043717363351564315,0.01817767469503516
FAMILY_JOINT_CONTINUOUS_PCA,ADRA2B|EXACT_SINGLE_PROTEIN|HSAMP_8ed020260a1d25cf72324c8a|HUMAN_BIOGPS_GNF1H_GCRMA_77_TISSUE_DDOF1,strict18_common_rhr,ADRA2B,Hypothalamus,-0.01932817449747002,-0.008036652751413178
FAMILY_JOINT_CONTINUOUS_PCA,ADRA2B|EXACT_SINGLE_PROTEIN|HSAMP_936b77a4b11b5c19027de438|HUMAN_BIOGPS_GNF1H_GCRMA_77_TISSUE_DDOF1,strict18_common_rhr,ADRA2B,Spinalcord,-0.01779731484297145,-0.007400121481687773
FAMILY_JOINT_CONTINUOUS_PCA,ADRA2B|EXACT_SINGLE_PROTEIN|HSAMP_9aa72e4fb1ff63e1792b1ec7|HUMAN_BIOGPS_GNF1H_GCRMA_77_TISSUE_DDOF1,strict18_common_rhr,ADRA2B,Cerebellum,0.07095099225225446,0.029501414485586016
FAMILY_JOINT_CONTINUOUS_PCA,ADRA2B|EXACT_SINGLE_PROTEIN|HSAMP_a32ce488a48b0df9b8c4c40a|HUMAN_BIOGPS_GNF1H_GCRMA_77_TISSUE_DDOF1,strict18_common_rhr,ADRA2B,Caudatenucleus,0.043717363351564315,0.01817767469503516
FAMILY_JOINT_CONTINUOUS_PCA,ADRA2B|EXACT_SINGLE_PROTEIN|HSAMP_d99ba5ea584363f8600ade55|HUMAN_BIOGPS_GNF1H_GCRMA_77_TISSUE_DDOF1,strict18_common_rhr,ADRA2B,CingulateCortex,-0.009002961618491121,-0.003743430414061388
FAMILY_JOINT_CONTINUOUS_PCA,ADRA2B|EXACT_SINGLE_PROTEIN|HSAMP_e75262fc0acfda69d976a6d3|HUMAN_BIOGPS_GNF1H_GCRMA_77_TISSUE_DDOF1,strict18_common_rhr,ADRA2B,ParietalLobe,-0.014041630012550035,-0.005838508157584135
FAMILY_JOINT_CONTINUOUS_PCA,ADRA2B|EXACT_SINGLE_PROTEIN|HSAMP_eb2587e74e2d6457032d4ae7|HUMAN_BIOGPS_GNF1H_GCRMA_77_TISSUE_DDOF1,strict18_common_rhr,ADRA2B,TemporalLobe,0.03967779079956929,0.016498020888682425
FAMILY_JOINT_CONTINUOUS_PCA,ADRA2B|EXACT_SINGLE_PROTEIN|HSAMP_f43595f3557cf05e6a721aeb|HUMAN_BIOGPS_GNF1H_GCRMA_77_TISSUE_DDOF1,strict18_common_rhr,ADRA2B,Thalamus,-0.004678577592454674,-0.0019453520292889279
FAMILY_JOINT_CONTINUOUS_PCA,ADRA2B|EXACT_SINGLE_PROTEIN|HSAMP_ff841df7ecd9f2c8ea2660f5|HUMAN_BIOGPS_GNF1H_GCRMA_77_TISSUE_DDOF1,strict18_common_rhr,ADRA2B,OlfactoryBulb,0.07535268997593147,0.03133163989701847
FAMILY_JOINT_CONTINUOUS_PCA,ADRA2C|EXACT_SINGLE_PROTEIN|HSAMP_06645e2e8409a5b743985cdd|HUMAN_BIOGPS_GNF1H_GCRMA_77_TISSUE_DDOF1,strict18_common_rhr,ADRA2C,Wholebrain,0.058282270826371704,0.024233761561739366
FAMILY_JOINT_CONTINUOUS_PCA,ADRA2C|EXACT_SINGLE_PROTEIN|HSAMP_0cb8b4d1db8c390eeeecca55|HUMAN_BIOGPS_GNF1H_GCRMA_77_TISSUE_DDOF1,strict18_common_rhr,ADRA2C,Pons,-0.027539727418861057,-0.011451015519491152
FAMILY_JOINT_CONTINUOUS_PCA,ADRA2C|EXACT_SINGLE_PROTEIN|HSAMP_13a552b6ffc4aac3b85a50ca|HUMAN_BIOGPS_GNF1H_GCRMA_77_TISSUE_DDOF1,strict18_common_rhr,ADRA2C,Amygdala,0.0023800922570215337,0.0009896420889884412
FAMILY_JOINT_CONTINUOUS_PCA,ADRA2C|EXACT_SINGLE_PROTEIN|HSAMP_192dff4b8df5862a227b1163|HUMAN_BIOGPS_GNF1H_GCRMA_77_TISSUE_DDOF1,strict18_common_rhr,ADRA2C,SubthalamicNucleus,0.03929823779519985,0.016340202792758704
FAMILY_JOINT_CONTINUOUS_PCA,ADRA2C|EXACT_SINGLE_PROTEIN|HSAMP_20b60708f05d03c76f9fe702|HUMAN_BIOGPS_GNF1H_GCRMA_77_TISSUE_DDOF1,strict18_common_rhr,ADRA2C,CerebellumPeduncles,-0.029997267471739107,-0.012472860393162784
FAMILY_JOINT_CONTINUOUS_PCA,ADRA2C|EXACT_SINGLE_PROTEIN|HSAMP_374f872ebf1bbba2be514f9f|HUMAN_BIOGPS_GNF1H_GCRMA_77_TISSUE_DDOF1,strict18_common_rhr,ADRA2C,GlobusPallidus,-0.017505382920329465,-0.007278736221551875
FAMILY_JOINT_CONTINUOUS_PCA,ADRA2C|EXACT_SINGLE_PROTEIN|HSAMP_5c090f15f3e5194312a7e8ed|HUMAN_BIOGPS_GNF1H_GCRMA_77_TISSUE_DDOF1,strict18_common_rhr,ADRA2C,MedullaOblongata,0.03762656812158988,0.01564512273314776
FAMILY_JOINT_CONTINUOUS_PCA,ADRA2C|EXACT_SINGLE_PROTEIN|HSAMP_752ebc880edc13bb4e2b2de8|HUMAN_BIOGPS_GNF1H_GCRMA_77_TISSUE_DDOF1,strict18_common_rhr,ADRA2C,PrefrontalCortex,-0.016612547082780434,-0.006907495182138844
FAMILY_JOINT_CONTINUOUS_PCA,ADRA2C|EXACT_SINGLE_PROTEIN|HSAMP_7725bb8a75064c4d7246d9ba|HUMAN_BIOGPS_GNF1H_GCRMA_77_TISSUE_DDOF1,strict18_common_rhr,ADRA2C,OccipitalLobe,0.03388066620659528,0.014087577144162847
FAMILY_JOINT_CONTINUOUS_PCA,ADRA2C|EXACT_SINGLE_PROTEIN|HSAMP_8ed020260a1d25cf72324c8a|HUMAN_BIOGPS_GNF1H_GCRMA_77_TISSUE_DDOF1,strict18_common_rhr,ADRA2C,Hypothalamus,0.025417622619414763,0.01056864458593557
FAMILY_JOINT_CONTINUOUS_PCA,ADRA2C|EXACT_SINGLE_PROTEIN|HSAMP_936b77a4b11b5c19027de438|HUMAN_BIOGPS_GNF1H_GCRMA_77_TISSUE_DDOF1,strict18_common_rhr,ADRA2C,Spinalcord,0.013506796221157113,0.005616124328127912
FAMILY_JOINT_CONTINUOUS_PCA,ADRA2C|EXACT_SINGLE_PROTEIN|HSAMP_9aa72e4fb1ff63e1792b1ec7|HUMAN_BIOGPS_GNF1H_GCRMA_77_TISSUE_DDOF1,strict18_common_rhr,ADRA2C,Cerebellum,0.05672858421807242,0.023587738847226817
FAMILY_JOINT_CONTINUOUS_PCA,ADRA2C|EXACT_SINGLE_PROTEIN|HSAMP_a32ce488a48b0df9b8c4c40a|HUMAN_BIOGPS_GNF1H_GCRMA_77_TISSUE_DDOF1,strict18_common_rhr,ADRA2C,Caudatenucleus,-0.02971244436151348,-0.012354430976418737
FAMILY_JOINT_CONTINUOUS_PCA,ADRA2C|EXACT_SINGLE_PROTEIN|HSAMP_d99ba5ea584363f8600ade55|HUMAN_BIOGPS_GNF1H_GCRMA_77_TISSUE_DDOF1,strict18_common_rhr,ADRA2C,CingulateCortex,-0.01923287424982077,-0.007997026919311175
FAMILY_JOINT_CONTINUOUS_PCA,ADRA2C|EXACT_SINGLE_PROTEIN|HSAMP_e75262fc0acfda69d976a6d3|HUMAN_BIOGPS_GNF1H_GCRMA_77_TISSUE_DDOF1,strict18_common_rhr,ADRA2C,ParietalLobe,0.013472084622985563,0.005601691249567331
FAMILY_JOINT_CONTINUOUS_PCA,ADRA2C|EXACT_SINGLE_PROTEIN|HSAMP_eb2587e74e2d6457032d4ae7|HUMAN_BIOGPS_GNF1H_GCRMA_77_TISSUE_DDOF1,strict18_common_rhr,ADRA2C,TemporalLobe,0.01659564759059047,0.006900468375213782
FAMILY_JOINT_CONTINUOUS_PCA,ADRA2C|EXACT_SINGLE_PROTEIN|HSAMP_f43595f3557cf05e6a721aeb|HUMAN_BIOGPS_GNF1H_GCRMA_77_TISSUE_DDOF1,strict18_common_rhr,ADRA2C,Thalamus,-0.014132316521334284,-0.005876215597592537
FAMILY_JOINT_CONTINUOUS_PCA,ADRA2C|EXACT_SINGLE_PROTEIN|HSAMP_ff841df7ecd9f2c8ea2660f5|HUMAN_BIOGPS_GNF1H_GCRMA_77_TISSUE_DDOF1,strict18_common_rhr,ADRA2C,OlfactoryBulb,0.059717494760663986,0.02483052750991164
FAMILY_JOINT_CONTINUOUS_PCA,ADRB1|EXACT_SINGLE_PROTEIN|HSAMP_06645e2e8409a5b743985cdd|HUMAN_BIOGPS_GNF1H_GCRMA_77_TISSUE_DDOF1,strict18_common_rhr,ADRB1,Wholebrain,0.04534111052141709,0.018852828583050044
FAMILY_JOINT_CONTINUOUS_PCA,ADRB1|EXACT_SINGLE_PROTEIN|HSAMP_0cb8b4d1db8c390eeeecca55|HUMAN_BIOGPS_GNF1H_GCRMA_77_TISSUE_DDOF1,strict18_common_rhr,ADRB1,Pons,0.008789789101848727,0.003654793305956599
FAMILY_JOINT_CONTINUOUS_PCA,ADRB1|EXACT_SINGLE_PROTEIN|HSAMP_13a552b6ffc4aac3b85a50ca|HUMAN_BIOGPS_GNF1H_GCRMA_77_TISSUE_DDOF1,strict18_common_rhr,ADRB1,Amygdala,0.01684373805629093,0.007003624362554057
FAMILY_JOINT_CONTINUOUS_PCA,ADRB1|EXACT_SINGLE_PROTEIN|HSAMP_192dff4b8df5862a227b1163|HUMAN_BIOGPS_GNF1H_GCRMA_77_TISSUE_DDOF1,strict18_common_rhr,ADRB1,SubthalamicNucleus,-0.004205677835811562,-0.00174872036441691
FAMILY_JOINT_CONTINUOUS_PCA,ADRB1|EXACT_SINGLE_PROTEIN|HSAMP_20b60708f05d03c76f9fe702|HUMAN_BIOGPS_GNF1H_GCRMA_77_TISSUE_DDOF1,strict18_common_rhr,ADRB1,CerebellumPeduncles,-0.011483400495877432,-0.004774796616351542
FAMILY_JOINT_CONTINUOUS_PCA,ADRB1|EXACT_SINGLE_PROTEIN|HSAMP_374f872ebf1bbba2be514f9f|HUMAN_BIOGPS_GNF1H_GCRMA_77_TISSUE_DDOF1,strict18_common_rhr,ADRB1,GlobusPallidus,0.03387792122157895,0.014086435779706157
FAMILY_JOINT_CONTINUOUS_PCA,ADRB1|EXACT_SINGLE_PROTEIN|HSAMP_5c090f15f3e5194312a7e8ed|HUMAN_BIOGPS_GNF1H_GCRMA_77_TISSUE_DDOF1,strict18_common_rhr,ADRB1,MedullaOblongata,0.03462056523097079,0.014395227074102873
FAMILY_JOINT_CONTINUOUS_PCA,ADRB1|EXACT_SINGLE_PROTEIN|HSAMP_752ebc880edc13bb4e2b2de8|HUMAN_BIOGPS_GNF1H_GCRMA_77_TISSUE_DDOF1,strict18_common_rhr,ADRB1,PrefrontalCortex,-0.003529831884352769,-0.0014677036948897227
FAMILY_JOINT_CONTINUOUS_PCA,ADRB1|EXACT_SINGLE_PROTEIN|HSAMP_7725bb8a75064c4d7246d9ba|HUMAN_BIOGPS_GNF1H_GCRMA_77_TISSUE_DDOF1,strict18_common_rhr,ADRB1,OccipitalLobe,0.03755637994521778,0.01561593849741816
FAMILY_JOINT_CONTINUOUS_PCA,ADRB1|EXACT_SINGLE_PROTEIN|HSAMP_8ed020260a1d25cf72324c8a|HUMAN_BIOGPS_GNF1H_GCRMA_77_TISSUE_DDOF1,strict18_common_rhr,ADRB1,Hypothalamus,0.013941963964977707,0.005797067026371804
FAMILY_JOINT_CONTINUOUS_PCA,ADRB1|EXACT_SINGLE_PROTEIN|HSAMP_936b77a4b11b5c19027de438|HUMAN_BIOGPS_GNF1H_GCRMA_77_TISSUE_DDOF1,strict18_common_rhr,ADRB1,Spinalcord,0.013941963964977707,0.005797067026371804
FAMILY_JOINT_CONTINUOUS_PCA,ADRB1|EXACT_SINGLE_PROTEIN|HSAMP_9aa72e4fb1ff63e1792b1ec7|HUMAN_BIOGPS_GNF1H_GCRMA_77_TISSUE_DDOF1,strict18_common_rhr,ADRB1,Cerebellum,0.0443996215908543,0.018461357593111304
FAMILY_JOINT_CONTINUOUS_PCA,ADRB1|EXACT_SINGLE_PROTEIN|HSAMP_a32ce488a48b0df9b8c4c40a|HUMAN_BIOGPS_GNF1H_GCRMA_77_TISSUE_DDOF1,strict18_common_rhr,ADRB1,Caudatenucleus,0.03755637994521778,0.01561593849741816
FAMILY_JOINT_CONTINUOUS_PCA,ADRB1|EXACT_SINGLE_PROTEIN|HSAMP_d99ba5ea584363f8600ade55|HUMAN_BIOGPS_GNF1H_GCRMA_77_TISSUE_DDOF1,strict18_common_rhr,ADRB1,CingulateCortex,-0.007397992220190333,-0.003076084321316209
FAMILY_JOINT_CONTINUOUS_PCA,ADRB1|EXACT_SINGLE_PROTEIN|HSAMP_e75262fc0acfda69d976a6d3|HUMAN_BIOGPS_GNF1H_GCRMA_77_TISSUE_DDOF1,strict18_common_rhr,ADRB1,ParietalLobe,-0.016617865159336127,-0.006909706437763717
FAMILY_JOINT_CONTINUOUS_PCA,ADRB1|EXACT_SINGLE_PROTEIN|HSAMP_eb2587e74e2d6457032d4ae7|HUMAN_BIOGPS_GNF1H_GCRMA_77_TISSUE_DDOF1,strict18_common_rhr,ADRB1,TemporalLobe,0.02856894869446566,0.011878965608491204
FAMILY_JOINT_CONTINUOUS_PCA,ADRB1|EXACT_SINGLE_PROTEIN|HSAMP_f43595f3557cf05e6a721aeb|HUMAN_BIOGPS_GNF1H_GCRMA_77_TISSUE_DDOF1,strict18_common_rhr,ADRB1,Thalamus,0.013436642235425202,0.005586954308862413
FAMILY_JOINT_CONTINUOUS_PCA,ADRB1|EXACT_SINGLE_PROTEIN|HSAMP_ff841df7ecd9f2c8ea2660f5|HUMAN_BIOGPS_GNF1H_GCRMA_77_TISSUE_DDOF1,strict18_common_rhr,ADRB1,OlfactoryBulb,0.049923084970732216,0.020758013036440377
FAMILY_JOINT_CONTINUOUS_PCA,ADRB2|EXACT_SINGLE_PROTEIN|HSAMP_06645e2e8409a5b743985cdd|HUMAN_BIOGPS_GNF1H_GCRMA_77_TISSUE_DDOF1,strict18_common_rhr,ADRB2,Wholebrain,0.023263383925153182,0.009672912382581146
FAMILY_JOINT_CONTINUOUS_PCA,ADRB2|EXACT_SINGLE_PROTEIN|HSAMP_0cb8b4d1db8c390eeeecca55|HUMAN_BIOGPS_GNF1H_GCRMA_77_TISSUE_DDOF1,strict18_common_rhr,ADRB2,Pons,0.02161190388415588,0.008986227169907686
FAMILY_JOINT_CONTINUOUS_PCA,ADRB2|EXACT_SINGLE_PROTEIN|HSAMP_13a552b6ffc4aac3b85a50ca|HUMAN_BIOGPS_GNF1H_GCRMA_77_TISSUE_DDOF1,strict18_common_rhr,ADRB2,Amygdala,0.020971426435650958,0.008719916719874224
FAMILY_JOINT_CONTINUOUS_PCA,ADRB2|EXACT_SINGLE_PROTEIN|HSAMP_192dff4b8df5862a227b1163|HUMAN_BIOGPS_GNF1H_GCRMA_77_TISSUE_DDOF1,strict18_common_rhr,ADRB2,SubthalamicNucleus,0.02282886445100601,0.009492239234793417
FAMILY_JOINT_CONTINUOUS_PCA,ADRB2|EXACT_SINGLE_PROTEIN|HSAMP_20b60708f05d03c76f9fe702|HUMAN_BIOGPS_GNF1H_GCRMA_77_TISSUE_DDOF1,strict18_common_rhr,ADRB2,CerebellumPeduncles,0.020055546530601875,0.00833909395982307
FAMILY_JOINT_CONTINUOUS_PCA,ADRB2|EXACT_SINGLE_PROTEIN|HSAMP_374f872ebf1bbba2be514f9f|HUMAN_BIOGPS_GNF1H_GCRMA_77_TISSUE_DDOF1,strict18_common_rhr,ADRB2,GlobusPallidus,0.024339807404249684,0.010120489142409064
FAMILY_JOINT_CONTINUOUS_PCA,ADRB2|EXACT_SINGLE_PROTEIN|HSAMP_5c090f15f3e5194312a7e8ed|HUMAN_BIOGPS_GNF1H_GCRMA_77_TISSUE_DDOF1,strict18_common_rhr,ADRB2,MedullaOblongata,0.022119238601813605,0.009197176887641462
FAMILY_JOINT_CONTINUOUS_PCA,ADRB2|EXACT_SINGLE_PROTEIN|HSAMP_752ebc880edc13bb4e2b2de8|HUMAN_BIOGPS_GNF1H_GCRMA_77_TISSUE_DDOF1,strict18_common_rhr,ADRB2,PrefrontalCortex,0.018558751566712724,0.0077167267845673635
FAMILY_JOINT_CONTINUOUS_PCA,ADRB2|EXACT_SINGLE_PROTEIN|HSAMP_7725bb8a75064c4d7246d9ba|HUMAN_BIOGPS_GNF1H_GCRMA_77_TISSUE_DDOF1,strict18_common_rhr,ADRB2,OccipitalLobe,0.022912346449716597,0.009526951040335088
FAMILY_JOINT_CONTINUOUS_PCA,ADRB2|EXACT_SINGLE_PROTEIN|HSAMP_8ed020260a1d25cf72324c8a|HUMAN_BIOGPS_GNF1H_GCRMA_77_TISSUE_DDOF1,strict18_common_rhr,ADRB2,Hypothalamus,0.02094911929301923,0.008710641412512427
FAMILY_JOINT_CONTINUOUS_PCA,ADRB2|EXACT_SINGLE_PROTEIN|HSAMP_936b77a4b11b5c19027de438|HUMAN_BIOGPS_GNF1H_GCRMA_77_TISSUE_DDOF1,strict18_common_rhr,ADRB2,Spinalcord,0.020749406765973703,0.00862760096654674
FAMILY_JOINT_CONTINUOUS_PCA,ADRB2|EXACT_SINGLE_PROTEIN|HSAMP_9aa72e4fb1ff63e1792b1ec7|HUMAN_BIOGPS_GNF1H_GCRMA_77_TISSUE_DDOF1,strict18_common_rhr,ADRB2,Cerebellum,0.023898224345766536,0.009936878957060195
FAMILY_JOINT_CONTINUOUS_PCA,ADRB2|EXACT_SINGLE_PROTEIN|HSAMP_a32ce488a48b0df9b8c4c40a|HUMAN_BIOGPS_GNF1H_GCRMA_77_TISSUE_DDOF1,strict18_common_rhr,ADRB2,Caudatenucleus,0.022912346449716597,0.009526951040335088
FAMILY_JOINT_CONTINUOUS_PCA,ADRB2|EXACT_SINGLE_PROTEIN|HSAMP_d99ba5ea584363f8600ade55|HUMAN_BIOGPS_GNF1H_GCRMA_77_TISSUE_DDOF1,strict18_common_rhr,ADRB2,CingulateCortex,0.021579160952147142,0.008972612662513191
FAMILY_JOINT_CONTINUOUS_PCA,ADRB2|EXACT_SINGLE_PROTEIN|HSAMP_e75262fc0acfda69d976a6d3|HUMAN_BIOGPS_GNF1H_GCRMA_77_TISSUE_DDOF1,strict18_common_rhr,ADRB2,ParietalLobe,0.020749406765973703,0.00862760096654674
FAMILY_JOINT_CONTINUOUS_PCA,ADRB2|EXACT_SINGLE_PROTEIN|HSAMP_eb2587e74e2d6457032d4ae7|HUMAN_BIOGPS_GNF1H_GCRMA_77_TISSUE_DDOF1,strict18_common_rhr,ADRB2,TemporalLobe,0.02282886445100601,0.009492239234793417
FAMILY_JOINT_CONTINUOUS_PCA,ADRB2|EXACT_SINGLE_PROTEIN|HSAMP_f43595f3557cf05e6a721aeb|HUMAN_BIOGPS_GNF1H_GCRMA_77_TISSUE_DDOF1,strict18_common_rhr,ADRB2,Thalamus,0.021579160952147142,0.008972612662513191
FAMILY_JOINT_CONTINUOUS_PCA,ADRB2|EXACT_SINGLE_PROTEIN|HSAMP_ff841df7ecd9f2c8ea2660f5|HUMAN_BIOGPS_GNF1H_GCRMA_77_TISSUE_DDOF1,strict18_common_rhr,ADRB2,OlfactoryBulb,0.02288121733459716,0.009514007557819084
FAMILY_JOINT_CONTINUOUS_PCA,AR|EXACT_SINGLE_PROTEIN|HSAMP_06645e2e8409a5b743985cdd|HUMAN_BIOGPS_GNF1H_GCRMA_77_TISSUE_DDOF1,strict18_common_rhr,AR,Wholebrain,0.03066556962204576,0.020995287060612048
FAMILY_JOINT_CONTINUOUS_PCA,AR|EXACT_SINGLE_PROTEIN|HSAMP_0cb8b4d1db8c390eeeecca55|HUMAN_BIOGPS_GNF1H_GCRMA_77_TISSUE_DDOF1,strict18_common_rhr,AR,Pons,0.02361378676774168,0.0074921806351025255
FAMILY_JOINT_CONTINUOUS_PCA,AR|EXACT_SINGLE_PROTEIN|HSAMP_13a552b6ffc4aac3b85a50ca|HUMAN_BIOGPS_GNF1H_GCRMA_77_TISSUE_DDOF1,strict18_common_rhr,AR,Amygdala,0.018909016392581465,0.0015486506187838986
FAMILY_JOINT_CONTINUOUS_PCA,AR|EXACT_SINGLE_PROTEIN|HSAMP_192dff4b8df5862a227b1163|HUMAN_BIOGPS_GNF1H_GCRMA_77_TISSUE_DDOF1,strict18_common_rhr,AR,SubthalamicNucleus,0.02601070261126549,0.015266619367865997
FAMILY_JOINT_CONTINUOUS_PCA,AR|EXACT_SINGLE_PROTEIN|HSAMP_20b60708f05d03c76f9fe702|HUMAN_BIOGPS_GNF1H_GCRMA_77_TISSUE_DDOF1,strict18_common_rhr,AR,CerebellumPeduncles,0.012175084769954546,-0.00012755893922455038
FAMILY_JOINT_CONTINUOUS_PCA,AR|EXACT_SINGLE_PROTEIN|HSAMP_374f872ebf1bbba2be514f9f|HUMAN_BIOGPS_GNF1H_GCRMA_77_TISSUE_DDOF1,strict18_common_rhr,AR,GlobusPallidus,0.041661558572983676,0.01601904347650006
FAMILY_JOINT_CONTINUOUS_PCA,AR|EXACT_SINGLE_PROTEIN|HSAMP_5c090f15f3e5194312a7e8ed|HUMAN_BIOGPS_GNF1H_GCRMA_77_TISSUE_DDOF1,strict18_common_rhr,AR,MedullaOblongata,0.025438383491441462,0.015129377080820702
FAMILY_JOINT_CONTINUOUS_PCA,AR|EXACT_SINGLE_PROTEIN|HSAMP_752ebc880edc13bb4e2b2de8|HUMAN_BIOGPS_GNF1H_GCRMA_77_TISSUE_DDOF1,strict18_common_rhr,AR,PrefrontalCortex,-0.0068740869504579985,-0.0013790327707941083
FAMILY_JOINT_CONTINUOUS_PCA,AR|EXACT_SINGLE_PROTEIN|HSAMP_7725bb8a75064c4d7246d9ba|HUMAN_BIOGPS_GNF1H_GCRMA_77_TISSUE_DDOF1,strict18_common_rhr,AR,OccipitalLobe,0.026366341346129314,0.018453849209336466
FAMILY_JOINT_CONTINUOUS_PCA,AR|EXACT_SINGLE_PROTEIN|HSAMP_8ed020260a1d25cf72324c8a|HUMAN_BIOGPS_GNF1H_GCRMA_77_TISSUE_DDOF1,strict18_common_rhr,AR,Hypothalamus,0.016642448214410056,0.0010163084363417655
FAMILY_JOINT_CONTINUOUS_PCA,AR|EXACT_SINGLE_PROTEIN|HSAMP_936b77a4b11b5c19027de438|HUMAN_BIOGPS_GNF1H_GCRMA_77_TISSUE_DDOF1,strict18_common_rhr,AR,Spinalcord,0.01780891433288322,0.0016405185290612363
FAMILY_JOINT_CONTINUOUS_PCA,AR|EXACT_SINGLE_PROTEIN|HSAMP_9aa72e4fb1ff63e1792b1ec7|HUMAN_BIOGPS_GNF1H_GCRMA_77_TISSUE_DDOF1,strict18_common_rhr,AR,Cerebellum,0.03411589268952757,0.019699405534848186
FAMILY_JOINT_CONTINUOUS_PCA,AR|EXACT_SINGLE_PROTEIN|HSAMP_a32ce488a48b0df9b8c4c40a|HUMAN_BIOGPS_GNF1H_GCRMA_77_TISSUE_DDOF1,strict18_common_rhr,AR,Caudatenucleus,0.026366341346129314,0.018453849209336466
FAMILY_JOINT_CONTINUOUS_PCA,AR|EXACT_SINGLE_PROTEIN|HSAMP_d99ba5ea584363f8600ade55|HUMAN_BIOGPS_GNF1H_GCRMA_77_TISSUE_DDOF1,strict18_common_rhr,AR,CingulateCortex,0.0206604119945402,0.00243702997465803
FAMILY_JOINT_CONTINUOUS_PCA,AR|EXACT_SINGLE_PROTEIN|HSAMP_e75262fc0acfda69d976a6d3|HUMAN_BIOGPS_GNF1H_GCRMA_77_TISSUE_DDOF1,strict18_common_rhr,AR,ParietalLobe,0.018300678847078103,0.001768638030045928
FAMILY_JOINT_CONTINUOUS_PCA,AR|EXACT_SINGLE_PROTEIN|HSAMP_eb2587e74e2d6457032d4ae7|HUMAN_BIOGPS_GNF1H_GCRMA_77_TISSUE_DDOF1,strict18_common_rhr,AR,TemporalLobe,0.025438383491441462,0.015129377080820702
FAMILY_JOINT_CONTINUOUS_PCA,AR|EXACT_SINGLE_PROTEIN|HSAMP_f43595f3557cf05e6a721aeb|HUMAN_BIOGPS_GNF1H_GCRMA_77_TISSUE_DDOF1,strict18_common_rhr,AR,Thalamus,0.020993817134484005,0.0023027512333555576
FAMILY_JOINT_CONTINUOUS_PCA,AR|EXACT_SINGLE_PROTEIN|HSAMP_ff841df7ecd9f2c8ea2660f5|HUMAN_BIOGPS_GNF1H_GCRMA_77_TISSUE_DDOF1,strict18_common_rhr,AR,OlfactoryBulb,0.03664946235574237,0.018309709671127966
FAMILY_JOINT_CONTINUOUS_PCA,BCHE|EXACT_SINGLE_PROTEIN|HSAMP_06645e2e8409a5b743985cdd|HUMAN_BIOGPS_GNF1H_GCRMA_77_TISSUE_DDOF1,strict18_common_rhr,BCHE,Wholebrain,0.020149214919352097,0.020197398539942884
FAMILY_JOINT_CONTINUOUS_PCA,BCHE|EXACT_SINGLE_PROTEIN|HSAMP_0cb8b4d1db8c390eeeecca55|HUMAN_BIOGPS_GNF1H_GCRMA_77_TISSUE_DDOF1,strict18_common_rhr,BCHE,Pons,0.012838908081101616,0.02263974079233174
FAMILY_JOINT_CONTINUOUS_PCA,BCHE|EXACT_SINGLE_PROTEIN|HSAMP_13a552b6ffc4aac3b85a50ca|HUMAN_BIOGPS_GNF1H_GCRMA_77_TISSUE_DDOF1,strict18_common_rhr,BCHE,Amygdala,-0.0014486297871464634,-0.000466835415522429
FAMILY_JOINT_CONTINUOUS_PCA,BCHE|EXACT_SINGLE_PROTEIN|HSAMP_192dff4b8df5862a227b1163|HUMAN_BIOGPS_GNF1H_GCRMA_77_TISSUE_DDOF1,strict18_common_rhr,BCHE,SubthalamicNucleus,0.01566908170495577,0.019027259236463367
FAMILY_JOINT_CONTINUOUS_PCA,BCHE|EXACT_SINGLE_PROTEIN|HSAMP_20b60708f05d03c76f9fe702|HUMAN_BIOGPS_GNF1H_GCRMA_77_TISSUE_DDOF1,strict18_common_rhr,BCHE,CerebellumPeduncles,0.008101113043104406,0.03077552101284091
FAMILY_JOINT_CONTINUOUS_PCA,BCHE|EXACT_SINGLE_PROTEIN|HSAMP_374f872ebf1bbba2be514f9f|HUMAN_BIOGPS_GNF1H_GCRMA_77_TISSUE_DDOF1,strict18_common_rhr,BCHE,GlobusPallidus,0.02049127444753529,0.02075802752210328
FAMILY_JOINT_CONTINUOUS_PCA,BCHE|EXACT_SINGLE_PROTEIN|HSAMP_5c090f15f3e5194312a7e8ed|HUMAN_BIOGPS_GNF1H_GCRMA_77_TISSUE_DDOF1,strict18_common_rhr,BCHE,MedullaOblongata,0.017274564205617605,0.01828776196494561
FAMILY_JOINT_CONTINUOUS_PCA,BCHE|EXACT_SINGLE_PROTEIN|HSAMP_752ebc880edc13bb4e2b2de8|HUMAN_BIOGPS_GNF1H_GCRMA_77_TISSUE_DDOF1,strict18_common_rhr,BCHE,PrefrontalCortex,0.008801128301568898,0.028368042466127247
FAMILY_JOINT_CONTINUOUS_PCA,BCHE|EXACT_SINGLE_PROTEIN|HSAMP_7725bb8a75064c4d7246d9ba|HUMAN_BIOGPS_GNF1H_GCRMA_77_TISSUE_DDOF1,strict18_common_rhr,BCHE,OccipitalLobe,0.010364095671776041,0.02573162513413578
FAMILY_JOINT_CONTINUOUS_PCA,BCHE|EXACT_SINGLE_PROTEIN|HSAMP_8ed020260a1d25cf72324c8a|HUMAN_BIOGPS_GNF1H_GCRMA_77_TISSUE_DDOF1,strict18_common_rhr,BCHE,Hypothalamus,0.014444331335107065,0.007169603229372197
FAMILY_JOINT_CONTINUOUS_PCA,BCHE|EXACT_SINGLE_PROTEIN|HSAMP_936b77a4b11b5c19027de438|HUMAN_BIOGPS_GNF1H_GCRMA_77_TISSUE_DDOF1,strict18_common_rhr,BCHE,Spinalcord,0.010364095671776041,0.02573162513413578
FAMILY_JOINT_CONTINUOUS_PCA,BCHE|EXACT_SINGLE_PROTEIN|HSAMP_9aa72e4fb1ff63e1792b1ec7|HUMAN_BIOGPS_GNF1H_GCRMA_77_TISSUE_DDOF1,strict18_common_rhr,BCHE,Cerebellum,0.019486436013594566,0.02068981495112022
FAMILY_JOINT_CONTINUOUS_PCA,BCHE|EXACT_SINGLE_PROTEIN|HSAMP_a32ce488a48b0df9b8c4c40a|HUMAN_BIOGPS_GNF1H_GCRMA_77_TISSUE_DDOF1,strict18_common_rhr,BCHE,Caudatenucleus,0.017274564205617605,0.01828776196494561
FAMILY_JOINT_CONTINUOUS_PCA,BCHE|EXACT_SINGLE_PROTEIN|HSAMP_d99ba5ea584363f8600ade55|HUMAN_BIOGPS_GNF1H_GCRMA_77_TISSUE_DDOF1,strict18_common_rhr,BCHE,CingulateCortex,0.010830880199879569,0.024445878505610523
FAMILY_JOINT_CONTINUOUS_PCA,BCHE|EXACT_SINGLE_PROTEIN|HSAMP_e75262fc0acfda69d976a6d3|HUMAN_BIOGPS_GNF1H_GCRMA_77_TISSUE_DDOF1,strict18_common_rhr,BCHE,ParietalLobe,0.009172415340892434,0.028970404348071615
FAMILY_JOINT_CONTINUOUS_PCA,BCHE|EXACT_SINGLE_PROTEIN|HSAMP_eb2587e74e2d6457032d4ae7|HUMAN_BIOGPS_GNF1H_GCRMA_77_TISSUE_DDOF1,strict18_common_rhr,BCHE,TemporalLobe,0.015949677828271943,0.01852063847472914
FAMILY_JOINT_CONTINUOUS_PCA,BCHE|EXACT_SINGLE_PROTEIN|HSAMP_f43595f3557cf05e6a721aeb|HUMAN_BIOGPS_GNF1H_GCRMA_77_TISSUE_DDOF1,strict18_common_rhr,BCHE,Thalamus,0.008284158025861459,0.03151576667712096
FAMILY_JOINT_CONTINUOUS_PCA,BCHE|EXACT_SINGLE_PROTEIN|HSAMP_ff841df7ecd9f2c8ea2660f5|HUMAN_BIOGPS_GNF1H_GCRMA_77_TISSUE_DDOF1,strict18_common_rhr,BCHE,OlfactoryBulb,0.020645698693801937,0.02138908050803403
FAMILY_JOINT_CONTINUOUS_PCA,CACNA1C|EXACT_SINGLE_PROTEIN|HSAMP_06645e2e8409a5b743985cdd|HUMAN_BIOGPS_GNF1H_GCRMA_77_TISSUE_DDOF1,strict18_common_rhr,CACNA1C,Wholebrain,0.10753211364965544,-0.051921064038890935
FAMILY_JOINT_CONTINUOUS_PCA,CACNA1C|EXACT_SINGLE_PROTEIN|HSAMP_0cb8b4d1db8c390eeeecca55|HUMAN_BIOGPS_GNF1H_GCRMA_77_TISSUE_DDOF1,strict18_common_rhr,CACNA1C,Pons,0.03380973223666882,-0.04315356222306454
FAMILY_JOINT_CONTINUOUS_PCA,CACNA1C|EXACT_SINGLE_PROTEIN|HSAMP_13a552b6ffc4aac3b85a50ca|HUMAN_BIOGPS_GNF1H_GCRMA_77_TISSUE_DDOF1,strict18_common_rhr,CACNA1C,Amygdala,-0.013258753990468728,0.0064126089209788975
FAMILY_JOINT_CONTINUOUS_PCA,CACNA1C|EXACT_SINGLE_PROTEIN|HSAMP_192dff4b8df5862a227b1163|HUMAN_BIOGPS_GNF1H_GCRMA_77_TISSUE_DDOF1,strict18_common_rhr,CACNA1C,SubthalamicNucleus,0.027481646881848548,-0.03335069933083441
FAMILY_JOINT_CONTINUOUS_PCA,CACNA1C|EXACT_SINGLE_PROTEIN|HSAMP_20b60708f05d03c76f9fe702|HUMAN_BIOGPS_GNF1H_GCRMA_77_TISSUE_DDOF1,strict18_common_rhr,CACNA1C,CerebellumPeduncles,-0.04656125365361486,0.034671846312012415
FAMILY_JOINT_CONTINUOUS_PCA,CACNA1C|EXACT_SINGLE_PROTEIN|HSAMP_374f872ebf1bbba2be514f9f|HUMAN_BIOGPS_GNF1H_GCRMA_77_TISSUE_DDOF1,strict18_common_rhr,CACNA1C,GlobusPallidus,0.12687681144512777,-0.07011871079904221
FAMILY_JOINT_CONTINUOUS_PCA,CACNA1C|EXACT_SINGLE_PROTEIN|HSAMP_5c090f15f3e5194312a7e8ed|HUMAN_BIOGPS_GNF1H_GCRMA_77_TISSUE_DDOF1,strict18_common_rhr,CACNA1C,MedullaOblongata,0.06554689880976147,-0.03341456729469071
FAMILY_JOINT_CONTINUOUS_PCA,CACNA1C|EXACT_SINGLE_PROTEIN|HSAMP_752ebc880edc13bb4e2b2de8|HUMAN_BIOGPS_GNF1H_GCRMA_77_TISSUE_DDOF1,strict18_common_rhr,CACNA1C,PrefrontalCortex,-0.05793220961575614,0.04254748512431108
FAMILY_JOINT_CONTINUOUS_PCA,CACNA1C|EXACT_SINGLE_PROTEIN|HSAMP_7725bb8a75064c4d7246d9ba|HUMAN_BIOGPS_GNF1H_GCRMA_77_TISSUE_DDOF1,strict18_common_rhr,CACNA1C,OccipitalLobe,0.06942353957092158,-0.03215600567871547
FAMILY_JOINT_CONTINUOUS_PCA,CACNA1C|EXACT_SINGLE_PROTEIN|HSAMP_8ed020260a1d25cf72324c8a|HUMAN_BIOGPS_GNF1H_GCRMA_77_TISSUE_DDOF1,strict18_common_rhr,CACNA1C,Hypothalamus,-0.02222793005948378,0.011901868170344766
FAMILY_JOINT_CONTINUOUS_PCA,CACNA1C|EXACT_SINGLE_PROTEIN|HSAMP_936b77a4b11b5c19027de438|HUMAN_BIOGPS_GNF1H_GCRMA_77_TISSUE_DDOF1,strict18_common_rhr,CACNA1C,Spinalcord,-0.023267615688704016,0.012092748801332414
FAMILY_JOINT_CONTINUOUS_PCA,CACNA1C|EXACT_SINGLE_PROTEIN|HSAMP_9aa72e4fb1ff63e1792b1ec7|HUMAN_BIOGPS_GNF1H_GCRMA_77_TISSUE_DDOF1,strict18_common_rhr,CACNA1C,Cerebellum,0.10370011745909685,-0.0483975951829473
FAMILY_JOINT_CONTINUOUS_PCA,CACNA1C|EXACT_SINGLE_PROTEIN|HSAMP_a32ce488a48b0df9b8c4c40a|HUMAN_BIOGPS_GNF1H_GCRMA_77_TISSUE_DDOF1,strict18_common_rhr,CACNA1C,Caudatenucleus,0.06817188330562965,-0.033671902655117505
FAMILY_JOINT_CONTINUOUS_PCA,CACNA1C|EXACT_SINGLE_PROTEIN|HSAMP_d99ba5ea584363f8600ade55|HUMAN_BIOGPS_GNF1H_GCRMA_77_TISSUE_DDOF1,strict18_common_rhr,CACNA1C,CingulateCortex,-0.01576039282281541,0.006928744112514866
FAMILY_JOINT_CONTINUOUS_PCA,CACNA1C|EXACT_SINGLE_PROTEIN|HSAMP_e75262fc0acfda69d976a6d3|HUMAN_BIOGPS_GNF1H_GCRMA_77_TISSUE_DDOF1,strict18_common_rhr,CACNA1C,ParietalLobe,-0.026790724849805367,0.015025889719221268
FAMILY_JOINT_CONTINUOUS_PCA,CACNA1C|EXACT_SINGLE_PROTEIN|HSAMP_eb2587e74e2d6457032d4ae7|HUMAN_BIOGPS_GNF1H_GCRMA_77_TISSUE_DDOF1,strict18_common_rhr,CACNA1C,TemporalLobe,0.04292024728476434,-0.04222528666356995
FAMILY_JOINT_CONTINUOUS_PCA,CACNA1C|EXACT_SINGLE_PROTEIN|HSAMP_f43595f3557cf05e6a721aeb|HUMAN_BIOGPS_GNF1H_GCRMA_77_TISSUE_DDOF1,strict18_common_rhr,CACNA1C,Thalamus,-0.011057906121103094,0.0062251333958803215
FAMILY_JOINT_CONTINUOUS_PCA,CACNA1C|EXACT_SINGLE_PROTEIN|HSAMP_ff841df7ecd9f2c8ea2660f5|HUMAN_BIOGPS_GNF1H_GCRMA_77_TISSUE_DDOF1,strict18_common_rhr,CACNA1C,OlfactoryBulb,0.11511862611061247,-0.0579769340577576
FAMILY_JOINT_CONTINUOUS_PCA,CCKAR|EXACT_SINGLE_PROTEIN|HSAMP_e75262fc0acfda69d976a6d3|HUMAN_BIOGPS_GNF1H_GCRMA_77_TISSUE_DDOF1,strict18_common_rhr,CCKAR,ParietalLobe,-0.01963770469545966,0.038474167139249456
FAMILY_JOINT_CONTINUOUS_PCA,CCKAR|EXACT_SINGLE_PROTEIN|HSAMP_eb2587e74e2d6457032d4ae7|HUMAN_BIOGPS_GNF1H_GCRMA_77_TISSUE_DDOF1,strict18_common_rhr,CCKAR,TemporalLobe,-0.018164636365736876,0.03558813346045636
FAMILY_JOINT_CONTINUOUS_PCA,CHRM2|EXACT_SINGLE_PROTEIN|HSAMP_06645e2e8409a5b743985cdd|HUMAN_BIOGPS_GNF1H_GCRMA_77_TISSUE_DDOF1,strict18_common_rhr,CHRM2,Wholebrain,0.05847717175024043,-0.04806972388262085
FAMILY_JOINT_CONTINUOUS_PCA,CHRM2|EXACT_SINGLE_PROTEIN|HSAMP_0cb8b4d1db8c390eeeecca55|HUMAN_BIOGPS_GNF1H_GCRMA_77_TISSUE_DDOF1,strict18_common_rhr,CHRM2,Pons,0.03695474576700448,-0.03137993256430309
FAMILY_JOINT_CONTINUOUS_PCA,CHRM2|EXACT_SINGLE_PROTEIN|HSAMP_13a552b6ffc4aac3b85a50ca|HUMAN_BIOGPS_GNF1H_GCRMA_77_TISSUE_DDOF1,strict18_common_rhr,CHRM2,Amygdala,0.02426697723732663,-0.09217731999619341
FAMILY_JOINT_CONTINUOUS_PCA,CHRM2|EXACT_SINGLE_PROTEIN|HSAMP_192dff4b8df5862a227b1163|HUMAN_BIOGPS_GNF1H_GCRMA_77_TISSUE_DDOF1,strict18_common_rhr,CHRM2,SubthalamicNucleus,0.04739978546517789,-0.03686334801634115
FAMILY_JOINT_CONTINUOUS_PCA,CHRM2|EXACT_SINGLE_PROTEIN|HSAMP_20b60708f05d03c76f9fe702|HUMAN_BIOGPS_GNF1H_GCRMA_77_TISSUE_DDOF1,strict18_common_rhr,CHRM2,CerebellumPeduncles,-0.016165667586227332,0.01660629540173139
FAMILY_JOINT_CONTINUOUS_PCA,CHRM2|EXACT_SINGLE_PROTEIN|HSAMP_374f872ebf1bbba2be514f9f|HUMAN_BIOGPS_GNF1H_GCRMA_77_TISSUE_DDOF1,strict18_common_rhr,CHRM2,GlobusPallidus,0.05847717175024043,-0.04806972388262085
FAMILY_JOINT_CONTINUOUS_PCA,CHRM2|EXACT_SINGLE_PROTEIN|HSAMP_5c090f15f3e5194312a7e8ed|HUMAN_BIOGPS_GNF1H_GCRMA_77_TISSUE_DDOF1,strict18_common_rhr,CHRM2,MedullaOblongata,0.04291364265668731,-0.03363880095082907
FAMILY_JOINT_CONTINUOUS_PCA,CHRM2|EXACT_SINGLE_PROTEIN|HSAMP_752ebc880edc13bb4e2b2de8|HUMAN_BIOGPS_GNF1H_GCRMA_77_TISSUE_DDOF1,strict18_common_rhr,CHRM2,PrefrontalCortex,-0.028796745898489354,0.02931304466152426
FAMILY_JOINT_CONTINUOUS_PCA,CHRM2|EXACT_SINGLE_PROTEIN|HSAMP_7725bb8a75064c4d7246d9ba|HUMAN_BIOGPS_GNF1H_GCRMA_77_TISSUE_DDOF1,strict18_common_rhr,CHRM2,OccipitalLobe,0.04739978546517789,-0.03686334801634115
FAMILY_JOINT_CONTINUOUS_PCA,CHRM2|EXACT_SINGLE_PROTEIN|HSAMP_8ed020260a1d25cf72324c8a|HUMAN_BIOGPS_GNF1H_GCRMA_77_TISSUE_DDOF1,strict18_common_rhr,CHRM2,Hypothalamus,0.009454680120813158,-0.05732230605979102
FAMILY_JOINT_CONTINUOUS_PCA,CHRM2|EXACT_SINGLE_PROTEIN|HSAMP_936b77a4b11b5c19027de438|HUMAN_BIOGPS_GNF1H_GCRMA_77_TISSUE_DDOF1,strict18_common_rhr,CHRM2,Spinalcord,-0.007381977603224299,0.012826771472369106
FAMILY_JOINT_CONTINUOUS_PCA,CHRM2|EXACT_SINGLE_PROTEIN|HSAMP_9aa72e4fb1ff63e1792b1ec7|HUMAN_BIOGPS_GNF1H_GCRMA_77_TISSUE_DDOF1,strict18_common_rhr,CHRM2,Cerebellum,0.05133372715691417,-0.037150962909784806
FAMILY_JOINT_CONTINUOUS_PCA,CHRM2|EXACT_SINGLE_PROTEIN|HSAMP_a32ce488a48b0df9b8c4c40a|HUMAN_BIOGPS_GNF1H_GCRMA_77_TISSUE_DDOF1,strict18_common_rhr,CHRM2,Caudatenucleus,0.039856237467431686,-0.0036494649526239396
FAMILY_JOINT_CONTINUOUS_PCA,CHRM2|EXACT_SINGLE_PROTEIN|HSAMP_d99ba5ea584363f8600ade55|HUMAN_BIOGPS_GNF1H_GCRMA_77_TISSUE_DDOF1,strict18_common_rhr,CHRM2,CingulateCortex,0.015854368080421403,-0.005709152830233522
FAMILY_JOINT_CONTINUOUS_PCA,CHRM2|EXACT_SINGLE_PROTEIN|HSAMP_e75262fc0acfda69d976a6d3|HUMAN_BIOGPS_GNF1H_GCRMA_77_TISSUE_DDOF1,strict18_common_rhr,CHRM2,ParietalLobe,-0.01982676377470867,0.019786474851946484
FAMILY_JOINT_CONTINUOUS_PCA,CHRM2|EXACT_SINGLE_PROTEIN|HSAMP_eb2587e74e2d6457032d4ae7|HUMAN_BIOGPS_GNF1H_GCRMA_77_TISSUE_DDOF1,strict18_common_rhr,CHRM2,TemporalLobe,0.01858780005796684,-0.011534678684461399
FAMILY_JOINT_CONTINUOUS_PCA,CHRM2|EXACT_SINGLE_PROTEIN|HSAMP_f43595f3557cf05e6a721aeb|HUMAN_BIOGPS_GNF1H_GCRMA_77_TISSUE_DDOF1,strict18_common_rhr,CHRM2,Thalamus,0.015854368080421403,-0.005709152830233522
FAMILY_JOINT_CONTINUOUS_PCA,CHRM2|EXACT_SINGLE_PROTEIN|HSAMP_ff841df7ecd9f2c8ea2660f5|HUMAN_BIOGPS_GNF1H_GCRMA_77_TISSUE_DDOF1,strict18_common_rhr,CHRM2,OlfactoryBulb,0.06910046258942266,-0.05692378276628242
FAMILY_JOINT_CONTINUOUS_PCA,CHRM3|EXACT_SINGLE_PROTEIN|HSAMP_06645e2e8409a5b743985cdd|HUMAN_BIOGPS_GNF1H_GCRMA_77_TISSUE_DDOF1,strict18_common_rhr,CHRM3,Wholebrain,-0.030007438691094204,0.01801380772960289
FAMILY_JOINT_CONTINUOUS_PCA,CHRM3|EXACT_SINGLE_PROTEIN|HSAMP_0cb8b4d1db8c390eeeecca55|HUMAN_BIOGPS_GNF1H_GCRMA_77_TISSUE_DDOF1,strict18_common_rhr,CHRM3,Pons,0.020728849065699925,-0.026091552283546343
FAMILY_JOINT_CONTINUOUS_PCA,CHRM3|EXACT_SINGLE_PROTEIN|HSAMP_13a552b6ffc4aac3b85a50ca|HUMAN_BIOGPS_GNF1H_GCRMA_77_TISSUE_DDOF1,strict18_common_rhr,CHRM3,Amygdala,0.006324774330174322,-0.10697550167983345
FAMILY_JOINT_CONTINUOUS_PCA,CHRM3|EXACT_SINGLE_PROTEIN|HSAMP_192dff4b8df5862a227b1163|HUMAN_BIOGPS_GNF1H_GCRMA_77_TISSUE_DDOF1,strict18_common_rhr,CHRM3,SubthalamicNucleus,0.010728995718521407,-0.0314471678247895
FAMILY_JOINT_CONTINUOUS_PCA,CHRM3|EXACT_SINGLE_PROTEIN|HSAMP_20b60708f05d03c76f9fe702|HUMAN_BIOGPS_GNF1H_GCRMA_77_TISSUE_DDOF1,strict18_common_rhr,CHRM3,CerebellumPeduncles,0.019520647586199872,-0.020063385497377333
FAMILY_JOINT_CONTINUOUS_PCA,CHRM3|EXACT_SINGLE_PROTEIN|HSAMP_374f872ebf1bbba2be514f9f|HUMAN_BIOGPS_GNF1H_GCRMA_77_TISSUE_DDOF1,strict18_common_rhr,CHRM3,GlobusPallidus,0.025949980449710138,-0.032231610418245134
FAMILY_JOINT_CONTINUOUS_PCA,CHRM3|EXACT_SINGLE_PROTEIN|HSAMP_5c090f15f3e5194312a7e8ed|HUMAN_BIOGPS_GNF1H_GCRMA_77_TISSUE_DDOF1,strict18_common_rhr,CHRM3,MedullaOblongata,0.012366405906271019,-0.027796412669375378
FAMILY_JOINT_CONTINUOUS_PCA,CHRM3|EXACT_SINGLE_PROTEIN|HSAMP_752ebc880edc13bb4e2b2de8|HUMAN_BIOGPS_GNF1H_GCRMA_77_TISSUE_DDOF1,strict18_common_rhr,CHRM3,PrefrontalCortex,-0.08107177187606958,0.046464184337421485
FAMILY_JOINT_CONTINUOUS_PCA,CHRM3|EXACT_SINGLE_PROTEIN|HSAMP_7725bb8a75064c4d7246d9ba|HUMAN_BIOGPS_GNF1H_GCRMA_77_TISSUE_DDOF1,strict18_common_rhr,CHRM3,OccipitalLobe,-0.01229135554877755,0.00431662929751743
FAMILY_JOINT_CONTINUOUS_PCA,CHRM3|EXACT_SINGLE_PROTEIN|HSAMP_8ed020260a1d25cf72324c8a|HUMAN_BIOGPS_GNF1H_GCRMA_77_TISSUE_DDOF1,strict18_common_rhr,CHRM3,Hypothalamus,0.029357184180244387,-0.0557076822061721
FAMILY_JOINT_CONTINUOUS_PCA,CHRM3|EXACT_SINGLE_PROTEIN|HSAMP_936b77a4b11b5c19027de438|HUMAN_BIOGPS_GNF1H_GCRMA_77_TISSUE_DDOF1,strict18_common_rhr,CHRM3,Spinalcord,0.019837954194704167,-0.022252797142779474
FAMILY_JOINT_CONTINUOUS_PCA,CHRM3|EXACT_SINGLE_PROTEIN|HSAMP_9aa72e4fb1ff63e1792b1ec7|HUMAN_BIOGPS_GNF1H_GCRMA_77_TISSUE_DDOF1,strict18_common_rhr,CHRM3,Cerebellum,0.02579460968213848,-0.04600911218094223
FAMILY_JOINT_CONTINUOUS_PCA,CHRM3|EXACT_SINGLE_PROTEIN|HSAMP_a32ce488a48b0df9b8c4c40a|HUMAN_BIOGPS_GNF1H_GCRMA_77_TISSUE_DDOF1,strict18_common_rhr,CHRM3,Caudatenucleus,0.030827969362231776,-0.05865142138982744
FAMILY_JOINT_CONTINUOUS_PCA,CHRM3|EXACT_SINGLE_PROTEIN|HSAMP_d99ba5ea584363f8600ade55|HUMAN_BIOGPS_GNF1H_GCRMA_77_TISSUE_DDOF1,strict18_common_rhr,CHRM3,CingulateCortex,0.01970701046363844,-0.02141162335672379
FAMILY_JOINT_CONTINUOUS_PCA,CHRM3|EXACT_SINGLE_PROTEIN|HSAMP_e75262fc0acfda69d976a6d3|HUMAN_BIOGPS_GNF1H_GCRMA_77_TISSUE_DDOF1,strict18_common_rhr,CHRM3,ParietalLobe,0.019520647586199872,-0.020063385497377333
FAMILY_JOINT_CONTINUOUS_PCA,CHRM3|EXACT_SINGLE_PROTEIN|HSAMP_eb2587e74e2d6457032d4ae7|HUMAN_BIOGPS_GNF1H_GCRMA_77_TISSUE_DDOF1,strict18_common_rhr,CHRM3,TemporalLobe,0.020154480991478287,-0.023609902951625433
FAMILY_JOINT_CONTINUOUS_PCA,CHRM3|EXACT_SINGLE_PROTEIN|HSAMP_f43595f3557cf05e6a721aeb|HUMAN_BIOGPS_GNF1H_GCRMA_77_TISSUE_DDOF1,strict18_common_rhr,CHRM3,Thalamus,0.020154480991478287,-0.023609902951625433
FAMILY_JOINT_CONTINUOUS_PCA,CHRM3|EXACT_SINGLE_PROTEIN|HSAMP_ff841df7ecd9f2c8ea2660f5|HUMAN_BIOGPS_GNF1H_GCRMA_77_TISSUE_DDOF1,strict18_common_rhr,CHRM3,OlfactoryBulb,0.02490161205014973,-0.03179575499642636
FAMILY_JOINT_CONTINUOUS_PCA,CNR1|EXACT_SINGLE_PROTEIN|HSAMP_06645e2e8409a5b743985cdd|HUMAN_BIOGPS_GNF1H_GCRMA_77_TISSUE_DDOF1,strict18_common_rhr,CNR1,Wholebrain,0.061018811482515346,0.025371614854425004
FAMILY_JOINT_CONTINUOUS_PCA,CNR1|EXACT_SINGLE_PROTEIN|HSAMP_0cb8b4d1db8c390eeeecca55|HUMAN_BIOGPS_GNF1H_GCRMA_77_TISSUE_DDOF1,strict18_common_rhr,CNR1,Pons,0.02562978929958856,0.010656863467351431
FAMILY_JOINT_CONTINUOUS_PCA,CNR1|EXACT_SINGLE_PROTEIN|HSAMP_13a552b6ffc4aac3b85a50ca|HUMAN_BIOGPS_GNF1H_GCRMA_77_TISSUE_DDOF1,strict18_common_rhr,CNR1,Amygdala,-0.061964899054407725,0.21590987936195122
FAMILY_JOINT_CONTINUOUS_PCA,CNR1|EXACT_SINGLE_PROTEIN|HSAMP_192dff4b8df5862a227b1163|HUMAN_BIOGPS_GNF1H_GCRMA_77_TISSUE_DDOF1,strict18_common_rhr,CNR1,SubthalamicNucleus,0.03320591790435125,0.013807016877053754
FAMILY_JOINT_CONTINUOUS_PCA,CNR1|EXACT_SINGLE_PROTEIN|HSAMP_20b60708f05d03c76f9fe702|HUMAN_BIOGPS_GNF1H_GCRMA_77_TISSUE_DDOF1,strict18_common_rhr,CNR1,CerebellumPeduncles,-0.022583220216260903,-0.009390100390005493
FAMILY_JOINT_CONTINUOUS_PCA,CNR1|EXACT_SINGLE_PROTEIN|HSAMP_374f872ebf1bbba2be514f9f|HUMAN_BIOGPS_GNF1H_GCRMA_77_TISSUE_DDOF1,strict18_common_rhr,CNR1,GlobusPallidus,0.09120562720658672,0.037923289389286546
FAMILY_JOINT_CONTINUOUS_PCA,CNR1|EXACT_SINGLE_PROTEIN|HSAMP_5c090f15f3e5194312a7e8ed|HUMAN_BIOGPS_GNF1H_GCRMA_77_TISSUE_DDOF1,strict18_common_rhr,CNR1,MedullaOblongata,0.04282640679260993,0.017807215059447382
FAMILY_JOINT_CONTINUOUS_PCA,CNR1|EXACT_SINGLE_PROTEIN|HSAMP_752ebc880edc13bb4e2b2de8|HUMAN_BIOGPS_GNF1H_GCRMA_77_TISSUE_DDOF1,strict18_common_rhr,CNR1,PrefrontalCortex,-0.0375237610320399,-0.015602375557039591
FAMILY_JOINT_CONTINUOUS_PCA,CNR1|EXACT_SINGLE_PROTEIN|HSAMP_7725bb8a75064c4d7246d9ba|HUMAN_BIOGPS_GNF1H_GCRMA_77_TISSUE_DDOF1,strict18_common_rhr,CNR1,OccipitalLobe,0.04723087452442601,0.019638592239948384
FAMILY_JOINT_CONTINUOUS_PCA,CNR1|EXACT_SINGLE_PROTEIN|HSAMP_8ed020260a1d25cf72324c8a|HUMAN_BIOGPS_GNF1H_GCRMA_77_TISSUE_DDOF1,strict18_common_rhr,CNR1,Hypothalamus,-0.017505567246471655,-0.0072788128643408315
FAMILY_JOINT_CONTINUOUS_PCA,CNR1|EXACT_SINGLE_PROTEIN|HSAMP_936b77a4b11b5c19027de438|HUMAN_BIOGPS_GNF1H_GCRMA_77_TISSUE_DDOF1,strict18_common_rhr,CNR1,Spinalcord,-0.013448188866932036,-0.005591755396925969
FAMILY_JOINT_CONTINUOUS_PCA,CNR1|EXACT_SINGLE_PROTEIN|HSAMP_9aa72e4fb1ff63e1792b1ec7|HUMAN_BIOGPS_GNF1H_GCRMA_77_TISSUE_DDOF1,strict18_common_rhr,CNR1,Cerebellum,-0.006777825688076934,0.35375327527028605
FAMILY_JOINT_CONTINUOUS_PCA,CNR1|EXACT_SINGLE_PROTEIN|HSAMP_a32ce488a48b0df9b8c4c40a|HUMAN_BIOGPS_GNF1H_GCRMA_77_TISSUE_DDOF1,strict18_common_rhr,CNR1,Caudatenucleus,0.050906983892682986,0.021167118095960672
FAMILY_JOINT_CONTINUOUS_PCA,CNR1|EXACT_SINGLE_PROTEIN|HSAMP_d99ba5ea584363f8600ade55|HUMAN_BIOGPS_GNF1H_GCRMA_77_TISSUE_DDOF1,strict18_common_rhr,CNR1,CingulateCortex,-0.0033855346160974664,-0.001407704907208199
FAMILY_JOINT_CONTINUOUS_PCA,CNR1|EXACT_SINGLE_PROTEIN|HSAMP_e75262fc0acfda69d976a6d3|HUMAN_BIOGPS_GNF1H_GCRMA_77_TISSUE_DDOF1,strict18_common_rhr,CNR1,ParietalLobe,-0.013448188866932036,-0.005591755396925969
FAMILY_JOINT_CONTINUOUS_PCA,CNR1|EXACT_SINGLE_PROTEIN|HSAMP_eb2587e74e2d6457032d4ae7|HUMAN_BIOGPS_GNF1H_GCRMA_77_TISSUE_DDOF1,strict18_common_rhr,CNR1,TemporalLobe,0.04282640679260993,0.017807215059447382
FAMILY_JOINT_CONTINUOUS_PCA,CNR1|EXACT_SINGLE_PROTEIN|HSAMP_f43595f3557cf05e6a721aeb|HUMAN_BIOGPS_GNF1H_GCRMA_77_TISSUE_DDOF1,strict18_common_rhr,CNR1,Thalamus,0.0030723623634132283,0.0012774879202635137
FAMILY_JOINT_CONTINUOUS_PCA,CNR1|EXACT_SINGLE_PROTEIN|HSAMP_ff841df7ecd9f2c8ea2660f5|HUMAN_BIOGPS_GNF1H_GCRMA_77_TISSUE_DDOF1,strict18_common_rhr,CNR1,OlfactoryBulb,0.07618356802453723,0.031677118894856325
FAMILY_JOINT_CONTINUOUS_PCA,DRD1|EXACT_SINGLE_PROTEIN|HSAMP_06645e2e8409a5b743985cdd|HUMAN_BIOGPS_GNF1H_GCRMA_77_TISSUE_DDOF1,strict18_common_rhr,DRD1,Wholebrain,0.052895953057986875,0.051056505476867166
FAMILY_JOINT_CONTINUOUS_PCA,DRD1|EXACT_SINGLE_PROTEIN|HSAMP_0cb8b4d1db8c390eeeecca55|HUMAN_BIOGPS_GNF1H_GCRMA_77_TISSUE_DDOF1,strict18_common_rhr,DRD1,Pons,-0.07466262027774356,0.007883336737609416
FAMILY_JOINT_CONTINUOUS_PCA,DRD1|EXACT_SINGLE_PROTEIN|HSAMP_13a552b6ffc4aac3b85a50ca|HUMAN_BIOGPS_GNF1H_GCRMA_77_TISSUE_DDOF1,strict18_common_rhr,DRD1,Amygdala,0.01166695741033,0.010747842785440078
FAMILY_JOINT_CONTINUOUS_PCA,DRD1|EXACT_SINGLE_PROTEIN|HSAMP_192dff4b8df5862a227b1163|HUMAN_BIOGPS_GNF1H_GCRMA_77_TISSUE_DDOF1,strict18_common_rhr,DRD1,SubthalamicNucleus,0.01302455473719859,0.06946535584833173
FAMILY_JOINT_CONTINUOUS_PCA,DRD1|EXACT_SINGLE_PROTEIN|HSAMP_20b60708f05d03c76f9fe702|HUMAN_BIOGPS_GNF1H_GCRMA_77_TISSUE_DDOF1,strict18_common_rhr,DRD1,CerebellumPeduncles,-0.020057747311416223,-0.03885977322902985
FAMILY_JOINT_CONTINUOUS_PCA,DRD1|EXACT_SINGLE_PROTEIN|HSAMP_374f872ebf1bbba2be514f9f|HUMAN_BIOGPS_GNF1H_GCRMA_77_TISSUE_DDOF1,strict18_common_rhr,DRD1,GlobusPallidus,0.059963364167652425,0.052351289543578934
FAMILY_JOINT_CONTINUOUS_PCA,DRD1|EXACT_SINGLE_PROTEIN|HSAMP_5c090f15f3e5194312a7e8ed|HUMAN_BIOGPS_GNF1H_GCRMA_77_TISSUE_DDOF1,strict18_common_rhr,DRD1,MedullaOblongata,0.03880337090580095,0.04793570821449509
FAMILY_JOINT_CONTINUOUS_PCA,DRD1|EXACT_SINGLE_PROTEIN|HSAMP_752ebc880edc13bb4e2b2de8|HUMAN_BIOGPS_GNF1H_GCRMA_77_TISSUE_DDOF1,strict18_common_rhr,DRD1,PrefrontalCortex,-0.022836056131409897,-0.05024150975362739
FAMILY_JOINT_CONTINUOUS_PCA,DRD1|EXACT_SINGLE_PROTEIN|HSAMP_7725bb8a75064c4d7246d9ba|HUMAN_BIOGPS_GNF1H_GCRMA_77_TISSUE_DDOF1,strict18_common_rhr,DRD1,OccipitalLobe,0.01302455473719859,0.06946535584833173
FAMILY_JOINT_CONTINUOUS_PCA,DRD1|EXACT_SINGLE_PROTEIN|HSAMP_8ed020260a1d25cf72324c8a|HUMAN_BIOGPS_GNF1H_GCRMA_77_TISSUE_DDOF1,strict18_common_rhr,DRD1,Hypothalamus,-0.001420251642243265,-0.0014654329851288878
FAMILY_JOINT_CONTINUOUS_PCA,DRD1|EXACT_SINGLE_PROTEIN|HSAMP_936b77a4b11b5c19027de438|HUMAN_BIOGPS_GNF1H_GCRMA_77_TISSUE_DDOF1,strict18_common_rhr,DRD1,Spinalcord,-0.002325491566971928,-0.007421015042744355
FAMILY_JOINT_CONTINUOUS_PCA,DRD1|EXACT_SINGLE_PROTEIN|HSAMP_9aa72e4fb1ff63e1792b1ec7|HUMAN_BIOGPS_GNF1H_GCRMA_77_TISSUE_DDOF1,strict18_common_rhr,DRD1,Cerebellum,0.05814486009298698,0.054142095330388926
FAMILY_JOINT_CONTINUOUS_PCA,DRD1|EXACT_SINGLE_PROTEIN|HSAMP_a32ce488a48b0df9b8c4c40a|HUMAN_BIOGPS_GNF1H_GCRMA_77_TISSUE_DDOF1,strict18_common_rhr,DRD1,Caudatenucleus,-0.0779347611311288,0.017078061291212535
FAMILY_JOINT_CONTINUOUS_PCA,DRD1|EXACT_SINGLE_PROTEIN|HSAMP_d99ba5ea584363f8600ade55|HUMAN_BIOGPS_GNF1H_GCRMA_77_TISSUE_DDOF1,strict18_common_rhr,DRD1,CingulateCortex,-0.0023491249158842076,-0.00311039002023926
FAMILY_JOINT_CONTINUOUS_PCA,DRD1|EXACT_SINGLE_PROTEIN|HSAMP_e75262fc0acfda69d976a6d3|HUMAN_BIOGPS_GNF1H_GCRMA_77_TISSUE_DDOF1,strict18_common_rhr,DRD1,ParietalLobe,-0.010542482917381892,-0.008902478469795956
FAMILY_JOINT_CONTINUOUS_PCA,DRD1|EXACT_SINGLE_PROTEIN|HSAMP_eb2587e74e2d6457032d4ae7|HUMAN_BIOGPS_GNF1H_GCRMA_77_TISSUE_DDOF1,strict18_common_rhr,DRD1,TemporalLobe,0.030202912927796963,0.055728470560606785
FAMILY_JOINT_CONTINUOUS_PCA,DRD1|EXACT_SINGLE_PROTEIN|HSAMP_f43595f3557cf05e6a721aeb|HUMAN_BIOGPS_GNF1H_GCRMA_77_TISSUE_DDOF1,strict18_common_rhr,DRD1,Thalamus,0.003553697161246439,0.004148160051304144
FAMILY_JOINT_CONTINUOUS_PCA,DRD1|EXACT_SINGLE_PROTEIN|HSAMP_ff841df7ecd9f2c8ea2660f5|HUMAN_BIOGPS_GNF1H_GCRMA_77_TISSUE_DDOF1,strict18_common_rhr,DRD1,OlfactoryBulb,0.06409932887350685,0.05200797552026764
FAMILY_JOINT_CONTINUOUS_PCA,DRD2|EXACT_SINGLE_PROTEIN|HSAMP_06645e2e8409a5b743985cdd|HUMAN_BIOGPS_GNF1H_GCRMA_77_TISSUE_DDOF1,strict18_common_rhr,DRD2,Wholebrain,0.0655310322110955,0.027247795718689943
FAMILY_JOINT_CONTINUOUS_PCA,DRD2|EXACT_SINGLE_PROTEIN|HSAMP_0cb8b4d1db8c390eeeecca55|HUMAN_BIOGPS_GNF1H_GCRMA_77_TISSUE_DDOF1,strict18_common_rhr,DRD2,Pons,-0.0237135654614794,-0.00986009781403617
FAMILY_JOINT_CONTINUOUS_PCA,DRD2|EXACT_SINGLE_PROTEIN|HSAMP_13a552b6ffc4aac3b85a50ca|HUMAN_BIOGPS_GNF1H_GCRMA_77_TISSUE_DDOF1,strict18_common_rhr,DRD2,Amygdala,-0.003017707947863599,-0.0012547626205118908
FAMILY_JOINT_CONTINUOUS_PCA,DRD2|EXACT_SINGLE_PROTEIN|HSAMP_192dff4b8df5862a227b1163|HUMAN_BIOGPS_GNF1H_GCRMA_77_TISSUE_DDOF1,strict18_common_rhr,DRD2,SubthalamicNucleus,-0.015320247495188089,-0.006370157161021776
FAMILY_JOINT_CONTINUOUS_PCA,DRD2|EXACT_SINGLE_PROTEIN|HSAMP_20b60708f05d03c76f9fe702|HUMAN_BIOGPS_GNF1H_GCRMA_77_TISSUE_DDOF1,strict18_common_rhr,DRD2,CerebellumPeduncles,-0.019665488647106825,-0.008176907936357258
FAMILY_JOINT_CONTINUOUS_PCA,DRD2|EXACT_SINGLE_PROTEIN|HSAMP_374f872ebf1bbba2be514f9f|HUMAN_BIOGPS_GNF1H_GCRMA_77_TISSUE_DDOF1,strict18_common_rhr,DRD2,GlobusPallidus,0.0974547319187991,0.0405216664158312
FAMILY_JOINT_CONTINUOUS_PCA,DRD2|EXACT_SINGLE_PROTEIN|HSAMP_5c090f15f3e5194312a7e8ed|HUMAN_BIOGPS_GNF1H_GCRMA_77_TISSUE_DDOF1,strict18_common_rhr,DRD2,MedullaOblongata,-0.0216073442523562,-0.008984331275525587
FAMILY_JOINT_CONTINUOUS_PCA,DRD2|EXACT_SINGLE_PROTEIN|HSAMP_752ebc880edc13bb4e2b2de8|HUMAN_BIOGPS_GNF1H_GCRMA_77_TISSUE_DDOF1,strict18_common_rhr,DRD2,PrefrontalCortex,-0.03285611228814691,-0.013661567741735955
FAMILY_JOINT_CONTINUOUS_PCA,DRD2|EXACT_SINGLE_PROTEIN|HSAMP_7725bb8a75064c4d7246d9ba|HUMAN_BIOGPS_GNF1H_GCRMA_77_TISSUE_DDOF1,strict18_common_rhr,DRD2,OccipitalLobe,0.05317403380721021,0.022109757191833977
FAMILY_JOINT_CONTINUOUS_PCA,DRD2|EXACT_SINGLE_PROTEIN|HSAMP_8ed020260a1d25cf72324c8a|HUMAN_BIOGPS_GNF1H_GCRMA_77_TISSUE_DDOF1,strict18_common_rhr,DRD2,Hypothalamus,-0.015320247495188115,-0.006370157161021769
FAMILY_JOINT_CONTINUOUS_PCA,DRD2|EXACT_SINGLE_PROTEIN|HSAMP_936b77a4b11b5c19027de438|HUMAN_BIOGPS_GNF1H_GCRMA_77_TISSUE_DDOF1,strict18_common_rhr,DRD2,Spinalcord,-0.011139266160078452,-0.00463170559877968
FAMILY_JOINT_CONTINUOUS_PCA,DRD2|EXACT_SINGLE_PROTEIN|HSAMP_9aa72e4fb1ff63e1792b1ec7|HUMAN_BIOGPS_GNF1H_GCRMA_77_TISSUE_DDOF1,strict18_common_rhr,DRD2,Cerebellum,0.07645250032729985,0.03178894091566966
FAMILY_JOINT_CONTINUOUS_PCA,DRD2|EXACT_SINGLE_PROTEIN|HSAMP_a32ce488a48b0df9b8c4c40a|HUMAN_BIOGPS_GNF1H_GCRMA_77_TISSUE_DDOF1,strict18_common_rhr,DRD2,Caudatenucleus,-0.03999354271998794,-0.016629310501177157
FAMILY_JOINT_CONTINUOUS_PCA,DRD2|EXACT_SINGLE_PROTEIN|HSAMP_d99ba5ea584363f8600ade55|HUMAN_BIOGPS_GNF1H_GCRMA_77_TISSUE_DDOF1,strict18_common_rhr,DRD2,CingulateCortex,-0.017956939691742405,-0.007466493475599363
FAMILY_JOINT_CONTINUOUS_PCA,DRD2|EXACT_SINGLE_PROTEIN|HSAMP_e75262fc0acfda69d976a6d3|HUMAN_BIOGPS_GNF1H_GCRMA_77_TISSUE_DDOF1,strict18_common_rhr,DRD2,ParietalLobe,-0.006201877470645854,-0.0025787399448879596
FAMILY_JOINT_CONTINUOUS_PCA,DRD2|EXACT_SINGLE_PROTEIN|HSAMP_eb2587e74e2d6457032d4ae7|HUMAN_BIOGPS_GNF1H_GCRMA_77_TISSUE_DDOF1,strict18_common_rhr,DRD2,TemporalLobe,0.047763775241682724,0.019860172297399607
FAMILY_JOINT_CONTINUOUS_PCA,DRD2|EXACT_SINGLE_PROTEIN|HSAMP_f43595f3557cf05e6a721aeb|HUMAN_BIOGPS_GNF1H_GCRMA_77_TISSUE_DDOF1,strict18_common_rhr,DRD2,Thalamus,-0.00796114176228661,-0.003310241836685024
FAMILY_JOINT_CONTINUOUS_PCA,DRD2|EXACT_SINGLE_PROTEIN|HSAMP_ff841df7ecd9f2c8ea2660f5|HUMAN_BIOGPS_GNF1H_GCRMA_77_TISSUE_DDOF1,strict18_common_rhr,DRD2,OlfactoryBulb,0.08146975337994072,0.03387511416267278
FAMILY_JOINT_CONTINUOUS_PCA,DRD3|EXACT_SINGLE_PROTEIN|HSAMP_06645e2e8409a5b743985cdd|HUMAN_BIOGPS_GNF1H_GCRMA_77_TISSUE_DDOF1,strict18_common_rhr,DRD3,Wholebrain,0.06491651967460747,0.053025042286135846
FAMILY_JOINT_CONTINUOUS_PCA,DRD3|EXACT_SINGLE_PROTEIN|HSAMP_0cb8b4d1db8c390eeeecca55|HUMAN_BIOGPS_GNF1H_GCRMA_77_TISSUE_DDOF1,strict18_common_rhr,DRD3,Pons,0.004052873338389265,0.05520282463584889
FAMILY_JOINT_CONTINUOUS_PCA,DRD3|EXACT_SINGLE_PROTEIN|HSAMP_13a552b6ffc4aac3b85a50ca|HUMAN_BIOGPS_GNF1H_GCRMA_77_TISSUE_DDOF1,strict18_common_rhr,DRD3,Amygdala,0.004984793769658771,0.04893887829296688
FAMILY_JOINT_CONTINUOUS_PCA,DRD3|EXACT_SINGLE_PROTEIN|HSAMP_192dff4b8df5862a227b1163|HUMAN_BIOGPS_GNF1H_GCRMA_77_TISSUE_DDOF1,strict18_common_rhr,DRD3,SubthalamicNucleus,0.006145243598864643,0.06101980887006392
FAMILY_JOINT_CONTINUOUS_PCA,DRD3|EXACT_SINGLE_PROTEIN|HSAMP_20b60708f05d03c76f9fe702|HUMAN_BIOGPS_GNF1H_GCRMA_77_TISSUE_DDOF1,strict18_common_rhr,DRD3,CerebellumPeduncles,-0.023492641384396572,-0.05228369006681557
FAMILY_JOINT_CONTINUOUS_PCA,DRD3|EXACT_SINGLE_PROTEIN|HSAMP_374f872ebf1bbba2be514f9f|HUMAN_BIOGPS_GNF1H_GCRMA_77_TISSUE_DDOF1,strict18_common_rhr,DRD3,GlobusPallidus,0.05478406031372803,0.053611869195467426
FAMILY_JOINT_CONTINUOUS_PCA,DRD3|EXACT_SINGLE_PROTEIN|HSAMP_5c090f15f3e5194312a7e8ed|HUMAN_BIOGPS_GNF1H_GCRMA_77_TISSUE_DDOF1,strict18_common_rhr,DRD3,MedullaOblongata,0.04524135176559801,0.04754878682610301
FAMILY_JOINT_CONTINUOUS_PCA,DRD3|EXACT_SINGLE_PROTEIN|HSAMP_752ebc880edc13bb4e2b2de8|HUMAN_BIOGPS_GNF1H_GCRMA_77_TISSUE_DDOF1,strict18_common_rhr,DRD3,PrefrontalCortex,-0.01745025508099028,-0.034229038346508645
FAMILY_JOINT_CONTINUOUS_PCA,DRD3|EXACT_SINGLE_PROTEIN|HSAMP_7725bb8a75064c4d7246d9ba|HUMAN_BIOGPS_GNF1H_GCRMA_77_TISSUE_DDOF1,strict18_common_rhr,DRD3,OccipitalLobe,0.0405212931625065,0.047571697302636176
FAMILY_JOINT_CONTINUOUS_PCA,DRD3|EXACT_SINGLE_PROTEIN|HSAMP_8ed020260a1d25cf72324c8a|HUMAN_BIOGPS_GNF1H_GCRMA_77_TISSUE_DDOF1,strict18_common_rhr,DRD3,Hypothalamus,-0.006198901483297139,-0.009809112550366275
FAMILY_JOINT_CONTINUOUS_PCA,DRD3|EXACT_SINGLE_PROTEIN|HSAMP_936b77a4b11b5c19027de438|HUMAN_BIOGPS_GNF1H_GCRMA_77_TISSUE_DDOF1,strict18_common_rhr,DRD3,Spinalcord,-0.01065590884230315,-0.009618499007812765
FAMILY_JOINT_CONTINUOUS_PCA,DRD3|EXACT_SINGLE_PROTEIN|HSAMP_9aa72e4fb1ff63e1792b1ec7|HUMAN_BIOGPS_GNF1H_GCRMA_77_TISSUE_DDOF1,strict18_common_rhr,DRD3,Cerebellum,0.06277907977172519,0.05194575722756592
FAMILY_JOINT_CONTINUOUS_PCA,DRD3|EXACT_SINGLE_PROTEIN|HSAMP_a32ce488a48b0df9b8c4c40a|HUMAN_BIOGPS_GNF1H_GCRMA_77_TISSUE_DDOF1,strict18_common_rhr,DRD3,Caudatenucleus,0.04150740599174057,0.04736704139454449
FAMILY_JOINT_CONTINUOUS_PCA,DRD3|EXACT_SINGLE_PROTEIN|HSAMP_d99ba5ea584363f8600ade55|HUMAN_BIOGPS_GNF1H_GCRMA_77_TISSUE_DDOF1,strict18_common_rhr,DRD3,CingulateCortex,-0.0003978094113955941,-0.0007214754609391358
FAMILY_JOINT_CONTINUOUS_PCA,DRD3|EXACT_SINGLE_PROTEIN|HSAMP_e75262fc0acfda69d976a6d3|HUMAN_BIOGPS_GNF1H_GCRMA_77_TISSUE_DDOF1,strict18_common_rhr,DRD3,ParietalLobe,-0.015016252209451499,-0.01473248414228299
FAMILY_JOINT_CONTINUOUS_PCA,DRD3|EXACT_SINGLE_PROTEIN|HSAMP_eb2587e74e2d6457032d4ae7|HUMAN_BIOGPS_GNF1H_GCRMA_77_TISSUE_DDOF1,strict18_common_rhr,DRD3,TemporalLobe,0.03112371718417825,0.05499811361390891
FAMILY_JOINT_CONTINUOUS_PCA,DRD3|EXACT_SINGLE_PROTEIN|HSAMP_f43595f3557cf05e6a721aeb|HUMAN_BIOGPS_GNF1H_GCRMA_77_TISSUE_DDOF1,strict18_common_rhr,DRD3,Thalamus,-0.002055098033062115,-0.0019069395355208398
FAMILY_JOINT_CONTINUOUS_PCA,DRD3|EXACT_SINGLE_PROTEIN|HSAMP_ff841df7ecd9f2c8ea2660f5|HUMAN_BIOGPS_GNF1H_GCRMA_77_TISSUE_DDOF1,strict18_common_rhr,DRD3,OlfactoryBulb,0.06808877727917141,0.05748947075705419
FAMILY_JOINT_CONTINUOUS_PCA,ESR1|EXACT_SINGLE_PROTEIN|HSAMP_06645e2e8409a5b743985cdd|HUMAN_BIOGPS_GNF1H_GCRMA_77_TISSUE_DDOF1,strict18_common_rhr,ESR1,Wholebrain,0.05896427402482823,0.054675892072227845
FAMILY_JOINT_CONTINUOUS_PCA,ESR1|EXACT_SINGLE_PROTEIN|HSAMP_0cb8b4d1db8c390eeeecca55|HUMAN_BIOGPS_GNF1H_GCRMA_77_TISSUE_DDOF1,strict18_common_rhr,ESR1,Pons,-0.0024527404230875816,-0.008719939633813545
FAMILY_JOINT_CONTINUOUS_PCA,ESR1|EXACT_SINGLE_PROTEIN|HSAMP_13a552b6ffc4aac3b85a50ca|HUMAN_BIOGPS_GNF1H_GCRMA_77_TISSUE_DDOF1,strict18_common_rhr,ESR1,Amygdala,-0.0019972225929145732,-0.002164679580934977
FAMILY_JOINT_CONTINUOUS_PCA,ESR1|EXACT_SINGLE_PROTEIN|HSAMP_192dff4b8df5862a227b1163|HUMAN_BIOGPS_GNF1H_GCRMA_77_TISSUE_DDOF1,strict18_common_rhr,ESR1,SubthalamicNucleus,0.03366879992625924,0.04872790568706491
FAMILY_JOINT_CONTINUOUS_PCA,ESR1|EXACT_SINGLE_PROTEIN|HSAMP_20b60708f05d03c76f9fe702|HUMAN_BIOGPS_GNF1H_GCRMA_77_TISSUE_DDOF1,strict18_common_rhr,ESR1,CerebellumPeduncles,-0.017449645064832296,-0.04170984819905816
FAMILY_JOINT_CONTINUOUS_PCA,ESR1|EXACT_SINGLE_PROTEIN|HSAMP_374f872ebf1bbba2be514f9f|HUMAN_BIOGPS_GNF1H_GCRMA_77_TISSUE_DDOF1,strict18_common_rhr,ESR1,GlobusPallidus,0.05982569541286023,0.059372898917806054
FAMILY_JOINT_CONTINUOUS_PCA,ESR1|EXACT_SINGLE_PROTEIN|HSAMP_5c090f15f3e5194312a7e8ed|HUMAN_BIOGPS_GNF1H_GCRMA_77_TISSUE_DDOF1,strict18_common_rhr,ESR1,MedullaOblongata,0.04238755485125903,0.04892243936357242
FAMILY_JOINT_CONTINUOUS_PCA,ESR1|EXACT_SINGLE_PROTEIN|HSAMP_752ebc880edc13bb4e2b2de8|HUMAN_BIOGPS_GNF1H_GCRMA_77_TISSUE_DDOF1,strict18_common_rhr,ESR1,PrefrontalCortex,-0.03285946143798707,-0.06594470977684098
FAMILY_JOINT_CONTINUOUS_PCA,ESR1|EXACT_SINGLE_PROTEIN|HSAMP_7725bb8a75064c4d7246d9ba|HUMAN_BIOGPS_GNF1H_GCRMA_77_TISSUE_DDOF1,strict18_common_rhr,ESR1,OccipitalLobe,0.039594845641502126,0.04885821422360671
FAMILY_JOINT_CONTINUOUS_PCA,ESR1|EXACT_SINGLE_PROTEIN|HSAMP_8ed020260a1d25cf72324c8a|HUMAN_BIOGPS_GNF1H_GCRMA_77_TISSUE_DDOF1,strict18_common_rhr,ESR1,Hypothalamus,-0.009220819089607377,-0.008941934890744267
FAMILY_JOINT_CONTINUOUS_PCA,ESR1|EXACT_SINGLE_PROTEIN|HSAMP_936b77a4b11b5c19027de438|HUMAN_BIOGPS_GNF1H_GCRMA_77_TISSUE_DDOF1,strict18_common_rhr,ESR1,Spinalcord,-0.0057686047994502665,-0.010224226587750884
FAMILY_JOINT_CONTINUOUS_PCA,ESR1|EXACT_SINGLE_PROTEIN|HSAMP_9aa72e4fb1ff63e1792b1ec7|HUMAN_BIOGPS_GNF1H_GCRMA_77_TISSUE_DDOF1,strict18_common_rhr,ESR1,Cerebellum,0.05896427402482823,0.054675892072227845
FAMILY_JOINT_CONTINUOUS_PCA,ESR1|EXACT_SINGLE_PROTEIN|HSAMP_a32ce488a48b0df9b8c4c40a|HUMAN_BIOGPS_GNF1H_GCRMA_77_TISSUE_DDOF1,strict18_common_rhr,ESR1,Caudatenucleus,0.039594845641502126,0.04885821422360671
FAMILY_JOINT_CONTINUOUS_PCA,ESR1|EXACT_SINGLE_PROTEIN|HSAMP_d99ba5ea584363f8600ade55|HUMAN_BIOGPS_GNF1H_GCRMA_77_TISSUE_DDOF1,strict18_common_rhr,ESR1,CingulateCortex,-0.0019972225929145732,-0.002164679580934977
FAMILY_JOINT_CONTINUOUS_PCA,ESR1|EXACT_SINGLE_PROTEIN|HSAMP_e75262fc0acfda69d976a6d3|HUMAN_BIOGPS_GNF1H_GCRMA_77_TISSUE_DDOF1,strict18_common_rhr,ESR1,ParietalLobe,-0.01248006059149779,-0.014829813839913636
FAMILY_JOINT_CONTINUOUS_PCA,ESR1|EXACT_SINGLE_PROTEIN|HSAMP_eb2587e74e2d6457032d4ae7|HUMAN_BIOGPS_GNF1H_GCRMA_77_TISSUE_DDOF1,strict18_common_rhr,ESR1,TemporalLobe,0.002598514526690245,0.05953386581645531
FAMILY_JOINT_CONTINUOUS_PCA,ESR1|EXACT_SINGLE_PROTEIN|HSAMP_f43595f3557cf05e6a721aeb|HUMAN_BIOGPS_GNF1H_GCRMA_77_TISSUE_DDOF1,strict18_common_rhr,ESR1,Thalamus,-0.0024527404230875816,-0.008719939633813545
FAMILY_JOINT_CONTINUOUS_PCA,ESR1|EXACT_SINGLE_PROTEIN|HSAMP_ff841df7ecd9f2c8ea2660f5|HUMAN_BIOGPS_GNF1H_GCRMA_77_TISSUE_DDOF1,strict18_common_rhr,ESR1,OlfactoryBulb,0.05454299742631473,0.051013333290262086
FAMILY_JOINT_CONTINUOUS_PCA,GABRA1|EXACT_SINGLE_PROTEIN|HSAMP_06645e2e8409a5b743985cdd|HUMAN_BIOGPS_GNF1H_GCRMA_77_TISSUE_DDOF1,strict18_common_rhr,GABRA1,Wholebrain,-0.07417863120104667,0.000686172881235926
FAMILY_JOINT_CONTINUOUS_PCA,GABRA1|EXACT_SINGLE_PROTEIN|HSAMP_0cb8b4d1db8c390eeeecca55|HUMAN_BIOGPS_GNF1H_GCRMA_77_TISSUE_DDOF1,strict18_common_rhr,GABRA1,Pons,-0.010932216603370562,0.00010112603108998
FAMILY_JOINT_CONTINUOUS_PCA,GABRA1|EXACT_SINGLE_PROTEIN|HSAMP_13a552b6ffc4aac3b85a50ca|HUMAN_BIOGPS_GNF1H_GCRMA_77_TISSUE_DDOF1,strict18_common_rhr,GABRA1,Amygdala,-0.055831530907785726,0.000516457122577077
FAMILY_JOINT_CONTINUOUS_PCA,GABRA1|EXACT_SINGLE_PROTEIN|HSAMP_192dff4b8df5862a227b1163|HUMAN_BIOGPS_GNF1H_GCRMA_77_TISSUE_DDOF1,strict18_common_rhr,GABRA1,SubthalamicNucleus,-0.02740842813371846,0.0002535355505778164
FAMILY_JOINT_CONTINUOUS_PCA,GABRA1|EXACT_SINGLE_PROTEIN|HSAMP_20b60708f05d03c76f9fe702|HUMAN_BIOGPS_GNF1H_GCRMA_77_TISSUE_DDOF1,strict18_common_rhr,GABRA1,CerebellumPeduncles,-0.03828778259260836,0.0003541725921914581
FAMILY_JOINT_CONTINUOUS_PCA,GABRA1|EXACT_SINGLE_PROTEIN|HSAMP_374f872ebf1bbba2be514f9f|HUMAN_BIOGPS_GNF1H_GCRMA_77_TISSUE_DDOF1,strict18_common_rhr,GABRA1,GlobusPallidus,-0.0409568168827376,0.00037886189852316644
FAMILY_JOINT_CONTINUOUS_PCA,GABRA1|EXACT_SINGLE_PROTEIN|HSAMP_5c090f15f3e5194312a7e8ed|HUMAN_BIOGPS_GNF1H_GCRMA_77_TISSUE_DDOF1,strict18_common_rhr,GABRA1,MedullaOblongata,-0.055679362428250154,0.0005150495220006333
FAMILY_JOINT_CONTINUOUS_PCA,GABRA1|EXACT_SINGLE_PROTEIN|HSAMP_752ebc880edc13bb4e2b2de8|HUMAN_BIOGPS_GNF1H_GCRMA_77_TISSUE_DDOF1,strict18_common_rhr,GABRA1,PrefrontalCortex,-0.06978730880815844,0.0006455519329928325
FAMILY_JOINT_CONTINUOUS_PCA,GABRA1|EXACT_SINGLE_PROTEIN|HSAMP_7725bb8a75064c4d7246d9ba|HUMAN_BIOGPS_GNF1H_GCRMA_77_TISSUE_DDOF1,strict18_common_rhr,GABRA1,OccipitalLobe,-0.08128285977854063,0.0007518889629841877
FAMILY_JOINT_CONTINUOUS_PCA,GABRA1|EXACT_SINGLE_PROTEIN|HSAMP_8ed020260a1d25cf72324c8a|HUMAN_BIOGPS_GNF1H_GCRMA_77_TISSUE_DDOF1,strict18_common_rhr,GABRA1,Hypothalamus,-0.026451545801996736,0.000244684124015519
FAMILY_JOINT_CONTINUOUS_PCA,GABRA1|EXACT_SINGLE_PROTEIN|HSAMP_936b77a4b11b5c19027de438|HUMAN_BIOGPS_GNF1H_GCRMA_77_TISSUE_DDOF1,strict18_common_rhr,GABRA1,Spinalcord,0.04212465829595525,-0.0003896647550111002
FAMILY_JOINT_CONTINUOUS_PCA,GABRA1|EXACT_SINGLE_PROTEIN|HSAMP_9aa72e4fb1ff63e1792b1ec7|HUMAN_BIOGPS_GNF1H_GCRMA_77_TISSUE_DDOF1,strict18_common_rhr,GABRA1,Cerebellum,0.023163710929340275,-0.00021427074092841128
FAMILY_JOINT_CONTINUOUS_PCA,GABRA1|EXACT_SINGLE_PROTEIN|HSAMP_a32ce488a48b0df9b8c4c40a|HUMAN_BIOGPS_GNF1H_GCRMA_77_TISSUE_DDOF1,strict18_common_rhr,GABRA1,Caudatenucleus,0.04362487112024528,-0.00040354213909650776
FAMILY_JOINT_CONTINUOUS_PCA,GABRA1|EXACT_SINGLE_PROTEIN|HSAMP_d99ba5ea584363f8600ade55|HUMAN_BIOGPS_GNF1H_GCRMA_77_TISSUE_DDOF1,strict18_common_rhr,GABRA1,CingulateCortex,-0.0534967513646756,0.0004948597652221881
FAMILY_JOINT_CONTINUOUS_PCA,GABRA1|EXACT_SINGLE_PROTEIN|HSAMP_e75262fc0acfda69d976a6d3|HUMAN_BIOGPS_GNF1H_GCRMA_77_TISSUE_DDOF1,strict18_common_rhr,GABRA1,ParietalLobe,-0.07496326555653718,0.0006934309663166728
FAMILY_JOINT_CONTINUOUS_PCA,GABRA1|EXACT_SINGLE_PROTEIN|HSAMP_eb2587e74e2d6457032d4ae7|HUMAN_BIOGPS_GNF1H_GCRMA_77_TISSUE_DDOF1,strict18_common_rhr,GABRA1,TemporalLobe,-0.015951937498502624,0.00014755983950373447
FAMILY_JOINT_CONTINUOUS_PCA,GABRA1|EXACT_SINGLE_PROTEIN|HSAMP_f43595f3557cf05e6a721aeb|HUMAN_BIOGPS_GNF1H_GCRMA_77_TISSUE_DDOF1,strict18_common_rhr,GABRA1,Thalamus,0.04177414457614858,-0.0003864224060335249
FAMILY_JOINT_CONTINUOUS_PCA,GABRA1|EXACT_SINGLE_PROTEIN|HSAMP_ff841df7ecd9f2c8ea2660f5|HUMAN_BIOGPS_GNF1H_GCRMA_77_TISSUE_DDOF1,strict18_common_rhr,GABRA1,OlfactoryBulb,0.044004782271832875,-0.0004070564224592747
FAMILY_JOINT_CONTINUOUS_PCA,GRIN1|EXACT_SINGLE_PROTEIN|HSAMP_06645e2e8409a5b743985cdd|HUMAN_BIOGPS_GNF1H_GCRMA_77_TISSUE_DDOF1,strict18_common_rhr,GRIN1,Wholebrain,-0.029266145852940132,-0.02059692409722176
FAMILY_JOINT_CONTINUOUS_PCA,GRIN1|EXACT_SINGLE_PROTEIN|HSAMP_0cb8b4d1db8c390eeeecca55|HUMAN_BIOGPS_GNF1H_GCRMA_77_TISSUE_DDOF1,strict18_common_rhr,GRIN1,Pons,-0.01894202472013695,0.018963321950453447
FAMILY_JOINT_CONTINUOUS_PCA,GRIN1|EXACT_SINGLE_PROTEIN|HSAMP_13a552b6ffc4aac3b85a50ca|HUMAN_BIOGPS_GNF1H_GCRMA_77_TISSUE_DDOF1,strict18_common_rhr,GRIN1,Amygdala,-0.07354826513553582,-0.001622200694065558
FAMILY_JOINT_CONTINUOUS_PCA,GRIN1|EXACT_SINGLE_PROTEIN|HSAMP_192dff4b8df5862a227b1163|HUMAN_BIOGPS_GNF1H_GCRMA_77_TISSUE_DDOF1,strict18_common_rhr,GRIN1,SubthalamicNucleus,-0.005762341841077561,0.029183812726728233
FAMILY_JOINT_CONTINUOUS_PCA,GRIN1|EXACT_SINGLE_PROTEIN|HSAMP_20b60708f05d03c76f9fe702|HUMAN_BIOGPS_GNF1H_GCRMA_77_TISSUE_DDOF1,strict18_common_rhr,GRIN1,CerebellumPeduncles,0.02082461737182645,-0.012974410003239468
FAMILY_JOINT_CONTINUOUS_PCA,GRIN1|EXACT_SINGLE_PROTEIN|HSAMP_374f872ebf1bbba2be514f9f|HUMAN_BIOGPS_GNF1H_GCRMA_77_TISSUE_DDOF1,strict18_common_rhr,GRIN1,GlobusPallidus,0.030826514270099085,0.02731246506644089
FAMILY_JOINT_CONTINUOUS_PCA,GRIN1|EXACT_SINGLE_PROTEIN|HSAMP_5c090f15f3e5194312a7e8ed|HUMAN_BIOGPS_GNF1H_GCRMA_77_TISSUE_DDOF1,strict18_common_rhr,GRIN1,MedullaOblongata,-0.03243589743107614,0.002388725551371281
FAMILY_JOINT_CONTINUOUS_PCA,GRIN1|EXACT_SINGLE_PROTEIN|HSAMP_752ebc880edc13bb4e2b2de8|HUMAN_BIOGPS_GNF1H_GCRMA_77_TISSUE_DDOF1,strict18_common_rhr,GRIN1,PrefrontalCortex,-0.08555631855969588,0.014632123058740997
FAMILY_JOINT_CONTINUOUS_PCA,GRIN1|EXACT_SINGLE_PROTEIN|HSAMP_7725bb8a75064c4d7246d9ba|HUMAN_BIOGPS_GNF1H_GCRMA_77_TISSUE_DDOF1,strict18_common_rhr,GRIN1,OccipitalLobe,0.02351142825571722,-0.002700192903285235
FAMILY_JOINT_CONTINUOUS_PCA,GRIN1|EXACT_SINGLE_PROTEIN|HSAMP_8ed020260a1d25cf72324c8a|HUMAN_BIOGPS_GNF1H_GCRMA_77_TISSUE_DDOF1,strict18_common_rhr,GRIN1,Hypothalamus,-0.006990492605967188,0.022071113814106865
FAMILY_JOINT_CONTINUOUS_PCA,GRIN1|EXACT_SINGLE_PROTEIN|HSAMP_936b77a4b11b5c19027de438|HUMAN_BIOGPS_GNF1H_GCRMA_77_TISSUE_DDOF1,strict18_common_rhr,GRIN1,Spinalcord,0.02210366492147703,-0.004806302100513459
FAMILY_JOINT_CONTINUOUS_PCA,GRIN1|EXACT_SINGLE_PROTEIN|HSAMP_9aa72e4fb1ff63e1792b1ec7|HUMAN_BIOGPS_GNF1H_GCRMA_77_TISSUE_DDOF1,strict18_common_rhr,GRIN1,Cerebellum,0.01413855808185661,0.02716880345703975
FAMILY_JOINT_CONTINUOUS_PCA,GRIN1|EXACT_SINGLE_PROTEIN|HSAMP_a32ce488a48b0df9b8c4c40a|HUMAN_BIOGPS_GNF1H_GCRMA_77_TISSUE_DDOF1,strict18_common_rhr,GRIN1,Caudatenucleus,-0.020414724844593845,0.03475117643607972
FAMILY_JOINT_CONTINUOUS_PCA,GRIN1|EXACT_SINGLE_PROTEIN|HSAMP_d99ba5ea584363f8600ade55|HUMAN_BIOGPS_GNF1H_GCRMA_77_TISSUE_DDOF1,strict18_common_rhr,GRIN1,CingulateCortex,0.008965346910088618,0.032846928979749716
FAMILY_JOINT_CONTINUOUS_PCA,GRIN1|EXACT_SINGLE_PROTEIN|HSAMP_e75262fc0acfda69d976a6d3|HUMAN_BIOGPS_GNF1H_GCRMA_77_TISSUE_DDOF1,strict18_common_rhr,GRIN1,ParietalLobe,0.02086531702080156,-0.01250093792391424
FAMILY_JOINT_CONTINUOUS_PCA,GRIN1|EXACT_SINGLE_PROTEIN|HSAMP_eb2587e74e2d6457032d4ae7|HUMAN_BIOGPS_GNF1H_GCRMA_77_TISSUE_DDOF1,strict18_common_rhr,GRIN1,TemporalLobe,-0.014679054843122796,-0.010050085283473488
FAMILY_JOINT_CONTINUOUS_PCA,GRIN1|EXACT_SINGLE_PROTEIN|HSAMP_f43595f3557cf05e6a721aeb|HUMAN_BIOGPS_GNF1H_GCRMA_77_TISSUE_DDOF1,strict18_common_rhr,GRIN1,Thalamus,0.02423834729121997,-0.00036666094970171483
FAMILY_JOINT_CONTINUOUS_PCA,GRIN1|EXACT_SINGLE_PROTEIN|HSAMP_ff841df7ecd9f2c8ea2660f5|HUMAN_BIOGPS_GNF1H_GCRMA_77_TISSUE_DDOF1,strict18_common_rhr,GRIN1,OlfactoryBulb,0.039310795879503604,-0.012031273217399713
FAMILY_JOINT_CONTINUOUS_PCA,GRIN2A|EXACT_SINGLE_PROTEIN|HSAMP_06645e2e8409a5b743985cdd|HUMAN_BIOGPS_GNF1H_GCRMA_77_TISSUE_DDOF1,strict18_common_rhr,GRIN2A,Wholebrain,0.05652436999051868,0.005241674254560813
FAMILY_JOINT_CONTINUOUS_PCA,GRIN2A|EXACT_SINGLE_PROTEIN|HSAMP_0cb8b4d1db8c390eeeecca55|HUMAN_BIOGPS_GNF1H_GCRMA_77_TISSUE_DDOF1,strict18_common_rhr,GRIN2A,Pons,-0.05790766585384505,0.00033474922352594663
FAMILY_JOINT_CONTINUOUS_PCA,GRIN2A|EXACT_SINGLE_PROTEIN|HSAMP_13a552b6ffc4aac3b85a50ca|HUMAN_BIOGPS_GNF1H_GCRMA_77_TISSUE_DDOF1,strict18_common_rhr,GRIN2A,Amygdala,0.008513305166650914,0.035542779455688796
FAMILY_JOINT_CONTINUOUS_PCA,GRIN2A|EXACT_SINGLE_PROTEIN|HSAMP_192dff4b8df5862a227b1163|HUMAN_BIOGPS_GNF1H_GCRMA_77_TISSUE_DDOF1,strict18_common_rhr,GRIN2A,SubthalamicNucleus,-0.08677105780158155,0.014160798479264705
FAMILY_JOINT_CONTINUOUS_PCA,GRIN2A|EXACT_SINGLE_PROTEIN|HSAMP_20b60708f05d03c76f9fe702|HUMAN_BIOGPS_GNF1H_GCRMA_77_TISSUE_DDOF1,strict18_common_rhr,GRIN2A,CerebellumPeduncles,-0.00030989605189477525,-0.010053117828684455
FAMILY_JOINT_CONTINUOUS_PCA,GRIN2A|EXACT_SINGLE_PROTEIN|HSAMP_374f872ebf1bbba2be514f9f|HUMAN_BIOGPS_GNF1H_GCRMA_77_TISSUE_DDOF1,strict18_common_rhr,GRIN2A,GlobusPallidus,0.05616297023273655,-0.005024930104729057
FAMILY_JOINT_CONTINUOUS_PCA,GRIN2A|EXACT_SINGLE_PROTEIN|HSAMP_5c090f15f3e5194312a7e8ed|HUMAN_BIOGPS_GNF1H_GCRMA_77_TISSUE_DDOF1,strict18_common_rhr,GRIN2A,MedullaOblongata,-0.0616423210496539,0.0010859815935669239
FAMILY_JOINT_CONTINUOUS_PCA,GRIN2A|EXACT_SINGLE_PROTEIN|HSAMP_752ebc880edc13bb4e2b2de8|HUMAN_BIOGPS_GNF1H_GCRMA_77_TISSUE_DDOF1,strict18_common_rhr,GRIN2A,PrefrontalCortex,-0.027180755513441148,0.0014439939121007638
FAMILY_JOINT_CONTINUOUS_PCA,GRIN2A|EXACT_SINGLE_PROTEIN|HSAMP_7725bb8a75064c4d7246d9ba|HUMAN_BIOGPS_GNF1H_GCRMA_77_TISSUE_DDOF1,strict18_common_rhr,GRIN2A,OccipitalLobe,-0.05187637313915107,-0.0021606896936029003
FAMILY_JOINT_CONTINUOUS_PCA,GRIN2A|EXACT_SINGLE_PROTEIN|HSAMP_8ed020260a1d25cf72324c8a|HUMAN_BIOGPS_GNF1H_GCRMA_77_TISSUE_DDOF1,strict18_common_rhr,GRIN2A,Hypothalamus,0.02035674477489635,-0.01278796387141744
FAMILY_JOINT_CONTINUOUS_PCA,GRIN2A|EXACT_SINGLE_PROTEIN|HSAMP_936b77a4b11b5c19027de438|HUMAN_BIOGPS_GNF1H_GCRMA_77_TISSUE_DDOF1,strict18_common_rhr,GRIN2A,Spinalcord,0.02042220575501262,-0.00996453729382776
FAMILY_JOINT_CONTINUOUS_PCA,GRIN2A|EXACT_SINGLE_PROTEIN|HSAMP_9aa72e4fb1ff63e1792b1ec7|HUMAN_BIOGPS_GNF1H_GCRMA_77_TISSUE_DDOF1,strict18_common_rhr,GRIN2A,Cerebellum,0.040724362459908216,0.09828235218264071
FAMILY_JOINT_CONTINUOUS_PCA,GRIN2A|EXACT_SINGLE_PROTEIN|HSAMP_a32ce488a48b0df9b8c4c40a|HUMAN_BIOGPS_GNF1H_GCRMA_77_TISSUE_DDOF1,strict18_common_rhr,GRIN2A,Caudatenucleus,0.04157221979539689,0.05073050229967458
FAMILY_JOINT_CONTINUOUS_PCA,GRIN2A|EXACT_SINGLE_PROTEIN|HSAMP_d99ba5ea584363f8600ade55|HUMAN_BIOGPS_GNF1H_GCRMA_77_TISSUE_DDOF1,strict18_common_rhr,GRIN2A,CingulateCortex,-0.06619247584056918,0.005513409668073027
FAMILY_JOINT_CONTINUOUS_PCA,GRIN2A|EXACT_SINGLE_PROTEIN|HSAMP_e75262fc0acfda69d976a6d3|HUMAN_BIOGPS_GNF1H_GCRMA_77_TISSUE_DDOF1,strict18_common_rhr,GRIN2A,ParietalLobe,-0.06968996429250258,0.00920395265056022
FAMILY_JOINT_CONTINUOUS_PCA,GRIN2A|EXACT_SINGLE_PROTEIN|HSAMP_eb2587e74e2d6457032d4ae7|HUMAN_BIOGPS_GNF1H_GCRMA_77_TISSUE_DDOF1,strict18_common_rhr,GRIN2A,TemporalLobe,-0.05018134772288275,-0.008637866822110195
FAMILY_JOINT_CONTINUOUS_PCA,GRIN2A|EXACT_SINGLE_PROTEIN|HSAMP_f43595f3557cf05e6a721aeb|HUMAN_BIOGPS_GNF1H_GCRMA_77_TISSUE_DDOF1,strict18_common_rhr,GRIN2A,Thalamus,0.03041273575434536,-0.0016415145723291163
FAMILY_JOINT_CONTINUOUS_PCA,GRIN2A|EXACT_SINGLE_PROTEIN|HSAMP_ff841df7ecd9f2c8ea2660f5|HUMAN_BIOGPS_GNF1H_GCRMA_77_TISSUE_DDOF1,strict18_common_rhr,GRIN2A,OlfactoryBulb,0.07233616767831474,-0.012975142687068912
FAMILY_JOINT_CONTINUOUS_PCA,GRIN2B|EXACT_SINGLE_PROTEIN|HSAMP_06645e2e8409a5b743985cdd|HUMAN_BIOGPS_GNF1H_GCRMA_77_TISSUE_DDOF1,strict18_common_rhr,GRIN2B,Wholebrain,0.10690461144838559,-0.044654750836786196
FAMILY_JOINT_CONTINUOUS_PCA,GRIN2B|EXACT_SINGLE_PROTEIN|HSAMP_0cb8b4d1db8c390eeeecca55|HUMAN_BIOGPS_GNF1H_GCRMA_77_TISSUE_DDOF1,strict18_common_rhr,GRIN2B,Pons,0.032986370763039036,0.003321542386671268
FAMILY_JOINT_CONTINUOUS_PCA,GRIN2B|EXACT_SINGLE_PROTEIN|HSAMP_13a552b6ffc4aac3b85a50ca|HUMAN_BIOGPS_GNF1H_GCRMA_77_TISSUE_DDOF1,strict18_common_rhr,GRIN2B,Amygdala,-0.015360965577208374,0.03004928804261332
FAMILY_JOINT_CONTINUOUS_PCA,GRIN2B|EXACT_SINGLE_PROTEIN|HSAMP_192dff4b8df5862a227b1163|HUMAN_BIOGPS_GNF1H_GCRMA_77_TISSUE_DDOF1,strict18_common_rhr,GRIN2B,SubthalamicNucleus,0.011573160661534816,0.020438053769501904
FAMILY_JOINT_CONTINUOUS_PCA,GRIN2B|EXACT_SINGLE_PROTEIN|HSAMP_20b60708f05d03c76f9fe702|HUMAN_BIOGPS_GNF1H_GCRMA_77_TISSUE_DDOF1,strict18_common_rhr,GRIN2B,CerebellumPeduncles,-0.03867527141471099,0.024007620616926306
FAMILY_JOINT_CONTINUOUS_PCA,GRIN2B|EXACT_SINGLE_PROTEIN|HSAMP_374f872ebf1bbba2be514f9f|HUMAN_BIOGPS_GNF1H_GCRMA_77_TISSUE_DDOF1,strict18_common_rhr,GRIN2B,GlobusPallidus,0.13683925846193015,-0.05888151379668067
FAMILY_JOINT_CONTINUOUS_PCA,GRIN2B|EXACT_SINGLE_PROTEIN|HSAMP_5c090f15f3e5194312a7e8ed|HUMAN_BIOGPS_GNF1H_GCRMA_77_TISSUE_DDOF1,strict18_common_rhr,GRIN2B,MedullaOblongata,0.07348843091620569,-0.031658211660324787
FAMILY_JOINT_CONTINUOUS_PCA,GRIN2B|EXACT_SINGLE_PROTEIN|HSAMP_752ebc880edc13bb4e2b2de8|HUMAN_BIOGPS_GNF1H_GCRMA_77_TISSUE_DDOF1,strict18_common_rhr,GRIN2B,PrefrontalCortex,-0.053568943832490876,0.03128519989729076
FAMILY_JOINT_CONTINUOUS_PCA,GRIN2B|EXACT_SINGLE_PROTEIN|HSAMP_7725bb8a75064c4d7246d9ba|HUMAN_BIOGPS_GNF1H_GCRMA_77_TISSUE_DDOF1,strict18_common_rhr,GRIN2B,OccipitalLobe,0.07311421152161353,-0.034311416654432186
FAMILY_JOINT_CONTINUOUS_PCA,GRIN2B|EXACT_SINGLE_PROTEIN|HSAMP_8ed020260a1d25cf72324c8a|HUMAN_BIOGPS_GNF1H_GCRMA_77_TISSUE_DDOF1,strict18_common_rhr,GRIN2B,Hypothalamus,-0.024442884036222797,0.021761614688199857
FAMILY_JOINT_CONTINUOUS_PCA,GRIN2B|EXACT_SINGLE_PROTEIN|HSAMP_936b77a4b11b5c19027de438|HUMAN_BIOGPS_GNF1H_GCRMA_77_TISSUE_DDOF1,strict18_common_rhr,GRIN2B,Spinalcord,-0.023293288457972596,0.017251686799839225
FAMILY_JOINT_CONTINUOUS_PCA,GRIN2B|EXACT_SINGLE_PROTEIN|HSAMP_9aa72e4fb1ff63e1792b1ec7|HUMAN_BIOGPS_GNF1H_GCRMA_77_TISSUE_DDOF1,strict18_common_rhr,GRIN2B,Cerebellum,0.10407788421978044,-0.028316873756373005
FAMILY_JOINT_CONTINUOUS_PCA,GRIN2B|EXACT_SINGLE_PROTEIN|HSAMP_a32ce488a48b0df9b8c4c40a|HUMAN_BIOGPS_GNF1H_GCRMA_77_TISSUE_DDOF1,strict18_common_rhr,GRIN2B,Caudatenucleus,0.021526150231854935,0.16109268441538097
FAMILY_JOINT_CONTINUOUS_PCA,GRIN2B|EXACT_SINGLE_PROTEIN|HSAMP_d99ba5ea584363f8600ade55|HUMAN_BIOGPS_GNF1H_GCRMA_77_TISSUE_DDOF1,strict18_common_rhr,GRIN2B,CingulateCortex,-0.0157217318317353,0.014272034446431029
FAMILY_JOINT_CONTINUOUS_PCA,GRIN2B|EXACT_SINGLE_PROTEIN|HSAMP_e75262fc0acfda69d976a6d3|HUMAN_BIOGPS_GNF1H_GCRMA_77_TISSUE_DDOF1,strict18_common_rhr,GRIN2B,ParietalLobe,-0.026582860661080787,0.018422930196919998
FAMILY_JOINT_CONTINUOUS_PCA,GRIN2B|EXACT_SINGLE_PROTEIN|HSAMP_eb2587e74e2d6457032d4ae7|HUMAN_BIOGPS_GNF1H_GCRMA_77_TISSUE_DDOF1,strict18_common_rhr,GRIN2B,TemporalLobe,0.057777173487198685,-0.021221135798691344
FAMILY_JOINT_CONTINUOUS_PCA,GRIN2B|EXACT_SINGLE_PROTEIN|HSAMP_f43595f3557cf05e6a721aeb|HUMAN_BIOGPS_GNF1H_GCRMA_77_TISSUE_DDOF1,strict18_common_rhr,GRIN2B,Thalamus,-0.011434809458576828,0.013595634618710516
FAMILY_JOINT_CONTINUOUS_PCA,GRIN2B|EXACT_SINGLE_PROTEIN|HSAMP_ff841df7ecd9f2c8ea2660f5|HUMAN_BIOGPS_GNF1H_GCRMA_77_TISSUE_DDOF1,strict18_common_rhr,GRIN2B,OlfactoryBulb,0.1260778914835562,-0.051443705876917906
FAMILY_JOINT_CONTINUOUS_PCA,GRIN2C|EXACT_SINGLE_PROTEIN|HSAMP_06645e2e8409a5b743985cdd|HUMAN_BIOGPS_GNF1H_GCRMA_77_TISSUE_DDOF1,strict18_common_rhr,GRIN2C,Wholebrain,0.0590764071990141,-0.004704790567945001
FAMILY_JOINT_CONTINUOUS_PCA,GRIN2C|EXACT_SINGLE_PROTEIN|HSAMP_0cb8b4d1db8c390eeeecca55|HUMAN_BIOGPS_GNF1H_GCRMA_77_TISSUE_DDOF1,strict18_common_rhr,GRIN2C,Pons,0.044781472235782056,-0.003566355135373132
FAMILY_JOINT_CONTINUOUS_PCA,GRIN2C|EXACT_SINGLE_PROTEIN|HSAMP_13a552b6ffc4aac3b85a50ca|HUMAN_BIOGPS_GNF1H_GCRMA_77_TISSUE_DDOF1,strict18_common_rhr,GRIN2C,Amygdala,-0.07038813262650062,0.005605645945273059
FAMILY_JOINT_CONTINUOUS_PCA,GRIN2C|EXACT_SINGLE_PROTEIN|HSAMP_192dff4b8df5862a227b1163|HUMAN_BIOGPS_GNF1H_GCRMA_77_TISSUE_DDOF1,strict18_common_rhr,GRIN2C,SubthalamicNucleus,0.05109607113951647,-0.004069243966485804
FAMILY_JOINT_CONTINUOUS_PCA,GRIN2C|EXACT_SINGLE_PROTEIN|HSAMP_20b60708f05d03c76f9fe702|HUMAN_BIOGPS_GNF1H_GCRMA_77_TISSUE_DDOF1,strict18_common_rhr,GRIN2C,CerebellumPeduncles,-0.07243251516914487,0.005768458684907342
FAMILY_JOINT_CONTINUOUS_PCA,GRIN2C|EXACT_SINGLE_PROTEIN|HSAMP_374f872ebf1bbba2be514f9f|HUMAN_BIOGPS_GNF1H_GCRMA_77_TISSUE_DDOF1,strict18_common_rhr,GRIN2C,GlobusPallidus,0.04393405927884138,-0.003498867949269534
FAMILY_JOINT_CONTINUOUS_PCA,GRIN2C|EXACT_SINGLE_PROTEIN|HSAMP_5c090f15f3e5194312a7e8ed|HUMAN_BIOGPS_GNF1H_GCRMA_77_TISSUE_DDOF1,strict18_common_rhr,GRIN2C,MedullaOblongata,0.047831835585653314,-0.003809283258421236
FAMILY_JOINT_CONTINUOUS_PCA,GRIN2C|EXACT_SINGLE_PROTEIN|HSAMP_752ebc880edc13bb4e2b2de8|HUMAN_BIOGPS_GNF1H_GCRMA_77_TISSUE_DDOF1,strict18_common_rhr,GRIN2C,PrefrontalCortex,-0.03196675852663499,0.0025458031578871458
FAMILY_JOINT_CONTINUOUS_PCA,GRIN2C|EXACT_SINGLE_PROTEIN|HSAMP_7725bb8a75064c4d7246d9ba|HUMAN_BIOGPS_GNF1H_GCRMA_77_TISSUE_DDOF1,strict18_common_rhr,GRIN2C,OccipitalLobe,0.05319041625417815,-0.004236035679263644
FAMILY_JOINT_CONTINUOUS_PCA,GRIN2C|EXACT_SINGLE_PROTEIN|HSAMP_8ed020260a1d25cf72324c8a|HUMAN_BIOGPS_GNF1H_GCRMA_77_TISSUE_DDOF1,strict18_common_rhr,GRIN2C,Hypothalamus,0.040396674726774766,-0.0032171539069837107
FAMILY_JOINT_CONTINUOUS_PCA,GRIN2C|EXACT_SINGLE_PROTEIN|HSAMP_936b77a4b11b5c19027de438|HUMAN_BIOGPS_GNF1H_GCRMA_77_TISSUE_DDOF1,strict18_common_rhr,GRIN2C,Spinalcord,0.016922101926707345,-0.0013476605858304329
FAMILY_JOINT_CONTINUOUS_PCA,GRIN2C|EXACT_SINGLE_PROTEIN|HSAMP_9aa72e4fb1ff63e1792b1ec7|HUMAN_BIOGPS_GNF1H_GCRMA_77_TISSUE_DDOF1,strict18_common_rhr,GRIN2C,Cerebellum,-0.0391691525945758,0.0031193951768354383
FAMILY_JOINT_CONTINUOUS_PCA,GRIN2C|EXACT_SINGLE_PROTEIN|HSAMP_a32ce488a48b0df9b8c4c40a|HUMAN_BIOGPS_GNF1H_GCRMA_77_TISSUE_DDOF1,strict18_common_rhr,GRIN2C,Caudatenucleus,0.049985685603131366,-0.003980813886762718
FAMILY_JOINT_CONTINUOUS_PCA,GRIN2C|EXACT_SINGLE_PROTEIN|HSAMP_d99ba5ea584363f8600ade55|HUMAN_BIOGPS_GNF1H_GCRMA_77_TISSUE_DDOF1,strict18_common_rhr,GRIN2C,CingulateCortex,0.013897943990533556,-0.0011068194377534992
FAMILY_JOINT_CONTINUOUS_PCA,GRIN2C|EXACT_SINGLE_PROTEIN|HSAMP_e75262fc0acfda69d976a6d3|HUMAN_BIOGPS_GNF1H_GCRMA_77_TISSUE_DDOF1,strict18_common_rhr,GRIN2C,ParietalLobe,0.016922101926707345,-0.0013476605858304329
FAMILY_JOINT_CONTINUOUS_PCA,GRIN2C|EXACT_SINGLE_PROTEIN|HSAMP_eb2587e74e2d6457032d4ae7|HUMAN_BIOGPS_GNF1H_GCRMA_77_TISSUE_DDOF1,strict18_common_rhr,GRIN2C,TemporalLobe,-0.01897089751828861,0.0015108247766115687
FAMILY_JOINT_CONTINUOUS_PCA,GRIN2C|EXACT_SINGLE_PROTEIN|HSAMP_f43595f3557cf05e6a721aeb|HUMAN_BIOGPS_GNF1H_GCRMA_77_TISSUE_DDOF1,strict18_common_rhr,GRIN2C,Thalamus,-0.0022364894632560047,0.0001781119575632137
FAMILY_JOINT_CONTINUOUS_PCA,GRIN2C|EXACT_SINGLE_PROTEIN|HSAMP_ff841df7ecd9f2c8ea2660f5|HUMAN_BIOGPS_GNF1H_GCRMA_77_TISSUE_DDOF1,strict18_common_rhr,GRIN2C,OlfactoryBulb,0.07176046175809814,-0.005714936971260454
FAMILY_JOINT_CONTINUOUS_PCA,GRIN2D|EXACT_SINGLE_PROTEIN|HSAMP_06645e2e8409a5b743985cdd|HUMAN_BIOGPS_GNF1H_GCRMA_77_TISSUE_DDOF1,strict18_common_rhr,GRIN2D,Wholebrain,0.07537424362978194,-0.006002735225599636
FAMILY_JOINT_CONTINUOUS_PCA,GRIN2D|EXACT_SINGLE_PROTEIN|HSAMP_0cb8b4d1db8c390eeeecca55|HUMAN_BIOGPS_GNF1H_GCRMA_77_TISSUE_DDOF1,strict18_common_rhr,GRIN2D,Pons,0.02817354940439618,-0.0022437154828459194
FAMILY_JOINT_CONTINUOUS_PCA,GRIN2D|EXACT_SINGLE_PROTEIN|HSAMP_13a552b6ffc4aac3b85a50ca|HUMAN_BIOGPS_GNF1H_GCRMA_77_TISSUE_DDOF1,strict18_common_rhr,GRIN2D,Amygdala,-0.022369141154652442,0.001781457764736987
FAMILY_JOINT_CONTINUOUS_PCA,GRIN2D|EXACT_SINGLE_PROTEIN|HSAMP_192dff4b8df5862a227b1163|HUMAN_BIOGPS_GNF1H_GCRMA_77_TISSUE_DDOF1,strict18_common_rhr,GRIN2D,SubthalamicNucleus,0.057988481308998,-0.004618149153738401
FAMILY_JOINT_CONTINUOUS_PCA,GRIN2D|EXACT_SINGLE_PROTEIN|HSAMP_20b60708f05d03c76f9fe702|HUMAN_BIOGPS_GNF1H_GCRMA_77_TISSUE_DDOF1,strict18_common_rhr,GRIN2D,CerebellumPeduncles,-0.03365683391227439,0.002680399202407933
FAMILY_JOINT_CONTINUOUS_PCA,GRIN2D|EXACT_SINGLE_PROTEIN|HSAMP_374f872ebf1bbba2be514f9f|HUMAN_BIOGPS_GNF1H_GCRMA_77_TISSUE_DDOF1,strict18_common_rhr,GRIN2D,GlobusPallidus,0.13752942622394057,-0.010952716625667113
FAMILY_JOINT_CONTINUOUS_PCA,GRIN2D|EXACT_SINGLE_PROTEIN|HSAMP_5c090f15f3e5194312a7e8ed|HUMAN_BIOGPS_GNF1H_GCRMA_77_TISSUE_DDOF1,strict18_common_rhr,GRIN2D,MedullaOblongata,0.057988481308998,-0.004618149153738401
FAMILY_JOINT_CONTINUOUS_PCA,GRIN2D|EXACT_SINGLE_PROTEIN|HSAMP_752ebc880edc13bb4e2b2de8|HUMAN_BIOGPS_GNF1H_GCRMA_77_TISSUE_DDOF1,strict18_common_rhr,GRIN2D,PrefrontalCortex,-0.05336239218690357,0.004249731683888104
FAMILY_JOINT_CONTINUOUS_PCA,GRIN2D|EXACT_SINGLE_PROTEIN|HSAMP_7725bb8a75064c4d7246d9ba|HUMAN_BIOGPS_GNF1H_GCRMA_77_TISSUE_DDOF1,strict18_common_rhr,GRIN2D,OccipitalLobe,0.06334030102104285,-0.005044363138244058
FAMILY_JOINT_CONTINUOUS_PCA,GRIN2D|EXACT_SINGLE_PROTEIN|HSAMP_8ed020260a1d25cf72324c8a|HUMAN_BIOGPS_GNF1H_GCRMA_77_TISSUE_DDOF1,strict18_common_rhr,GRIN2D,Hypothalamus,-0.024387701137005176,0.001942214019493717
FAMILY_JOINT_CONTINUOUS_PCA,GRIN2D|EXACT_SINGLE_PROTEIN|HSAMP_936b77a4b11b5c19027de438|HUMAN_BIOGPS_GNF1H_GCRMA_77_TISSUE_DDOF1,strict18_common_rhr,GRIN2D,Spinalcord,-0.022369141154652442,0.001781457764736987
FAMILY_JOINT_CONTINUOUS_PCA,GRIN2D|EXACT_SINGLE_PROTEIN|HSAMP_9aa72e4fb1ff63e1792b1ec7|HUMAN_BIOGPS_GNF1H_GCRMA_77_TISSUE_DDOF1,strict18_common_rhr,GRIN2D,Cerebellum,0.10070022367086977,-0.00801967291139804
FAMILY_JOINT_CONTINUOUS_PCA,GRIN2D|EXACT_SINGLE_PROTEIN|HSAMP_a32ce488a48b0df9b8c4c40a|HUMAN_BIOGPS_GNF1H_GCRMA_77_TISSUE_DDOF1,strict18_common_rhr,GRIN2D,Caudatenucleus,0.057988481308998,-0.004618149153738401
FAMILY_JOINT_CONTINUOUS_PCA,GRIN2D|EXACT_SINGLE_PROTEIN|HSAMP_d99ba5ea584363f8600ade55|HUMAN_BIOGPS_GNF1H_GCRMA_77_TISSUE_DDOF1,strict18_common_rhr,GRIN2D,CingulateCortex,-0.0074824011238426216,0.0005958915225571006
FAMILY_JOINT_CONTINUOUS_PCA,GRIN2D|EXACT_SINGLE_PROTEIN|HSAMP_e75262fc0acfda69d976a6d3|HUMAN_BIOGPS_GNF1H_GCRMA_77_TISSUE_DDOF1,strict18_common_rhr,GRIN2D,ParietalLobe,-0.022369141154652442,0.001781457764736987
FAMILY_JOINT_CONTINUOUS_PCA,GRIN2D|EXACT_SINGLE_PROTEIN|HSAMP_eb2587e74e2d6457032d4ae7|HUMAN_BIOGPS_GNF1H_GCRMA_77_TISSUE_DDOF1,strict18_common_rhr,GRIN2D,TemporalLobe,0.0532683220614206,-0.004242240025879726
FAMILY_JOINT_CONTINUOUS_PCA,GRIN2D|EXACT_SINGLE_PROTEIN|HSAMP_f43595f3557cf05e6a721aeb|HUMAN_BIOGPS_GNF1H_GCRMA_77_TISSUE_DDOF1,strict18_common_rhr,GRIN2D,Thalamus,-0.012069010654277628,0.0009611648741503363
FAMILY_JOINT_CONTINUOUS_PCA,GRIN2D|EXACT_SINGLE_PROTEIN|HSAMP_ff841df7ecd9f2c8ea2660f5|HUMAN_BIOGPS_GNF1H_GCRMA_77_TISSUE_DDOF1,strict18_common_rhr,GRIN2D,OlfactoryBulb,0.11102184143485067,-0.008841677027835414
FAMILY_JOINT_CONTINUOUS_PCA,GRIN3A|EXACT_SINGLE_PROTEIN|HSAMP_06645e2e8409a5b743985cdd|HUMAN_BIOGPS_GNF1H_GCRMA_77_TISSUE_DDOF1,strict18_common_rhr,GRIN3A,Wholebrain,0.044178456761616976,-0.003518331539327179
FAMILY_JOINT_CONTINUOUS_PCA,GRIN3A|EXACT_SINGLE_PROTEIN|HSAMP_0cb8b4d1db8c390eeeecca55|HUMAN_BIOGPS_GNF1H_GCRMA_77_TISSUE_DDOF1,strict18_common_rhr,GRIN3A,Pons,0.01797106017535999,-0.0014311986530285837
FAMILY_JOINT_CONTINUOUS_PCA,GRIN3A|EXACT_SINGLE_PROTEIN|HSAMP_13a552b6ffc4aac3b85a50ca|HUMAN_BIOGPS_GNF1H_GCRMA_77_TISSUE_DDOF1,strict18_common_rhr,GRIN3A,Amygdala,0.0699374658334471,-0.005569755257640108
FAMILY_JOINT_CONTINUOUS_PCA,GRIN3A|EXACT_SINGLE_PROTEIN|HSAMP_192dff4b8df5862a227b1163|HUMAN_BIOGPS_GNF1H_GCRMA_77_TISSUE_DDOF1,strict18_common_rhr,GRIN3A,SubthalamicNucleus,0.018883783263318327,-0.0015038870777142658
FAMILY_JOINT_CONTINUOUS_PCA,GRIN3A|EXACT_SINGLE_PROTEIN|HSAMP_20b60708f05d03c76f9fe702|HUMAN_BIOGPS_GNF1H_GCRMA_77_TISSUE_DDOF1,strict18_common_rhr,GRIN3A,CerebellumPeduncles,-0.017185585944719056,0.0013686442099458407
FAMILY_JOINT_CONTINUOUS_PCA,GRIN3A|EXACT_SINGLE_PROTEIN|HSAMP_374f872ebf1bbba2be514f9f|HUMAN_BIOGPS_GNF1H_GCRMA_77_TISSUE_DDOF1,strict18_common_rhr,GRIN3A,GlobusPallidus,0.018883783263318327,-0.0015038870777142658
FAMILY_JOINT_CONTINUOUS_PCA,GRIN3A|EXACT_SINGLE_PROTEIN|HSAMP_5c090f15f3e5194312a7e8ed|HUMAN_BIOGPS_GNF1H_GCRMA_77_TISSUE_DDOF1,strict18_common_rhr,GRIN3A,MedullaOblongata,0.004054638782870081,-0.00032290769203010086
FAMILY_JOINT_CONTINUOUS_PCA,GRIN3A|EXACT_SINGLE_PROTEIN|HSAMP_752ebc880edc13bb4e2b2de8|HUMAN_BIOGPS_GNF1H_GCRMA_77_TISSUE_DDOF1,strict18_common_rhr,GRIN3A,PrefrontalCortex,0.12457590618536152,-0.009921110240160846
FAMILY_JOINT_CONTINUOUS_PCA,GRIN3A|EXACT_SINGLE_PROTEIN|HSAMP_7725bb8a75064c4d7246d9ba|HUMAN_BIOGPS_GNF1H_GCRMA_77_TISSUE_DDOF1,strict18_common_rhr,GRIN3A,OccipitalLobe,-0.01030047099037997,0.0008203200068963187
FAMILY_JOINT_CONTINUOUS_PCA,GRIN3A|EXACT_SINGLE_PROTEIN|HSAMP_8ed020260a1d25cf72324c8a|HUMAN_BIOGPS_GNF1H_GCRMA_77_TISSUE_DDOF1,strict18_common_rhr,GRIN3A,Hypothalamus,0.03680773856751186,-0.0029313343422602382
FAMILY_JOINT_CONTINUOUS_PCA,GRIN3A|EXACT_SINGLE_PROTEIN|HSAMP_936b77a4b11b5c19027de438|HUMAN_BIOGPS_GNF1H_GCRMA_77_TISSUE_DDOF1,strict18_common_rhr,GRIN3A,Spinalcord,-0.014486234107807817,0.001153670319961304
FAMILY_JOINT_CONTINUOUS_PCA,GRIN3A|EXACT_SINGLE_PROTEIN|HSAMP_9aa72e4fb1ff63e1792b1ec7|HUMAN_BIOGPS_GNF1H_GCRMA_77_TISSUE_DDOF1,strict18_common_rhr,GRIN3A,Cerebellum,0.01797106017535999,-0.0014311986530285837
FAMILY_JOINT_CONTINUOUS_PCA,GRIN3A|EXACT_SINGLE_PROTEIN|HSAMP_a32ce488a48b0df9b8c4c40a|HUMAN_BIOGPS_GNF1H_GCRMA_77_TISSUE_DDOF1,strict18_common_rhr,GRIN3A,Caudatenucleus,-0.020031197945495204,0.0015952661244474384
FAMILY_JOINT_CONTINUOUS_PCA,GRIN3A|EXACT_SINGLE_PROTEIN|HSAMP_d99ba5ea584363f8600ade55|HUMAN_BIOGPS_GNF1H_GCRMA_77_TISSUE_DDOF1,strict18_common_rhr,GRIN3A,CingulateCortex,-0.01030047099037997,0.0008203200068963187
FAMILY_JOINT_CONTINUOUS_PCA,GRIN3A|EXACT_SINGLE_PROTEIN|HSAMP_e75262fc0acfda69d976a6d3|HUMAN_BIOGPS_GNF1H_GCRMA_77_TISSUE_DDOF1,strict18_common_rhr,GRIN3A,ParietalLobe,-0.01030047099037997,0.0008203200068963187
FAMILY_JOINT_CONTINUOUS_PCA,GRIN3A|EXACT_SINGLE_PROTEIN|HSAMP_eb2587e74e2d6457032d4ae7|HUMAN_BIOGPS_GNF1H_GCRMA_77_TISSUE_DDOF1,strict18_common_rhr,GRIN3A,TemporalLobe,0.01797106017535999,-0.0014311986530285837
FAMILY_JOINT_CONTINUOUS_PCA,GRIN3A|EXACT_SINGLE_PROTEIN|HSAMP_f43595f3557cf05e6a721aeb|HUMAN_BIOGPS_GNF1H_GCRMA_77_TISSUE_DDOF1,strict18_common_rhr,GRIN3A,Thalamus,-0.022370744409072846,0.0017815854464400154
FAMILY_JOINT_CONTINUOUS_PCA,GRIN3A|EXACT_SINGLE_PROTEIN|HSAMP_ff841df7ecd9f2c8ea2660f5|HUMAN_BIOGPS_GNF1H_GCRMA_77_TISSUE_DDOF1,strict18_common_rhr,GRIN3A,OlfactoryBulb,0.018883783263318327,-0.0015038870777142658
FAMILY_JOINT_CONTINUOUS_PCA,HRH1|EXACT_SINGLE_PROTEIN|HSAMP_06645e2e8409a5b743985cdd|HUMAN_BIOGPS_GNF1H_GCRMA_77_TISSUE_DDOF1,strict18_common_rhr,HRH1,Wholebrain,0.062341331061810314,0.025921518344645046
FAMILY_JOINT_CONTINUOUS_PCA,HRH1|EXACT_SINGLE_PROTEIN|HSAMP_0cb8b4d1db8c390eeeecca55|HUMAN_BIOGPS_GNF1H_GCRMA_77_TISSUE_DDOF1,strict18_common_rhr,HRH1,Pons,0.030906832168763283,0.012851057290437508
FAMILY_JOINT_CONTINUOUS_PCA,HRH1|EXACT_SINGLE_PROTEIN|HSAMP_13a552b6ffc4aac3b85a50ca|HUMAN_BIOGPS_GNF1H_GCRMA_77_TISSUE_DDOF1,strict18_common_rhr,HRH1,Amygdala,-0.014001865867540316,-0.005821974230624772
FAMILY_JOINT_CONTINUOUS_PCA,HRH1|EXACT_SINGLE_PROTEIN|HSAMP_192dff4b8df5862a227b1163|HUMAN_BIOGPS_GNF1H_GCRMA_77_TISSUE_DDOF1,strict18_common_rhr,HRH1,SubthalamicNucleus,0.03684428582755456,0.015319849844517574
FAMILY_JOINT_CONTINUOUS_PCA,HRH1|EXACT_SINGLE_PROTEIN|HSAMP_20b60708f05d03c76f9fe702|HUMAN_BIOGPS_GNF1H_GCRMA_77_TISSUE_DDOF1,strict18_common_rhr,HRH1,CerebellumPeduncles,-0.014770511681542333,-0.006141577072412412
FAMILY_JOINT_CONTINUOUS_PCA,HRH1|EXACT_SINGLE_PROTEIN|HSAMP_374f872ebf1bbba2be514f9f|HUMAN_BIOGPS_GNF1H_GCRMA_77_TISSUE_DDOF1,strict18_common_rhr,HRH1,GlobusPallidus,0.06396488602983527,0.02659659231516172
FAMILY_JOINT_CONTINUOUS_PCA,HRH1|EXACT_SINGLE_PROTEIN|HSAMP_5c090f15f3e5194312a7e8ed|HUMAN_BIOGPS_GNF1H_GCRMA_77_TISSUE_DDOF1,strict18_common_rhr,HRH1,MedullaOblongata,-0.013780169599940027,-0.005729792947843923
FAMILY_JOINT_CONTINUOUS_PCA,HRH1|EXACT_SINGLE_PROTEIN|HSAMP_752ebc880edc13bb4e2b2de8|HUMAN_BIOGPS_GNF1H_GCRMA_77_TISSUE_DDOF1,strict18_common_rhr,HRH1,PrefrontalCortex,-0.035023126108261284,-0.01456261184096235
FAMILY_JOINT_CONTINUOUS_PCA,HRH1|EXACT_SINGLE_PROTEIN|HSAMP_7725bb8a75064c4d7246d9ba|HUMAN_BIOGPS_GNF1H_GCRMA_77_TISSUE_DDOF1,strict18_common_rhr,HRH1,OccipitalLobe,0.04992867065856214,0.02076033556480268
FAMILY_JOINT_CONTINUOUS_PCA,HRH1|EXACT_SINGLE_PROTEIN|HSAMP_8ed020260a1d25cf72324c8a|HUMAN_BIOGPS_GNF1H_GCRMA_77_TISSUE_DDOF1,strict18_common_rhr,HRH1,Hypothalamus,-0.0033042024697943436,-0.0013738870100522787
FAMILY_JOINT_CONTINUOUS_PCA,HRH1|EXACT_SINGLE_PROTEIN|HSAMP_936b77a4b11b5c19027de438|HUMAN_BIOGPS_GNF1H_GCRMA_77_TISSUE_DDOF1,strict18_common_rhr,HRH1,Spinalcord,-0.0025433738760935833,-0.0010575345675741263
FAMILY_JOINT_CONTINUOUS_PCA,HRH1|EXACT_SINGLE_PROTEIN|HSAMP_9aa72e4fb1ff63e1792b1ec7|HUMAN_BIOGPS_GNF1H_GCRMA_77_TISSUE_DDOF1,strict18_common_rhr,HRH1,Cerebellum,0.0660471162362798,0.027462383397495273
FAMILY_JOINT_CONTINUOUS_PCA,HRH1|EXACT_SINGLE_PROTEIN|HSAMP_a32ce488a48b0df9b8c4c40a|HUMAN_BIOGPS_GNF1H_GCRMA_77_TISSUE_DDOF1,strict18_common_rhr,HRH1,Caudatenucleus,0.05260796338622686,0.021874385175357114
FAMILY_JOINT_CONTINUOUS_PCA,HRH1|EXACT_SINGLE_PROTEIN|HSAMP_d99ba5ea584363f8600ade55|HUMAN_BIOGPS_GNF1H_GCRMA_77_TISSUE_DDOF1,strict18_common_rhr,HRH1,CingulateCortex,-0.006966719353931103,-0.0028967611127179082
FAMILY_JOINT_CONTINUOUS_PCA,HRH1|EXACT_SINGLE_PROTEIN|HSAMP_e75262fc0acfda69d976a6d3|HUMAN_BIOGPS_GNF1H_GCRMA_77_TISSUE_DDOF1,strict18_common_rhr,HRH1,ParietalLobe,-0.005508071360350657,-0.002290255443365111
FAMILY_JOINT_CONTINUOUS_PCA,HRH1|EXACT_SINGLE_PROTEIN|HSAMP_eb2587e74e2d6457032d4ae7|HUMAN_BIOGPS_GNF1H_GCRMA_77_TISSUE_DDOF1,strict18_common_rhr,HRH1,TemporalLobe,0.04424648495407749,0.01839768339700687
FAMILY_JOINT_CONTINUOUS_PCA,HRH1|EXACT_SINGLE_PROTEIN|HSAMP_f43595f3557cf05e6a721aeb|HUMAN_BIOGPS_GNF1H_GCRMA_77_TISSUE_DDOF1,strict18_common_rhr,HRH1,Thalamus,0.013728702782116067,0.005708393050863138
FAMILY_JOINT_CONTINUOUS_PCA,HRH1|EXACT_SINGLE_PROTEIN|HSAMP_ff841df7ecd9f2c8ea2660f5|HUMAN_BIOGPS_GNF1H_GCRMA_77_TISSUE_DDOF1,strict18_common_rhr,HRH1,OlfactoryBulb,0.0718402087600145,0.02987115060808518
FAMILY_JOINT_CONTINUOUS_PCA,HRH2|EXACT_SINGLE_PROTEIN|HSAMP_06645e2e8409a5b743985cdd|HUMAN_BIOGPS_GNF1H_GCRMA_77_TISSUE_DDOF1,strict18_common_rhr,HRH2,Wholebrain,0.04446521702275189,0.018488632166212413
FAMILY_JOINT_CONTINUOUS_PCA,HRH2|EXACT_SINGLE_PROTEIN|HSAMP_0cb8b4d1db8c390eeeecca55|HUMAN_BIOGPS_GNF1H_GCRMA_77_TISSUE_DDOF1,strict18_common_rhr,HRH2,Pons,0.02718812490694747,0.011304819235142429
FAMILY_JOINT_CONTINUOUS_PCA,HRH2|EXACT_SINGLE_PROTEIN|HSAMP_13a552b6ffc4aac3b85a50ca|HUMAN_BIOGPS_GNF1H_GCRMA_77_TISSUE_DDOF1,strict18_common_rhr,HRH2,Amygdala,-0.0059271170589396596,-0.0024644945970407257
FAMILY_JOINT_CONTINUOUS_PCA,HRH2|EXACT_SINGLE_PROTEIN|HSAMP_192dff4b8df5862a227b1163|HUMAN_BIOGPS_GNF1H_GCRMA_77_TISSUE_DDOF1,strict18_common_rhr,HRH2,SubthalamicNucleus,0.040496462248121104,0.016838424383609944
FAMILY_JOINT_CONTINUOUS_PCA,HRH2|EXACT_SINGLE_PROTEIN|HSAMP_20b60708f05d03c76f9fe702|HUMAN_BIOGPS_GNF1H_GCRMA_77_TISSUE_DDOF1,strict18_common_rhr,HRH2,CerebellumPeduncles,-0.013351741893772251,-0.005551652756487199
FAMILY_JOINT_CONTINUOUS_PCA,HRH2|EXACT_SINGLE_PROTEIN|HSAMP_374f872ebf1bbba2be514f9f|HUMAN_BIOGPS_GNF1H_GCRMA_77_TISSUE_DDOF1,strict18_common_rhr,HRH2,GlobusPallidus,0.06827287453497415,0.028387853444215655
FAMILY_JOINT_CONTINUOUS_PCA,HRH2|EXACT_SINGLE_PROTEIN|HSAMP_5c090f15f3e5194312a7e8ed|HUMAN_BIOGPS_GNF1H_GCRMA_77_TISSUE_DDOF1,strict18_common_rhr,HRH2,MedullaOblongata,0.030949956575059626,0.012868988413656666
FAMILY_JOINT_CONTINUOUS_PCA,HRH2|EXACT_SINGLE_PROTEIN|HSAMP_752ebc880edc13bb4e2b2de8|HUMAN_BIOGPS_GNF1H_GCRMA_77_TISSUE_DDOF1,strict18_common_rhr,HRH2,PrefrontalCortex,-0.020460880337596115,-0.008507631710537741
FAMILY_JOINT_CONTINUOUS_PCA,HRH2|EXACT_SINGLE_PROTEIN|HSAMP_7725bb8a75064c4d7246d9ba|HUMAN_BIOGPS_GNF1H_GCRMA_77_TISSUE_DDOF1,strict18_common_rhr,HRH2,OccipitalLobe,0.03692406001184967,0.015353019941248183
FAMILY_JOINT_CONTINUOUS_PCA,HRH2|EXACT_SINGLE_PROTEIN|HSAMP_8ed020260a1d25cf72324c8a|HUMAN_BIOGPS_GNF1H_GCRMA_77_TISSUE_DDOF1,strict18_common_rhr,HRH2,Hypothalamus,-0.0036765550614449556,-0.0015287111751891211
FAMILY_JOINT_CONTINUOUS_PCA,HRH2|EXACT_SINGLE_PROTEIN|HSAMP_936b77a4b11b5c19027de438|HUMAN_BIOGPS_GNF1H_GCRMA_77_TISSUE_DDOF1,strict18_common_rhr,HRH2,Spinalcord,-0.0027854181481397696,-0.0011581765482825477
FAMILY_JOINT_CONTINUOUS_PCA,HRH2|EXACT_SINGLE_PROTEIN|HSAMP_9aa72e4fb1ff63e1792b1ec7|HUMAN_BIOGPS_GNF1H_GCRMA_77_TISSUE_DDOF1,strict18_common_rhr,HRH2,Cerebellum,0.0516657646392289,0.0214826190438256
FAMILY_JOINT_CONTINUOUS_PCA,HRH2|EXACT_SINGLE_PROTEIN|HSAMP_a32ce488a48b0df9b8c4c40a|HUMAN_BIOGPS_GNF1H_GCRMA_77_TISSUE_DDOF1,strict18_common_rhr,HRH2,Caudatenucleus,0.03904078881196956,0.016233155534897053
FAMILY_JOINT_CONTINUOUS_PCA,HRH2|EXACT_SINGLE_PROTEIN|HSAMP_d99ba5ea584363f8600ade55|HUMAN_BIOGPS_GNF1H_GCRMA_77_TISSUE_DDOF1,strict18_common_rhr,HRH2,CingulateCortex,0.014389393709458662,0.005983108263091472
FAMILY_JOINT_CONTINUOUS_PCA,HRH2|EXACT_SINGLE_PROTEIN|HSAMP_e75262fc0acfda69d976a6d3|HUMAN_BIOGPS_GNF1H_GCRMA_77_TISSUE_DDOF1,strict18_common_rhr,HRH2,ParietalLobe,0.008389281086677405,0.0034882621189317206
FAMILY_JOINT_CONTINUOUS_PCA,HRH2|EXACT_SINGLE_PROTEIN|HSAMP_eb2587e74e2d6457032d4ae7|HUMAN_BIOGPS_GNF1H_GCRMA_77_TISSUE_DDOF1,strict18_common_rhr,HRH2,TemporalLobe,0.040496462248121104,0.016838424383609944
FAMILY_JOINT_CONTINUOUS_PCA,HRH2|EXACT_SINGLE_PROTEIN|HSAMP_f43595f3557cf05e6a721aeb|HUMAN_BIOGPS_GNF1H_GCRMA_77_TISSUE_DDOF1,strict18_common_rhr,HRH2,Thalamus,0.01412828799849427,0.005874540538255274
FAMILY_JOINT_CONTINUOUS_PCA,HRH2|EXACT_SINGLE_PROTEIN|HSAMP_ff841df7ecd9f2c8ea2660f5|HUMAN_BIOGPS_GNF1H_GCRMA_77_TISSUE_DDOF1,strict18_common_rhr,HRH2,OlfactoryBulb,0.06246199707297677,0.02597169125832407
FAMILY_JOINT_CONTINUOUS_PCA,MAOA|EXACT_SINGLE_PROTEIN|HSAMP_06645e2e8409a5b743985cdd|HUMAN_BIOGPS_GNF1H_GCRMA_77_TISSUE_DDOF1,strict18_common_rhr,MAOA,Wholebrain,0.012301297806259855,0.06866663953132111
FAMILY_JOINT_CONTINUOUS_PCA,MAOA|EXACT_SINGLE_PROTEIN|HSAMP_0cb8b4d1db8c390eeeecca55|HUMAN_BIOGPS_GNF1H_GCRMA_77_TISSUE_DDOF1,strict18_common_rhr,MAOA,Pons,0.0066116338733932896,0.0697839273812714
FAMILY_JOINT_CONTINUOUS_PCA,MAOA|EXACT_SINGLE_PROTEIN|HSAMP_13a552b6ffc4aac3b85a50ca|HUMAN_BIOGPS_GNF1H_GCRMA_77_TISSUE_DDOF1,strict18_common_rhr,MAOA,Amygdala,0.006253818037529268,0.06960025688118938
FAMILY_JOINT_CONTINUOUS_PCA,MAOA|EXACT_SINGLE_PROTEIN|HSAMP_192dff4b8df5862a227b1163|HUMAN_BIOGPS_GNF1H_GCRMA_77_TISSUE_DDOF1,strict18_common_rhr,MAOA,SubthalamicNucleus,0.010356845819257133,0.07053311963341555
FAMILY_JOINT_CONTINUOUS_PCA,MAOA|EXACT_SINGLE_PROTEIN|HSAMP_20b60708f05d03c76f9fe702|HUMAN_BIOGPS_GNF1H_GCRMA_77_TISSUE_DDOF1,strict18_common_rhr,MAOA,CerebellumPeduncles,0.004979607393727869,0.06333330507988241
FAMILY_JOINT_CONTINUOUS_PCA,MAOA|EXACT_SINGLE_PROTEIN|HSAMP_374f872ebf1bbba2be514f9f|HUMAN_BIOGPS_GNF1H_GCRMA_77_TISSUE_DDOF1,strict18_common_rhr,MAOA,GlobusPallidus,0.012982319333594975,0.06861083197580321
FAMILY_JOINT_CONTINUOUS_PCA,MAOA|EXACT_SINGLE_PROTEIN|HSAMP_5c090f15f3e5194312a7e8ed|HUMAN_BIOGPS_GNF1H_GCRMA_77_TISSUE_DDOF1,strict18_common_rhr,MAOA,MedullaOblongata,0.008707440287830968,0.07042926497918209
FAMILY_JOINT_CONTINUOUS_PCA,MAOA|EXACT_SINGLE_PROTEIN|HSAMP_752ebc880edc13bb4e2b2de8|HUMAN_BIOGPS_GNF1H_GCRMA_77_TISSUE_DDOF1,strict18_common_rhr,MAOA,PrefrontalCortex,0.0032467164024505726,0.061257672138984864
FAMILY_JOINT_CONTINUOUS_PCA,MAOA|EXACT_SINGLE_PROTEIN|HSAMP_7725bb8a75064c4d7246d9ba|HUMAN_BIOGPS_GNF1H_GCRMA_77_TISSUE_DDOF1,strict18_common_rhr,MAOA,OccipitalLobe,0.008654717157238886,0.07053330126533819
FAMILY_JOINT_CONTINUOUS_PCA,MAOA|EXACT_SINGLE_PROTEIN|HSAMP_8ed020260a1d25cf72324c8a|HUMAN_BIOGPS_GNF1H_GCRMA_77_TISSUE_DDOF1,strict18_common_rhr,MAOA,Hypothalamus,0.004455959797011646,0.062256804288307196
FAMILY_JOINT_CONTINUOUS_PCA,MAOA|EXACT_SINGLE_PROTEIN|HSAMP_936b77a4b11b5c19027de438|HUMAN_BIOGPS_GNF1H_GCRMA_77_TISSUE_DDOF1,strict18_common_rhr,MAOA,Spinalcord,0.006232898038142644,0.06486639703241184
FAMILY_JOINT_CONTINUOUS_PCA,MAOA|EXACT_SINGLE_PROTEIN|HSAMP_9aa72e4fb1ff63e1792b1ec7|HUMAN_BIOGPS_GNF1H_GCRMA_77_TISSUE_DDOF1,strict18_common_rhr,MAOA,Cerebellum,0.010485066263152664,0.07027209545049223
FAMILY_JOINT_CONTINUOUS_PCA,MAOA|EXACT_SINGLE_PROTEIN|HSAMP_a32ce488a48b0df9b8c4c40a|HUMAN_BIOGPS_GNF1H_GCRMA_77_TISSUE_DDOF1,strict18_common_rhr,MAOA,Caudatenucleus,0.00838341935188107,0.07055382877308856
FAMILY_JOINT_CONTINUOUS_PCA,MAOA|EXACT_SINGLE_PROTEIN|HSAMP_d99ba5ea584363f8600ade55|HUMAN_BIOGPS_GNF1H_GCRMA_77_TISSUE_DDOF1,strict18_common_rhr,MAOA,CingulateCortex,0.005662938667455704,0.06397200303421825
FAMILY_JOINT_CONTINUOUS_PCA,MAOA|EXACT_SINGLE_PROTEIN|HSAMP_e75262fc0acfda69d976a6d3|HUMAN_BIOGPS_GNF1H_GCRMA_77_TISSUE_DDOF1,strict18_common_rhr,MAOA,ParietalLobe,0.0027594859364588552,0.059987029610594454
FAMILY_JOINT_CONTINUOUS_PCA,MAOA|EXACT_SINGLE_PROTEIN|HSAMP_eb2587e74e2d6457032d4ae7|HUMAN_BIOGPS_GNF1H_GCRMA_77_TISSUE_DDOF1,strict18_common_rhr,MAOA,TemporalLobe,0.009715372406112182,0.06978620700214133
FAMILY_JOINT_CONTINUOUS_PCA,MAOA|EXACT_SINGLE_PROTEIN|HSAMP_f43595f3557cf05e6a721aeb|HUMAN_BIOGPS_GNF1H_GCRMA_77_TISSUE_DDOF1,strict18_common_rhr,MAOA,Thalamus,0.00578833332121003,0.06411475621400557
FAMILY_JOINT_CONTINUOUS_PCA,MAOA|EXACT_SINGLE_PROTEIN|HSAMP_ff841df7ecd9f2c8ea2660f5|HUMAN_BIOGPS_GNF1H_GCRMA_77_TISSUE_DDOF1,strict18_common_rhr,MAOA,OlfactoryBulb,0.009715372406112182,0.06978620700214133
FAMILY_JOINT_CONTINUOUS_PCA,MC3R|EXACT_SINGLE_PROTEIN|HSAMP_8ed020260a1d25cf72324c8a|HUMAN_BIOGPS_GNF1H_GCRMA_77_TISSUE_DDOF1,strict18_common_rhr,MC3R,Hypothalamus,-0.0776676695848289,0.1521664037250527
FAMILY_JOINT_CONTINUOUS_PCA,OPRD1|EXACT_SINGLE_PROTEIN|HSAMP_06645e2e8409a5b743985cdd|HUMAN_BIOGPS_GNF1H_GCRMA_77_TISSUE_DDOF1,strict18_common_rhr,OPRD1,Wholebrain,0.0583259417765539,0.013101344491808985
FAMILY_JOINT_CONTINUOUS_PCA,OPRD1|EXACT_SINGLE_PROTEIN|HSAMP_0cb8b4d1db8c390eeeecca55|HUMAN_BIOGPS_GNF1H_GCRMA_77_TISSUE_DDOF1,strict18_common_rhr,OPRD1,Pons,0.01751357855955264,0.011889954032431552
FAMILY_JOINT_CONTINUOUS_PCA,OPRD1|EXACT_SINGLE_PROTEIN|HSAMP_13a552b6ffc4aac3b85a50ca|HUMAN_BIOGPS_GNF1H_GCRMA_77_TISSUE_DDOF1,strict18_common_rhr,OPRD1,Amygdala,-0.010417298868798306,-0.0017675395194917006
FAMILY_JOINT_CONTINUOUS_PCA,OPRD1|EXACT_SINGLE_PROTEIN|HSAMP_192dff4b8df5862a227b1163|HUMAN_BIOGPS_GNF1H_GCRMA_77_TISSUE_DDOF1,strict18_common_rhr,OPRD1,SubthalamicNucleus,0.04188606830261969,0.008194486506850616
FAMILY_JOINT_CONTINUOUS_PCA,OPRD1|EXACT_SINGLE_PROTEIN|HSAMP_20b60708f05d03c76f9fe702|HUMAN_BIOGPS_GNF1H_GCRMA_77_TISSUE_DDOF1,strict18_common_rhr,OPRD1,CerebellumPeduncles,-0.021214297555390147,-0.013110988760508679
FAMILY_JOINT_CONTINUOUS_PCA,OPRD1|EXACT_SINGLE_PROTEIN|HSAMP_374f872ebf1bbba2be514f9f|HUMAN_BIOGPS_GNF1H_GCRMA_77_TISSUE_DDOF1,strict18_common_rhr,OPRD1,GlobusPallidus,0.08262459529247555,0.026694905606996153
FAMILY_JOINT_CONTINUOUS_PCA,OPRD1|EXACT_SINGLE_PROTEIN|HSAMP_5c090f15f3e5194312a7e8ed|HUMAN_BIOGPS_GNF1H_GCRMA_77_TISSUE_DDOF1,strict18_common_rhr,OPRD1,MedullaOblongata,0.03903647699123974,0.007334613233353925
FAMILY_JOINT_CONTINUOUS_PCA,OPRD1|EXACT_SINGLE_PROTEIN|HSAMP_752ebc880edc13bb4e2b2de8|HUMAN_BIOGPS_GNF1H_GCRMA_77_TISSUE_DDOF1,strict18_common_rhr,OPRD1,PrefrontalCortex,-0.02735317819860582,-0.01570862849227979
FAMILY_JOINT_CONTINUOUS_PCA,OPRD1|EXACT_SINGLE_PROTEIN|HSAMP_7725bb8a75064c4d7246d9ba|HUMAN_BIOGPS_GNF1H_GCRMA_77_TISSUE_DDOF1,strict18_common_rhr,OPRD1,OccipitalLobe,0.04188606830261969,0.008194486506850616
FAMILY_JOINT_CONTINUOUS_PCA,OPRD1|EXACT_SINGLE_PROTEIN|HSAMP_8ed020260a1d25cf72324c8a|HUMAN_BIOGPS_GNF1H_GCRMA_77_TISSUE_DDOF1,strict18_common_rhr,OPRD1,Hypothalamus,-0.01772093057733981,-0.005764164588265267
FAMILY_JOINT_CONTINUOUS_PCA,OPRD1|EXACT_SINGLE_PROTEIN|HSAMP_936b77a4b11b5c19027de438|HUMAN_BIOGPS_GNF1H_GCRMA_77_TISSUE_DDOF1,strict18_common_rhr,OPRD1,Spinalcord,-0.016148131685749224,-0.005773369551272523
FAMILY_JOINT_CONTINUOUS_PCA,OPRD1|EXACT_SINGLE_PROTEIN|HSAMP_9aa72e4fb1ff63e1792b1ec7|HUMAN_BIOGPS_GNF1H_GCRMA_77_TISSUE_DDOF1,strict18_common_rhr,OPRD1,Cerebellum,0.06794441195187985,0.014317169835703464
FAMILY_JOINT_CONTINUOUS_PCA,OPRD1|EXACT_SINGLE_PROTEIN|HSAMP_a32ce488a48b0df9b8c4c40a|HUMAN_BIOGPS_GNF1H_GCRMA_77_TISSUE_DDOF1,strict18_common_rhr,OPRD1,Caudatenucleus,-0.0035245064630543095,-0.0023949126020374177
FAMILY_JOINT_CONTINUOUS_PCA,OPRD1|EXACT_SINGLE_PROTEIN|HSAMP_d99ba5ea584363f8600ade55|HUMAN_BIOGPS_GNF1H_GCRMA_77_TISSUE_DDOF1,strict18_common_rhr,OPRD1,CingulateCortex,-0.0035245064630543095,-0.0023949126020374177
FAMILY_JOINT_CONTINUOUS_PCA,OPRD1|EXACT_SINGLE_PROTEIN|HSAMP_e75262fc0acfda69d976a6d3|HUMAN_BIOGPS_GNF1H_GCRMA_77_TISSUE_DDOF1,strict18_common_rhr,OPRD1,ParietalLobe,-0.014384702069182385,-0.004648815359903734
FAMILY_JOINT_CONTINUOUS_PCA,OPRD1|EXACT_SINGLE_PROTEIN|HSAMP_eb2587e74e2d6457032d4ae7|HUMAN_BIOGPS_GNF1H_GCRMA_77_TISSUE_DDOF1,strict18_common_rhr,OPRD1,TemporalLobe,0.03903647699123974,0.007334613233353925
FAMILY_JOINT_CONTINUOUS_PCA,OPRD1|EXACT_SINGLE_PROTEIN|HSAMP_f43595f3557cf05e6a721aeb|HUMAN_BIOGPS_GNF1H_GCRMA_77_TISSUE_DDOF1,strict18_common_rhr,OPRD1,Thalamus,-0.07688522197625375,0.04138703108146238
FAMILY_JOINT_CONTINUOUS_PCA,OPRD1|EXACT_SINGLE_PROTEIN|HSAMP_ff841df7ecd9f2c8ea2660f5|HUMAN_BIOGPS_GNF1H_GCRMA_77_TISSUE_DDOF1,strict18_common_rhr,OPRD1,OlfactoryBulb,0.07242743851303705,0.01637946714425862
FAMILY_JOINT_CONTINUOUS_PCA,OPRK1|EXACT_SINGLE_PROTEIN|HSAMP_06645e2e8409a5b743985cdd|HUMAN_BIOGPS_GNF1H_GCRMA_77_TISSUE_DDOF1,strict18_common_rhr,OPRK1,Wholebrain,0.068514244808533,-0.042120372876444816
FAMILY_JOINT_CONTINUOUS_PCA,OPRK1|EXACT_SINGLE_PROTEIN|HSAMP_0cb8b4d1db8c390eeeecca55|HUMAN_BIOGPS_GNF1H_GCRMA_77_TISSUE_DDOF1,strict18_common_rhr,OPRK1,Pons,0.0055475491503828855,0.02336767192957284
FAMILY_JOINT_CONTINUOUS_PCA,OPRK1|EXACT_SINGLE_PROTEIN|HSAMP_13a552b6ffc4aac3b85a50ca|HUMAN_BIOGPS_GNF1H_GCRMA_77_TISSUE_DDOF1,strict18_common_rhr,OPRK1,Amygdala,-0.03558307969528242,0.04856695009543947
FAMILY_JOINT_CONTINUOUS_PCA,OPRK1|EXACT_SINGLE_PROTEIN|HSAMP_192dff4b8df5862a227b1163|HUMAN_BIOGPS_GNF1H_GCRMA_77_TISSUE_DDOF1,strict18_common_rhr,OPRK1,SubthalamicNucleus,0.04769839406838054,-0.020745209915343878
FAMILY_JOINT_CONTINUOUS_PCA,OPRK1|EXACT_SINGLE_PROTEIN|HSAMP_20b60708f05d03c76f9fe702|HUMAN_BIOGPS_GNF1H_GCRMA_77_TISSUE_DDOF1,strict18_common_rhr,OPRK1,CerebellumPeduncles,-0.039634292839457345,0.032926486560699665
FAMILY_JOINT_CONTINUOUS_PCA,OPRK1|EXACT_SINGLE_PROTEIN|HSAMP_374f872ebf1bbba2be514f9f|HUMAN_BIOGPS_GNF1H_GCRMA_77_TISSUE_DDOF1,strict18_common_rhr,OPRK1,GlobusPallidus,0.10380619432452498,-0.06267555717320435
FAMILY_JOINT_CONTINUOUS_PCA,OPRK1|EXACT_SINGLE_PROTEIN|HSAMP_5c090f15f3e5194312a7e8ed|HUMAN_BIOGPS_GNF1H_GCRMA_77_TISSUE_DDOF1,strict18_common_rhr,OPRK1,MedullaOblongata,0.0055475491503828855,0.02336767192957284
FAMILY_JOINT_CONTINUOUS_PCA,OPRK1|EXACT_SINGLE_PROTEIN|HSAMP_752ebc880edc13bb4e2b2de8|HUMAN_BIOGPS_GNF1H_GCRMA_77_TISSUE_DDOF1,strict18_common_rhr,OPRK1,PrefrontalCortex,-0.05383595863527769,0.043357354103855945
FAMILY_JOINT_CONTINUOUS_PCA,OPRK1|EXACT_SINGLE_PROTEIN|HSAMP_7725bb8a75064c4d7246d9ba|HUMAN_BIOGPS_GNF1H_GCRMA_77_TISSUE_DDOF1,strict18_common_rhr,OPRK1,OccipitalLobe,0.04769839406838054,-0.020745209915343878
FAMILY_JOINT_CONTINUOUS_PCA,OPRK1|EXACT_SINGLE_PROTEIN|HSAMP_8ed020260a1d25cf72324c8a|HUMAN_BIOGPS_GNF1H_GCRMA_77_TISSUE_DDOF1,strict18_common_rhr,OPRK1,Hypothalamus,-0.051132306325594415,0.10121441526995045
FAMILY_JOINT_CONTINUOUS_PCA,OPRK1|EXACT_SINGLE_PROTEIN|HSAMP_936b77a4b11b5c19027de438|HUMAN_BIOGPS_GNF1H_GCRMA_77_TISSUE_DDOF1,strict18_common_rhr,OPRK1,Spinalcord,-0.020512465331293344,0.021470640019980582
FAMILY_JOINT_CONTINUOUS_PCA,OPRK1|EXACT_SINGLE_PROTEIN|HSAMP_9aa72e4fb1ff63e1792b1ec7|HUMAN_BIOGPS_GNF1H_GCRMA_77_TISSUE_DDOF1,strict18_common_rhr,OPRK1,Cerebellum,0.07808857997353194,-0.03848006124123229
FAMILY_JOINT_CONTINUOUS_PCA,OPRK1|EXACT_SINGLE_PROTEIN|HSAMP_a32ce488a48b0df9b8c4c40a|HUMAN_BIOGPS_GNF1H_GCRMA_77_TISSUE_DDOF1,strict18_common_rhr,OPRK1,Caudatenucleus,-0.015376657591907568,0.1557898948017586
FAMILY_JOINT_CONTINUOUS_PCA,OPRK1|EXACT_SINGLE_PROTEIN|HSAMP_d99ba5ea584363f8600ade55|HUMAN_BIOGPS_GNF1H_GCRMA_77_TISSUE_DDOF1,strict18_common_rhr,OPRK1,CingulateCortex,-0.012685450903479372,0.017946952186999265
FAMILY_JOINT_CONTINUOUS_PCA,OPRK1|EXACT_SINGLE_PROTEIN|HSAMP_e75262fc0acfda69d976a6d3|HUMAN_BIOGPS_GNF1H_GCRMA_77_TISSUE_DDOF1,strict18_common_rhr,OPRK1,ParietalLobe,-0.022831870377527146,0.02222059067406174
FAMILY_JOINT_CONTINUOUS_PCA,OPRK1|EXACT_SINGLE_PROTEIN|HSAMP_eb2587e74e2d6457032d4ae7|HUMAN_BIOGPS_GNF1H_GCRMA_77_TISSUE_DDOF1,strict18_common_rhr,OPRK1,TemporalLobe,0.04239947452753888,-0.012023797924872123
FAMILY_JOINT_CONTINUOUS_PCA,OPRK1|EXACT_SINGLE_PROTEIN|HSAMP_f43595f3557cf05e6a721aeb|HUMAN_BIOGPS_GNF1H_GCRMA_77_TISSUE_DDOF1,strict18_common_rhr,OPRK1,Thalamus,-0.009665154169808973,0.017577337660617514
FAMILY_JOINT_CONTINUOUS_PCA,OPRK1|EXACT_SINGLE_PROTEIN|HSAMP_ff841df7ecd9f2c8ea2660f5|HUMAN_BIOGPS_GNF1H_GCRMA_77_TISSUE_DDOF1,strict18_common_rhr,OPRK1,OlfactoryBulb,0.09540435293666617,-0.05546618404170935
FAMILY_JOINT_CONTINUOUS_PCA,OPRM1|EXACT_SINGLE_PROTEIN|HSAMP_06645e2e8409a5b743985cdd|HUMAN_BIOGPS_GNF1H_GCRMA_77_TISSUE_DDOF1,strict18_common_rhr,OPRM1,Wholebrain,0.0671559076800186,-0.06958418421888826
FAMILY_JOINT_CONTINUOUS_PCA,OPRM1|EXACT_SINGLE_PROTEIN|HSAMP_0cb8b4d1db8c390eeeecca55|HUMAN_BIOGPS_GNF1H_GCRMA_77_TISSUE_DDOF1,strict18_common_rhr,OPRM1,Pons,-0.05361964937072004,0.032169901459829446
FAMILY_JOINT_CONTINUOUS_PCA,OPRM1|EXACT_SINGLE_PROTEIN|HSAMP_13a552b6ffc4aac3b85a50ca|HUMAN_BIOGPS_GNF1H_GCRMA_77_TISSUE_DDOF1,strict18_common_rhr,OPRM1,Amygdala,0.02021969525615432,-0.0024463951145751125
FAMILY_JOINT_CONTINUOUS_PCA,OPRM1|EXACT_SINGLE_PROTEIN|HSAMP_192dff4b8df5862a227b1163|HUMAN_BIOGPS_GNF1H_GCRMA_77_TISSUE_DDOF1,strict18_common_rhr,OPRM1,SubthalamicNucleus,0.0017362976803339959,0.07979644819475533
FAMILY_JOINT_CONTINUOUS_PCA,OPRM1|EXACT_SINGLE_PROTEIN|HSAMP_20b60708f05d03c76f9fe702|HUMAN_BIOGPS_GNF1H_GCRMA_77_TISSUE_DDOF1,strict18_common_rhr,OPRM1,CerebellumPeduncles,-0.019545159585706882,0.049406350660938965
FAMILY_JOINT_CONTINUOUS_PCA,OPRM1|EXACT_SINGLE_PROTEIN|HSAMP_374f872ebf1bbba2be514f9f|HUMAN_BIOGPS_GNF1H_GCRMA_77_TISSUE_DDOF1,strict18_common_rhr,OPRM1,GlobusPallidus,0.05883785136850426,-0.03625383071099466
FAMILY_JOINT_CONTINUOUS_PCA,OPRM1|EXACT_SINGLE_PROTEIN|HSAMP_5c090f15f3e5194312a7e8ed|HUMAN_BIOGPS_GNF1H_GCRMA_77_TISSUE_DDOF1,strict18_common_rhr,OPRM1,MedullaOblongata,-0.023255189701884827,-0.015263957264662746
FAMILY_JOINT_CONTINUOUS_PCA,OPRM1|EXACT_SINGLE_PROTEIN|HSAMP_752ebc880edc13bb4e2b2de8|HUMAN_BIOGPS_GNF1H_GCRMA_77_TISSUE_DDOF1,strict18_common_rhr,OPRM1,PrefrontalCortex,0.012436464536878833,-0.042544602147073285
FAMILY_JOINT_CONTINUOUS_PCA,OPRM1|EXACT_SINGLE_PROTEIN|HSAMP_7725bb8a75064c4d7246d9ba|HUMAN_BIOGPS_GNF1H_GCRMA_77_TISSUE_DDOF1,strict18_common_rhr,OPRM1,OccipitalLobe,0.0583067378997625,-0.0638195641206599
FAMILY_JOINT_CONTINUOUS_PCA,OPRM1|EXACT_SINGLE_PROTEIN|HSAMP_8ed020260a1d25cf72324c8a|HUMAN_BIOGPS_GNF1H_GCRMA_77_TISSUE_DDOF1,strict18_common_rhr,OPRM1,Hypothalamus,-4.500552491868141e-05,0.03335870653581816
FAMILY_JOINT_CONTINUOUS_PCA,OPRM1|EXACT_SINGLE_PROTEIN|HSAMP_936b77a4b11b5c19027de438|HUMAN_BIOGPS_GNF1H_GCRMA_77_TISSUE_DDOF1,strict18_common_rhr,OPRM1,Spinalcord,0.02548919192127248,-0.02878851761581894
FAMILY_JOINT_CONTINUOUS_PCA,OPRM1|EXACT_SINGLE_PROTEIN|HSAMP_9aa72e4fb1ff63e1792b1ec7|HUMAN_BIOGPS_GNF1H_GCRMA_77_TISSUE_DDOF1,strict18_common_rhr,OPRM1,Cerebellum,-0.046229217861324966,-0.05278346769099578
FAMILY_JOINT_CONTINUOUS_PCA,OPRM1|EXACT_SINGLE_PROTEIN|HSAMP_a32ce488a48b0df9b8c4c40a|HUMAN_BIOGPS_GNF1H_GCRMA_77_TISSUE_DDOF1,strict18_common_rhr,OPRM1,Caudatenucleus,0.03042716141703948,0.008903283827431448
FAMILY_JOINT_CONTINUOUS_PCA,OPRM1|EXACT_SINGLE_PROTEIN|HSAMP_d99ba5ea584363f8600ade55|HUMAN_BIOGPS_GNF1H_GCRMA_77_TISSUE_DDOF1,strict18_common_rhr,OPRM1,CingulateCortex,0.030042548902438765,-0.030214918775703165
FAMILY_JOINT_CONTINUOUS_PCA,OPRM1|EXACT_SINGLE_PROTEIN|HSAMP_e75262fc0acfda69d976a6d3|HUMAN_BIOGPS_GNF1H_GCRMA_77_TISSUE_DDOF1,strict18_common_rhr,OPRM1,ParietalLobe,0.014753995666389897,-0.009426830346236629
FAMILY_JOINT_CONTINUOUS_PCA,OPRM1|EXACT_SINGLE_PROTEIN|HSAMP_eb2587e74e2d6457032d4ae7|HUMAN_BIOGPS_GNF1H_GCRMA_77_TISSUE_DDOF1,strict18_common_rhr,OPRM1,TemporalLobe,0.016125552089645504,-0.06987837689921735
FAMILY_JOINT_CONTINUOUS_PCA,OPRM1|EXACT_SINGLE_PROTEIN|HSAMP_f43595f3557cf05e6a721aeb|HUMAN_BIOGPS_GNF1H_GCRMA_77_TISSUE_DDOF1,strict18_common_rhr,OPRM1,Thalamus,0.03425766355875189,-0.03904782303366892
FAMILY_JOINT_CONTINUOUS_PCA,OPRM1|EXACT_SINGLE_PROTEIN|HSAMP_ff841df7ecd9f2c8ea2660f5|HUMAN_BIOGPS_GNF1H_GCRMA_77_TISSUE_DDOF1,strict18_common_rhr,OPRM1,OlfactoryBulb,0.0740140110092382,-0.07910352413269706
FAMILY_JOINT_CONTINUOUS_PCA,PTGS1|EXACT_SINGLE_PROTEIN|HSAMP_06645e2e8409a5b743985cdd|HUMAN_BIOGPS_GNF1H_GCRMA_77_TISSUE_DDOF1,strict18_common_rhr,PTGS1,Wholebrain,0.00592413588554909,0.06463132961938514
FAMILY_JOINT_CONTINUOUS_PCA,PTGS1|EXACT_SINGLE_PROTEIN|HSAMP_0cb8b4d1db8c390eeeecca55|HUMAN_BIOGPS_GNF1H_GCRMA_77_TISSUE_DDOF1,strict18_common_rhr,PTGS1,Pons,0.005888161648275176,0.0642237967056556
FAMILY_JOINT_CONTINUOUS_PCA,PTGS1|EXACT_SINGLE_PROTEIN|HSAMP_13a552b6ffc4aac3b85a50ca|HUMAN_BIOGPS_GNF1H_GCRMA_77_TISSUE_DDOF1,strict18_common_rhr,PTGS1,Amygdala,0.005563368537012938,0.06339123533398511
FAMILY_JOINT_CONTINUOUS_PCA,PTGS1|EXACT_SINGLE_PROTEIN|HSAMP_192dff4b8df5862a227b1163|HUMAN_BIOGPS_GNF1H_GCRMA_77_TISSUE_DDOF1,strict18_common_rhr,PTGS1,SubthalamicNucleus,0.00634373121750774,0.06769363626584747
FAMILY_JOINT_CONTINUOUS_PCA,PTGS1|EXACT_SINGLE_PROTEIN|HSAMP_20b60708f05d03c76f9fe702|HUMAN_BIOGPS_GNF1H_GCRMA_77_TISSUE_DDOF1,strict18_common_rhr,PTGS1,CerebellumPeduncles,0.005153071742459882,0.06325551547693499
FAMILY_JOINT_CONTINUOUS_PCA,PTGS1|EXACT_SINGLE_PROTEIN|HSAMP_374f872ebf1bbba2be514f9f|HUMAN_BIOGPS_GNF1H_GCRMA_77_TISSUE_DDOF1,strict18_common_rhr,PTGS1,GlobusPallidus,0.006795690117442975,0.06517802729676414
FAMILY_JOINT_CONTINUOUS_PCA,PTGS1|EXACT_SINGLE_PROTEIN|HSAMP_5c090f15f3e5194312a7e8ed|HUMAN_BIOGPS_GNF1H_GCRMA_77_TISSUE_DDOF1,strict18_common_rhr,PTGS1,MedullaOblongata,0.005871488562434838,0.06492814256299732
FAMILY_JOINT_CONTINUOUS_PCA,PTGS1|EXACT_SINGLE_PROTEIN|HSAMP_752ebc880edc13bb4e2b2de8|HUMAN_BIOGPS_GNF1H_GCRMA_77_TISSUE_DDOF1,strict18_common_rhr,PTGS1,PrefrontalCortex,0.0046917782746201935,0.06336131806391132
FAMILY_JOINT_CONTINUOUS_PCA,PTGS1|EXACT_SINGLE_PROTEIN|HSAMP_7725bb8a75064c4d7246d9ba|HUMAN_BIOGPS_GNF1H_GCRMA_77_TISSUE_DDOF1,strict18_common_rhr,PTGS1,OccipitalLobe,0.00595967981766621,0.06454963518387043
FAMILY_JOINT_CONTINUOUS_PCA,PTGS1|EXACT_SINGLE_PROTEIN|HSAMP_8ed020260a1d25cf72324c8a|HUMAN_BIOGPS_GNF1H_GCRMA_77_TISSUE_DDOF1,strict18_common_rhr,PTGS1,Hypothalamus,0.0031369264677695544,0.060852507983489894
FAMILY_JOINT_CONTINUOUS_PCA,PTGS1|EXACT_SINGLE_PROTEIN|HSAMP_936b77a4b11b5c19027de438|HUMAN_BIOGPS_GNF1H_GCRMA_77_TISSUE_DDOF1,strict18_common_rhr,PTGS1,Spinalcord,0.0031518561939791316,0.06050790144100679
FAMILY_JOINT_CONTINUOUS_PCA,PTGS1|EXACT_SINGLE_PROTEIN|HSAMP_9aa72e4fb1ff63e1792b1ec7|HUMAN_BIOGPS_GNF1H_GCRMA_77_TISSUE_DDOF1,strict18_common_rhr,PTGS1,Cerebellum,0.005825536840437513,0.0634716742802388
FAMILY_JOINT_CONTINUOUS_PCA,PTGS1|EXACT_SINGLE_PROTEIN|HSAMP_a32ce488a48b0df9b8c4c40a|HUMAN_BIOGPS_GNF1H_GCRMA_77_TISSUE_DDOF1,strict18_common_rhr,PTGS1,Caudatenucleus,0.005963184564919767,0.06451016898881479
FAMILY_JOINT_CONTINUOUS_PCA,PTGS1|EXACT_SINGLE_PROTEIN|HSAMP_d99ba5ea584363f8600ade55|HUMAN_BIOGPS_GNF1H_GCRMA_77_TISSUE_DDOF1,strict18_common_rhr,PTGS1,CingulateCortex,0.005894460125540226,0.064262288660533
FAMILY_JOINT_CONTINUOUS_PCA,PTGS1|EXACT_SINGLE_PROTEIN|HSAMP_e75262fc0acfda69d976a6d3|HUMAN_BIOGPS_GNF1H_GCRMA_77_TISSUE_DDOF1,strict18_common_rhr,PTGS1,ParietalLobe,0.005563368537012938,0.06339123533398511
FAMILY_JOINT_CONTINUOUS_PCA,PTGS1|EXACT_SINGLE_PROTEIN|HSAMP_eb2587e74e2d6457032d4ae7|HUMAN_BIOGPS_GNF1H_GCRMA_77_TISSUE_DDOF1,strict18_common_rhr,PTGS1,TemporalLobe,0.0062404942186563145,0.06484976710009013
FAMILY_JOINT_CONTINUOUS_PCA,PTGS1|EXACT_SINGLE_PROTEIN|HSAMP_f43595f3557cf05e6a721aeb|HUMAN_BIOGPS_GNF1H_GCRMA_77_TISSUE_DDOF1,strict18_common_rhr,PTGS1,Thalamus,0.00603012430574701,0.06428825841503988
FAMILY_JOINT_CONTINUOUS_PCA,PTGS1|EXACT_SINGLE_PROTEIN|HSAMP_ff841df7ecd9f2c8ea2660f5|HUMAN_BIOGPS_GNF1H_GCRMA_77_TISSUE_DDOF1,strict18_common_rhr,PTGS1,OlfactoryBulb,0.006710350428216651,0.0656955347360846
FAMILY_JOINT_CONTINUOUS_PCA,SCN4A|EXACT_SINGLE_PROTEIN|HSAMP_06645e2e8409a5b743985cdd|HUMAN_BIOGPS_GNF1H_GCRMA_77_TISSUE_DDOF1,strict18_common_rhr,SCN4A,Wholebrain,0.057434791394856174,0.002934793373984668
FAMILY_JOINT_CONTINUOUS_PCA,SCN4A|EXACT_SINGLE_PROTEIN|HSAMP_0cb8b4d1db8c390eeeecca55|HUMAN_BIOGPS_GNF1H_GCRMA_77_TISSUE_DDOF1,strict18_common_rhr,SCN4A,Pons,0.025038872145447696,0.0012794321051732853
FAMILY_JOINT_CONTINUOUS_PCA,SCN4A|EXACT_SINGLE_PROTEIN|HSAMP_13a552b6ffc4aac3b85a50ca|HUMAN_BIOGPS_GNF1H_GCRMA_77_TISSUE_DDOF1,strict18_common_rhr,SCN4A,Amygdala,-0.006610446421195976,-0.00033777948669839623
FAMILY_JOINT_CONTINUOUS_PCA,SCN4A|EXACT_SINGLE_PROTEIN|HSAMP_192dff4b8df5862a227b1163|HUMAN_BIOGPS_GNF1H_GCRMA_77_TISSUE_DDOF1,strict18_common_rhr,SCN4A,SubthalamicNucleus,0.039312924334859854,0.002008805238913779
FAMILY_JOINT_CONTINUOUS_PCA,SCN4A|EXACT_SINGLE_PROTEIN|HSAMP_20b60708f05d03c76f9fe702|HUMAN_BIOGPS_GNF1H_GCRMA_77_TISSUE_DDOF1,strict18_common_rhr,SCN4A,CerebellumPeduncles,-0.02172954508759374,-0.0011103326641228833
FAMILY_JOINT_CONTINUOUS_PCA,SCN4A|EXACT_SINGLE_PROTEIN|HSAMP_374f872ebf1bbba2be514f9f|HUMAN_BIOGPS_GNF1H_GCRMA_77_TISSUE_DDOF1,strict18_common_rhr,SCN4A,GlobusPallidus,0.06754452031105951,0.0034513786129226837
FAMILY_JOINT_CONTINUOUS_PCA,SCN4A|EXACT_SINGLE_PROTEIN|HSAMP_5c090f15f3e5194312a7e8ed|HUMAN_BIOGPS_GNF1H_GCRMA_77_TISSUE_DDOF1,strict18_common_rhr,SCN4A,MedullaOblongata,0.039312924334859854,0.002008805238913779
FAMILY_JOINT_CONTINUOUS_PCA,SCN4A|EXACT_SINGLE_PROTEIN|HSAMP_752ebc880edc13bb4e2b2de8|HUMAN_BIOGPS_GNF1H_GCRMA_77_TISSUE_DDOF1,strict18_common_rhr,SCN4A,PrefrontalCortex,-0.028503165525013686,-0.0014564499894374311
FAMILY_JOINT_CONTINUOUS_PCA,SCN4A|EXACT_SINGLE_PROTEIN|HSAMP_7725bb8a75064c4d7246d9ba|HUMAN_BIOGPS_GNF1H_GCRMA_77_TISSUE_DDOF1,strict18_common_rhr,SCN4A,OccipitalLobe,0.0483552568176676,0.002470848833248
FAMILY_JOINT_CONTINUOUS_PCA,SCN4A|EXACT_SINGLE_PROTEIN|HSAMP_8ed020260a1d25cf72324c8a|HUMAN_BIOGPS_GNF1H_GCRMA_77_TISSUE_DDOF1,strict18_common_rhr,SCN4A,Hypothalamus,-0.013908413615260965,-0.0007106897949729101
FAMILY_JOINT_CONTINUOUS_PCA,SCN4A|EXACT_SINGLE_PROTEIN|HSAMP_936b77a4b11b5c19027de438|HUMAN_BIOGPS_GNF1H_GCRMA_77_TISSUE_DDOF1,strict18_common_rhr,SCN4A,Spinalcord,-0.011974904596206277,-0.0006118916741846573
FAMILY_JOINT_CONTINUOUS_PCA,SCN4A|EXACT_SINGLE_PROTEIN|HSAMP_9aa72e4fb1ff63e1792b1ec7|HUMAN_BIOGPS_GNF1H_GCRMA_77_TISSUE_DDOF1,strict18_common_rhr,SCN4A,Cerebellum,0.061032208230875816,0.0031186135783835517
FAMILY_JOINT_CONTINUOUS_PCA,SCN4A|EXACT_SINGLE_PROTEIN|HSAMP_a32ce488a48b0df9b8c4c40a|HUMAN_BIOGPS_GNF1H_GCRMA_77_TISSUE_DDOF1,strict18_common_rhr,SCN4A,Caudatenucleus,0.0483552568176676,0.002470848833248
FAMILY_JOINT_CONTINUOUS_PCA,SCN4A|EXACT_SINGLE_PROTEIN|HSAMP_d99ba5ea584363f8600ade55|HUMAN_BIOGPS_GNF1H_GCRMA_77_TISSUE_DDOF1,strict18_common_rhr,SCN4A,CingulateCortex,-0.004279511041043427,-0.0002186737401169919
FAMILY_JOINT_CONTINUOUS_PCA,SCN4A|EXACT_SINGLE_PROTEIN|HSAMP_e75262fc0acfda69d976a6d3|HUMAN_BIOGPS_GNF1H_GCRMA_77_TISSUE_DDOF1,strict18_common_rhr,SCN4A,ParietalLobe,-0.011974904596206277,-0.0006118916741846573
FAMILY_JOINT_CONTINUOUS_PCA,SCN4A|EXACT_SINGLE_PROTEIN|HSAMP_eb2587e74e2d6457032d4ae7|HUMAN_BIOGPS_GNF1H_GCRMA_77_TISSUE_DDOF1,strict18_common_rhr,SCN4A,TemporalLobe,0.025038872145447696,0.0012794321051732853
FAMILY_JOINT_CONTINUOUS_PCA,SCN4A|EXACT_SINGLE_PROTEIN|HSAMP_f43595f3557cf05e6a721aeb|HUMAN_BIOGPS_GNF1H_GCRMA_77_TISSUE_DDOF1,strict18_common_rhr,SCN4A,Thalamus,-0.0020249219263724265,-0.00010346912225199747
FAMILY_JOINT_CONTINUOUS_PCA,SCN4A|EXACT_SINGLE_PROTEIN|HSAMP_ff841df7ecd9f2c8ea2660f5|HUMAN_BIOGPS_GNF1H_GCRMA_77_TISSUE_DDOF1,strict18_common_rhr,SCN4A,OlfactoryBulb,0.0656095147576082,0.0033525040224696586
FAMILY_JOINT_CONTINUOUS_PCA,SLC6A2|EXACT_SINGLE_PROTEIN|HSAMP_06645e2e8409a5b743985cdd|HUMAN_BIOGPS_GNF1H_GCRMA_77_TISSUE_DDOF1,strict18_common_rhr,SLC6A2,Wholebrain,0.06039324232309754,0.03340554484569307
FAMILY_JOINT_CONTINUOUS_PCA,SLC6A2|EXACT_SINGLE_PROTEIN|HSAMP_0cb8b4d1db8c390eeeecca55|HUMAN_BIOGPS_GNF1H_GCRMA_77_TISSUE_DDOF1,strict18_common_rhr,SLC6A2,Pons,0.004800466108687419,0.04468417239753375
FAMILY_JOINT_CONTINUOUS_PCA,SLC6A2|EXACT_SINGLE_PROTEIN|HSAMP_13a552b6ffc4aac3b85a50ca|HUMAN_BIOGPS_GNF1H_GCRMA_77_TISSUE_DDOF1,strict18_common_rhr,SLC6A2,Amygdala,0.011684396965869195,0.0043139013553301735
FAMILY_JOINT_CONTINUOUS_PCA,SLC6A2|EXACT_SINGLE_PROTEIN|HSAMP_192dff4b8df5862a227b1163|HUMAN_BIOGPS_GNF1H_GCRMA_77_TISSUE_DDOF1,strict18_common_rhr,SLC6A2,SubthalamicNucleus,-0.007702377675224015,-0.005159454208523414
FAMILY_JOINT_CONTINUOUS_PCA,SLC6A2|EXACT_SINGLE_PROTEIN|HSAMP_20b60708f05d03c76f9fe702|HUMAN_BIOGPS_GNF1H_GCRMA_77_TISSUE_DDOF1,strict18_common_rhr,SLC6A2,CerebellumPeduncles,-0.06340292433427043,0.046452166952006685
FAMILY_JOINT_CONTINUOUS_PCA,SLC6A2|EXACT_SINGLE_PROTEIN|HSAMP_374f872ebf1bbba2be514f9f|HUMAN_BIOGPS_GNF1H_GCRMA_77_TISSUE_DDOF1,strict18_common_rhr,SLC6A2,GlobusPallidus,-0.01399026537656471,0.33342496770990027
FAMILY_JOINT_CONTINUOUS_PCA,SLC6A2|EXACT_SINGLE_PROTEIN|HSAMP_5c090f15f3e5194312a7e8ed|HUMAN_BIOGPS_GNF1H_GCRMA_77_TISSUE_DDOF1,strict18_common_rhr,SLC6A2,MedullaOblongata,0.0456318394042207,0.021502526147644148
FAMILY_JOINT_CONTINUOUS_PCA,SLC6A2|EXACT_SINGLE_PROTEIN|HSAMP_752ebc880edc13bb4e2b2de8|HUMAN_BIOGPS_GNF1H_GCRMA_77_TISSUE_DDOF1,strict18_common_rhr,SLC6A2,PrefrontalCortex,-0.016978926463778507,-0.023902415646383506
FAMILY_JOINT_CONTINUOUS_PCA,SLC6A2|EXACT_SINGLE_PROTEIN|HSAMP_7725bb8a75064c4d7246d9ba|HUMAN_BIOGPS_GNF1H_GCRMA_77_TISSUE_DDOF1,strict18_common_rhr,SLC6A2,OccipitalLobe,0.0456318394042207,0.021502526147644148
FAMILY_JOINT_CONTINUOUS_PCA,SLC6A2|EXACT_SINGLE_PROTEIN|HSAMP_8ed020260a1d25cf72324c8a|HUMAN_BIOGPS_GNF1H_GCRMA_77_TISSUE_DDOF1,strict18_common_rhr,SLC6A2,Hypothalamus,-0.007702377675224015,-0.005159454208523414
FAMILY_JOINT_CONTINUOUS_PCA,SLC6A2|EXACT_SINGLE_PROTEIN|HSAMP_936b77a4b11b5c19027de438|HUMAN_BIOGPS_GNF1H_GCRMA_77_TISSUE_DDOF1,strict18_common_rhr,SLC6A2,Spinalcord,-0.0021822543082000772,-0.0022012452198526197
FAMILY_JOINT_CONTINUOUS_PCA,SLC6A2|EXACT_SINGLE_PROTEIN|HSAMP_9aa72e4fb1ff63e1792b1ec7|HUMAN_BIOGPS_GNF1H_GCRMA_77_TISSUE_DDOF1,strict18_common_rhr,SLC6A2,Cerebellum,0.05367015840176227,0.030427655089255524
FAMILY_JOINT_CONTINUOUS_PCA,SLC6A2|EXACT_SINGLE_PROTEIN|HSAMP_a32ce488a48b0df9b8c4c40a|HUMAN_BIOGPS_GNF1H_GCRMA_77_TISSUE_DDOF1,strict18_common_rhr,SLC6A2,Caudatenucleus,0.047393104459951,0.02340986733903573
FAMILY_JOINT_CONTINUOUS_PCA,SLC6A2|EXACT_SINGLE_PROTEIN|HSAMP_d99ba5ea584363f8600ade55|HUMAN_BIOGPS_GNF1H_GCRMA_77_TISSUE_DDOF1,strict18_common_rhr,SLC6A2,CingulateCortex,0.011684396965869195,0.0043139013553301735
FAMILY_JOINT_CONTINUOUS_PCA,SLC6A2|EXACT_SINGLE_PROTEIN|HSAMP_e75262fc0acfda69d976a6d3|HUMAN_BIOGPS_GNF1H_GCRMA_77_TISSUE_DDOF1,strict18_common_rhr,SLC6A2,ParietalLobe,-0.012429001390441457,-0.006521161898242727
FAMILY_JOINT_CONTINUOUS_PCA,SLC6A2|EXACT_SINGLE_PROTEIN|HSAMP_eb2587e74e2d6457032d4ae7|HUMAN_BIOGPS_GNF1H_GCRMA_77_TISSUE_DDOF1,strict18_common_rhr,SLC6A2,TemporalLobe,0.038780969206354016,0.0237132367692528
FAMILY_JOINT_CONTINUOUS_PCA,SLC6A2|EXACT_SINGLE_PROTEIN|HSAMP_f43595f3557cf05e6a721aeb|HUMAN_BIOGPS_GNF1H_GCRMA_77_TISSUE_DDOF1,strict18_common_rhr,SLC6A2,Thalamus,0.0071216183326112395,0.033507022414403335
FAMILY_JOINT_CONTINUOUS_PCA,SLC6A2|EXACT_SINGLE_PROTEIN|HSAMP_ff841df7ecd9f2c8ea2660f5|HUMAN_BIOGPS_GNF1H_GCRMA_77_TISSUE_DDOF1,strict18_common_rhr,SLC6A2,OlfactoryBulb,0.0456318394042207,0.021502526147644148
FAMILY_JOINT_CONTINUOUS_PCA,SLC6A3|EXACT_SINGLE_PROTEIN|HSAMP_06645e2e8409a5b743985cdd|HUMAN_BIOGPS_GNF1H_GCRMA_77_TISSUE_DDOF1,strict18_common_rhr,SLC6A3,Wholebrain,0.06267543131609726,0.014786504695604157
FAMILY_JOINT_CONTINUOUS_PCA,SLC6A3|EXACT_SINGLE_PROTEIN|HSAMP_0cb8b4d1db8c390eeeecca55|HUMAN_BIOGPS_GNF1H_GCRMA_77_TISSUE_DDOF1,strict18_common_rhr,SLC6A3,Pons,0.01560584632618876,0.007607913343992165
FAMILY_JOINT_CONTINUOUS_PCA,SLC6A3|EXACT_SINGLE_PROTEIN|HSAMP_13a552b6ffc4aac3b85a50ca|HUMAN_BIOGPS_GNF1H_GCRMA_77_TISSUE_DDOF1,strict18_common_rhr,SLC6A3,Amygdala,0.014564766385828608,-0.027339857379508812
FAMILY_JOINT_CONTINUOUS_PCA,SLC6A3|EXACT_SINGLE_PROTEIN|HSAMP_192dff4b8df5862a227b1163|HUMAN_BIOGPS_GNF1H_GCRMA_77_TISSUE_DDOF1,strict18_common_rhr,SLC6A3,SubthalamicNucleus,0.025585768903754528,0.008586830087801393
FAMILY_JOINT_CONTINUOUS_PCA,SLC6A3|EXACT_SINGLE_PROTEIN|HSAMP_20b60708f05d03c76f9fe702|HUMAN_BIOGPS_GNF1H_GCRMA_77_TISSUE_DDOF1,strict18_common_rhr,SLC6A3,CerebellumPeduncles,-0.0353534098503478,-0.0021139361403341114
FAMILY_JOINT_CONTINUOUS_PCA,SLC6A3|EXACT_SINGLE_PROTEIN|HSAMP_374f872ebf1bbba2be514f9f|HUMAN_BIOGPS_GNF1H_GCRMA_77_TISSUE_DDOF1,strict18_common_rhr,SLC6A3,GlobusPallidus,0.09516954503986137,0.015276871444142862
FAMILY_JOINT_CONTINUOUS_PCA,SLC6A3|EXACT_SINGLE_PROTEIN|HSAMP_5c090f15f3e5194312a7e8ed|HUMAN_BIOGPS_GNF1H_GCRMA_77_TISSUE_DDOF1,strict18_common_rhr,SLC6A3,MedullaOblongata,0.048367413177865984,0.012594743404392308
FAMILY_JOINT_CONTINUOUS_PCA,SLC6A3|EXACT_SINGLE_PROTEIN|HSAMP_752ebc880edc13bb4e2b2de8|HUMAN_BIOGPS_GNF1H_GCRMA_77_TISSUE_DDOF1,strict18_common_rhr,SLC6A3,PrefrontalCortex,-0.033871032422849896,-0.0022884150309575376
FAMILY_JOINT_CONTINUOUS_PCA,SLC6A3|EXACT_SINGLE_PROTEIN|HSAMP_7725bb8a75064c4d7246d9ba|HUMAN_BIOGPS_GNF1H_GCRMA_77_TISSUE_DDOF1,strict18_common_rhr,SLC6A3,OccipitalLobe,0.048367413177865984,0.012594743404392308
FAMILY_JOINT_CONTINUOUS_PCA,SLC6A3|EXACT_SINGLE_PROTEIN|HSAMP_8ed020260a1d25cf72324c8a|HUMAN_BIOGPS_GNF1H_GCRMA_77_TISSUE_DDOF1,strict18_common_rhr,SLC6A3,Hypothalamus,-0.07532974372895425,-0.03591158893789051
FAMILY_JOINT_CONTINUOUS_PCA,SLC6A3|EXACT_SINGLE_PROTEIN|HSAMP_936b77a4b11b5c19027de438|HUMAN_BIOGPS_GNF1H_GCRMA_77_TISSUE_DDOF1,strict18_common_rhr,SLC6A3,Spinalcord,-0.010498563961064281,0.0008008572644640355
FAMILY_JOINT_CONTINUOUS_PCA,SLC6A3|EXACT_SINGLE_PROTEIN|HSAMP_9aa72e4fb1ff63e1792b1ec7|HUMAN_BIOGPS_GNF1H_GCRMA_77_TISSUE_DDOF1,strict18_common_rhr,SLC6A3,Cerebellum,0.07623384748577314,0.021334778384602796
FAMILY_JOINT_CONTINUOUS_PCA,SLC6A3|EXACT_SINGLE_PROTEIN|HSAMP_a32ce488a48b0df9b8c4c40a|HUMAN_BIOGPS_GNF1H_GCRMA_77_TISSUE_DDOF1,strict18_common_rhr,SLC6A3,Caudatenucleus,0.032177696740150336,0.03469499492715216
FAMILY_JOINT_CONTINUOUS_PCA,SLC6A3|EXACT_SINGLE_PROTEIN|HSAMP_d99ba5ea584363f8600ade55|HUMAN_BIOGPS_GNF1H_GCRMA_77_TISSUE_DDOF1,strict18_common_rhr,SLC6A3,CingulateCortex,-0.006876095381950913,0.002492013486669251
FAMILY_JOINT_CONTINUOUS_PCA,SLC6A3|EXACT_SINGLE_PROTEIN|HSAMP_e75262fc0acfda69d976a6d3|HUMAN_BIOGPS_GNF1H_GCRMA_77_TISSUE_DDOF1,strict18_common_rhr,SLC6A3,ParietalLobe,-0.010498563961064281,0.0008008572644640355
FAMILY_JOINT_CONTINUOUS_PCA,SLC6A3|EXACT_SINGLE_PROTEIN|HSAMP_eb2587e74e2d6457032d4ae7|HUMAN_BIOGPS_GNF1H_GCRMA_77_TISSUE_DDOF1,strict18_common_rhr,SLC6A3,TemporalLobe,0.048367413177865984,0.012594743404392308
FAMILY_JOINT_CONTINUOUS_PCA,SLC6A3|EXACT_SINGLE_PROTEIN|HSAMP_f43595f3557cf05e6a721aeb|HUMAN_BIOGPS_GNF1H_GCRMA_77_TISSUE_DDOF1,strict18_common_rhr,SLC6A3,Thalamus,-0.006876095381950913,0.002492013486669251
FAMILY_JOINT_CONTINUOUS_PCA,SLC6A3|EXACT_SINGLE_PROTEIN|HSAMP_ff841df7ecd9f2c8ea2660f5|HUMAN_BIOGPS_GNF1H_GCRMA_77_TISSUE_DDOF1,strict18_common_rhr,SLC6A3,OlfactoryBulb,0.07634632248653193,0.013917191475304179
FAMILY_JOINT_CONTINUOUS_PCA,SLC6A4|EXACT_SINGLE_PROTEIN|HSAMP_06645e2e8409a5b743985cdd|HUMAN_BIOGPS_GNF1H_GCRMA_77_TISSUE_DDOF1,strict18_common_rhr,SLC6A4,Wholebrain,0.031622788678740146,-0.010153858007810318
FAMILY_JOINT_CONTINUOUS_PCA,SLC6A4|EXACT_SINGLE_PROTEIN|HSAMP_0cb8b4d1db8c390eeeecca55|HUMAN_BIOGPS_GNF1H_GCRMA_77_TISSUE_DDOF1,strict18_common_rhr,SLC6A4,Pons,0.02060048455301711,-0.006908245657108773
FAMILY_JOINT_CONTINUOUS_PCA,SLC6A4|EXACT_SINGLE_PROTEIN|HSAMP_13a552b6ffc4aac3b85a50ca|HUMAN_BIOGPS_GNF1H_GCRMA_77_TISSUE_DDOF1,strict18_common_rhr,SLC6A4,Amygdala,0.02301811198256838,-0.012792190611066082
FAMILY_JOINT_CONTINUOUS_PCA,SLC6A4|EXACT_SINGLE_PROTEIN|HSAMP_192dff4b8df5862a227b1163|HUMAN_BIOGPS_GNF1H_GCRMA_77_TISSUE_DDOF1,strict18_common_rhr,SLC6A4,SubthalamicNucleus,0.027035400241164884,-0.011618405419701626
FAMILY_JOINT_CONTINUOUS_PCA,SLC6A4|EXACT_SINGLE_PROTEIN|HSAMP_20b60708f05d03c76f9fe702|HUMAN_BIOGPS_GNF1H_GCRMA_77_TISSUE_DDOF1,strict18_common_rhr,SLC6A4,CerebellumPeduncles,0.018757842718450168,-0.0040135915410511895
FAMILY_JOINT_CONTINUOUS_PCA,SLC6A4|EXACT_SINGLE_PROTEIN|HSAMP_374f872ebf1bbba2be514f9f|HUMAN_BIOGPS_GNF1H_GCRMA_77_TISSUE_DDOF1,strict18_common_rhr,SLC6A4,GlobusPallidus,0.040362554183629544,-0.01028625802203734
FAMILY_JOINT_CONTINUOUS_PCA,SLC6A4|EXACT_SINGLE_PROTEIN|HSAMP_5c090f15f3e5194312a7e8ed|HUMAN_BIOGPS_GNF1H_GCRMA_77_TISSUE_DDOF1,strict18_common_rhr,SLC6A4,MedullaOblongata,0.02459068466693807,-0.013575342346944753
FAMILY_JOINT_CONTINUOUS_PCA,SLC6A4|EXACT_SINGLE_PROTEIN|HSAMP_752ebc880edc13bb4e2b2de8|HUMAN_BIOGPS_GNF1H_GCRMA_77_TISSUE_DDOF1,strict18_common_rhr,SLC6A4,PrefrontalCortex,0.010683251341597156,-0.004077415003366899
FAMILY_JOINT_CONTINUOUS_PCA,SLC6A4|EXACT_SINGLE_PROTEIN|HSAMP_7725bb8a75064c4d7246d9ba|HUMAN_BIOGPS_GNF1H_GCRMA_77_TISSUE_DDOF1,strict18_common_rhr,SLC6A4,OccipitalLobe,0.02834642053415453,-0.01060619046741888
FAMILY_JOINT_CONTINUOUS_PCA,SLC6A4|EXACT_SINGLE_PROTEIN|HSAMP_8ed020260a1d25cf72324c8a|HUMAN_BIOGPS_GNF1H_GCRMA_77_TISSUE_DDOF1,strict18_common_rhr,SLC6A4,Hypothalamus,0.02301811198256838,-0.012792190611066082
FAMILY_JOINT_CONTINUOUS_PCA,SLC6A4|EXACT_SINGLE_PROTEIN|HSAMP_936b77a4b11b5c19027de438|HUMAN_BIOGPS_GNF1H_GCRMA_77_TISSUE_DDOF1,strict18_common_rhr,SLC6A4,Spinalcord,0.021775929937460095,-0.009271041007457084
FAMILY_JOINT_CONTINUOUS_PCA,SLC6A4|EXACT_SINGLE_PROTEIN|HSAMP_9aa72e4fb1ff63e1792b1ec7|HUMAN_BIOGPS_GNF1H_GCRMA_77_TISSUE_DDOF1,strict18_common_rhr,SLC6A4,Cerebellum,-0.02373939897559988,0.005863373968968347
FAMILY_JOINT_CONTINUOUS_PCA,SLC6A4|EXACT_SINGLE_PROTEIN|HSAMP_a32ce488a48b0df9b8c4c40a|HUMAN_BIOGPS_GNF1H_GCRMA_77_TISSUE_DDOF1,strict18_common_rhr,SLC6A4,Caudatenucleus,0.019346562177613397,-0.004279856025467368
FAMILY_JOINT_CONTINUOUS_PCA,SLC6A4|EXACT_SINGLE_PROTEIN|HSAMP_d99ba5ea584363f8600ade55|HUMAN_BIOGPS_GNF1H_GCRMA_77_TISSUE_DDOF1,strict18_common_rhr,SLC6A4,CingulateCortex,0.023682116181473454,-0.0144248828270095
FAMILY_JOINT_CONTINUOUS_PCA,SLC6A4|EXACT_SINGLE_PROTEIN|HSAMP_e75262fc0acfda69d976a6d3|HUMAN_BIOGPS_GNF1H_GCRMA_77_TISSUE_DDOF1,strict18_common_rhr,SLC6A4,ParietalLobe,0.019346562177613397,-0.004279856025467368
FAMILY_JOINT_CONTINUOUS_PCA,SLC6A4|EXACT_SINGLE_PROTEIN|HSAMP_eb2587e74e2d6457032d4ae7|HUMAN_BIOGPS_GNF1H_GCRMA_77_TISSUE_DDOF1,strict18_common_rhr,SLC6A4,TemporalLobe,0.02834642053415453,-0.01060619046741888
FAMILY_JOINT_CONTINUOUS_PCA,SLC6A4|EXACT_SINGLE_PROTEIN|HSAMP_f43595f3557cf05e6a721aeb|HUMAN_BIOGPS_GNF1H_GCRMA_77_TISSUE_DDOF1,strict18_common_rhr,SLC6A4,Thalamus,0.023716972934922382,-0.014056584750439482
FAMILY_JOINT_CONTINUOUS_PCA,SLC6A4|EXACT_SINGLE_PROTEIN|HSAMP_ff841df7ecd9f2c8ea2660f5|HUMAN_BIOGPS_GNF1H_GCRMA_77_TISSUE_DDOF1,strict18_common_rhr,SLC6A4,OlfactoryBulb,0.0366240644038164,-0.009374760442209933
