drug_a,drug_b,matched_features,matched_targets,rms_common_rhr,euclidean_common_rhr,cosine_common_rhr,pearson_common_rhr,spearman_common_rhr,mean_abs_difference,median_abs_difference,max_abs_difference,overlap_gate_pass,support_shared_features,support_union_features,support_jaccard,alpha001_call_count_a,alpha001_call_count_b,alpha001_shared_calls,alpha001_union_calls,alpha001_call_jaccard,alpha001_call_overlap_coefficient,alpha001_jointly_tested_call_jaccard,alpha001_shared_called_targets,alpha001_union_called_targets,alpha001_target_call_jaccard,alpha001_shared_called_tissues,alpha001_union_called_tissues,alpha001_tissue_call_jaccard,alpha001_signed_sparse_cosine,alpha001_shared_feature_ids,alpha001_query_only_feature_ids,alpha001_comparator_only_feature_ids,alpha0001_call_count_a,alpha0001_call_count_b,alpha0001_shared_calls,alpha0001_union_calls,alpha0001_call_jaccard,alpha0001_call_overlap_coefficient,alpha0001_jointly_tested_call_jaccard,alpha0001_shared_called_targets,alpha0001_union_called_targets,alpha0001_target_call_jaccard,alpha0001_shared_called_tissues,alpha0001_union_called_tissues,alpha0001_tissue_call_jaccard,alpha0001_signed_sparse_cosine,alpha0001_shared_feature_ids,alpha0001_query_only_feature_ids,alpha0001_comparator_only_feature_ids,reused_or_recomputed
"Ketamine, pooled parent","Ketamine, confirmed racemate",450,25,0.7442758979244926,15.78847603488346,0.4668181419360409,0.9512417552059584,0.950679575649893,0.6128646303819679,0.5094295271206617,2.311386841816488,True,450,1026,0.4385964912280701,19,12,10,21,0.4761904761904761,0.8333333333333334,0.7142857142857143,6,13,0.4615384615384615,9,12,0.75,0.6956610497508727,CHRM3|EXACT_SINGLE_PROTEIN|HSAMP_752ebc880edc13bb4e2b2de8|HUMAN_BIOGPS_GNF1H_GCRMA_77_TISSUE_DDOF1; GRIN1|EXACT_SINGLE_PROTEIN|HSAMP_13a552b6ffc4aac3b85a50ca|HUMAN_BIOGPS_GNF1H_GCRMA_77_TISSUE_DDOF1; GRIN1|EXACT_SINGLE_PROTEIN|HSAMP_752ebc880edc13bb4e2b2de8|HUMAN_BIOGPS_GNF1H_GCRMA_77_TISSUE_DDOF1; GRIN2A|EXACT_SINGLE_PROTEIN|HSAMP_192dff4b8df5862a227b1163|HUMAN_BIOGPS_GNF1H_GCRMA_77_TISSUE_DDOF1; GRIN2A|EXACT_SINGLE_PROTEIN|HSAMP_d99ba5ea584363f8600ade55|HUMAN_BIOGPS_GNF1H_GCRMA_77_TISSUE_DDOF1; GRIN2A|EXACT_SINGLE_PROTEIN|HSAMP_e75262fc0acfda69d976a6d3|HUMAN_BIOGPS_GNF1H_GCRMA_77_TISSUE_DDOF1; GRIN2C|EXACT_SINGLE_PROTEIN|HSAMP_13a552b6ffc4aac3b85a50ca|HUMAN_BIOGPS_GNF1H_GCRMA_77_TISSUE_DDOF1; GRIN2C|EXACT_SINGLE_PROTEIN|HSAMP_20b60708f05d03c76f9fe702|HUMAN_BIOGPS_GNF1H_GCRMA_77_TISSUE_DDOF1; OPRD1|EXACT_SINGLE_PROTEIN|HSAMP_f43595f3557cf05e6a721aeb|HUMAN_BIOGPS_GNF1H_GCRMA_77_TISSUE_DDOF1; SLC6A3|EXACT_SINGLE_PROTEIN|HSAMP_8ed020260a1d25cf72324c8a|HUMAN_BIOGPS_GNF1H_GCRMA_77_TISSUE_DDOF1,DRD1|EXACT_SINGLE_PROTEIN|HSAMP_0cb8b4d1db8c390eeeecca55|HUMAN_BIOGPS_GNF1H_GCRMA_77_TISSUE_DDOF1; DRD1|EXACT_SINGLE_PROTEIN|HSAMP_a32ce488a48b0df9b8c4c40a|HUMAN_BIOGPS_GNF1H_GCRMA_77_TISSUE_DDOF1; GABRA1|EXACT_SINGLE_PROTEIN|HSAMP_7725bb8a75064c4d7246d9ba|HUMAN_BIOGPS_GNF1H_GCRMA_77_TISSUE_DDOF1; GABRA1|EXACT_SINGLE_PROTEIN|HSAMP_e75262fc0acfda69d976a6d3|HUMAN_BIOGPS_GNF1H_GCRMA_77_TISSUE_DDOF1; GABRA2|EXACT_SINGLE_PROTEIN|HSAMP_13a552b6ffc4aac3b85a50ca|HUMAN_BIOGPS_GNF1H_GCRMA_77_TISSUE_DDOF1; HTR2A|EXACT_SINGLE_PROTEIN|HSAMP_752ebc880edc13bb4e2b2de8|HUMAN_BIOGPS_GNF1H_GCRMA_77_TISSUE_DDOF1; HTR2C|EXACT_SINGLE_PROTEIN|HSAMP_8ed020260a1d25cf72324c8a|HUMAN_BIOGPS_GNF1H_GCRMA_77_TISSUE_DDOF1; HTR2C|EXACT_SINGLE_PROTEIN|HSAMP_a32ce488a48b0df9b8c4c40a|HUMAN_BIOGPS_GNF1H_GCRMA_77_TISSUE_DDOF1; PDE4A|EXACT_SINGLE_PROTEIN|HSAMP_752ebc880edc13bb4e2b2de8|HUMAN_BIOGPS_GNF1H_GCRMA_77_TISSUE_DDOF1,GRIN2A|EXACT_SINGLE_PROTEIN|HSAMP_5c090f15f3e5194312a7e8ed|HUMAN_BIOGPS_GNF1H_GCRMA_77_TISSUE_DDOF1; OPRM1|EXACT_SINGLE_PROTEIN|HSAMP_0cb8b4d1db8c390eeeecca55|HUMAN_BIOGPS_GNF1H_GCRMA_77_TISSUE_DDOF1,14,10,8,16,0.5,0.8,0.6666666666666666,6,11,0.5454545454545454,6,11,0.5454545454545454,0.7048179659713419,CHRM3|EXACT_SINGLE_PROTEIN|HSAMP_752ebc880edc13bb4e2b2de8|HUMAN_BIOGPS_GNF1H_GCRMA_77_TISSUE_DDOF1; GRIN1|EXACT_SINGLE_PROTEIN|HSAMP_13a552b6ffc4aac3b85a50ca|HUMAN_BIOGPS_GNF1H_GCRMA_77_TISSUE_DDOF1; GRIN1|EXACT_SINGLE_PROTEIN|HSAMP_752ebc880edc13bb4e2b2de8|HUMAN_BIOGPS_GNF1H_GCRMA_77_TISSUE_DDOF1; GRIN2A|EXACT_SINGLE_PROTEIN|HSAMP_192dff4b8df5862a227b1163|HUMAN_BIOGPS_GNF1H_GCRMA_77_TISSUE_DDOF1; GRIN2C|EXACT_SINGLE_PROTEIN|HSAMP_13a552b6ffc4aac3b85a50ca|HUMAN_BIOGPS_GNF1H_GCRMA_77_TISSUE_DDOF1; GRIN2C|EXACT_SINGLE_PROTEIN|HSAMP_20b60708f05d03c76f9fe702|HUMAN_BIOGPS_GNF1H_GCRMA_77_TISSUE_DDOF1; OPRD1|EXACT_SINGLE_PROTEIN|HSAMP_f43595f3557cf05e6a721aeb|HUMAN_BIOGPS_GNF1H_GCRMA_77_TISSUE_DDOF1; SLC6A3|EXACT_SINGLE_PROTEIN|HSAMP_8ed020260a1d25cf72324c8a|HUMAN_BIOGPS_GNF1H_GCRMA_77_TISSUE_DDOF1,DRD1|EXACT_SINGLE_PROTEIN|HSAMP_0cb8b4d1db8c390eeeecca55|HUMAN_BIOGPS_GNF1H_GCRMA_77_TISSUE_DDOF1; DRD1|EXACT_SINGLE_PROTEIN|HSAMP_a32ce488a48b0df9b8c4c40a|HUMAN_BIOGPS_GNF1H_GCRMA_77_TISSUE_DDOF1; GABRA1|EXACT_SINGLE_PROTEIN|HSAMP_7725bb8a75064c4d7246d9ba|HUMAN_BIOGPS_GNF1H_GCRMA_77_TISSUE_DDOF1; GABRA2|EXACT_SINGLE_PROTEIN|HSAMP_13a552b6ffc4aac3b85a50ca|HUMAN_BIOGPS_GNF1H_GCRMA_77_TISSUE_DDOF1; HTR2A|EXACT_SINGLE_PROTEIN|HSAMP_752ebc880edc13bb4e2b2de8|HUMAN_BIOGPS_GNF1H_GCRMA_77_TISSUE_DDOF1; HTR2C|EXACT_SINGLE_PROTEIN|HSAMP_a32ce488a48b0df9b8c4c40a|HUMAN_BIOGPS_GNF1H_GCRMA_77_TISSUE_DDOF1,GRIN2A|EXACT_SINGLE_PROTEIN|HSAMP_d99ba5ea584363f8600ade55|HUMAN_BIOGPS_GNF1H_GCRMA_77_TISSUE_DDOF1; GRIN2A|EXACT_SINGLE_PROTEIN|HSAMP_e75262fc0acfda69d976a6d3|HUMAN_BIOGPS_GNF1H_GCRMA_77_TISSUE_DDOF1,REUSED_VALIDATED_SOURCE_RUN
"Ketamine, pooled parent",S-ketamine,612,34,0.6890181160661232,17.045366823028285,0.6007304390647787,0.9661887562017336,0.9843486935314164,0.5576512076460731,0.4114063676721706,2.311386841816488,True,612,1188,0.5151515151515151,19,12,10,21,0.4761904761904761,0.8333333333333334,0.7142857142857143,7,13,0.5384615384615384,8,12,0.6666666666666666,0.6876164329677573,CHRM3|EXACT_SINGLE_PROTEIN|HSAMP_752ebc880edc13bb4e2b2de8|HUMAN_BIOGPS_GNF1H_GCRMA_77_TISSUE_DDOF1; DRD1|EXACT_SINGLE_PROTEIN|HSAMP_0cb8b4d1db8c390eeeecca55|HUMAN_BIOGPS_GNF1H_GCRMA_77_TISSUE_DDOF1; DRD1|EXACT_SINGLE_PROTEIN|HSAMP_a32ce488a48b0df9b8c4c40a|HUMAN_BIOGPS_GNF1H_GCRMA_77_TISSUE_DDOF1; GRIN1|EXACT_SINGLE_PROTEIN|HSAMP_13a552b6ffc4aac3b85a50ca|HUMAN_BIOGPS_GNF1H_GCRMA_77_TISSUE_DDOF1; GRIN1|EXACT_SINGLE_PROTEIN|HSAMP_752ebc880edc13bb4e2b2de8|HUMAN_BIOGPS_GNF1H_GCRMA_77_TISSUE_DDOF1; GRIN2A|EXACT_SINGLE_PROTEIN|HSAMP_192dff4b8df5862a227b1163|HUMAN_BIOGPS_GNF1H_GCRMA_77_TISSUE_DDOF1; GRIN2C|EXACT_SINGLE_PROTEIN|HSAMP_13a552b6ffc4aac3b85a50ca|HUMAN_BIOGPS_GNF1H_GCRMA_77_TISSUE_DDOF1; GRIN2C|EXACT_SINGLE_PROTEIN|HSAMP_20b60708f05d03c76f9fe702|HUMAN_BIOGPS_GNF1H_GCRMA_77_TISSUE_DDOF1; OPRD1|EXACT_SINGLE_PROTEIN|HSAMP_f43595f3557cf05e6a721aeb|HUMAN_BIOGPS_GNF1H_GCRMA_77_TISSUE_DDOF1; SLC6A3|EXACT_SINGLE_PROTEIN|HSAMP_8ed020260a1d25cf72324c8a|HUMAN_BIOGPS_GNF1H_GCRMA_77_TISSUE_DDOF1,GABRA1|EXACT_SINGLE_PROTEIN|HSAMP_7725bb8a75064c4d7246d9ba|HUMAN_BIOGPS_GNF1H_GCRMA_77_TISSUE_DDOF1; GABRA1|EXACT_SINGLE_PROTEIN|HSAMP_e75262fc0acfda69d976a6d3|HUMAN_BIOGPS_GNF1H_GCRMA_77_TISSUE_DDOF1; GABRA2|EXACT_SINGLE_PROTEIN|HSAMP_13a552b6ffc4aac3b85a50ca|HUMAN_BIOGPS_GNF1H_GCRMA_77_TISSUE_DDOF1; GRIN2A|EXACT_SINGLE_PROTEIN|HSAMP_d99ba5ea584363f8600ade55|HUMAN_BIOGPS_GNF1H_GCRMA_77_TISSUE_DDOF1; GRIN2A|EXACT_SINGLE_PROTEIN|HSAMP_e75262fc0acfda69d976a6d3|HUMAN_BIOGPS_GNF1H_GCRMA_77_TISSUE_DDOF1; HTR2A|EXACT_SINGLE_PROTEIN|HSAMP_752ebc880edc13bb4e2b2de8|HUMAN_BIOGPS_GNF1H_GCRMA_77_TISSUE_DDOF1; HTR2C|EXACT_SINGLE_PROTEIN|HSAMP_8ed020260a1d25cf72324c8a|HUMAN_BIOGPS_GNF1H_GCRMA_77_TISSUE_DDOF1; HTR2C|EXACT_SINGLE_PROTEIN|HSAMP_a32ce488a48b0df9b8c4c40a|HUMAN_BIOGPS_GNF1H_GCRMA_77_TISSUE_DDOF1; PDE4A|EXACT_SINGLE_PROTEIN|HSAMP_752ebc880edc13bb4e2b2de8|HUMAN_BIOGPS_GNF1H_GCRMA_77_TISSUE_DDOF1,ADORA1|EXACT_SINGLE_PROTEIN|HSAMP_06645e2e8409a5b743985cdd|HUMAN_BIOGPS_GNF1H_GCRMA_77_TISSUE_DDOF1; ADORA1|EXACT_SINGLE_PROTEIN|HSAMP_752ebc880edc13bb4e2b2de8|HUMAN_BIOGPS_GNF1H_GCRMA_77_TISSUE_DDOF1,14,9,8,15,0.5333333333333333,0.8888888888888888,0.7272727272727273,6,12,0.5,7,10,0.7,0.7203724413099867,CHRM3|EXACT_SINGLE_PROTEIN|HSAMP_752ebc880edc13bb4e2b2de8|HUMAN_BIOGPS_GNF1H_GCRMA_77_TISSUE_DDOF1; DRD1|EXACT_SINGLE_PROTEIN|HSAMP_0cb8b4d1db8c390eeeecca55|HUMAN_BIOGPS_GNF1H_GCRMA_77_TISSUE_DDOF1; DRD1|EXACT_SINGLE_PROTEIN|HSAMP_a32ce488a48b0df9b8c4c40a|HUMAN_BIOGPS_GNF1H_GCRMA_77_TISSUE_DDOF1; GRIN1|EXACT_SINGLE_PROTEIN|HSAMP_13a552b6ffc4aac3b85a50ca|HUMAN_BIOGPS_GNF1H_GCRMA_77_TISSUE_DDOF1; GRIN1|EXACT_SINGLE_PROTEIN|HSAMP_752ebc880edc13bb4e2b2de8|HUMAN_BIOGPS_GNF1H_GCRMA_77_TISSUE_DDOF1; GRIN2A|EXACT_SINGLE_PROTEIN|HSAMP_192dff4b8df5862a227b1163|HUMAN_BIOGPS_GNF1H_GCRMA_77_TISSUE_DDOF1; OPRD1|EXACT_SINGLE_PROTEIN|HSAMP_f43595f3557cf05e6a721aeb|HUMAN_BIOGPS_GNF1H_GCRMA_77_TISSUE_DDOF1; SLC6A3|EXACT_SINGLE_PROTEIN|HSAMP_8ed020260a1d25cf72324c8a|HUMAN_BIOGPS_GNF1H_GCRMA_77_TISSUE_DDOF1,GABRA1|EXACT_SINGLE_PROTEIN|HSAMP_7725bb8a75064c4d7246d9ba|HUMAN_BIOGPS_GNF1H_GCRMA_77_TISSUE_DDOF1; GABRA2|EXACT_SINGLE_PROTEIN|HSAMP_13a552b6ffc4aac3b85a50ca|HUMAN_BIOGPS_GNF1H_GCRMA_77_TISSUE_DDOF1; GRIN2C|EXACT_SINGLE_PROTEIN|HSAMP_13a552b6ffc4aac3b85a50ca|HUMAN_BIOGPS_GNF1H_GCRMA_77_TISSUE_DDOF1; GRIN2C|EXACT_SINGLE_PROTEIN|HSAMP_20b60708f05d03c76f9fe702|HUMAN_BIOGPS_GNF1H_GCRMA_77_TISSUE_DDOF1; HTR2A|EXACT_SINGLE_PROTEIN|HSAMP_752ebc880edc13bb4e2b2de8|HUMAN_BIOGPS_GNF1H_GCRMA_77_TISSUE_DDOF1; HTR2C|EXACT_SINGLE_PROTEIN|HSAMP_a32ce488a48b0df9b8c4c40a|HUMAN_BIOGPS_GNF1H_GCRMA_77_TISSUE_DDOF1,ADORA1|EXACT_SINGLE_PROTEIN|HSAMP_06645e2e8409a5b743985cdd|HUMAN_BIOGPS_GNF1H_GCRMA_77_TISSUE_DDOF1,REUSED_VALIDATED_SOURCE_RUN
"Ketamine, pooled parent",R-ketamine,540,30,0.6818427656595268,15.844594056788122,0.6141211851735661,0.9783701289660524,0.9960675060582848,0.5496394834472889,0.4046884565727287,2.311386841816488,True,540,1170,0.4615384615384615,19,11,9,21,0.4285714285714285,0.8181818181818182,0.75,7,13,0.5384615384615384,8,12,0.6666666666666666,0.6552909793487582,CHRM3|EXACT_SINGLE_PROTEIN|HSAMP_752ebc880edc13bb4e2b2de8|HUMAN_BIOGPS_GNF1H_GCRMA_77_TISSUE_DDOF1; DRD1|EXACT_SINGLE_PROTEIN|HSAMP_0cb8b4d1db8c390eeeecca55|HUMAN_BIOGPS_GNF1H_GCRMA_77_TISSUE_DDOF1; DRD1|EXACT_SINGLE_PROTEIN|HSAMP_a32ce488a48b0df9b8c4c40a|HUMAN_BIOGPS_GNF1H_GCRMA_77_TISSUE_DDOF1; GRIN1|EXACT_SINGLE_PROTEIN|HSAMP_13a552b6ffc4aac3b85a50ca|HUMAN_BIOGPS_GNF1H_GCRMA_77_TISSUE_DDOF1; GRIN1|EXACT_SINGLE_PROTEIN|HSAMP_752ebc880edc13bb4e2b2de8|HUMAN_BIOGPS_GNF1H_GCRMA_77_TISSUE_DDOF1; GRIN2A|EXACT_SINGLE_PROTEIN|HSAMP_192dff4b8df5862a227b1163|HUMAN_BIOGPS_GNF1H_GCRMA_77_TISSUE_DDOF1; GRIN2C|EXACT_SINGLE_PROTEIN|HSAMP_20b60708f05d03c76f9fe702|HUMAN_BIOGPS_GNF1H_GCRMA_77_TISSUE_DDOF1; OPRD1|EXACT_SINGLE_PROTEIN|HSAMP_f43595f3557cf05e6a721aeb|HUMAN_BIOGPS_GNF1H_GCRMA_77_TISSUE_DDOF1; SLC6A3|EXACT_SINGLE_PROTEIN|HSAMP_8ed020260a1d25cf72324c8a|HUMAN_BIOGPS_GNF1H_GCRMA_77_TISSUE_DDOF1,GABRA1|EXACT_SINGLE_PROTEIN|HSAMP_7725bb8a75064c4d7246d9ba|HUMAN_BIOGPS_GNF1H_GCRMA_77_TISSUE_DDOF1; GABRA1|EXACT_SINGLE_PROTEIN|HSAMP_e75262fc0acfda69d976a6d3|HUMAN_BIOGPS_GNF1H_GCRMA_77_TISSUE_DDOF1; GABRA2|EXACT_SINGLE_PROTEIN|HSAMP_13a552b6ffc4aac3b85a50ca|HUMAN_BIOGPS_GNF1H_GCRMA_77_TISSUE_DDOF1; GRIN2A|EXACT_SINGLE_PROTEIN|HSAMP_d99ba5ea584363f8600ade55|HUMAN_BIOGPS_GNF1H_GCRMA_77_TISSUE_DDOF1; GRIN2A|EXACT_SINGLE_PROTEIN|HSAMP_e75262fc0acfda69d976a6d3|HUMAN_BIOGPS_GNF1H_GCRMA_77_TISSUE_DDOF1; GRIN2C|EXACT_SINGLE_PROTEIN|HSAMP_13a552b6ffc4aac3b85a50ca|HUMAN_BIOGPS_GNF1H_GCRMA_77_TISSUE_DDOF1; HTR2A|EXACT_SINGLE_PROTEIN|HSAMP_752ebc880edc13bb4e2b2de8|HUMAN_BIOGPS_GNF1H_GCRMA_77_TISSUE_DDOF1; HTR2C|EXACT_SINGLE_PROTEIN|HSAMP_8ed020260a1d25cf72324c8a|HUMAN_BIOGPS_GNF1H_GCRMA_77_TISSUE_DDOF1; HTR2C|EXACT_SINGLE_PROTEIN|HSAMP_a32ce488a48b0df9b8c4c40a|HUMAN_BIOGPS_GNF1H_GCRMA_77_TISSUE_DDOF1; PDE4A|EXACT_SINGLE_PROTEIN|HSAMP_752ebc880edc13bb4e2b2de8|HUMAN_BIOGPS_GNF1H_GCRMA_77_TISSUE_DDOF1,ADORA1|EXACT_SINGLE_PROTEIN|HSAMP_06645e2e8409a5b743985cdd|HUMAN_BIOGPS_GNF1H_GCRMA_77_TISSUE_DDOF1; ADORA1|EXACT_SINGLE_PROTEIN|HSAMP_752ebc880edc13bb4e2b2de8|HUMAN_BIOGPS_GNF1H_GCRMA_77_TISSUE_DDOF1,14,9,8,15,0.5333333333333333,0.8888888888888888,0.8,6,12,0.5,7,10,0.7,0.7192207978368991,CHRM3|EXACT_SINGLE_PROTEIN|HSAMP_752ebc880edc13bb4e2b2de8|HUMAN_BIOGPS_GNF1H_GCRMA_77_TISSUE_DDOF1; DRD1|EXACT_SINGLE_PROTEIN|HSAMP_0cb8b4d1db8c390eeeecca55|HUMAN_BIOGPS_GNF1H_GCRMA_77_TISSUE_DDOF1; DRD1|EXACT_SINGLE_PROTEIN|HSAMP_a32ce488a48b0df9b8c4c40a|HUMAN_BIOGPS_GNF1H_GCRMA_77_TISSUE_DDOF1; GRIN1|EXACT_SINGLE_PROTEIN|HSAMP_13a552b6ffc4aac3b85a50ca|HUMAN_BIOGPS_GNF1H_GCRMA_77_TISSUE_DDOF1; GRIN1|EXACT_SINGLE_PROTEIN|HSAMP_752ebc880edc13bb4e2b2de8|HUMAN_BIOGPS_GNF1H_GCRMA_77_TISSUE_DDOF1; GRIN2A|EXACT_SINGLE_PROTEIN|HSAMP_192dff4b8df5862a227b1163|HUMAN_BIOGPS_GNF1H_GCRMA_77_TISSUE_DDOF1; OPRD1|EXACT_SINGLE_PROTEIN|HSAMP_f43595f3557cf05e6a721aeb|HUMAN_BIOGPS_GNF1H_GCRMA_77_TISSUE_DDOF1; SLC6A3|EXACT_SINGLE_PROTEIN|HSAMP_8ed020260a1d25cf72324c8a|HUMAN_BIOGPS_GNF1H_GCRMA_77_TISSUE_DDOF1,GABRA1|EXACT_SINGLE_PROTEIN|HSAMP_7725bb8a75064c4d7246d9ba|HUMAN_BIOGPS_GNF1H_GCRMA_77_TISSUE_DDOF1; GABRA2|EXACT_SINGLE_PROTEIN|HSAMP_13a552b6ffc4aac3b85a50ca|HUMAN_BIOGPS_GNF1H_GCRMA_77_TISSUE_DDOF1; GRIN2C|EXACT_SINGLE_PROTEIN|HSAMP_13a552b6ffc4aac3b85a50ca|HUMAN_BIOGPS_GNF1H_GCRMA_77_TISSUE_DDOF1; GRIN2C|EXACT_SINGLE_PROTEIN|HSAMP_20b60708f05d03c76f9fe702|HUMAN_BIOGPS_GNF1H_GCRMA_77_TISSUE_DDOF1; HTR2A|EXACT_SINGLE_PROTEIN|HSAMP_752ebc880edc13bb4e2b2de8|HUMAN_BIOGPS_GNF1H_GCRMA_77_TISSUE_DDOF1; HTR2C|EXACT_SINGLE_PROTEIN|HSAMP_a32ce488a48b0df9b8c4c40a|HUMAN_BIOGPS_GNF1H_GCRMA_77_TISSUE_DDOF1,ADORA1|EXACT_SINGLE_PROTEIN|HSAMP_06645e2e8409a5b743985cdd|HUMAN_BIOGPS_GNF1H_GCRMA_77_TISSUE_DDOF1,REUSED_VALIDATED_SOURCE_RUN
"Ketamine, pooled parent","Hydroxyketamine, unspecified isomer aggregate",432,24,0.6299807238334955,13.09390345762358,0.5867278291031909,0.9825776354796584,0.9989784740571696,0.5131080433558614,0.3940347903858245,1.7770117028615988,True,432,1170,0.3692307692307692,19,7,5,21,0.238095238095238,0.7142857142857143,1.0,4,13,0.3076923076923077,5,12,0.4166666666666667,0.4436691866562184,CHRM3|EXACT_SINGLE_PROTEIN|HSAMP_752ebc880edc13bb4e2b2de8|HUMAN_BIOGPS_GNF1H_GCRMA_77_TISSUE_DDOF1; DRD1|EXACT_SINGLE_PROTEIN|HSAMP_0cb8b4d1db8c390eeeecca55|HUMAN_BIOGPS_GNF1H_GCRMA_77_TISSUE_DDOF1; DRD1|EXACT_SINGLE_PROTEIN|HSAMP_a32ce488a48b0df9b8c4c40a|HUMAN_BIOGPS_GNF1H_GCRMA_77_TISSUE_DDOF1; OPRD1|EXACT_SINGLE_PROTEIN|HSAMP_f43595f3557cf05e6a721aeb|HUMAN_BIOGPS_GNF1H_GCRMA_77_TISSUE_DDOF1; SLC6A3|EXACT_SINGLE_PROTEIN|HSAMP_8ed020260a1d25cf72324c8a|HUMAN_BIOGPS_GNF1H_GCRMA_77_TISSUE_DDOF1,GABRA1|EXACT_SINGLE_PROTEIN|HSAMP_7725bb8a75064c4d7246d9ba|HUMAN_BIOGPS_GNF1H_GCRMA_77_TISSUE_DDOF1; GABRA1|EXACT_SINGLE_PROTEIN|HSAMP_e75262fc0acfda69d976a6d3|HUMAN_BIOGPS_GNF1H_GCRMA_77_TISSUE_DDOF1; GABRA2|EXACT_SINGLE_PROTEIN|HSAMP_13a552b6ffc4aac3b85a50ca|HUMAN_BIOGPS_GNF1H_GCRMA_77_TISSUE_DDOF1; GRIN1|EXACT_SINGLE_PROTEIN|HSAMP_13a552b6ffc4aac3b85a50ca|HUMAN_BIOGPS_GNF1H_GCRMA_77_TISSUE_DDOF1; GRIN1|EXACT_SINGLE_PROTEIN|HSAMP_752ebc880edc13bb4e2b2de8|HUMAN_BIOGPS_GNF1H_GCRMA_77_TISSUE_DDOF1; GRIN2A|EXACT_SINGLE_PROTEIN|HSAMP_192dff4b8df5862a227b1163|HUMAN_BIOGPS_GNF1H_GCRMA_77_TISSUE_DDOF1; GRIN2A|EXACT_SINGLE_PROTEIN|HSAMP_d99ba5ea584363f8600ade55|HUMAN_BIOGPS_GNF1H_GCRMA_77_TISSUE_DDOF1; GRIN2A|EXACT_SINGLE_PROTEIN|HSAMP_e75262fc0acfda69d976a6d3|HUMAN_BIOGPS_GNF1H_GCRMA_77_TISSUE_DDOF1; GRIN2C|EXACT_SINGLE_PROTEIN|HSAMP_13a552b6ffc4aac3b85a50ca|HUMAN_BIOGPS_GNF1H_GCRMA_77_TISSUE_DDOF1; GRIN2C|EXACT_SINGLE_PROTEIN|HSAMP_20b60708f05d03c76f9fe702|HUMAN_BIOGPS_GNF1H_GCRMA_77_TISSUE_DDOF1; HTR2A|EXACT_SINGLE_PROTEIN|HSAMP_752ebc880edc13bb4e2b2de8|HUMAN_BIOGPS_GNF1H_GCRMA_77_TISSUE_DDOF1; HTR2C|EXACT_SINGLE_PROTEIN|HSAMP_8ed020260a1d25cf72324c8a|HUMAN_BIOGPS_GNF1H_GCRMA_77_TISSUE_DDOF1; HTR2C|EXACT_SINGLE_PROTEIN|HSAMP_a32ce488a48b0df9b8c4c40a|HUMAN_BIOGPS_GNF1H_GCRMA_77_TISSUE_DDOF1; PDE4A|EXACT_SINGLE_PROTEIN|HSAMP_752ebc880edc13bb4e2b2de8|HUMAN_BIOGPS_GNF1H_GCRMA_77_TISSUE_DDOF1,ADORA1|EXACT_SINGLE_PROTEIN|HSAMP_06645e2e8409a5b743985cdd|HUMAN_BIOGPS_GNF1H_GCRMA_77_TISSUE_DDOF1; ADORA1|EXACT_SINGLE_PROTEIN|HSAMP_752ebc880edc13bb4e2b2de8|HUMAN_BIOGPS_GNF1H_GCRMA_77_TISSUE_DDOF1,14,7,5,16,0.3125,0.7142857142857143,1.0,4,12,0.3333333333333333,5,10,0.5,0.4965580099946078,CHRM3|EXACT_SINGLE_PROTEIN|HSAMP_752ebc880edc13bb4e2b2de8|HUMAN_BIOGPS_GNF1H_GCRMA_77_TISSUE_DDOF1; DRD1|EXACT_SINGLE_PROTEIN|HSAMP_0cb8b4d1db8c390eeeecca55|HUMAN_BIOGPS_GNF1H_GCRMA_77_TISSUE_DDOF1; DRD1|EXACT_SINGLE_PROTEIN|HSAMP_a32ce488a48b0df9b8c4c40a|HUMAN_BIOGPS_GNF1H_GCRMA_77_TISSUE_DDOF1; OPRD1|EXACT_SINGLE_PROTEIN|HSAMP_f43595f3557cf05e6a721aeb|HUMAN_BIOGPS_GNF1H_GCRMA_77_TISSUE_DDOF1; SLC6A3|EXACT_SINGLE_PROTEIN|HSAMP_8ed020260a1d25cf72324c8a|HUMAN_BIOGPS_GNF1H_GCRMA_77_TISSUE_DDOF1,GABRA1|EXACT_SINGLE_PROTEIN|HSAMP_7725bb8a75064c4d7246d9ba|HUMAN_BIOGPS_GNF1H_GCRMA_77_TISSUE_DDOF1; GABRA2|EXACT_SINGLE_PROTEIN|HSAMP_13a552b6ffc4aac3b85a50ca|HUMAN_BIOGPS_GNF1H_GCRMA_77_TISSUE_DDOF1; GRIN1|EXACT_SINGLE_PROTEIN|HSAMP_13a552b6ffc4aac3b85a50ca|HUMAN_BIOGPS_GNF1H_GCRMA_77_TISSUE_DDOF1; GRIN1|EXACT_SINGLE_PROTEIN|HSAMP_752ebc880edc13bb4e2b2de8|HUMAN_BIOGPS_GNF1H_GCRMA_77_TISSUE_DDOF1; GRIN2A|EXACT_SINGLE_PROTEIN|HSAMP_192dff4b8df5862a227b1163|HUMAN_BIOGPS_GNF1H_GCRMA_77_TISSUE_DDOF1; GRIN2C|EXACT_SINGLE_PROTEIN|HSAMP_13a552b6ffc4aac3b85a50ca|HUMAN_BIOGPS_GNF1H_GCRMA_77_TISSUE_DDOF1; GRIN2C|EXACT_SINGLE_PROTEIN|HSAMP_20b60708f05d03c76f9fe702|HUMAN_BIOGPS_GNF1H_GCRMA_77_TISSUE_DDOF1; HTR2A|EXACT_SINGLE_PROTEIN|HSAMP_752ebc880edc13bb4e2b2de8|HUMAN_BIOGPS_GNF1H_GCRMA_77_TISSUE_DDOF1; HTR2C|EXACT_SINGLE_PROTEIN|HSAMP_a32ce488a48b0df9b8c4c40a|HUMAN_BIOGPS_GNF1H_GCRMA_77_TISSUE_DDOF1,ADORA1|EXACT_SINGLE_PROTEIN|HSAMP_06645e2e8409a5b743985cdd|HUMAN_BIOGPS_GNF1H_GCRMA_77_TISSUE_DDOF1; ADORA1|EXACT_SINGLE_PROTEIN|HSAMP_752ebc880edc13bb4e2b2de8|HUMAN_BIOGPS_GNF1H_GCRMA_77_TISSUE_DDOF1,REUSED_VALIDATED_SOURCE_RUN
"Ketamine, pooled parent","(2R,6R)-hydroxynorketamine",37,3,0.5517755195725151,3.3563194555915272,0.8066733647431926,0.8321012969697098,0.8315645950465783,0.39767810006311377,0.4100547320899458,1.9802619919002458,True,37,1026,0.036062378167641324,19,0,0,19,0.0,0.0,0.0,0,12,0.0,0,11,0.0,,,CHRM3|EXACT_SINGLE_PROTEIN|HSAMP_752ebc880edc13bb4e2b2de8|HUMAN_BIOGPS_GNF1H_GCRMA_77_TISSUE_DDOF1; DRD1|EXACT_SINGLE_PROTEIN|HSAMP_0cb8b4d1db8c390eeeecca55|HUMAN_BIOGPS_GNF1H_GCRMA_77_TISSUE_DDOF1; DRD1|EXACT_SINGLE_PROTEIN|HSAMP_a32ce488a48b0df9b8c4c40a|HUMAN_BIOGPS_GNF1H_GCRMA_77_TISSUE_DDOF1; GABRA1|EXACT_SINGLE_PROTEIN|HSAMP_7725bb8a75064c4d7246d9ba|HUMAN_BIOGPS_GNF1H_GCRMA_77_TISSUE_DDOF1; GABRA1|EXACT_SINGLE_PROTEIN|HSAMP_e75262fc0acfda69d976a6d3|HUMAN_BIOGPS_GNF1H_GCRMA_77_TISSUE_DDOF1; GABRA2|EXACT_SINGLE_PROTEIN|HSAMP_13a552b6ffc4aac3b85a50ca|HUMAN_BIOGPS_GNF1H_GCRMA_77_TISSUE_DDOF1; GRIN1|EXACT_SINGLE_PROTEIN|HSAMP_13a552b6ffc4aac3b85a50ca|HUMAN_BIOGPS_GNF1H_GCRMA_77_TISSUE_DDOF1; GRIN1|EXACT_SINGLE_PROTEIN|HSAMP_752ebc880edc13bb4e2b2de8|HUMAN_BIOGPS_GNF1H_GCRMA_77_TISSUE_DDOF1; GRIN2A|EXACT_SINGLE_PROTEIN|HSAMP_192dff4b8df5862a227b1163|HUMAN_BIOGPS_GNF1H_GCRMA_77_TISSUE_DDOF1; GRIN2A|EXACT_SINGLE_PROTEIN|HSAMP_d99ba5ea584363f8600ade55|HUMAN_BIOGPS_GNF1H_GCRMA_77_TISSUE_DDOF1; GRIN2A|EXACT_SINGLE_PROTEIN|HSAMP_e75262fc0acfda69d976a6d3|HUMAN_BIOGPS_GNF1H_GCRMA_77_TISSUE_DDOF1; GRIN2C|EXACT_SINGLE_PROTEIN|HSAMP_13a552b6ffc4aac3b85a50ca|HUMAN_BIOGPS_GNF1H_GCRMA_77_TISSUE_DDOF1; GRIN2C|EXACT_SINGLE_PROTEIN|HSAMP_20b60708f05d03c76f9fe702|HUMAN_BIOGPS_GNF1H_GCRMA_77_TISSUE_DDOF1; HTR2A|EXACT_SINGLE_PROTEIN|HSAMP_752ebc880edc13bb4e2b2de8|HUMAN_BIOGPS_GNF1H_GCRMA_77_TISSUE_DDOF1; HTR2C|EXACT_SINGLE_PROTEIN|HSAMP_8ed020260a1d25cf72324c8a|HUMAN_BIOGPS_GNF1H_GCRMA_77_TISSUE_DDOF1; HTR2C|EXACT_SINGLE_PROTEIN|HSAMP_a32ce488a48b0df9b8c4c40a|HUMAN_BIOGPS_GNF1H_GCRMA_77_TISSUE_DDOF1; OPRD1|EXACT_SINGLE_PROTEIN|HSAMP_f43595f3557cf05e6a721aeb|HUMAN_BIOGPS_GNF1H_GCRMA_77_TISSUE_DDOF1; PDE4A|EXACT_SINGLE_PROTEIN|HSAMP_752ebc880edc13bb4e2b2de8|HUMAN_BIOGPS_GNF1H_GCRMA_77_TISSUE_DDOF1; SLC6A3|EXACT_SINGLE_PROTEIN|HSAMP_8ed020260a1d25cf72324c8a|HUMAN_BIOGPS_GNF1H_GCRMA_77_TISSUE_DDOF1,,14,0,0,14,0.0,0.0,0.0,0,11,0.0,0,9,0.0,,,CHRM3|EXACT_SINGLE_PROTEIN|HSAMP_752ebc880edc13bb4e2b2de8|HUMAN_BIOGPS_GNF1H_GCRMA_77_TISSUE_DDOF1; DRD1|EXACT_SINGLE_PROTEIN|HSAMP_0cb8b4d1db8c390eeeecca55|HUMAN_BIOGPS_GNF1H_GCRMA_77_TISSUE_DDOF1; DRD1|EXACT_SINGLE_PROTEIN|HSAMP_a32ce488a48b0df9b8c4c40a|HUMAN_BIOGPS_GNF1H_GCRMA_77_TISSUE_DDOF1; GABRA1|EXACT_SINGLE_PROTEIN|HSAMP_7725bb8a75064c4d7246d9ba|HUMAN_BIOGPS_GNF1H_GCRMA_77_TISSUE_DDOF1; GABRA2|EXACT_SINGLE_PROTEIN|HSAMP_13a552b6ffc4aac3b85a50ca|HUMAN_BIOGPS_GNF1H_GCRMA_77_TISSUE_DDOF1; GRIN1|EXACT_SINGLE_PROTEIN|HSAMP_13a552b6ffc4aac3b85a50ca|HUMAN_BIOGPS_GNF1H_GCRMA_77_TISSUE_DDOF1; GRIN1|EXACT_SINGLE_PROTEIN|HSAMP_752ebc880edc13bb4e2b2de8|HUMAN_BIOGPS_GNF1H_GCRMA_77_TISSUE_DDOF1; GRIN2A|EXACT_SINGLE_PROTEIN|HSAMP_192dff4b8df5862a227b1163|HUMAN_BIOGPS_GNF1H_GCRMA_77_TISSUE_DDOF1; GRIN2C|EXACT_SINGLE_PROTEIN|HSAMP_13a552b6ffc4aac3b85a50ca|HUMAN_BIOGPS_GNF1H_GCRMA_77_TISSUE_DDOF1; GRIN2C|EXACT_SINGLE_PROTEIN|HSAMP_20b60708f05d03c76f9fe702|HUMAN_BIOGPS_GNF1H_GCRMA_77_TISSUE_DDOF1; HTR2A|EXACT_SINGLE_PROTEIN|HSAMP_752ebc880edc13bb4e2b2de8|HUMAN_BIOGPS_GNF1H_GCRMA_77_TISSUE_DDOF1; HTR2C|EXACT_SINGLE_PROTEIN|HSAMP_a32ce488a48b0df9b8c4c40a|HUMAN_BIOGPS_GNF1H_GCRMA_77_TISSUE_DDOF1; OPRD1|EXACT_SINGLE_PROTEIN|HSAMP_f43595f3557cf05e6a721aeb|HUMAN_BIOGPS_GNF1H_GCRMA_77_TISSUE_DDOF1; SLC6A3|EXACT_SINGLE_PROTEIN|HSAMP_8ed020260a1d25cf72324c8a|HUMAN_BIOGPS_GNF1H_GCRMA_77_TISSUE_DDOF1,,RECOMPUTED_AFFECTED_EDGE
"Ketamine, pooled parent","(2S,6S)-hydroxynorketamine",18,1,0.5268869148115378,2.2353918622901827,0.7238662911457633,0.7242466866601752,0.696594427244582,0.41708273715236027,0.261001259069909,1.289055871485351,False,18,1026,0.017543859649122806,19,0,0,19,0.0,0.0,1.0,0,12,0.0,0,11,0.0,,,CHRM3|EXACT_SINGLE_PROTEIN|HSAMP_752ebc880edc13bb4e2b2de8|HUMAN_BIOGPS_GNF1H_GCRMA_77_TISSUE_DDOF1; DRD1|EXACT_SINGLE_PROTEIN|HSAMP_0cb8b4d1db8c390eeeecca55|HUMAN_BIOGPS_GNF1H_GCRMA_77_TISSUE_DDOF1; DRD1|EXACT_SINGLE_PROTEIN|HSAMP_a32ce488a48b0df9b8c4c40a|HUMAN_BIOGPS_GNF1H_GCRMA_77_TISSUE_DDOF1; GABRA1|EXACT_SINGLE_PROTEIN|HSAMP_7725bb8a75064c4d7246d9ba|HUMAN_BIOGPS_GNF1H_GCRMA_77_TISSUE_DDOF1; GABRA1|EXACT_SINGLE_PROTEIN|HSAMP_e75262fc0acfda69d976a6d3|HUMAN_BIOGPS_GNF1H_GCRMA_77_TISSUE_DDOF1; GABRA2|EXACT_SINGLE_PROTEIN|HSAMP_13a552b6ffc4aac3b85a50ca|HUMAN_BIOGPS_GNF1H_GCRMA_77_TISSUE_DDOF1; GRIN1|EXACT_SINGLE_PROTEIN|HSAMP_13a552b6ffc4aac3b85a50ca|HUMAN_BIOGPS_GNF1H_GCRMA_77_TISSUE_DDOF1; GRIN1|EXACT_SINGLE_PROTEIN|HSAMP_752ebc880edc13bb4e2b2de8|HUMAN_BIOGPS_GNF1H_GCRMA_77_TISSUE_DDOF1; GRIN2A|EXACT_SINGLE_PROTEIN|HSAMP_192dff4b8df5862a227b1163|HUMAN_BIOGPS_GNF1H_GCRMA_77_TISSUE_DDOF1; GRIN2A|EXACT_SINGLE_PROTEIN|HSAMP_d99ba5ea584363f8600ade55|HUMAN_BIOGPS_GNF1H_GCRMA_77_TISSUE_DDOF1; GRIN2A|EXACT_SINGLE_PROTEIN|HSAMP_e75262fc0acfda69d976a6d3|HUMAN_BIOGPS_GNF1H_GCRMA_77_TISSUE_DDOF1; GRIN2C|EXACT_SINGLE_PROTEIN|HSAMP_13a552b6ffc4aac3b85a50ca|HUMAN_BIOGPS_GNF1H_GCRMA_77_TISSUE_DDOF1; GRIN2C|EXACT_SINGLE_PROTEIN|HSAMP_20b60708f05d03c76f9fe702|HUMAN_BIOGPS_GNF1H_GCRMA_77_TISSUE_DDOF1; HTR2A|EXACT_SINGLE_PROTEIN|HSAMP_752ebc880edc13bb4e2b2de8|HUMAN_BIOGPS_GNF1H_GCRMA_77_TISSUE_DDOF1; HTR2C|EXACT_SINGLE_PROTEIN|HSAMP_8ed020260a1d25cf72324c8a|HUMAN_BIOGPS_GNF1H_GCRMA_77_TISSUE_DDOF1; HTR2C|EXACT_SINGLE_PROTEIN|HSAMP_a32ce488a48b0df9b8c4c40a|HUMAN_BIOGPS_GNF1H_GCRMA_77_TISSUE_DDOF1; OPRD1|EXACT_SINGLE_PROTEIN|HSAMP_f43595f3557cf05e6a721aeb|HUMAN_BIOGPS_GNF1H_GCRMA_77_TISSUE_DDOF1; PDE4A|EXACT_SINGLE_PROTEIN|HSAMP_752ebc880edc13bb4e2b2de8|HUMAN_BIOGPS_GNF1H_GCRMA_77_TISSUE_DDOF1; SLC6A3|EXACT_SINGLE_PROTEIN|HSAMP_8ed020260a1d25cf72324c8a|HUMAN_BIOGPS_GNF1H_GCRMA_77_TISSUE_DDOF1,,14,0,0,14,0.0,0.0,1.0,0,11,0.0,0,9,0.0,,,CHRM3|EXACT_SINGLE_PROTEIN|HSAMP_752ebc880edc13bb4e2b2de8|HUMAN_BIOGPS_GNF1H_GCRMA_77_TISSUE_DDOF1; DRD1|EXACT_SINGLE_PROTEIN|HSAMP_0cb8b4d1db8c390eeeecca55|HUMAN_BIOGPS_GNF1H_GCRMA_77_TISSUE_DDOF1; DRD1|EXACT_SINGLE_PROTEIN|HSAMP_a32ce488a48b0df9b8c4c40a|HUMAN_BIOGPS_GNF1H_GCRMA_77_TISSUE_DDOF1; GABRA1|EXACT_SINGLE_PROTEIN|HSAMP_7725bb8a75064c4d7246d9ba|HUMAN_BIOGPS_GNF1H_GCRMA_77_TISSUE_DDOF1; GABRA2|EXACT_SINGLE_PROTEIN|HSAMP_13a552b6ffc4aac3b85a50ca|HUMAN_BIOGPS_GNF1H_GCRMA_77_TISSUE_DDOF1; GRIN1|EXACT_SINGLE_PROTEIN|HSAMP_13a552b6ffc4aac3b85a50ca|HUMAN_BIOGPS_GNF1H_GCRMA_77_TISSUE_DDOF1; GRIN1|EXACT_SINGLE_PROTEIN|HSAMP_752ebc880edc13bb4e2b2de8|HUMAN_BIOGPS_GNF1H_GCRMA_77_TISSUE_DDOF1; GRIN2A|EXACT_SINGLE_PROTEIN|HSAMP_192dff4b8df5862a227b1163|HUMAN_BIOGPS_GNF1H_GCRMA_77_TISSUE_DDOF1; GRIN2C|EXACT_SINGLE_PROTEIN|HSAMP_13a552b6ffc4aac3b85a50ca|HUMAN_BIOGPS_GNF1H_GCRMA_77_TISSUE_DDOF1; GRIN2C|EXACT_SINGLE_PROTEIN|HSAMP_20b60708f05d03c76f9fe702|HUMAN_BIOGPS_GNF1H_GCRMA_77_TISSUE_DDOF1; HTR2A|EXACT_SINGLE_PROTEIN|HSAMP_752ebc880edc13bb4e2b2de8|HUMAN_BIOGPS_GNF1H_GCRMA_77_TISSUE_DDOF1; HTR2C|EXACT_SINGLE_PROTEIN|HSAMP_a32ce488a48b0df9b8c4c40a|HUMAN_BIOGPS_GNF1H_GCRMA_77_TISSUE_DDOF1; OPRD1|EXACT_SINGLE_PROTEIN|HSAMP_f43595f3557cf05e6a721aeb|HUMAN_BIOGPS_GNF1H_GCRMA_77_TISSUE_DDOF1; SLC6A3|EXACT_SINGLE_PROTEIN|HSAMP_8ed020260a1d25cf72324c8a|HUMAN_BIOGPS_GNF1H_GCRMA_77_TISSUE_DDOF1,,RECOMPUTED_AFFECTED_EDGE
"Ketamine, pooled parent","Hydroxynorketamine / HNK, generic identity",109,7,0.628315984791545,6.55981146567171,0.81096633010201,0.8297744950641186,0.8174591592806166,0.4620654913105806,0.33191566132514005,2.4775651259980336,True,109,1026,0.10623781676413255,19,0,0,19,0.0,0.0,0.0,0,12,0.0,0,11,0.0,,,CHRM3|EXACT_SINGLE_PROTEIN|HSAMP_752ebc880edc13bb4e2b2de8|HUMAN_BIOGPS_GNF1H_GCRMA_77_TISSUE_DDOF1; DRD1|EXACT_SINGLE_PROTEIN|HSAMP_0cb8b4d1db8c390eeeecca55|HUMAN_BIOGPS_GNF1H_GCRMA_77_TISSUE_DDOF1; DRD1|EXACT_SINGLE_PROTEIN|HSAMP_a32ce488a48b0df9b8c4c40a|HUMAN_BIOGPS_GNF1H_GCRMA_77_TISSUE_DDOF1; GABRA1|EXACT_SINGLE_PROTEIN|HSAMP_7725bb8a75064c4d7246d9ba|HUMAN_BIOGPS_GNF1H_GCRMA_77_TISSUE_DDOF1; GABRA1|EXACT_SINGLE_PROTEIN|HSAMP_e75262fc0acfda69d976a6d3|HUMAN_BIOGPS_GNF1H_GCRMA_77_TISSUE_DDOF1; GABRA2|EXACT_SINGLE_PROTEIN|HSAMP_13a552b6ffc4aac3b85a50ca|HUMAN_BIOGPS_GNF1H_GCRMA_77_TISSUE_DDOF1; GRIN1|EXACT_SINGLE_PROTEIN|HSAMP_13a552b6ffc4aac3b85a50ca|HUMAN_BIOGPS_GNF1H_GCRMA_77_TISSUE_DDOF1; GRIN1|EXACT_SINGLE_PROTEIN|HSAMP_752ebc880edc13bb4e2b2de8|HUMAN_BIOGPS_GNF1H_GCRMA_77_TISSUE_DDOF1; GRIN2A|EXACT_SINGLE_PROTEIN|HSAMP_192dff4b8df5862a227b1163|HUMAN_BIOGPS_GNF1H_GCRMA_77_TISSUE_DDOF1; GRIN2A|EXACT_SINGLE_PROTEIN|HSAMP_d99ba5ea584363f8600ade55|HUMAN_BIOGPS_GNF1H_GCRMA_77_TISSUE_DDOF1; GRIN2A|EXACT_SINGLE_PROTEIN|HSAMP_e75262fc0acfda69d976a6d3|HUMAN_BIOGPS_GNF1H_GCRMA_77_TISSUE_DDOF1; GRIN2C|EXACT_SINGLE_PROTEIN|HSAMP_13a552b6ffc4aac3b85a50ca|HUMAN_BIOGPS_GNF1H_GCRMA_77_TISSUE_DDOF1; GRIN2C|EXACT_SINGLE_PROTEIN|HSAMP_20b60708f05d03c76f9fe702|HUMAN_BIOGPS_GNF1H_GCRMA_77_TISSUE_DDOF1; HTR2A|EXACT_SINGLE_PROTEIN|HSAMP_752ebc880edc13bb4e2b2de8|HUMAN_BIOGPS_GNF1H_GCRMA_77_TISSUE_DDOF1; HTR2C|EXACT_SINGLE_PROTEIN|HSAMP_8ed020260a1d25cf72324c8a|HUMAN_BIOGPS_GNF1H_GCRMA_77_TISSUE_DDOF1; HTR2C|EXACT_SINGLE_PROTEIN|HSAMP_a32ce488a48b0df9b8c4c40a|HUMAN_BIOGPS_GNF1H_GCRMA_77_TISSUE_DDOF1; OPRD1|EXACT_SINGLE_PROTEIN|HSAMP_f43595f3557cf05e6a721aeb|HUMAN_BIOGPS_GNF1H_GCRMA_77_TISSUE_DDOF1; PDE4A|EXACT_SINGLE_PROTEIN|HSAMP_752ebc880edc13bb4e2b2de8|HUMAN_BIOGPS_GNF1H_GCRMA_77_TISSUE_DDOF1; SLC6A3|EXACT_SINGLE_PROTEIN|HSAMP_8ed020260a1d25cf72324c8a|HUMAN_BIOGPS_GNF1H_GCRMA_77_TISSUE_DDOF1,,14,0,0,14,0.0,0.0,0.0,0,11,0.0,0,9,0.0,,,CHRM3|EXACT_SINGLE_PROTEIN|HSAMP_752ebc880edc13bb4e2b2de8|HUMAN_BIOGPS_GNF1H_GCRMA_77_TISSUE_DDOF1; DRD1|EXACT_SINGLE_PROTEIN|HSAMP_0cb8b4d1db8c390eeeecca55|HUMAN_BIOGPS_GNF1H_GCRMA_77_TISSUE_DDOF1; DRD1|EXACT_SINGLE_PROTEIN|HSAMP_a32ce488a48b0df9b8c4c40a|HUMAN_BIOGPS_GNF1H_GCRMA_77_TISSUE_DDOF1; GABRA1|EXACT_SINGLE_PROTEIN|HSAMP_7725bb8a75064c4d7246d9ba|HUMAN_BIOGPS_GNF1H_GCRMA_77_TISSUE_DDOF1; GABRA2|EXACT_SINGLE_PROTEIN|HSAMP_13a552b6ffc4aac3b85a50ca|HUMAN_BIOGPS_GNF1H_GCRMA_77_TISSUE_DDOF1; GRIN1|EXACT_SINGLE_PROTEIN|HSAMP_13a552b6ffc4aac3b85a50ca|HUMAN_BIOGPS_GNF1H_GCRMA_77_TISSUE_DDOF1; GRIN1|EXACT_SINGLE_PROTEIN|HSAMP_752ebc880edc13bb4e2b2de8|HUMAN_BIOGPS_GNF1H_GCRMA_77_TISSUE_DDOF1; GRIN2A|EXACT_SINGLE_PROTEIN|HSAMP_192dff4b8df5862a227b1163|HUMAN_BIOGPS_GNF1H_GCRMA_77_TISSUE_DDOF1; GRIN2C|EXACT_SINGLE_PROTEIN|HSAMP_13a552b6ffc4aac3b85a50ca|HUMAN_BIOGPS_GNF1H_GCRMA_77_TISSUE_DDOF1; GRIN2C|EXACT_SINGLE_PROTEIN|HSAMP_20b60708f05d03c76f9fe702|HUMAN_BIOGPS_GNF1H_GCRMA_77_TISSUE_DDOF1; HTR2A|EXACT_SINGLE_PROTEIN|HSAMP_752ebc880edc13bb4e2b2de8|HUMAN_BIOGPS_GNF1H_GCRMA_77_TISSUE_DDOF1; HTR2C|EXACT_SINGLE_PROTEIN|HSAMP_a32ce488a48b0df9b8c4c40a|HUMAN_BIOGPS_GNF1H_GCRMA_77_TISSUE_DDOF1; OPRD1|EXACT_SINGLE_PROTEIN|HSAMP_f43595f3557cf05e6a721aeb|HUMAN_BIOGPS_GNF1H_GCRMA_77_TISSUE_DDOF1; SLC6A3|EXACT_SINGLE_PROTEIN|HSAMP_8ed020260a1d25cf72324c8a|HUMAN_BIOGPS_GNF1H_GCRMA_77_TISSUE_DDOF1,,RECOMPUTED_AFFECTED_EDGE
"Ketamine, pooled parent","Hydroxyketamine, generic E7 identity",99,10,0.6860697285132457,6.826307608498289,0.7859022921644516,0.7809684510448172,0.7892728364884821,0.3660537530253274,0.1327203869452144,3.1098932220004336,True,99,1032,0.09593023255813954,19,0,0,19,0.0,0.0,0.0,0,12,0.0,0,11,0.0,,,CHRM3|EXACT_SINGLE_PROTEIN|HSAMP_752ebc880edc13bb4e2b2de8|HUMAN_BIOGPS_GNF1H_GCRMA_77_TISSUE_DDOF1; DRD1|EXACT_SINGLE_PROTEIN|HSAMP_0cb8b4d1db8c390eeeecca55|HUMAN_BIOGPS_GNF1H_GCRMA_77_TISSUE_DDOF1; DRD1|EXACT_SINGLE_PROTEIN|HSAMP_a32ce488a48b0df9b8c4c40a|HUMAN_BIOGPS_GNF1H_GCRMA_77_TISSUE_DDOF1; GABRA1|EXACT_SINGLE_PROTEIN|HSAMP_7725bb8a75064c4d7246d9ba|HUMAN_BIOGPS_GNF1H_GCRMA_77_TISSUE_DDOF1; GABRA1|EXACT_SINGLE_PROTEIN|HSAMP_e75262fc0acfda69d976a6d3|HUMAN_BIOGPS_GNF1H_GCRMA_77_TISSUE_DDOF1; GABRA2|EXACT_SINGLE_PROTEIN|HSAMP_13a552b6ffc4aac3b85a50ca|HUMAN_BIOGPS_GNF1H_GCRMA_77_TISSUE_DDOF1; GRIN1|EXACT_SINGLE_PROTEIN|HSAMP_13a552b6ffc4aac3b85a50ca|HUMAN_BIOGPS_GNF1H_GCRMA_77_TISSUE_DDOF1; GRIN1|EXACT_SINGLE_PROTEIN|HSAMP_752ebc880edc13bb4e2b2de8|HUMAN_BIOGPS_GNF1H_GCRMA_77_TISSUE_DDOF1; GRIN2A|EXACT_SINGLE_PROTEIN|HSAMP_192dff4b8df5862a227b1163|HUMAN_BIOGPS_GNF1H_GCRMA_77_TISSUE_DDOF1; GRIN2A|EXACT_SINGLE_PROTEIN|HSAMP_d99ba5ea584363f8600ade55|HUMAN_BIOGPS_GNF1H_GCRMA_77_TISSUE_DDOF1; GRIN2A|EXACT_SINGLE_PROTEIN|HSAMP_e75262fc0acfda69d976a6d3|HUMAN_BIOGPS_GNF1H_GCRMA_77_TISSUE_DDOF1; GRIN2C|EXACT_SINGLE_PROTEIN|HSAMP_13a552b6ffc4aac3b85a50ca|HUMAN_BIOGPS_GNF1H_GCRMA_77_TISSUE_DDOF1; GRIN2C|EXACT_SINGLE_PROTEIN|HSAMP_20b60708f05d03c76f9fe702|HUMAN_BIOGPS_GNF1H_GCRMA_77_TISSUE_DDOF1; HTR2A|EXACT_SINGLE_PROTEIN|HSAMP_752ebc880edc13bb4e2b2de8|HUMAN_BIOGPS_GNF1H_GCRMA_77_TISSUE_DDOF1; HTR2C|EXACT_SINGLE_PROTEIN|HSAMP_8ed020260a1d25cf72324c8a|HUMAN_BIOGPS_GNF1H_GCRMA_77_TISSUE_DDOF1; HTR2C|EXACT_SINGLE_PROTEIN|HSAMP_a32ce488a48b0df9b8c4c40a|HUMAN_BIOGPS_GNF1H_GCRMA_77_TISSUE_DDOF1; OPRD1|EXACT_SINGLE_PROTEIN|HSAMP_f43595f3557cf05e6a721aeb|HUMAN_BIOGPS_GNF1H_GCRMA_77_TISSUE_DDOF1; PDE4A|EXACT_SINGLE_PROTEIN|HSAMP_752ebc880edc13bb4e2b2de8|HUMAN_BIOGPS_GNF1H_GCRMA_77_TISSUE_DDOF1; SLC6A3|EXACT_SINGLE_PROTEIN|HSAMP_8ed020260a1d25cf72324c8a|HUMAN_BIOGPS_GNF1H_GCRMA_77_TISSUE_DDOF1,,14,0,0,14,0.0,0.0,0.0,0,11,0.0,0,9,0.0,,,CHRM3|EXACT_SINGLE_PROTEIN|HSAMP_752ebc880edc13bb4e2b2de8|HUMAN_BIOGPS_GNF1H_GCRMA_77_TISSUE_DDOF1; DRD1|EXACT_SINGLE_PROTEIN|HSAMP_0cb8b4d1db8c390eeeecca55|HUMAN_BIOGPS_GNF1H_GCRMA_77_TISSUE_DDOF1; DRD1|EXACT_SINGLE_PROTEIN|HSAMP_a32ce488a48b0df9b8c4c40a|HUMAN_BIOGPS_GNF1H_GCRMA_77_TISSUE_DDOF1; GABRA1|EXACT_SINGLE_PROTEIN|HSAMP_7725bb8a75064c4d7246d9ba|HUMAN_BIOGPS_GNF1H_GCRMA_77_TISSUE_DDOF1; GABRA2|EXACT_SINGLE_PROTEIN|HSAMP_13a552b6ffc4aac3b85a50ca|HUMAN_BIOGPS_GNF1H_GCRMA_77_TISSUE_DDOF1; GRIN1|EXACT_SINGLE_PROTEIN|HSAMP_13a552b6ffc4aac3b85a50ca|HUMAN_BIOGPS_GNF1H_GCRMA_77_TISSUE_DDOF1; GRIN1|EXACT_SINGLE_PROTEIN|HSAMP_752ebc880edc13bb4e2b2de8|HUMAN_BIOGPS_GNF1H_GCRMA_77_TISSUE_DDOF1; GRIN2A|EXACT_SINGLE_PROTEIN|HSAMP_192dff4b8df5862a227b1163|HUMAN_BIOGPS_GNF1H_GCRMA_77_TISSUE_DDOF1; GRIN2C|EXACT_SINGLE_PROTEIN|HSAMP_13a552b6ffc4aac3b85a50ca|HUMAN_BIOGPS_GNF1H_GCRMA_77_TISSUE_DDOF1; GRIN2C|EXACT_SINGLE_PROTEIN|HSAMP_20b60708f05d03c76f9fe702|HUMAN_BIOGPS_GNF1H_GCRMA_77_TISSUE_DDOF1; HTR2A|EXACT_SINGLE_PROTEIN|HSAMP_752ebc880edc13bb4e2b2de8|HUMAN_BIOGPS_GNF1H_GCRMA_77_TISSUE_DDOF1; HTR2C|EXACT_SINGLE_PROTEIN|HSAMP_a32ce488a48b0df9b8c4c40a|HUMAN_BIOGPS_GNF1H_GCRMA_77_TISSUE_DDOF1; OPRD1|EXACT_SINGLE_PROTEIN|HSAMP_f43595f3557cf05e6a721aeb|HUMAN_BIOGPS_GNF1H_GCRMA_77_TISSUE_DDOF1; SLC6A3|EXACT_SINGLE_PROTEIN|HSAMP_8ed020260a1d25cf72324c8a|HUMAN_BIOGPS_GNF1H_GCRMA_77_TISSUE_DDOF1,,RECOMPUTED_AFFECTED_EDGE
"Ketamine, pooled parent",Norketamine,87,5,0.4681460727054086,4.366575872338221,0.8493856753717195,0.8508790956003287,0.8333082712355953,0.3010703720332869,0.1951439882130516,2.1772109259980335,True,87,1026,0.0847953216374269,19,1,1,19,0.05263157894736842,1.0,1.0,1,12,0.08333333333333333,1,11,0.09090909090909091,0.26659788867598005,CHRM3|EXACT_SINGLE_PROTEIN|HSAMP_752ebc880edc13bb4e2b2de8|HUMAN_BIOGPS_GNF1H_GCRMA_77_TISSUE_DDOF1,DRD1|EXACT_SINGLE_PROTEIN|HSAMP_0cb8b4d1db8c390eeeecca55|HUMAN_BIOGPS_GNF1H_GCRMA_77_TISSUE_DDOF1; DRD1|EXACT_SINGLE_PROTEIN|HSAMP_a32ce488a48b0df9b8c4c40a|HUMAN_BIOGPS_GNF1H_GCRMA_77_TISSUE_DDOF1; GABRA1|EXACT_SINGLE_PROTEIN|HSAMP_7725bb8a75064c4d7246d9ba|HUMAN_BIOGPS_GNF1H_GCRMA_77_TISSUE_DDOF1; GABRA1|EXACT_SINGLE_PROTEIN|HSAMP_e75262fc0acfda69d976a6d3|HUMAN_BIOGPS_GNF1H_GCRMA_77_TISSUE_DDOF1; GABRA2|EXACT_SINGLE_PROTEIN|HSAMP_13a552b6ffc4aac3b85a50ca|HUMAN_BIOGPS_GNF1H_GCRMA_77_TISSUE_DDOF1; GRIN1|EXACT_SINGLE_PROTEIN|HSAMP_13a552b6ffc4aac3b85a50ca|HUMAN_BIOGPS_GNF1H_GCRMA_77_TISSUE_DDOF1; GRIN1|EXACT_SINGLE_PROTEIN|HSAMP_752ebc880edc13bb4e2b2de8|HUMAN_BIOGPS_GNF1H_GCRMA_77_TISSUE_DDOF1; GRIN2A|EXACT_SINGLE_PROTEIN|HSAMP_192dff4b8df5862a227b1163|HUMAN_BIOGPS_GNF1H_GCRMA_77_TISSUE_DDOF1; GRIN2A|EXACT_SINGLE_PROTEIN|HSAMP_d99ba5ea584363f8600ade55|HUMAN_BIOGPS_GNF1H_GCRMA_77_TISSUE_DDOF1; GRIN2A|EXACT_SINGLE_PROTEIN|HSAMP_e75262fc0acfda69d976a6d3|HUMAN_BIOGPS_GNF1H_GCRMA_77_TISSUE_DDOF1; GRIN2C|EXACT_SINGLE_PROTEIN|HSAMP_13a552b6ffc4aac3b85a50ca|HUMAN_BIOGPS_GNF1H_GCRMA_77_TISSUE_DDOF1; GRIN2C|EXACT_SINGLE_PROTEIN|HSAMP_20b60708f05d03c76f9fe702|HUMAN_BIOGPS_GNF1H_GCRMA_77_TISSUE_DDOF1; HTR2A|EXACT_SINGLE_PROTEIN|HSAMP_752ebc880edc13bb4e2b2de8|HUMAN_BIOGPS_GNF1H_GCRMA_77_TISSUE_DDOF1; HTR2C|EXACT_SINGLE_PROTEIN|HSAMP_8ed020260a1d25cf72324c8a|HUMAN_BIOGPS_GNF1H_GCRMA_77_TISSUE_DDOF1; HTR2C|EXACT_SINGLE_PROTEIN|HSAMP_a32ce488a48b0df9b8c4c40a|HUMAN_BIOGPS_GNF1H_GCRMA_77_TISSUE_DDOF1; OPRD1|EXACT_SINGLE_PROTEIN|HSAMP_f43595f3557cf05e6a721aeb|HUMAN_BIOGPS_GNF1H_GCRMA_77_TISSUE_DDOF1; PDE4A|EXACT_SINGLE_PROTEIN|HSAMP_752ebc880edc13bb4e2b2de8|HUMAN_BIOGPS_GNF1H_GCRMA_77_TISSUE_DDOF1; SLC6A3|EXACT_SINGLE_PROTEIN|HSAMP_8ed020260a1d25cf72324c8a|HUMAN_BIOGPS_GNF1H_GCRMA_77_TISSUE_DDOF1,,14,1,1,14,0.07142857142857142,1.0,1.0,1,11,0.09090909090909091,1,9,0.1111111111111111,0.29837843386740687,CHRM3|EXACT_SINGLE_PROTEIN|HSAMP_752ebc880edc13bb4e2b2de8|HUMAN_BIOGPS_GNF1H_GCRMA_77_TISSUE_DDOF1,DRD1|EXACT_SINGLE_PROTEIN|HSAMP_0cb8b4d1db8c390eeeecca55|HUMAN_BIOGPS_GNF1H_GCRMA_77_TISSUE_DDOF1; DRD1|EXACT_SINGLE_PROTEIN|HSAMP_a32ce488a48b0df9b8c4c40a|HUMAN_BIOGPS_GNF1H_GCRMA_77_TISSUE_DDOF1; GABRA1|EXACT_SINGLE_PROTEIN|HSAMP_7725bb8a75064c4d7246d9ba|HUMAN_BIOGPS_GNF1H_GCRMA_77_TISSUE_DDOF1; GABRA2|EXACT_SINGLE_PROTEIN|HSAMP_13a552b6ffc4aac3b85a50ca|HUMAN_BIOGPS_GNF1H_GCRMA_77_TISSUE_DDOF1; GRIN1|EXACT_SINGLE_PROTEIN|HSAMP_13a552b6ffc4aac3b85a50ca|HUMAN_BIOGPS_GNF1H_GCRMA_77_TISSUE_DDOF1; GRIN1|EXACT_SINGLE_PROTEIN|HSAMP_752ebc880edc13bb4e2b2de8|HUMAN_BIOGPS_GNF1H_GCRMA_77_TISSUE_DDOF1; GRIN2A|EXACT_SINGLE_PROTEIN|HSAMP_192dff4b8df5862a227b1163|HUMAN_BIOGPS_GNF1H_GCRMA_77_TISSUE_DDOF1; GRIN2C|EXACT_SINGLE_PROTEIN|HSAMP_13a552b6ffc4aac3b85a50ca|HUMAN_BIOGPS_GNF1H_GCRMA_77_TISSUE_DDOF1; GRIN2C|EXACT_SINGLE_PROTEIN|HSAMP_20b60708f05d03c76f9fe702|HUMAN_BIOGPS_GNF1H_GCRMA_77_TISSUE_DDOF1; HTR2A|EXACT_SINGLE_PROTEIN|HSAMP_752ebc880edc13bb4e2b2de8|HUMAN_BIOGPS_GNF1H_GCRMA_77_TISSUE_DDOF1; HTR2C|EXACT_SINGLE_PROTEIN|HSAMP_a32ce488a48b0df9b8c4c40a|HUMAN_BIOGPS_GNF1H_GCRMA_77_TISSUE_DDOF1; OPRD1|EXACT_SINGLE_PROTEIN|HSAMP_f43595f3557cf05e6a721aeb|HUMAN_BIOGPS_GNF1H_GCRMA_77_TISSUE_DDOF1; SLC6A3|EXACT_SINGLE_PROTEIN|HSAMP_8ed020260a1d25cf72324c8a|HUMAN_BIOGPS_GNF1H_GCRMA_77_TISSUE_DDOF1,,RECOMPUTED_AFFECTED_EDGE
"Ketamine, confirmed racemate",S-ketamine,432,24,0.1050607134528911,2.1836459229581098,0.9684263666322028,0.9186406356684412,0.9238688194739498,0.0712482303837442,0.0354422740798943,0.2975099968241433,True,432,792,0.5454545454545454,12,12,8,16,0.5,0.6666666666666666,0.5714285714285714,6,9,0.6666666666666666,7,12,0.5833333333333334,0.7351336021914696,CHRM3|EXACT_SINGLE_PROTEIN|HSAMP_752ebc880edc13bb4e2b2de8|HUMAN_BIOGPS_GNF1H_GCRMA_77_TISSUE_DDOF1; GRIN1|EXACT_SINGLE_PROTEIN|HSAMP_13a552b6ffc4aac3b85a50ca|HUMAN_BIOGPS_GNF1H_GCRMA_77_TISSUE_DDOF1; GRIN1|EXACT_SINGLE_PROTEIN|HSAMP_752ebc880edc13bb4e2b2de8|HUMAN_BIOGPS_GNF1H_GCRMA_77_TISSUE_DDOF1; GRIN2A|EXACT_SINGLE_PROTEIN|HSAMP_192dff4b8df5862a227b1163|HUMAN_BIOGPS_GNF1H_GCRMA_77_TISSUE_DDOF1; GRIN2C|EXACT_SINGLE_PROTEIN|HSAMP_13a552b6ffc4aac3b85a50ca|HUMAN_BIOGPS_GNF1H_GCRMA_77_TISSUE_DDOF1; GRIN2C|EXACT_SINGLE_PROTEIN|HSAMP_20b60708f05d03c76f9fe702|HUMAN_BIOGPS_GNF1H_GCRMA_77_TISSUE_DDOF1; OPRD1|EXACT_SINGLE_PROTEIN|HSAMP_f43595f3557cf05e6a721aeb|HUMAN_BIOGPS_GNF1H_GCRMA_77_TISSUE_DDOF1; SLC6A3|EXACT_SINGLE_PROTEIN|HSAMP_8ed020260a1d25cf72324c8a|HUMAN_BIOGPS_GNF1H_GCRMA_77_TISSUE_DDOF1,GRIN2A|EXACT_SINGLE_PROTEIN|HSAMP_5c090f15f3e5194312a7e8ed|HUMAN_BIOGPS_GNF1H_GCRMA_77_TISSUE_DDOF1; GRIN2A|EXACT_SINGLE_PROTEIN|HSAMP_d99ba5ea584363f8600ade55|HUMAN_BIOGPS_GNF1H_GCRMA_77_TISSUE_DDOF1; GRIN2A|EXACT_SINGLE_PROTEIN|HSAMP_e75262fc0acfda69d976a6d3|HUMAN_BIOGPS_GNF1H_GCRMA_77_TISSUE_DDOF1; OPRM1|EXACT_SINGLE_PROTEIN|HSAMP_0cb8b4d1db8c390eeeecca55|HUMAN_BIOGPS_GNF1H_GCRMA_77_TISSUE_DDOF1,ADORA1|EXACT_SINGLE_PROTEIN|HSAMP_06645e2e8409a5b743985cdd|HUMAN_BIOGPS_GNF1H_GCRMA_77_TISSUE_DDOF1; ADORA1|EXACT_SINGLE_PROTEIN|HSAMP_752ebc880edc13bb4e2b2de8|HUMAN_BIOGPS_GNF1H_GCRMA_77_TISSUE_DDOF1; DRD1|EXACT_SINGLE_PROTEIN|HSAMP_0cb8b4d1db8c390eeeecca55|HUMAN_BIOGPS_GNF1H_GCRMA_77_TISSUE_DDOF1; DRD1|EXACT_SINGLE_PROTEIN|HSAMP_a32ce488a48b0df9b8c4c40a|HUMAN_BIOGPS_GNF1H_GCRMA_77_TISSUE_DDOF1,10,9,6,13,0.4615384615384615,0.6666666666666666,0.5,5,8,0.625,5,11,0.4545454545454545,0.7104800873899545,CHRM3|EXACT_SINGLE_PROTEIN|HSAMP_752ebc880edc13bb4e2b2de8|HUMAN_BIOGPS_GNF1H_GCRMA_77_TISSUE_DDOF1; GRIN1|EXACT_SINGLE_PROTEIN|HSAMP_13a552b6ffc4aac3b85a50ca|HUMAN_BIOGPS_GNF1H_GCRMA_77_TISSUE_DDOF1; GRIN1|EXACT_SINGLE_PROTEIN|HSAMP_752ebc880edc13bb4e2b2de8|HUMAN_BIOGPS_GNF1H_GCRMA_77_TISSUE_DDOF1; GRIN2A|EXACT_SINGLE_PROTEIN|HSAMP_192dff4b8df5862a227b1163|HUMAN_BIOGPS_GNF1H_GCRMA_77_TISSUE_DDOF1; OPRD1|EXACT_SINGLE_PROTEIN|HSAMP_f43595f3557cf05e6a721aeb|HUMAN_BIOGPS_GNF1H_GCRMA_77_TISSUE_DDOF1; SLC6A3|EXACT_SINGLE_PROTEIN|HSAMP_8ed020260a1d25cf72324c8a|HUMAN_BIOGPS_GNF1H_GCRMA_77_TISSUE_DDOF1,GRIN2A|EXACT_SINGLE_PROTEIN|HSAMP_d99ba5ea584363f8600ade55|HUMAN_BIOGPS_GNF1H_GCRMA_77_TISSUE_DDOF1; GRIN2A|EXACT_SINGLE_PROTEIN|HSAMP_e75262fc0acfda69d976a6d3|HUMAN_BIOGPS_GNF1H_GCRMA_77_TISSUE_DDOF1; GRIN2C|EXACT_SINGLE_PROTEIN|HSAMP_13a552b6ffc4aac3b85a50ca|HUMAN_BIOGPS_GNF1H_GCRMA_77_TISSUE_DDOF1; GRIN2C|EXACT_SINGLE_PROTEIN|HSAMP_20b60708f05d03c76f9fe702|HUMAN_BIOGPS_GNF1H_GCRMA_77_TISSUE_DDOF1,ADORA1|EXACT_SINGLE_PROTEIN|HSAMP_06645e2e8409a5b743985cdd|HUMAN_BIOGPS_GNF1H_GCRMA_77_TISSUE_DDOF1; DRD1|EXACT_SINGLE_PROTEIN|HSAMP_0cb8b4d1db8c390eeeecca55|HUMAN_BIOGPS_GNF1H_GCRMA_77_TISSUE_DDOF1; DRD1|EXACT_SINGLE_PROTEIN|HSAMP_a32ce488a48b0df9b8c4c40a|HUMAN_BIOGPS_GNF1H_GCRMA_77_TISSUE_DDOF1,REUSED_VALIDATED_SOURCE_RUN
"Ketamine, confirmed racemate",R-ketamine,378,21,0.1080788469530828,2.1012929462575154,0.9671969871712256,0.9340116720640402,0.9386739563668915,0.0731324108904487,0.0381437963497151,0.2975099968241433,True,378,756,0.5,12,11,7,16,0.4375,0.6363636363636364,0.5,6,9,0.6666666666666666,7,12,0.5833333333333334,0.6889969881139448,CHRM3|EXACT_SINGLE_PROTEIN|HSAMP_752ebc880edc13bb4e2b2de8|HUMAN_BIOGPS_GNF1H_GCRMA_77_TISSUE_DDOF1; GRIN1|EXACT_SINGLE_PROTEIN|HSAMP_13a552b6ffc4aac3b85a50ca|HUMAN_BIOGPS_GNF1H_GCRMA_77_TISSUE_DDOF1; GRIN1|EXACT_SINGLE_PROTEIN|HSAMP_752ebc880edc13bb4e2b2de8|HUMAN_BIOGPS_GNF1H_GCRMA_77_TISSUE_DDOF1; GRIN2A|EXACT_SINGLE_PROTEIN|HSAMP_192dff4b8df5862a227b1163|HUMAN_BIOGPS_GNF1H_GCRMA_77_TISSUE_DDOF1; GRIN2C|EXACT_SINGLE_PROTEIN|HSAMP_20b60708f05d03c76f9fe702|HUMAN_BIOGPS_GNF1H_GCRMA_77_TISSUE_DDOF1; OPRD1|EXACT_SINGLE_PROTEIN|HSAMP_f43595f3557cf05e6a721aeb|HUMAN_BIOGPS_GNF1H_GCRMA_77_TISSUE_DDOF1; SLC6A3|EXACT_SINGLE_PROTEIN|HSAMP_8ed020260a1d25cf72324c8a|HUMAN_BIOGPS_GNF1H_GCRMA_77_TISSUE_DDOF1,GRIN2A|EXACT_SINGLE_PROTEIN|HSAMP_5c090f15f3e5194312a7e8ed|HUMAN_BIOGPS_GNF1H_GCRMA_77_TISSUE_DDOF1; GRIN2A|EXACT_SINGLE_PROTEIN|HSAMP_d99ba5ea584363f8600ade55|HUMAN_BIOGPS_GNF1H_GCRMA_77_TISSUE_DDOF1; GRIN2A|EXACT_SINGLE_PROTEIN|HSAMP_e75262fc0acfda69d976a6d3|HUMAN_BIOGPS_GNF1H_GCRMA_77_TISSUE_DDOF1; GRIN2C|EXACT_SINGLE_PROTEIN|HSAMP_13a552b6ffc4aac3b85a50ca|HUMAN_BIOGPS_GNF1H_GCRMA_77_TISSUE_DDOF1; OPRM1|EXACT_SINGLE_PROTEIN|HSAMP_0cb8b4d1db8c390eeeecca55|HUMAN_BIOGPS_GNF1H_GCRMA_77_TISSUE_DDOF1,ADORA1|EXACT_SINGLE_PROTEIN|HSAMP_06645e2e8409a5b743985cdd|HUMAN_BIOGPS_GNF1H_GCRMA_77_TISSUE_DDOF1; ADORA1|EXACT_SINGLE_PROTEIN|HSAMP_752ebc880edc13bb4e2b2de8|HUMAN_BIOGPS_GNF1H_GCRMA_77_TISSUE_DDOF1; DRD1|EXACT_SINGLE_PROTEIN|HSAMP_0cb8b4d1db8c390eeeecca55|HUMAN_BIOGPS_GNF1H_GCRMA_77_TISSUE_DDOF1; DRD1|EXACT_SINGLE_PROTEIN|HSAMP_a32ce488a48b0df9b8c4c40a|HUMAN_BIOGPS_GNF1H_GCRMA_77_TISSUE_DDOF1,10,9,6,13,0.4615384615384615,0.6666666666666666,0.5,5,8,0.625,5,11,0.4545454545454545,0.7059906329423666,CHRM3|EXACT_SINGLE_PROTEIN|HSAMP_752ebc880edc13bb4e2b2de8|HUMAN_BIOGPS_GNF1H_GCRMA_77_TISSUE_DDOF1; GRIN1|EXACT_SINGLE_PROTEIN|HSAMP_13a552b6ffc4aac3b85a50ca|HUMAN_BIOGPS_GNF1H_GCRMA_77_TISSUE_DDOF1; GRIN1|EXACT_SINGLE_PROTEIN|HSAMP_752ebc880edc13bb4e2b2de8|HUMAN_BIOGPS_GNF1H_GCRMA_77_TISSUE_DDOF1; GRIN2A|EXACT_SINGLE_PROTEIN|HSAMP_192dff4b8df5862a227b1163|HUMAN_BIOGPS_GNF1H_GCRMA_77_TISSUE_DDOF1; OPRD1|EXACT_SINGLE_PROTEIN|HSAMP_f43595f3557cf05e6a721aeb|HUMAN_BIOGPS_GNF1H_GCRMA_77_TISSUE_DDOF1; SLC6A3|EXACT_SINGLE_PROTEIN|HSAMP_8ed020260a1d25cf72324c8a|HUMAN_BIOGPS_GNF1H_GCRMA_77_TISSUE_DDOF1,GRIN2A|EXACT_SINGLE_PROTEIN|HSAMP_d99ba5ea584363f8600ade55|HUMAN_BIOGPS_GNF1H_GCRMA_77_TISSUE_DDOF1; GRIN2A|EXACT_SINGLE_PROTEIN|HSAMP_e75262fc0acfda69d976a6d3|HUMAN_BIOGPS_GNF1H_GCRMA_77_TISSUE_DDOF1; GRIN2C|EXACT_SINGLE_PROTEIN|HSAMP_13a552b6ffc4aac3b85a50ca|HUMAN_BIOGPS_GNF1H_GCRMA_77_TISSUE_DDOF1; GRIN2C|EXACT_SINGLE_PROTEIN|HSAMP_20b60708f05d03c76f9fe702|HUMAN_BIOGPS_GNF1H_GCRMA_77_TISSUE_DDOF1,ADORA1|EXACT_SINGLE_PROTEIN|HSAMP_06645e2e8409a5b743985cdd|HUMAN_BIOGPS_GNF1H_GCRMA_77_TISSUE_DDOF1; DRD1|EXACT_SINGLE_PROTEIN|HSAMP_0cb8b4d1db8c390eeeecca55|HUMAN_BIOGPS_GNF1H_GCRMA_77_TISSUE_DDOF1; DRD1|EXACT_SINGLE_PROTEIN|HSAMP_a32ce488a48b0df9b8c4c40a|HUMAN_BIOGPS_GNF1H_GCRMA_77_TISSUE_DDOF1,REUSED_VALIDATED_SOURCE_RUN
"Ketamine, confirmed racemate","Hydroxyketamine, unspecified isomer aggregate",270,15,0.1278806162879702,2.1012929462575154,0.948544529324253,0.9206596441374016,0.9314415384409032,0.1023853752466282,0.0825928980591341,0.2975099968241433,True,270,756,0.3571428571428571,12,7,3,16,0.1875,0.4285714285714285,0.5,3,9,0.3333333333333333,4,12,0.3333333333333333,0.3636022283577672,CHRM3|EXACT_SINGLE_PROTEIN|HSAMP_752ebc880edc13bb4e2b2de8|HUMAN_BIOGPS_GNF1H_GCRMA_77_TISSUE_DDOF1; OPRD1|EXACT_SINGLE_PROTEIN|HSAMP_f43595f3557cf05e6a721aeb|HUMAN_BIOGPS_GNF1H_GCRMA_77_TISSUE_DDOF1; SLC6A3|EXACT_SINGLE_PROTEIN|HSAMP_8ed020260a1d25cf72324c8a|HUMAN_BIOGPS_GNF1H_GCRMA_77_TISSUE_DDOF1,GRIN1|EXACT_SINGLE_PROTEIN|HSAMP_13a552b6ffc4aac3b85a50ca|HUMAN_BIOGPS_GNF1H_GCRMA_77_TISSUE_DDOF1; GRIN1|EXACT_SINGLE_PROTEIN|HSAMP_752ebc880edc13bb4e2b2de8|HUMAN_BIOGPS_GNF1H_GCRMA_77_TISSUE_DDOF1; GRIN2A|EXACT_SINGLE_PROTEIN|HSAMP_192dff4b8df5862a227b1163|HUMAN_BIOGPS_GNF1H_GCRMA_77_TISSUE_DDOF1; GRIN2A|EXACT_SINGLE_PROTEIN|HSAMP_5c090f15f3e5194312a7e8ed|HUMAN_BIOGPS_GNF1H_GCRMA_77_TISSUE_DDOF1; GRIN2A|EXACT_SINGLE_PROTEIN|HSAMP_d99ba5ea584363f8600ade55|HUMAN_BIOGPS_GNF1H_GCRMA_77_TISSUE_DDOF1; GRIN2A|EXACT_SINGLE_PROTEIN|HSAMP_e75262fc0acfda69d976a6d3|HUMAN_BIOGPS_GNF1H_GCRMA_77_TISSUE_DDOF1; GRIN2C|EXACT_SINGLE_PROTEIN|HSAMP_13a552b6ffc4aac3b85a50ca|HUMAN_BIOGPS_GNF1H_GCRMA_77_TISSUE_DDOF1; GRIN2C|EXACT_SINGLE_PROTEIN|HSAMP_20b60708f05d03c76f9fe702|HUMAN_BIOGPS_GNF1H_GCRMA_77_TISSUE_DDOF1; OPRM1|EXACT_SINGLE_PROTEIN|HSAMP_0cb8b4d1db8c390eeeecca55|HUMAN_BIOGPS_GNF1H_GCRMA_77_TISSUE_DDOF1,ADORA1|EXACT_SINGLE_PROTEIN|HSAMP_06645e2e8409a5b743985cdd|HUMAN_BIOGPS_GNF1H_GCRMA_77_TISSUE_DDOF1; ADORA1|EXACT_SINGLE_PROTEIN|HSAMP_752ebc880edc13bb4e2b2de8|HUMAN_BIOGPS_GNF1H_GCRMA_77_TISSUE_DDOF1; DRD1|EXACT_SINGLE_PROTEIN|HSAMP_0cb8b4d1db8c390eeeecca55|HUMAN_BIOGPS_GNF1H_GCRMA_77_TISSUE_DDOF1; DRD1|EXACT_SINGLE_PROTEIN|HSAMP_a32ce488a48b0df9b8c4c40a|HUMAN_BIOGPS_GNF1H_GCRMA_77_TISSUE_DDOF1,10,7,3,14,0.2142857142857142,0.4285714285714285,0.6,3,8,0.375,3,11,0.2727272727272727,0.3860210935219263,CHRM3|EXACT_SINGLE_PROTEIN|HSAMP_752ebc880edc13bb4e2b2de8|HUMAN_BIOGPS_GNF1H_GCRMA_77_TISSUE_DDOF1; OPRD1|EXACT_SINGLE_PROTEIN|HSAMP_f43595f3557cf05e6a721aeb|HUMAN_BIOGPS_GNF1H_GCRMA_77_TISSUE_DDOF1; SLC6A3|EXACT_SINGLE_PROTEIN|HSAMP_8ed020260a1d25cf72324c8a|HUMAN_BIOGPS_GNF1H_GCRMA_77_TISSUE_DDOF1,GRIN1|EXACT_SINGLE_PROTEIN|HSAMP_13a552b6ffc4aac3b85a50ca|HUMAN_BIOGPS_GNF1H_GCRMA_77_TISSUE_DDOF1; GRIN1|EXACT_SINGLE_PROTEIN|HSAMP_752ebc880edc13bb4e2b2de8|HUMAN_BIOGPS_GNF1H_GCRMA_77_TISSUE_DDOF1; GRIN2A|EXACT_SINGLE_PROTEIN|HSAMP_192dff4b8df5862a227b1163|HUMAN_BIOGPS_GNF1H_GCRMA_77_TISSUE_DDOF1; GRIN2A|EXACT_SINGLE_PROTEIN|HSAMP_d99ba5ea584363f8600ade55|HUMAN_BIOGPS_GNF1H_GCRMA_77_TISSUE_DDOF1; GRIN2A|EXACT_SINGLE_PROTEIN|HSAMP_e75262fc0acfda69d976a6d3|HUMAN_BIOGPS_GNF1H_GCRMA_77_TISSUE_DDOF1; GRIN2C|EXACT_SINGLE_PROTEIN|HSAMP_13a552b6ffc4aac3b85a50ca|HUMAN_BIOGPS_GNF1H_GCRMA_77_TISSUE_DDOF1; GRIN2C|EXACT_SINGLE_PROTEIN|HSAMP_20b60708f05d03c76f9fe702|HUMAN_BIOGPS_GNF1H_GCRMA_77_TISSUE_DDOF1,ADORA1|EXACT_SINGLE_PROTEIN|HSAMP_06645e2e8409a5b743985cdd|HUMAN_BIOGPS_GNF1H_GCRMA_77_TISSUE_DDOF1; ADORA1|EXACT_SINGLE_PROTEIN|HSAMP_752ebc880edc13bb4e2b2de8|HUMAN_BIOGPS_GNF1H_GCRMA_77_TISSUE_DDOF1; DRD1|EXACT_SINGLE_PROTEIN|HSAMP_0cb8b4d1db8c390eeeecca55|HUMAN_BIOGPS_GNF1H_GCRMA_77_TISSUE_DDOF1; DRD1|EXACT_SINGLE_PROTEIN|HSAMP_a32ce488a48b0df9b8c4c40a|HUMAN_BIOGPS_GNF1H_GCRMA_77_TISSUE_DDOF1,REUSED_VALIDATED_SOURCE_RUN
"Ketamine, confirmed racemate","(2R,6R)-hydroxynorketamine",37,3,0.5965220626817586,3.628502051376807,0.6952752872588301,0.8159396846076161,0.8318017445104445,0.5045113882647753,0.44489445693882695,1.0787185461753475,True,37,450,0.08222222222222222,12,0,0,12,0.0,0.0,0.0,0,7,0.0,0,10,0.0,,,CHRM3|EXACT_SINGLE_PROTEIN|HSAMP_752ebc880edc13bb4e2b2de8|HUMAN_BIOGPS_GNF1H_GCRMA_77_TISSUE_DDOF1; GRIN1|EXACT_SINGLE_PROTEIN|HSAMP_13a552b6ffc4aac3b85a50ca|HUMAN_BIOGPS_GNF1H_GCRMA_77_TISSUE_DDOF1; GRIN1|EXACT_SINGLE_PROTEIN|HSAMP_752ebc880edc13bb4e2b2de8|HUMAN_BIOGPS_GNF1H_GCRMA_77_TISSUE_DDOF1; GRIN2A|EXACT_SINGLE_PROTEIN|HSAMP_192dff4b8df5862a227b1163|HUMAN_BIOGPS_GNF1H_GCRMA_77_TISSUE_DDOF1; GRIN2A|EXACT_SINGLE_PROTEIN|HSAMP_5c090f15f3e5194312a7e8ed|HUMAN_BIOGPS_GNF1H_GCRMA_77_TISSUE_DDOF1; GRIN2A|EXACT_SINGLE_PROTEIN|HSAMP_d99ba5ea584363f8600ade55|HUMAN_BIOGPS_GNF1H_GCRMA_77_TISSUE_DDOF1; GRIN2A|EXACT_SINGLE_PROTEIN|HSAMP_e75262fc0acfda69d976a6d3|HUMAN_BIOGPS_GNF1H_GCRMA_77_TISSUE_DDOF1; GRIN2C|EXACT_SINGLE_PROTEIN|HSAMP_13a552b6ffc4aac3b85a50ca|HUMAN_BIOGPS_GNF1H_GCRMA_77_TISSUE_DDOF1; GRIN2C|EXACT_SINGLE_PROTEIN|HSAMP_20b60708f05d03c76f9fe702|HUMAN_BIOGPS_GNF1H_GCRMA_77_TISSUE_DDOF1; OPRD1|EXACT_SINGLE_PROTEIN|HSAMP_f43595f3557cf05e6a721aeb|HUMAN_BIOGPS_GNF1H_GCRMA_77_TISSUE_DDOF1; OPRM1|EXACT_SINGLE_PROTEIN|HSAMP_0cb8b4d1db8c390eeeecca55|HUMAN_BIOGPS_GNF1H_GCRMA_77_TISSUE_DDOF1; SLC6A3|EXACT_SINGLE_PROTEIN|HSAMP_8ed020260a1d25cf72324c8a|HUMAN_BIOGPS_GNF1H_GCRMA_77_TISSUE_DDOF1,,10,0,0,10,0.0,0.0,0.0,0,6,0.0,0,8,0.0,,,CHRM3|EXACT_SINGLE_PROTEIN|HSAMP_752ebc880edc13bb4e2b2de8|HUMAN_BIOGPS_GNF1H_GCRMA_77_TISSUE_DDOF1; GRIN1|EXACT_SINGLE_PROTEIN|HSAMP_13a552b6ffc4aac3b85a50ca|HUMAN_BIOGPS_GNF1H_GCRMA_77_TISSUE_DDOF1; GRIN1|EXACT_SINGLE_PROTEIN|HSAMP_752ebc880edc13bb4e2b2de8|HUMAN_BIOGPS_GNF1H_GCRMA_77_TISSUE_DDOF1; GRIN2A|EXACT_SINGLE_PROTEIN|HSAMP_192dff4b8df5862a227b1163|HUMAN_BIOGPS_GNF1H_GCRMA_77_TISSUE_DDOF1; GRIN2A|EXACT_SINGLE_PROTEIN|HSAMP_d99ba5ea584363f8600ade55|HUMAN_BIOGPS_GNF1H_GCRMA_77_TISSUE_DDOF1; GRIN2A|EXACT_SINGLE_PROTEIN|HSAMP_e75262fc0acfda69d976a6d3|HUMAN_BIOGPS_GNF1H_GCRMA_77_TISSUE_DDOF1; GRIN2C|EXACT_SINGLE_PROTEIN|HSAMP_13a552b6ffc4aac3b85a50ca|HUMAN_BIOGPS_GNF1H_GCRMA_77_TISSUE_DDOF1; GRIN2C|EXACT_SINGLE_PROTEIN|HSAMP_20b60708f05d03c76f9fe702|HUMAN_BIOGPS_GNF1H_GCRMA_77_TISSUE_DDOF1; OPRD1|EXACT_SINGLE_PROTEIN|HSAMP_f43595f3557cf05e6a721aeb|HUMAN_BIOGPS_GNF1H_GCRMA_77_TISSUE_DDOF1; SLC6A3|EXACT_SINGLE_PROTEIN|HSAMP_8ed020260a1d25cf72324c8a|HUMAN_BIOGPS_GNF1H_GCRMA_77_TISSUE_DDOF1,,RECOMPUTED_AFFECTED_EDGE
"Ketamine, confirmed racemate","(2S,6S)-hydroxynorketamine",18,1,0.6448999895883425,2.7360789349503056,0.3894928061254579,0.7085053551647643,0.696594427244582,0.5568153168326879,0.5344010579250038,1.1672781687540068,False,18,450,0.04,12,0,0,12,0.0,0.0,0.0,0,7,0.0,0,10,0.0,,,CHRM3|EXACT_SINGLE_PROTEIN|HSAMP_752ebc880edc13bb4e2b2de8|HUMAN_BIOGPS_GNF1H_GCRMA_77_TISSUE_DDOF1; GRIN1|EXACT_SINGLE_PROTEIN|HSAMP_13a552b6ffc4aac3b85a50ca|HUMAN_BIOGPS_GNF1H_GCRMA_77_TISSUE_DDOF1; GRIN1|EXACT_SINGLE_PROTEIN|HSAMP_752ebc880edc13bb4e2b2de8|HUMAN_BIOGPS_GNF1H_GCRMA_77_TISSUE_DDOF1; GRIN2A|EXACT_SINGLE_PROTEIN|HSAMP_192dff4b8df5862a227b1163|HUMAN_BIOGPS_GNF1H_GCRMA_77_TISSUE_DDOF1; GRIN2A|EXACT_SINGLE_PROTEIN|HSAMP_5c090f15f3e5194312a7e8ed|HUMAN_BIOGPS_GNF1H_GCRMA_77_TISSUE_DDOF1; GRIN2A|EXACT_SINGLE_PROTEIN|HSAMP_d99ba5ea584363f8600ade55|HUMAN_BIOGPS_GNF1H_GCRMA_77_TISSUE_DDOF1; GRIN2A|EXACT_SINGLE_PROTEIN|HSAMP_e75262fc0acfda69d976a6d3|HUMAN_BIOGPS_GNF1H_GCRMA_77_TISSUE_DDOF1; GRIN2C|EXACT_SINGLE_PROTEIN|HSAMP_13a552b6ffc4aac3b85a50ca|HUMAN_BIOGPS_GNF1H_GCRMA_77_TISSUE_DDOF1; GRIN2C|EXACT_SINGLE_PROTEIN|HSAMP_20b60708f05d03c76f9fe702|HUMAN_BIOGPS_GNF1H_GCRMA_77_TISSUE_DDOF1; OPRD1|EXACT_SINGLE_PROTEIN|HSAMP_f43595f3557cf05e6a721aeb|HUMAN_BIOGPS_GNF1H_GCRMA_77_TISSUE_DDOF1; OPRM1|EXACT_SINGLE_PROTEIN|HSAMP_0cb8b4d1db8c390eeeecca55|HUMAN_BIOGPS_GNF1H_GCRMA_77_TISSUE_DDOF1; SLC6A3|EXACT_SINGLE_PROTEIN|HSAMP_8ed020260a1d25cf72324c8a|HUMAN_BIOGPS_GNF1H_GCRMA_77_TISSUE_DDOF1,,10,0,0,10,0.0,0.0,1.0,0,6,0.0,0,8,0.0,,,CHRM3|EXACT_SINGLE_PROTEIN|HSAMP_752ebc880edc13bb4e2b2de8|HUMAN_BIOGPS_GNF1H_GCRMA_77_TISSUE_DDOF1; GRIN1|EXACT_SINGLE_PROTEIN|HSAMP_13a552b6ffc4aac3b85a50ca|HUMAN_BIOGPS_GNF1H_GCRMA_77_TISSUE_DDOF1; GRIN1|EXACT_SINGLE_PROTEIN|HSAMP_752ebc880edc13bb4e2b2de8|HUMAN_BIOGPS_GNF1H_GCRMA_77_TISSUE_DDOF1; GRIN2A|EXACT_SINGLE_PROTEIN|HSAMP_192dff4b8df5862a227b1163|HUMAN_BIOGPS_GNF1H_GCRMA_77_TISSUE_DDOF1; GRIN2A|EXACT_SINGLE_PROTEIN|HSAMP_d99ba5ea584363f8600ade55|HUMAN_BIOGPS_GNF1H_GCRMA_77_TISSUE_DDOF1; GRIN2A|EXACT_SINGLE_PROTEIN|HSAMP_e75262fc0acfda69d976a6d3|HUMAN_BIOGPS_GNF1H_GCRMA_77_TISSUE_DDOF1; GRIN2C|EXACT_SINGLE_PROTEIN|HSAMP_13a552b6ffc4aac3b85a50ca|HUMAN_BIOGPS_GNF1H_GCRMA_77_TISSUE_DDOF1; GRIN2C|EXACT_SINGLE_PROTEIN|HSAMP_20b60708f05d03c76f9fe702|HUMAN_BIOGPS_GNF1H_GCRMA_77_TISSUE_DDOF1; OPRD1|EXACT_SINGLE_PROTEIN|HSAMP_f43595f3557cf05e6a721aeb|HUMAN_BIOGPS_GNF1H_GCRMA_77_TISSUE_DDOF1; SLC6A3|EXACT_SINGLE_PROTEIN|HSAMP_8ed020260a1d25cf72324c8a|HUMAN_BIOGPS_GNF1H_GCRMA_77_TISSUE_DDOF1,,RECOMPUTED_AFFECTED_EDGE
"Ketamine, confirmed racemate","Hydroxynorketamine / HNK, generic identity",109,7,0.5737041207587892,5.98964686614679,0.7612522301982076,0.8207960993810293,0.8247990679511822,0.44200371216017525,0.3109391866279314,1.4870173665454236,True,109,450,0.24222222222222223,12,0,0,12,0.0,0.0,0.0,0,7,0.0,0,10,0.0,,,CHRM3|EXACT_SINGLE_PROTEIN|HSAMP_752ebc880edc13bb4e2b2de8|HUMAN_BIOGPS_GNF1H_GCRMA_77_TISSUE_DDOF1; GRIN1|EXACT_SINGLE_PROTEIN|HSAMP_13a552b6ffc4aac3b85a50ca|HUMAN_BIOGPS_GNF1H_GCRMA_77_TISSUE_DDOF1; GRIN1|EXACT_SINGLE_PROTEIN|HSAMP_752ebc880edc13bb4e2b2de8|HUMAN_BIOGPS_GNF1H_GCRMA_77_TISSUE_DDOF1; GRIN2A|EXACT_SINGLE_PROTEIN|HSAMP_192dff4b8df5862a227b1163|HUMAN_BIOGPS_GNF1H_GCRMA_77_TISSUE_DDOF1; GRIN2A|EXACT_SINGLE_PROTEIN|HSAMP_5c090f15f3e5194312a7e8ed|HUMAN_BIOGPS_GNF1H_GCRMA_77_TISSUE_DDOF1; GRIN2A|EXACT_SINGLE_PROTEIN|HSAMP_d99ba5ea584363f8600ade55|HUMAN_BIOGPS_GNF1H_GCRMA_77_TISSUE_DDOF1; GRIN2A|EXACT_SINGLE_PROTEIN|HSAMP_e75262fc0acfda69d976a6d3|HUMAN_BIOGPS_GNF1H_GCRMA_77_TISSUE_DDOF1; GRIN2C|EXACT_SINGLE_PROTEIN|HSAMP_13a552b6ffc4aac3b85a50ca|HUMAN_BIOGPS_GNF1H_GCRMA_77_TISSUE_DDOF1; GRIN2C|EXACT_SINGLE_PROTEIN|HSAMP_20b60708f05d03c76f9fe702|HUMAN_BIOGPS_GNF1H_GCRMA_77_TISSUE_DDOF1; OPRD1|EXACT_SINGLE_PROTEIN|HSAMP_f43595f3557cf05e6a721aeb|HUMAN_BIOGPS_GNF1H_GCRMA_77_TISSUE_DDOF1; OPRM1|EXACT_SINGLE_PROTEIN|HSAMP_0cb8b4d1db8c390eeeecca55|HUMAN_BIOGPS_GNF1H_GCRMA_77_TISSUE_DDOF1; SLC6A3|EXACT_SINGLE_PROTEIN|HSAMP_8ed020260a1d25cf72324c8a|HUMAN_BIOGPS_GNF1H_GCRMA_77_TISSUE_DDOF1,,10,0,0,10,0.0,0.0,0.0,0,6,0.0,0,8,0.0,,,CHRM3|EXACT_SINGLE_PROTEIN|HSAMP_752ebc880edc13bb4e2b2de8|HUMAN_BIOGPS_GNF1H_GCRMA_77_TISSUE_DDOF1; GRIN1|EXACT_SINGLE_PROTEIN|HSAMP_13a552b6ffc4aac3b85a50ca|HUMAN_BIOGPS_GNF1H_GCRMA_77_TISSUE_DDOF1; GRIN1|EXACT_SINGLE_PROTEIN|HSAMP_752ebc880edc13bb4e2b2de8|HUMAN_BIOGPS_GNF1H_GCRMA_77_TISSUE_DDOF1; GRIN2A|EXACT_SINGLE_PROTEIN|HSAMP_192dff4b8df5862a227b1163|HUMAN_BIOGPS_GNF1H_GCRMA_77_TISSUE_DDOF1; GRIN2A|EXACT_SINGLE_PROTEIN|HSAMP_d99ba5ea584363f8600ade55|HUMAN_BIOGPS_GNF1H_GCRMA_77_TISSUE_DDOF1; GRIN2A|EXACT_SINGLE_PROTEIN|HSAMP_e75262fc0acfda69d976a6d3|HUMAN_BIOGPS_GNF1H_GCRMA_77_TISSUE_DDOF1; GRIN2C|EXACT_SINGLE_PROTEIN|HSAMP_13a552b6ffc4aac3b85a50ca|HUMAN_BIOGPS_GNF1H_GCRMA_77_TISSUE_DDOF1; GRIN2C|EXACT_SINGLE_PROTEIN|HSAMP_20b60708f05d03c76f9fe702|HUMAN_BIOGPS_GNF1H_GCRMA_77_TISSUE_DDOF1; OPRD1|EXACT_SINGLE_PROTEIN|HSAMP_f43595f3557cf05e6a721aeb|HUMAN_BIOGPS_GNF1H_GCRMA_77_TISSUE_DDOF1; SLC6A3|EXACT_SINGLE_PROTEIN|HSAMP_8ed020260a1d25cf72324c8a|HUMAN_BIOGPS_GNF1H_GCRMA_77_TISSUE_DDOF1,,RECOMPUTED_AFFECTED_EDGE
"Ketamine, confirmed racemate","Hydroxyketamine, generic E7 identity",95,8,0.8763494389315577,8.541597755454616,0.5457160042232686,0.7988547721701155,0.7998964047324681,0.7444160754073601,0.6600476978596963,1.8417496665454236,True,95,460,0.20652173913043478,12,0,0,12,0.0,0.0,0.0,0,7,0.0,0,10,0.0,,,CHRM3|EXACT_SINGLE_PROTEIN|HSAMP_752ebc880edc13bb4e2b2de8|HUMAN_BIOGPS_GNF1H_GCRMA_77_TISSUE_DDOF1; GRIN1|EXACT_SINGLE_PROTEIN|HSAMP_13a552b6ffc4aac3b85a50ca|HUMAN_BIOGPS_GNF1H_GCRMA_77_TISSUE_DDOF1; GRIN1|EXACT_SINGLE_PROTEIN|HSAMP_752ebc880edc13bb4e2b2de8|HUMAN_BIOGPS_GNF1H_GCRMA_77_TISSUE_DDOF1; GRIN2A|EXACT_SINGLE_PROTEIN|HSAMP_192dff4b8df5862a227b1163|HUMAN_BIOGPS_GNF1H_GCRMA_77_TISSUE_DDOF1; GRIN2A|EXACT_SINGLE_PROTEIN|HSAMP_5c090f15f3e5194312a7e8ed|HUMAN_BIOGPS_GNF1H_GCRMA_77_TISSUE_DDOF1; GRIN2A|EXACT_SINGLE_PROTEIN|HSAMP_d99ba5ea584363f8600ade55|HUMAN_BIOGPS_GNF1H_GCRMA_77_TISSUE_DDOF1; GRIN2A|EXACT_SINGLE_PROTEIN|HSAMP_e75262fc0acfda69d976a6d3|HUMAN_BIOGPS_GNF1H_GCRMA_77_TISSUE_DDOF1; GRIN2C|EXACT_SINGLE_PROTEIN|HSAMP_13a552b6ffc4aac3b85a50ca|HUMAN_BIOGPS_GNF1H_GCRMA_77_TISSUE_DDOF1; GRIN2C|EXACT_SINGLE_PROTEIN|HSAMP_20b60708f05d03c76f9fe702|HUMAN_BIOGPS_GNF1H_GCRMA_77_TISSUE_DDOF1; OPRD1|EXACT_SINGLE_PROTEIN|HSAMP_f43595f3557cf05e6a721aeb|HUMAN_BIOGPS_GNF1H_GCRMA_77_TISSUE_DDOF1; OPRM1|EXACT_SINGLE_PROTEIN|HSAMP_0cb8b4d1db8c390eeeecca55|HUMAN_BIOGPS_GNF1H_GCRMA_77_TISSUE_DDOF1; SLC6A3|EXACT_SINGLE_PROTEIN|HSAMP_8ed020260a1d25cf72324c8a|HUMAN_BIOGPS_GNF1H_GCRMA_77_TISSUE_DDOF1,,10,0,0,10,0.0,0.0,0.0,0,6,0.0,0,8,0.0,,,CHRM3|EXACT_SINGLE_PROTEIN|HSAMP_752ebc880edc13bb4e2b2de8|HUMAN_BIOGPS_GNF1H_GCRMA_77_TISSUE_DDOF1; GRIN1|EXACT_SINGLE_PROTEIN|HSAMP_13a552b6ffc4aac3b85a50ca|HUMAN_BIOGPS_GNF1H_GCRMA_77_TISSUE_DDOF1; GRIN1|EXACT_SINGLE_PROTEIN|HSAMP_752ebc880edc13bb4e2b2de8|HUMAN_BIOGPS_GNF1H_GCRMA_77_TISSUE_DDOF1; GRIN2A|EXACT_SINGLE_PROTEIN|HSAMP_192dff4b8df5862a227b1163|HUMAN_BIOGPS_GNF1H_GCRMA_77_TISSUE_DDOF1; GRIN2A|EXACT_SINGLE_PROTEIN|HSAMP_d99ba5ea584363f8600ade55|HUMAN_BIOGPS_GNF1H_GCRMA_77_TISSUE_DDOF1; GRIN2A|EXACT_SINGLE_PROTEIN|HSAMP_e75262fc0acfda69d976a6d3|HUMAN_BIOGPS_GNF1H_GCRMA_77_TISSUE_DDOF1; GRIN2C|EXACT_SINGLE_PROTEIN|HSAMP_13a552b6ffc4aac3b85a50ca|HUMAN_BIOGPS_GNF1H_GCRMA_77_TISSUE_DDOF1; GRIN2C|EXACT_SINGLE_PROTEIN|HSAMP_20b60708f05d03c76f9fe702|HUMAN_BIOGPS_GNF1H_GCRMA_77_TISSUE_DDOF1; OPRD1|EXACT_SINGLE_PROTEIN|HSAMP_f43595f3557cf05e6a721aeb|HUMAN_BIOGPS_GNF1H_GCRMA_77_TISSUE_DDOF1; SLC6A3|EXACT_SINGLE_PROTEIN|HSAMP_8ed020260a1d25cf72324c8a|HUMAN_BIOGPS_GNF1H_GCRMA_77_TISSUE_DDOF1,,RECOMPUTED_AFFECTED_EDGE
"Ketamine, confirmed racemate",Norketamine,87,5,0.7239883654062186,6.752913914169975,0.5134865657286639,0.832682696298327,0.8077045760361814,0.6196880690299853,0.5348228569388269,1.6545898913682233,True,87,450,0.19333333333333333,12,1,1,12,0.08333333333333333,1.0,0.5,1,7,0.14285714285714285,1,10,0.1,0.34575559376586135,CHRM3|EXACT_SINGLE_PROTEIN|HSAMP_752ebc880edc13bb4e2b2de8|HUMAN_BIOGPS_GNF1H_GCRMA_77_TISSUE_DDOF1,GRIN1|EXACT_SINGLE_PROTEIN|HSAMP_13a552b6ffc4aac3b85a50ca|HUMAN_BIOGPS_GNF1H_GCRMA_77_TISSUE_DDOF1; GRIN1|EXACT_SINGLE_PROTEIN|HSAMP_752ebc880edc13bb4e2b2de8|HUMAN_BIOGPS_GNF1H_GCRMA_77_TISSUE_DDOF1; GRIN2A|EXACT_SINGLE_PROTEIN|HSAMP_192dff4b8df5862a227b1163|HUMAN_BIOGPS_GNF1H_GCRMA_77_TISSUE_DDOF1; GRIN2A|EXACT_SINGLE_PROTEIN|HSAMP_5c090f15f3e5194312a7e8ed|HUMAN_BIOGPS_GNF1H_GCRMA_77_TISSUE_DDOF1; GRIN2A|EXACT_SINGLE_PROTEIN|HSAMP_d99ba5ea584363f8600ade55|HUMAN_BIOGPS_GNF1H_GCRMA_77_TISSUE_DDOF1; GRIN2A|EXACT_SINGLE_PROTEIN|HSAMP_e75262fc0acfda69d976a6d3|HUMAN_BIOGPS_GNF1H_GCRMA_77_TISSUE_DDOF1; GRIN2C|EXACT_SINGLE_PROTEIN|HSAMP_13a552b6ffc4aac3b85a50ca|HUMAN_BIOGPS_GNF1H_GCRMA_77_TISSUE_DDOF1; GRIN2C|EXACT_SINGLE_PROTEIN|HSAMP_20b60708f05d03c76f9fe702|HUMAN_BIOGPS_GNF1H_GCRMA_77_TISSUE_DDOF1; OPRD1|EXACT_SINGLE_PROTEIN|HSAMP_f43595f3557cf05e6a721aeb|HUMAN_BIOGPS_GNF1H_GCRMA_77_TISSUE_DDOF1; OPRM1|EXACT_SINGLE_PROTEIN|HSAMP_0cb8b4d1db8c390eeeecca55|HUMAN_BIOGPS_GNF1H_GCRMA_77_TISSUE_DDOF1; SLC6A3|EXACT_SINGLE_PROTEIN|HSAMP_8ed020260a1d25cf72324c8a|HUMAN_BIOGPS_GNF1H_GCRMA_77_TISSUE_DDOF1,,10,1,1,10,0.1,1.0,1.0,1,6,0.16666666666666666,1,8,0.125,0.3670740770749448,CHRM3|EXACT_SINGLE_PROTEIN|HSAMP_752ebc880edc13bb4e2b2de8|HUMAN_BIOGPS_GNF1H_GCRMA_77_TISSUE_DDOF1,GRIN1|EXACT_SINGLE_PROTEIN|HSAMP_13a552b6ffc4aac3b85a50ca|HUMAN_BIOGPS_GNF1H_GCRMA_77_TISSUE_DDOF1; GRIN1|EXACT_SINGLE_PROTEIN|HSAMP_752ebc880edc13bb4e2b2de8|HUMAN_BIOGPS_GNF1H_GCRMA_77_TISSUE_DDOF1; GRIN2A|EXACT_SINGLE_PROTEIN|HSAMP_192dff4b8df5862a227b1163|HUMAN_BIOGPS_GNF1H_GCRMA_77_TISSUE_DDOF1; GRIN2A|EXACT_SINGLE_PROTEIN|HSAMP_d99ba5ea584363f8600ade55|HUMAN_BIOGPS_GNF1H_GCRMA_77_TISSUE_DDOF1; GRIN2A|EXACT_SINGLE_PROTEIN|HSAMP_e75262fc0acfda69d976a6d3|HUMAN_BIOGPS_GNF1H_GCRMA_77_TISSUE_DDOF1; GRIN2C|EXACT_SINGLE_PROTEIN|HSAMP_13a552b6ffc4aac3b85a50ca|HUMAN_BIOGPS_GNF1H_GCRMA_77_TISSUE_DDOF1; GRIN2C|EXACT_SINGLE_PROTEIN|HSAMP_20b60708f05d03c76f9fe702|HUMAN_BIOGPS_GNF1H_GCRMA_77_TISSUE_DDOF1; OPRD1|EXACT_SINGLE_PROTEIN|HSAMP_f43595f3557cf05e6a721aeb|HUMAN_BIOGPS_GNF1H_GCRMA_77_TISSUE_DDOF1; SLC6A3|EXACT_SINGLE_PROTEIN|HSAMP_8ed020260a1d25cf72324c8a|HUMAN_BIOGPS_GNF1H_GCRMA_77_TISSUE_DDOF1,,RECOMPUTED_AFFECTED_EDGE
S-ketamine,R-ketamine,684,38,0.0082067057780861,0.2146332068762924,0.999791606933617,0.9994174163609096,0.9996543382194026,0.0013659899371705,0.0,0.107132554966792,True,684,774,0.8837209302325582,12,11,11,12,0.9166666666666666,1.0,0.9166666666666666,8,8,1.0,9,9,1.0,0.9721183955800478,ADORA1|EXACT_SINGLE_PROTEIN|HSAMP_06645e2e8409a5b743985cdd|HUMAN_BIOGPS_GNF1H_GCRMA_77_TISSUE_DDOF1; ADORA1|EXACT_SINGLE_PROTEIN|HSAMP_752ebc880edc13bb4e2b2de8|HUMAN_BIOGPS_GNF1H_GCRMA_77_TISSUE_DDOF1; CHRM3|EXACT_SINGLE_PROTEIN|HSAMP_752ebc880edc13bb4e2b2de8|HUMAN_BIOGPS_GNF1H_GCRMA_77_TISSUE_DDOF1; DRD1|EXACT_SINGLE_PROTEIN|HSAMP_0cb8b4d1db8c390eeeecca55|HUMAN_BIOGPS_GNF1H_GCRMA_77_TISSUE_DDOF1; DRD1|EXACT_SINGLE_PROTEIN|HSAMP_a32ce488a48b0df9b8c4c40a|HUMAN_BIOGPS_GNF1H_GCRMA_77_TISSUE_DDOF1; GRIN1|EXACT_SINGLE_PROTEIN|HSAMP_13a552b6ffc4aac3b85a50ca|HUMAN_BIOGPS_GNF1H_GCRMA_77_TISSUE_DDOF1; GRIN1|EXACT_SINGLE_PROTEIN|HSAMP_752ebc880edc13bb4e2b2de8|HUMAN_BIOGPS_GNF1H_GCRMA_77_TISSUE_DDOF1; GRIN2A|EXACT_SINGLE_PROTEIN|HSAMP_192dff4b8df5862a227b1163|HUMAN_BIOGPS_GNF1H_GCRMA_77_TISSUE_DDOF1; GRIN2C|EXACT_SINGLE_PROTEIN|HSAMP_20b60708f05d03c76f9fe702|HUMAN_BIOGPS_GNF1H_GCRMA_77_TISSUE_DDOF1; OPRD1|EXACT_SINGLE_PROTEIN|HSAMP_f43595f3557cf05e6a721aeb|HUMAN_BIOGPS_GNF1H_GCRMA_77_TISSUE_DDOF1; SLC6A3|EXACT_SINGLE_PROTEIN|HSAMP_8ed020260a1d25cf72324c8a|HUMAN_BIOGPS_GNF1H_GCRMA_77_TISSUE_DDOF1,GRIN2C|EXACT_SINGLE_PROTEIN|HSAMP_13a552b6ffc4aac3b85a50ca|HUMAN_BIOGPS_GNF1H_GCRMA_77_TISSUE_DDOF1,,9,9,9,9,1.0,1.0,1.0,7,7,1.0,8,8,1.0,0.999702730063976,ADORA1|EXACT_SINGLE_PROTEIN|HSAMP_06645e2e8409a5b743985cdd|HUMAN_BIOGPS_GNF1H_GCRMA_77_TISSUE_DDOF1; CHRM3|EXACT_SINGLE_PROTEIN|HSAMP_752ebc880edc13bb4e2b2de8|HUMAN_BIOGPS_GNF1H_GCRMA_77_TISSUE_DDOF1; DRD1|EXACT_SINGLE_PROTEIN|HSAMP_0cb8b4d1db8c390eeeecca55|HUMAN_BIOGPS_GNF1H_GCRMA_77_TISSUE_DDOF1; DRD1|EXACT_SINGLE_PROTEIN|HSAMP_a32ce488a48b0df9b8c4c40a|HUMAN_BIOGPS_GNF1H_GCRMA_77_TISSUE_DDOF1; GRIN1|EXACT_SINGLE_PROTEIN|HSAMP_13a552b6ffc4aac3b85a50ca|HUMAN_BIOGPS_GNF1H_GCRMA_77_TISSUE_DDOF1; GRIN1|EXACT_SINGLE_PROTEIN|HSAMP_752ebc880edc13bb4e2b2de8|HUMAN_BIOGPS_GNF1H_GCRMA_77_TISSUE_DDOF1; GRIN2A|EXACT_SINGLE_PROTEIN|HSAMP_192dff4b8df5862a227b1163|HUMAN_BIOGPS_GNF1H_GCRMA_77_TISSUE_DDOF1; OPRD1|EXACT_SINGLE_PROTEIN|HSAMP_f43595f3557cf05e6a721aeb|HUMAN_BIOGPS_GNF1H_GCRMA_77_TISSUE_DDOF1; SLC6A3|EXACT_SINGLE_PROTEIN|HSAMP_8ed020260a1d25cf72324c8a|HUMAN_BIOGPS_GNF1H_GCRMA_77_TISSUE_DDOF1,,,REUSED_VALIDATED_SOURCE_RUN
S-ketamine,"Hydroxyketamine, unspecified isomer aggregate",576,32,0.00770773778648,0.1849857068755201,0.9998009954541136,0.9994521996221348,0.99965840228343,0.001097480559773,0.0,0.107132554966792,True,576,774,0.7441860465116279,12,7,7,12,0.5833333333333334,1.0,1.0,5,8,0.625,6,9,0.6666666666666666,0.7616782911344178,ADORA1|EXACT_SINGLE_PROTEIN|HSAMP_06645e2e8409a5b743985cdd|HUMAN_BIOGPS_GNF1H_GCRMA_77_TISSUE_DDOF1; ADORA1|EXACT_SINGLE_PROTEIN|HSAMP_752ebc880edc13bb4e2b2de8|HUMAN_BIOGPS_GNF1H_GCRMA_77_TISSUE_DDOF1; CHRM3|EXACT_SINGLE_PROTEIN|HSAMP_752ebc880edc13bb4e2b2de8|HUMAN_BIOGPS_GNF1H_GCRMA_77_TISSUE_DDOF1; DRD1|EXACT_SINGLE_PROTEIN|HSAMP_0cb8b4d1db8c390eeeecca55|HUMAN_BIOGPS_GNF1H_GCRMA_77_TISSUE_DDOF1; DRD1|EXACT_SINGLE_PROTEIN|HSAMP_a32ce488a48b0df9b8c4c40a|HUMAN_BIOGPS_GNF1H_GCRMA_77_TISSUE_DDOF1; OPRD1|EXACT_SINGLE_PROTEIN|HSAMP_f43595f3557cf05e6a721aeb|HUMAN_BIOGPS_GNF1H_GCRMA_77_TISSUE_DDOF1; SLC6A3|EXACT_SINGLE_PROTEIN|HSAMP_8ed020260a1d25cf72324c8a|HUMAN_BIOGPS_GNF1H_GCRMA_77_TISSUE_DDOF1,GRIN1|EXACT_SINGLE_PROTEIN|HSAMP_13a552b6ffc4aac3b85a50ca|HUMAN_BIOGPS_GNF1H_GCRMA_77_TISSUE_DDOF1; GRIN1|EXACT_SINGLE_PROTEIN|HSAMP_752ebc880edc13bb4e2b2de8|HUMAN_BIOGPS_GNF1H_GCRMA_77_TISSUE_DDOF1; GRIN2A|EXACT_SINGLE_PROTEIN|HSAMP_192dff4b8df5862a227b1163|HUMAN_BIOGPS_GNF1H_GCRMA_77_TISSUE_DDOF1; GRIN2C|EXACT_SINGLE_PROTEIN|HSAMP_13a552b6ffc4aac3b85a50ca|HUMAN_BIOGPS_GNF1H_GCRMA_77_TISSUE_DDOF1; GRIN2C|EXACT_SINGLE_PROTEIN|HSAMP_20b60708f05d03c76f9fe702|HUMAN_BIOGPS_GNF1H_GCRMA_77_TISSUE_DDOF1,,9,7,6,10,0.6,0.8571428571428571,0.8571428571428571,5,7,0.7142857142857143,6,8,0.75,0.753114933820722,ADORA1|EXACT_SINGLE_PROTEIN|HSAMP_06645e2e8409a5b743985cdd|HUMAN_BIOGPS_GNF1H_GCRMA_77_TISSUE_DDOF1; CHRM3|EXACT_SINGLE_PROTEIN|HSAMP_752ebc880edc13bb4e2b2de8|HUMAN_BIOGPS_GNF1H_GCRMA_77_TISSUE_DDOF1; DRD1|EXACT_SINGLE_PROTEIN|HSAMP_0cb8b4d1db8c390eeeecca55|HUMAN_BIOGPS_GNF1H_GCRMA_77_TISSUE_DDOF1; DRD1|EXACT_SINGLE_PROTEIN|HSAMP_a32ce488a48b0df9b8c4c40a|HUMAN_BIOGPS_GNF1H_GCRMA_77_TISSUE_DDOF1; OPRD1|EXACT_SINGLE_PROTEIN|HSAMP_f43595f3557cf05e6a721aeb|HUMAN_BIOGPS_GNF1H_GCRMA_77_TISSUE_DDOF1; SLC6A3|EXACT_SINGLE_PROTEIN|HSAMP_8ed020260a1d25cf72324c8a|HUMAN_BIOGPS_GNF1H_GCRMA_77_TISSUE_DDOF1,GRIN1|EXACT_SINGLE_PROTEIN|HSAMP_13a552b6ffc4aac3b85a50ca|HUMAN_BIOGPS_GNF1H_GCRMA_77_TISSUE_DDOF1; GRIN1|EXACT_SINGLE_PROTEIN|HSAMP_752ebc880edc13bb4e2b2de8|HUMAN_BIOGPS_GNF1H_GCRMA_77_TISSUE_DDOF1; GRIN2A|EXACT_SINGLE_PROTEIN|HSAMP_192dff4b8df5862a227b1163|HUMAN_BIOGPS_GNF1H_GCRMA_77_TISSUE_DDOF1,ADORA1|EXACT_SINGLE_PROTEIN|HSAMP_752ebc880edc13bb4e2b2de8|HUMAN_BIOGPS_GNF1H_GCRMA_77_TISSUE_DDOF1,REUSED_VALIDATED_SOURCE_RUN
S-ketamine,"(2R,6R)-hydroxynorketamine",37,3,0.5864244664806164,3.567080771558418,0.7095205944636634,0.8168281541789054,0.8291931004079172,0.49721160914996815,0.43865518374011814,1.0915402959687237,True,37,774,0.04780361757105943,12,0,0,12,0.0,0.0,0.0,0,8,0.0,0,9,0.0,,,ADORA1|EXACT_SINGLE_PROTEIN|HSAMP_06645e2e8409a5b743985cdd|HUMAN_BIOGPS_GNF1H_GCRMA_77_TISSUE_DDOF1; ADORA1|EXACT_SINGLE_PROTEIN|HSAMP_752ebc880edc13bb4e2b2de8|HUMAN_BIOGPS_GNF1H_GCRMA_77_TISSUE_DDOF1; CHRM3|EXACT_SINGLE_PROTEIN|HSAMP_752ebc880edc13bb4e2b2de8|HUMAN_BIOGPS_GNF1H_GCRMA_77_TISSUE_DDOF1; DRD1|EXACT_SINGLE_PROTEIN|HSAMP_0cb8b4d1db8c390eeeecca55|HUMAN_BIOGPS_GNF1H_GCRMA_77_TISSUE_DDOF1; DRD1|EXACT_SINGLE_PROTEIN|HSAMP_a32ce488a48b0df9b8c4c40a|HUMAN_BIOGPS_GNF1H_GCRMA_77_TISSUE_DDOF1; GRIN1|EXACT_SINGLE_PROTEIN|HSAMP_13a552b6ffc4aac3b85a50ca|HUMAN_BIOGPS_GNF1H_GCRMA_77_TISSUE_DDOF1; GRIN1|EXACT_SINGLE_PROTEIN|HSAMP_752ebc880edc13bb4e2b2de8|HUMAN_BIOGPS_GNF1H_GCRMA_77_TISSUE_DDOF1; GRIN2A|EXACT_SINGLE_PROTEIN|HSAMP_192dff4b8df5862a227b1163|HUMAN_BIOGPS_GNF1H_GCRMA_77_TISSUE_DDOF1; GRIN2C|EXACT_SINGLE_PROTEIN|HSAMP_13a552b6ffc4aac3b85a50ca|HUMAN_BIOGPS_GNF1H_GCRMA_77_TISSUE_DDOF1; GRIN2C|EXACT_SINGLE_PROTEIN|HSAMP_20b60708f05d03c76f9fe702|HUMAN_BIOGPS_GNF1H_GCRMA_77_TISSUE_DDOF1; OPRD1|EXACT_SINGLE_PROTEIN|HSAMP_f43595f3557cf05e6a721aeb|HUMAN_BIOGPS_GNF1H_GCRMA_77_TISSUE_DDOF1; SLC6A3|EXACT_SINGLE_PROTEIN|HSAMP_8ed020260a1d25cf72324c8a|HUMAN_BIOGPS_GNF1H_GCRMA_77_TISSUE_DDOF1,,9,0,0,9,0.0,0.0,0.0,0,7,0.0,0,8,0.0,,,ADORA1|EXACT_SINGLE_PROTEIN|HSAMP_06645e2e8409a5b743985cdd|HUMAN_BIOGPS_GNF1H_GCRMA_77_TISSUE_DDOF1; CHRM3|EXACT_SINGLE_PROTEIN|HSAMP_752ebc880edc13bb4e2b2de8|HUMAN_BIOGPS_GNF1H_GCRMA_77_TISSUE_DDOF1; DRD1|EXACT_SINGLE_PROTEIN|HSAMP_0cb8b4d1db8c390eeeecca55|HUMAN_BIOGPS_GNF1H_GCRMA_77_TISSUE_DDOF1; DRD1|EXACT_SINGLE_PROTEIN|HSAMP_a32ce488a48b0df9b8c4c40a|HUMAN_BIOGPS_GNF1H_GCRMA_77_TISSUE_DDOF1; GRIN1|EXACT_SINGLE_PROTEIN|HSAMP_13a552b6ffc4aac3b85a50ca|HUMAN_BIOGPS_GNF1H_GCRMA_77_TISSUE_DDOF1; GRIN1|EXACT_SINGLE_PROTEIN|HSAMP_752ebc880edc13bb4e2b2de8|HUMAN_BIOGPS_GNF1H_GCRMA_77_TISSUE_DDOF1; GRIN2A|EXACT_SINGLE_PROTEIN|HSAMP_192dff4b8df5862a227b1163|HUMAN_BIOGPS_GNF1H_GCRMA_77_TISSUE_DDOF1; OPRD1|EXACT_SINGLE_PROTEIN|HSAMP_f43595f3557cf05e6a721aeb|HUMAN_BIOGPS_GNF1H_GCRMA_77_TISSUE_DDOF1; SLC6A3|EXACT_SINGLE_PROTEIN|HSAMP_8ed020260a1d25cf72324c8a|HUMAN_BIOGPS_GNF1H_GCRMA_77_TISSUE_DDOF1,,RECOMPUTED_AFFECTED_EDGE
S-ketamine,"(2S,6S)-hydroxynorketamine",18,1,0.6431591650144743,2.7286932417840752,0.3935351135845835,0.7075853867263476,0.696594427244582,0.5545949906049019,0.5329362491836152,1.1658358970423872,False,18,774,0.023255813953488372,12,0,0,12,0.0,0.0,1.0,0,8,0.0,0,9,0.0,,,ADORA1|EXACT_SINGLE_PROTEIN|HSAMP_06645e2e8409a5b743985cdd|HUMAN_BIOGPS_GNF1H_GCRMA_77_TISSUE_DDOF1; ADORA1|EXACT_SINGLE_PROTEIN|HSAMP_752ebc880edc13bb4e2b2de8|HUMAN_BIOGPS_GNF1H_GCRMA_77_TISSUE_DDOF1; CHRM3|EXACT_SINGLE_PROTEIN|HSAMP_752ebc880edc13bb4e2b2de8|HUMAN_BIOGPS_GNF1H_GCRMA_77_TISSUE_DDOF1; DRD1|EXACT_SINGLE_PROTEIN|HSAMP_0cb8b4d1db8c390eeeecca55|HUMAN_BIOGPS_GNF1H_GCRMA_77_TISSUE_DDOF1; DRD1|EXACT_SINGLE_PROTEIN|HSAMP_a32ce488a48b0df9b8c4c40a|HUMAN_BIOGPS_GNF1H_GCRMA_77_TISSUE_DDOF1; GRIN1|EXACT_SINGLE_PROTEIN|HSAMP_13a552b6ffc4aac3b85a50ca|HUMAN_BIOGPS_GNF1H_GCRMA_77_TISSUE_DDOF1; GRIN1|EXACT_SINGLE_PROTEIN|HSAMP_752ebc880edc13bb4e2b2de8|HUMAN_BIOGPS_GNF1H_GCRMA_77_TISSUE_DDOF1; GRIN2A|EXACT_SINGLE_PROTEIN|HSAMP_192dff4b8df5862a227b1163|HUMAN_BIOGPS_GNF1H_GCRMA_77_TISSUE_DDOF1; GRIN2C|EXACT_SINGLE_PROTEIN|HSAMP_13a552b6ffc4aac3b85a50ca|HUMAN_BIOGPS_GNF1H_GCRMA_77_TISSUE_DDOF1; GRIN2C|EXACT_SINGLE_PROTEIN|HSAMP_20b60708f05d03c76f9fe702|HUMAN_BIOGPS_GNF1H_GCRMA_77_TISSUE_DDOF1; OPRD1|EXACT_SINGLE_PROTEIN|HSAMP_f43595f3557cf05e6a721aeb|HUMAN_BIOGPS_GNF1H_GCRMA_77_TISSUE_DDOF1; SLC6A3|EXACT_SINGLE_PROTEIN|HSAMP_8ed020260a1d25cf72324c8a|HUMAN_BIOGPS_GNF1H_GCRMA_77_TISSUE_DDOF1,,9,0,0,9,0.0,0.0,1.0,0,7,0.0,0,8,0.0,,,ADORA1|EXACT_SINGLE_PROTEIN|HSAMP_06645e2e8409a5b743985cdd|HUMAN_BIOGPS_GNF1H_GCRMA_77_TISSUE_DDOF1; CHRM3|EXACT_SINGLE_PROTEIN|HSAMP_752ebc880edc13bb4e2b2de8|HUMAN_BIOGPS_GNF1H_GCRMA_77_TISSUE_DDOF1; DRD1|EXACT_SINGLE_PROTEIN|HSAMP_0cb8b4d1db8c390eeeecca55|HUMAN_BIOGPS_GNF1H_GCRMA_77_TISSUE_DDOF1; DRD1|EXACT_SINGLE_PROTEIN|HSAMP_a32ce488a48b0df9b8c4c40a|HUMAN_BIOGPS_GNF1H_GCRMA_77_TISSUE_DDOF1; GRIN1|EXACT_SINGLE_PROTEIN|HSAMP_13a552b6ffc4aac3b85a50ca|HUMAN_BIOGPS_GNF1H_GCRMA_77_TISSUE_DDOF1; GRIN1|EXACT_SINGLE_PROTEIN|HSAMP_752ebc880edc13bb4e2b2de8|HUMAN_BIOGPS_GNF1H_GCRMA_77_TISSUE_DDOF1; GRIN2A|EXACT_SINGLE_PROTEIN|HSAMP_192dff4b8df5862a227b1163|HUMAN_BIOGPS_GNF1H_GCRMA_77_TISSUE_DDOF1; OPRD1|EXACT_SINGLE_PROTEIN|HSAMP_f43595f3557cf05e6a721aeb|HUMAN_BIOGPS_GNF1H_GCRMA_77_TISSUE_DDOF1; SLC6A3|EXACT_SINGLE_PROTEIN|HSAMP_8ed020260a1d25cf72324c8a|HUMAN_BIOGPS_GNF1H_GCRMA_77_TISSUE_DDOF1,,RECOMPUTED_AFFECTED_EDGE
S-ketamine,"Hydroxynorketamine / HNK, generic identity",109,7,0.5665117563375399,5.914556377065164,0.7672025263108816,0.8009449195509726,0.8146140179146272,0.4291942794813706,0.3109391866279314,1.4606385547963325,True,109,774,0.14082687338501293,12,0,0,12,0.0,0.0,0.0,0,8,0.0,0,9,0.0,,,ADORA1|EXACT_SINGLE_PROTEIN|HSAMP_06645e2e8409a5b743985cdd|HUMAN_BIOGPS_GNF1H_GCRMA_77_TISSUE_DDOF1; ADORA1|EXACT_SINGLE_PROTEIN|HSAMP_752ebc880edc13bb4e2b2de8|HUMAN_BIOGPS_GNF1H_GCRMA_77_TISSUE_DDOF1; CHRM3|EXACT_SINGLE_PROTEIN|HSAMP_752ebc880edc13bb4e2b2de8|HUMAN_BIOGPS_GNF1H_GCRMA_77_TISSUE_DDOF1; DRD1|EXACT_SINGLE_PROTEIN|HSAMP_0cb8b4d1db8c390eeeecca55|HUMAN_BIOGPS_GNF1H_GCRMA_77_TISSUE_DDOF1; DRD1|EXACT_SINGLE_PROTEIN|HSAMP_a32ce488a48b0df9b8c4c40a|HUMAN_BIOGPS_GNF1H_GCRMA_77_TISSUE_DDOF1; GRIN1|EXACT_SINGLE_PROTEIN|HSAMP_13a552b6ffc4aac3b85a50ca|HUMAN_BIOGPS_GNF1H_GCRMA_77_TISSUE_DDOF1; GRIN1|EXACT_SINGLE_PROTEIN|HSAMP_752ebc880edc13bb4e2b2de8|HUMAN_BIOGPS_GNF1H_GCRMA_77_TISSUE_DDOF1; GRIN2A|EXACT_SINGLE_PROTEIN|HSAMP_192dff4b8df5862a227b1163|HUMAN_BIOGPS_GNF1H_GCRMA_77_TISSUE_DDOF1; GRIN2C|EXACT_SINGLE_PROTEIN|HSAMP_13a552b6ffc4aac3b85a50ca|HUMAN_BIOGPS_GNF1H_GCRMA_77_TISSUE_DDOF1; GRIN2C|EXACT_SINGLE_PROTEIN|HSAMP_20b60708f05d03c76f9fe702|HUMAN_BIOGPS_GNF1H_GCRMA_77_TISSUE_DDOF1; OPRD1|EXACT_SINGLE_PROTEIN|HSAMP_f43595f3557cf05e6a721aeb|HUMAN_BIOGPS_GNF1H_GCRMA_77_TISSUE_DDOF1; SLC6A3|EXACT_SINGLE_PROTEIN|HSAMP_8ed020260a1d25cf72324c8a|HUMAN_BIOGPS_GNF1H_GCRMA_77_TISSUE_DDOF1,,9,0,0,9,0.0,0.0,0.0,0,7,0.0,0,8,0.0,,,ADORA1|EXACT_SINGLE_PROTEIN|HSAMP_06645e2e8409a5b743985cdd|HUMAN_BIOGPS_GNF1H_GCRMA_77_TISSUE_DDOF1; CHRM3|EXACT_SINGLE_PROTEIN|HSAMP_752ebc880edc13bb4e2b2de8|HUMAN_BIOGPS_GNF1H_GCRMA_77_TISSUE_DDOF1; DRD1|EXACT_SINGLE_PROTEIN|HSAMP_0cb8b4d1db8c390eeeecca55|HUMAN_BIOGPS_GNF1H_GCRMA_77_TISSUE_DDOF1; DRD1|EXACT_SINGLE_PROTEIN|HSAMP_a32ce488a48b0df9b8c4c40a|HUMAN_BIOGPS_GNF1H_GCRMA_77_TISSUE_DDOF1; GRIN1|EXACT_SINGLE_PROTEIN|HSAMP_13a552b6ffc4aac3b85a50ca|HUMAN_BIOGPS_GNF1H_GCRMA_77_TISSUE_DDOF1; GRIN1|EXACT_SINGLE_PROTEIN|HSAMP_752ebc880edc13bb4e2b2de8|HUMAN_BIOGPS_GNF1H_GCRMA_77_TISSUE_DDOF1; GRIN2A|EXACT_SINGLE_PROTEIN|HSAMP_192dff4b8df5862a227b1163|HUMAN_BIOGPS_GNF1H_GCRMA_77_TISSUE_DDOF1; OPRD1|EXACT_SINGLE_PROTEIN|HSAMP_f43595f3557cf05e6a721aeb|HUMAN_BIOGPS_GNF1H_GCRMA_77_TISSUE_DDOF1; SLC6A3|EXACT_SINGLE_PROTEIN|HSAMP_8ed020260a1d25cf72324c8a|HUMAN_BIOGPS_GNF1H_GCRMA_77_TISSUE_DDOF1,,RECOMPUTED_AFFECTED_EDGE
S-ketamine,"Hydroxyketamine, generic E7 identity",105,13,0.8972931788871951,9.194519026688464,0.6954224635960187,0.7908852449816778,0.8127016876996302,0.7522335129905219,0.6488793973059348,2.0254843467941814,True,105,774,0.13565891472868216,12,0,0,12,0.0,0.0,0.0,0,8,0.0,0,9,0.0,,,ADORA1|EXACT_SINGLE_PROTEIN|HSAMP_06645e2e8409a5b743985cdd|HUMAN_BIOGPS_GNF1H_GCRMA_77_TISSUE_DDOF1; ADORA1|EXACT_SINGLE_PROTEIN|HSAMP_752ebc880edc13bb4e2b2de8|HUMAN_BIOGPS_GNF1H_GCRMA_77_TISSUE_DDOF1; CHRM3|EXACT_SINGLE_PROTEIN|HSAMP_752ebc880edc13bb4e2b2de8|HUMAN_BIOGPS_GNF1H_GCRMA_77_TISSUE_DDOF1; DRD1|EXACT_SINGLE_PROTEIN|HSAMP_0cb8b4d1db8c390eeeecca55|HUMAN_BIOGPS_GNF1H_GCRMA_77_TISSUE_DDOF1; DRD1|EXACT_SINGLE_PROTEIN|HSAMP_a32ce488a48b0df9b8c4c40a|HUMAN_BIOGPS_GNF1H_GCRMA_77_TISSUE_DDOF1; GRIN1|EXACT_SINGLE_PROTEIN|HSAMP_13a552b6ffc4aac3b85a50ca|HUMAN_BIOGPS_GNF1H_GCRMA_77_TISSUE_DDOF1; GRIN1|EXACT_SINGLE_PROTEIN|HSAMP_752ebc880edc13bb4e2b2de8|HUMAN_BIOGPS_GNF1H_GCRMA_77_TISSUE_DDOF1; GRIN2A|EXACT_SINGLE_PROTEIN|HSAMP_192dff4b8df5862a227b1163|HUMAN_BIOGPS_GNF1H_GCRMA_77_TISSUE_DDOF1; GRIN2C|EXACT_SINGLE_PROTEIN|HSAMP_13a552b6ffc4aac3b85a50ca|HUMAN_BIOGPS_GNF1H_GCRMA_77_TISSUE_DDOF1; GRIN2C|EXACT_SINGLE_PROTEIN|HSAMP_20b60708f05d03c76f9fe702|HUMAN_BIOGPS_GNF1H_GCRMA_77_TISSUE_DDOF1; OPRD1|EXACT_SINGLE_PROTEIN|HSAMP_f43595f3557cf05e6a721aeb|HUMAN_BIOGPS_GNF1H_GCRMA_77_TISSUE_DDOF1; SLC6A3|EXACT_SINGLE_PROTEIN|HSAMP_8ed020260a1d25cf72324c8a|HUMAN_BIOGPS_GNF1H_GCRMA_77_TISSUE_DDOF1,,9,0,0,9,0.0,0.0,0.0,0,7,0.0,0,8,0.0,,,ADORA1|EXACT_SINGLE_PROTEIN|HSAMP_06645e2e8409a5b743985cdd|HUMAN_BIOGPS_GNF1H_GCRMA_77_TISSUE_DDOF1; CHRM3|EXACT_SINGLE_PROTEIN|HSAMP_752ebc880edc13bb4e2b2de8|HUMAN_BIOGPS_GNF1H_GCRMA_77_TISSUE_DDOF1; DRD1|EXACT_SINGLE_PROTEIN|HSAMP_0cb8b4d1db8c390eeeecca55|HUMAN_BIOGPS_GNF1H_GCRMA_77_TISSUE_DDOF1; DRD1|EXACT_SINGLE_PROTEIN|HSAMP_a32ce488a48b0df9b8c4c40a|HUMAN_BIOGPS_GNF1H_GCRMA_77_TISSUE_DDOF1; GRIN1|EXACT_SINGLE_PROTEIN|HSAMP_13a552b6ffc4aac3b85a50ca|HUMAN_BIOGPS_GNF1H_GCRMA_77_TISSUE_DDOF1; GRIN1|EXACT_SINGLE_PROTEIN|HSAMP_752ebc880edc13bb4e2b2de8|HUMAN_BIOGPS_GNF1H_GCRMA_77_TISSUE_DDOF1; GRIN2A|EXACT_SINGLE_PROTEIN|HSAMP_192dff4b8df5862a227b1163|HUMAN_BIOGPS_GNF1H_GCRMA_77_TISSUE_DDOF1; OPRD1|EXACT_SINGLE_PROTEIN|HSAMP_f43595f3557cf05e6a721aeb|HUMAN_BIOGPS_GNF1H_GCRMA_77_TISSUE_DDOF1; SLC6A3|EXACT_SINGLE_PROTEIN|HSAMP_8ed020260a1d25cf72324c8a|HUMAN_BIOGPS_GNF1H_GCRMA_77_TISSUE_DDOF1,,RECOMPUTED_AFFECTED_EDGE
S-ketamine,Norketamine,87,5,0.6944721485745469,6.477604971567812,0.5738667788108693,0.8516001812849644,0.8517958206779165,0.5925165128673151,0.531019295164051,1.6545898913682233,True,87,774,0.1124031007751938,12,1,1,12,0.08333333333333333,1.0,1.0,1,8,0.125,1,9,0.1111111111111111,0.37507153262710585,CHRM3|EXACT_SINGLE_PROTEIN|HSAMP_752ebc880edc13bb4e2b2de8|HUMAN_BIOGPS_GNF1H_GCRMA_77_TISSUE_DDOF1,ADORA1|EXACT_SINGLE_PROTEIN|HSAMP_06645e2e8409a5b743985cdd|HUMAN_BIOGPS_GNF1H_GCRMA_77_TISSUE_DDOF1; ADORA1|EXACT_SINGLE_PROTEIN|HSAMP_752ebc880edc13bb4e2b2de8|HUMAN_BIOGPS_GNF1H_GCRMA_77_TISSUE_DDOF1; DRD1|EXACT_SINGLE_PROTEIN|HSAMP_0cb8b4d1db8c390eeeecca55|HUMAN_BIOGPS_GNF1H_GCRMA_77_TISSUE_DDOF1; DRD1|EXACT_SINGLE_PROTEIN|HSAMP_a32ce488a48b0df9b8c4c40a|HUMAN_BIOGPS_GNF1H_GCRMA_77_TISSUE_DDOF1; GRIN1|EXACT_SINGLE_PROTEIN|HSAMP_13a552b6ffc4aac3b85a50ca|HUMAN_BIOGPS_GNF1H_GCRMA_77_TISSUE_DDOF1; GRIN1|EXACT_SINGLE_PROTEIN|HSAMP_752ebc880edc13bb4e2b2de8|HUMAN_BIOGPS_GNF1H_GCRMA_77_TISSUE_DDOF1; GRIN2A|EXACT_SINGLE_PROTEIN|HSAMP_192dff4b8df5862a227b1163|HUMAN_BIOGPS_GNF1H_GCRMA_77_TISSUE_DDOF1; GRIN2C|EXACT_SINGLE_PROTEIN|HSAMP_13a552b6ffc4aac3b85a50ca|HUMAN_BIOGPS_GNF1H_GCRMA_77_TISSUE_DDOF1; GRIN2C|EXACT_SINGLE_PROTEIN|HSAMP_20b60708f05d03c76f9fe702|HUMAN_BIOGPS_GNF1H_GCRMA_77_TISSUE_DDOF1; OPRD1|EXACT_SINGLE_PROTEIN|HSAMP_f43595f3557cf05e6a721aeb|HUMAN_BIOGPS_GNF1H_GCRMA_77_TISSUE_DDOF1; SLC6A3|EXACT_SINGLE_PROTEIN|HSAMP_8ed020260a1d25cf72324c8a|HUMAN_BIOGPS_GNF1H_GCRMA_77_TISSUE_DDOF1,,9,1,1,9,0.1111111111111111,1.0,1.0,1,7,0.14285714285714285,1,8,0.125,0.41130482341977076,CHRM3|EXACT_SINGLE_PROTEIN|HSAMP_752ebc880edc13bb4e2b2de8|HUMAN_BIOGPS_GNF1H_GCRMA_77_TISSUE_DDOF1,ADORA1|EXACT_SINGLE_PROTEIN|HSAMP_06645e2e8409a5b743985cdd|HUMAN_BIOGPS_GNF1H_GCRMA_77_TISSUE_DDOF1; DRD1|EXACT_SINGLE_PROTEIN|HSAMP_0cb8b4d1db8c390eeeecca55|HUMAN_BIOGPS_GNF1H_GCRMA_77_TISSUE_DDOF1; DRD1|EXACT_SINGLE_PROTEIN|HSAMP_a32ce488a48b0df9b8c4c40a|HUMAN_BIOGPS_GNF1H_GCRMA_77_TISSUE_DDOF1; GRIN1|EXACT_SINGLE_PROTEIN|HSAMP_13a552b6ffc4aac3b85a50ca|HUMAN_BIOGPS_GNF1H_GCRMA_77_TISSUE_DDOF1; GRIN1|EXACT_SINGLE_PROTEIN|HSAMP_752ebc880edc13bb4e2b2de8|HUMAN_BIOGPS_GNF1H_GCRMA_77_TISSUE_DDOF1; GRIN2A|EXACT_SINGLE_PROTEIN|HSAMP_192dff4b8df5862a227b1163|HUMAN_BIOGPS_GNF1H_GCRMA_77_TISSUE_DDOF1; OPRD1|EXACT_SINGLE_PROTEIN|HSAMP_f43595f3557cf05e6a721aeb|HUMAN_BIOGPS_GNF1H_GCRMA_77_TISSUE_DDOF1; SLC6A3|EXACT_SINGLE_PROTEIN|HSAMP_8ed020260a1d25cf72324c8a|HUMAN_BIOGPS_GNF1H_GCRMA_77_TISSUE_DDOF1,,RECOMPUTED_AFFECTED_EDGE
R-ketamine,"Hydroxyketamine, unspecified isomer aggregate",576,32,0.0,0.0,1.0,1.0,0.9999999999999998,0.0,0.0,0.0,True,576,684,0.8421052631578947,11,7,7,11,0.6363636363636364,1.0,1.0,5,8,0.625,6,9,0.6666666666666666,0.7924807938333018,ADORA1|EXACT_SINGLE_PROTEIN|HSAMP_06645e2e8409a5b743985cdd|HUMAN_BIOGPS_GNF1H_GCRMA_77_TISSUE_DDOF1; ADORA1|EXACT_SINGLE_PROTEIN|HSAMP_752ebc880edc13bb4e2b2de8|HUMAN_BIOGPS_GNF1H_GCRMA_77_TISSUE_DDOF1; CHRM3|EXACT_SINGLE_PROTEIN|HSAMP_752ebc880edc13bb4e2b2de8|HUMAN_BIOGPS_GNF1H_GCRMA_77_TISSUE_DDOF1; DRD1|EXACT_SINGLE_PROTEIN|HSAMP_0cb8b4d1db8c390eeeecca55|HUMAN_BIOGPS_GNF1H_GCRMA_77_TISSUE_DDOF1; DRD1|EXACT_SINGLE_PROTEIN|HSAMP_a32ce488a48b0df9b8c4c40a|HUMAN_BIOGPS_GNF1H_GCRMA_77_TISSUE_DDOF1; OPRD1|EXACT_SINGLE_PROTEIN|HSAMP_f43595f3557cf05e6a721aeb|HUMAN_BIOGPS_GNF1H_GCRMA_77_TISSUE_DDOF1; SLC6A3|EXACT_SINGLE_PROTEIN|HSAMP_8ed020260a1d25cf72324c8a|HUMAN_BIOGPS_GNF1H_GCRMA_77_TISSUE_DDOF1,GRIN1|EXACT_SINGLE_PROTEIN|HSAMP_13a552b6ffc4aac3b85a50ca|HUMAN_BIOGPS_GNF1H_GCRMA_77_TISSUE_DDOF1; GRIN1|EXACT_SINGLE_PROTEIN|HSAMP_752ebc880edc13bb4e2b2de8|HUMAN_BIOGPS_GNF1H_GCRMA_77_TISSUE_DDOF1; GRIN2A|EXACT_SINGLE_PROTEIN|HSAMP_192dff4b8df5862a227b1163|HUMAN_BIOGPS_GNF1H_GCRMA_77_TISSUE_DDOF1; GRIN2C|EXACT_SINGLE_PROTEIN|HSAMP_20b60708f05d03c76f9fe702|HUMAN_BIOGPS_GNF1H_GCRMA_77_TISSUE_DDOF1,,9,7,6,10,0.6,0.8571428571428571,0.8571428571428571,5,7,0.7142857142857143,6,8,0.75,0.7631621675405387,ADORA1|EXACT_SINGLE_PROTEIN|HSAMP_06645e2e8409a5b743985cdd|HUMAN_BIOGPS_GNF1H_GCRMA_77_TISSUE_DDOF1; CHRM3|EXACT_SINGLE_PROTEIN|HSAMP_752ebc880edc13bb4e2b2de8|HUMAN_BIOGPS_GNF1H_GCRMA_77_TISSUE_DDOF1; DRD1|EXACT_SINGLE_PROTEIN|HSAMP_0cb8b4d1db8c390eeeecca55|HUMAN_BIOGPS_GNF1H_GCRMA_77_TISSUE_DDOF1; DRD1|EXACT_SINGLE_PROTEIN|HSAMP_a32ce488a48b0df9b8c4c40a|HUMAN_BIOGPS_GNF1H_GCRMA_77_TISSUE_DDOF1; OPRD1|EXACT_SINGLE_PROTEIN|HSAMP_f43595f3557cf05e6a721aeb|HUMAN_BIOGPS_GNF1H_GCRMA_77_TISSUE_DDOF1; SLC6A3|EXACT_SINGLE_PROTEIN|HSAMP_8ed020260a1d25cf72324c8a|HUMAN_BIOGPS_GNF1H_GCRMA_77_TISSUE_DDOF1,GRIN1|EXACT_SINGLE_PROTEIN|HSAMP_13a552b6ffc4aac3b85a50ca|HUMAN_BIOGPS_GNF1H_GCRMA_77_TISSUE_DDOF1; GRIN1|EXACT_SINGLE_PROTEIN|HSAMP_752ebc880edc13bb4e2b2de8|HUMAN_BIOGPS_GNF1H_GCRMA_77_TISSUE_DDOF1; GRIN2A|EXACT_SINGLE_PROTEIN|HSAMP_192dff4b8df5862a227b1163|HUMAN_BIOGPS_GNF1H_GCRMA_77_TISSUE_DDOF1,ADORA1|EXACT_SINGLE_PROTEIN|HSAMP_752ebc880edc13bb4e2b2de8|HUMAN_BIOGPS_GNF1H_GCRMA_77_TISSUE_DDOF1,REUSED_VALIDATED_SOURCE_RUN
R-ketamine,"(2R,6R)-hydroxynorketamine",37,3,0.5718468280899635,3.478408458975517,0.7324087702263348,0.8229805612337528,0.8353589864684363,0.48676372097901943,0.3991206379415808,1.118470448646807,True,37,684,0.054093567251461985,11,0,0,11,0.0,0.0,0.0,0,8,0.0,0,9,0.0,,,ADORA1|EXACT_SINGLE_PROTEIN|HSAMP_06645e2e8409a5b743985cdd|HUMAN_BIOGPS_GNF1H_GCRMA_77_TISSUE_DDOF1; ADORA1|EXACT_SINGLE_PROTEIN|HSAMP_752ebc880edc13bb4e2b2de8|HUMAN_BIOGPS_GNF1H_GCRMA_77_TISSUE_DDOF1; CHRM3|EXACT_SINGLE_PROTEIN|HSAMP_752ebc880edc13bb4e2b2de8|HUMAN_BIOGPS_GNF1H_GCRMA_77_TISSUE_DDOF1; DRD1|EXACT_SINGLE_PROTEIN|HSAMP_0cb8b4d1db8c390eeeecca55|HUMAN_BIOGPS_GNF1H_GCRMA_77_TISSUE_DDOF1; DRD1|EXACT_SINGLE_PROTEIN|HSAMP_a32ce488a48b0df9b8c4c40a|HUMAN_BIOGPS_GNF1H_GCRMA_77_TISSUE_DDOF1; GRIN1|EXACT_SINGLE_PROTEIN|HSAMP_13a552b6ffc4aac3b85a50ca|HUMAN_BIOGPS_GNF1H_GCRMA_77_TISSUE_DDOF1; GRIN1|EXACT_SINGLE_PROTEIN|HSAMP_752ebc880edc13bb4e2b2de8|HUMAN_BIOGPS_GNF1H_GCRMA_77_TISSUE_DDOF1; GRIN2A|EXACT_SINGLE_PROTEIN|HSAMP_192dff4b8df5862a227b1163|HUMAN_BIOGPS_GNF1H_GCRMA_77_TISSUE_DDOF1; GRIN2C|EXACT_SINGLE_PROTEIN|HSAMP_20b60708f05d03c76f9fe702|HUMAN_BIOGPS_GNF1H_GCRMA_77_TISSUE_DDOF1; OPRD1|EXACT_SINGLE_PROTEIN|HSAMP_f43595f3557cf05e6a721aeb|HUMAN_BIOGPS_GNF1H_GCRMA_77_TISSUE_DDOF1; SLC6A3|EXACT_SINGLE_PROTEIN|HSAMP_8ed020260a1d25cf72324c8a|HUMAN_BIOGPS_GNF1H_GCRMA_77_TISSUE_DDOF1,,9,0,0,9,0.0,0.0,0.0,0,7,0.0,0,8,0.0,,,ADORA1|EXACT_SINGLE_PROTEIN|HSAMP_06645e2e8409a5b743985cdd|HUMAN_BIOGPS_GNF1H_GCRMA_77_TISSUE_DDOF1; CHRM3|EXACT_SINGLE_PROTEIN|HSAMP_752ebc880edc13bb4e2b2de8|HUMAN_BIOGPS_GNF1H_GCRMA_77_TISSUE_DDOF1; DRD1|EXACT_SINGLE_PROTEIN|HSAMP_0cb8b4d1db8c390eeeecca55|HUMAN_BIOGPS_GNF1H_GCRMA_77_TISSUE_DDOF1; DRD1|EXACT_SINGLE_PROTEIN|HSAMP_a32ce488a48b0df9b8c4c40a|HUMAN_BIOGPS_GNF1H_GCRMA_77_TISSUE_DDOF1; GRIN1|EXACT_SINGLE_PROTEIN|HSAMP_13a552b6ffc4aac3b85a50ca|HUMAN_BIOGPS_GNF1H_GCRMA_77_TISSUE_DDOF1; GRIN1|EXACT_SINGLE_PROTEIN|HSAMP_752ebc880edc13bb4e2b2de8|HUMAN_BIOGPS_GNF1H_GCRMA_77_TISSUE_DDOF1; GRIN2A|EXACT_SINGLE_PROTEIN|HSAMP_192dff4b8df5862a227b1163|HUMAN_BIOGPS_GNF1H_GCRMA_77_TISSUE_DDOF1; OPRD1|EXACT_SINGLE_PROTEIN|HSAMP_f43595f3557cf05e6a721aeb|HUMAN_BIOGPS_GNF1H_GCRMA_77_TISSUE_DDOF1; SLC6A3|EXACT_SINGLE_PROTEIN|HSAMP_8ed020260a1d25cf72324c8a|HUMAN_BIOGPS_GNF1H_GCRMA_77_TISSUE_DDOF1,,RECOMPUTED_AFFECTED_EDGE
R-ketamine,"(2S,6S)-hydroxynorketamine",18,1,0.6431591650144743,2.7286932417840752,0.3935351135845835,0.7075853867263476,0.696594427244582,0.5545949906049019,0.5329362491836152,1.1658358970423872,False,18,684,0.02631578947368421,11,0,0,11,0.0,0.0,1.0,0,8,0.0,0,9,0.0,,,ADORA1|EXACT_SINGLE_PROTEIN|HSAMP_06645e2e8409a5b743985cdd|HUMAN_BIOGPS_GNF1H_GCRMA_77_TISSUE_DDOF1; ADORA1|EXACT_SINGLE_PROTEIN|HSAMP_752ebc880edc13bb4e2b2de8|HUMAN_BIOGPS_GNF1H_GCRMA_77_TISSUE_DDOF1; CHRM3|EXACT_SINGLE_PROTEIN|HSAMP_752ebc880edc13bb4e2b2de8|HUMAN_BIOGPS_GNF1H_GCRMA_77_TISSUE_DDOF1; DRD1|EXACT_SINGLE_PROTEIN|HSAMP_0cb8b4d1db8c390eeeecca55|HUMAN_BIOGPS_GNF1H_GCRMA_77_TISSUE_DDOF1; DRD1|EXACT_SINGLE_PROTEIN|HSAMP_a32ce488a48b0df9b8c4c40a|HUMAN_BIOGPS_GNF1H_GCRMA_77_TISSUE_DDOF1; GRIN1|EXACT_SINGLE_PROTEIN|HSAMP_13a552b6ffc4aac3b85a50ca|HUMAN_BIOGPS_GNF1H_GCRMA_77_TISSUE_DDOF1; GRIN1|EXACT_SINGLE_PROTEIN|HSAMP_752ebc880edc13bb4e2b2de8|HUMAN_BIOGPS_GNF1H_GCRMA_77_TISSUE_DDOF1; GRIN2A|EXACT_SINGLE_PROTEIN|HSAMP_192dff4b8df5862a227b1163|HUMAN_BIOGPS_GNF1H_GCRMA_77_TISSUE_DDOF1; GRIN2C|EXACT_SINGLE_PROTEIN|HSAMP_20b60708f05d03c76f9fe702|HUMAN_BIOGPS_GNF1H_GCRMA_77_TISSUE_DDOF1; OPRD1|EXACT_SINGLE_PROTEIN|HSAMP_f43595f3557cf05e6a721aeb|HUMAN_BIOGPS_GNF1H_GCRMA_77_TISSUE_DDOF1; SLC6A3|EXACT_SINGLE_PROTEIN|HSAMP_8ed020260a1d25cf72324c8a|HUMAN_BIOGPS_GNF1H_GCRMA_77_TISSUE_DDOF1,,9,0,0,9,0.0,0.0,1.0,0,7,0.0,0,8,0.0,,,ADORA1|EXACT_SINGLE_PROTEIN|HSAMP_06645e2e8409a5b743985cdd|HUMAN_BIOGPS_GNF1H_GCRMA_77_TISSUE_DDOF1; CHRM3|EXACT_SINGLE_PROTEIN|HSAMP_752ebc880edc13bb4e2b2de8|HUMAN_BIOGPS_GNF1H_GCRMA_77_TISSUE_DDOF1; DRD1|EXACT_SINGLE_PROTEIN|HSAMP_0cb8b4d1db8c390eeeecca55|HUMAN_BIOGPS_GNF1H_GCRMA_77_TISSUE_DDOF1; DRD1|EXACT_SINGLE_PROTEIN|HSAMP_a32ce488a48b0df9b8c4c40a|HUMAN_BIOGPS_GNF1H_GCRMA_77_TISSUE_DDOF1; GRIN1|EXACT_SINGLE_PROTEIN|HSAMP_13a552b6ffc4aac3b85a50ca|HUMAN_BIOGPS_GNF1H_GCRMA_77_TISSUE_DDOF1; GRIN1|EXACT_SINGLE_PROTEIN|HSAMP_752ebc880edc13bb4e2b2de8|HUMAN_BIOGPS_GNF1H_GCRMA_77_TISSUE_DDOF1; GRIN2A|EXACT_SINGLE_PROTEIN|HSAMP_192dff4b8df5862a227b1163|HUMAN_BIOGPS_GNF1H_GCRMA_77_TISSUE_DDOF1; OPRD1|EXACT_SINGLE_PROTEIN|HSAMP_f43595f3557cf05e6a721aeb|HUMAN_BIOGPS_GNF1H_GCRMA_77_TISSUE_DDOF1; SLC6A3|EXACT_SINGLE_PROTEIN|HSAMP_8ed020260a1d25cf72324c8a|HUMAN_BIOGPS_GNF1H_GCRMA_77_TISSUE_DDOF1,,RECOMPUTED_AFFECTED_EDGE
R-ketamine,"Hydroxynorketamine / HNK, generic identity",109,7,0.5608034681473559,5.8549600987184505,0.775787776009857,0.8120758844182783,0.8159856170096318,0.4272683522150692,0.3109391866279314,1.4525212913682233,True,109,684,0.15935672514619884,11,0,0,11,0.0,0.0,0.0,0,8,0.0,0,9,0.0,,,ADORA1|EXACT_SINGLE_PROTEIN|HSAMP_06645e2e8409a5b743985cdd|HUMAN_BIOGPS_GNF1H_GCRMA_77_TISSUE_DDOF1; ADORA1|EXACT_SINGLE_PROTEIN|HSAMP_752ebc880edc13bb4e2b2de8|HUMAN_BIOGPS_GNF1H_GCRMA_77_TISSUE_DDOF1; CHRM3|EXACT_SINGLE_PROTEIN|HSAMP_752ebc880edc13bb4e2b2de8|HUMAN_BIOGPS_GNF1H_GCRMA_77_TISSUE_DDOF1; DRD1|EXACT_SINGLE_PROTEIN|HSAMP_0cb8b4d1db8c390eeeecca55|HUMAN_BIOGPS_GNF1H_GCRMA_77_TISSUE_DDOF1; DRD1|EXACT_SINGLE_PROTEIN|HSAMP_a32ce488a48b0df9b8c4c40a|HUMAN_BIOGPS_GNF1H_GCRMA_77_TISSUE_DDOF1; GRIN1|EXACT_SINGLE_PROTEIN|HSAMP_13a552b6ffc4aac3b85a50ca|HUMAN_BIOGPS_GNF1H_GCRMA_77_TISSUE_DDOF1; GRIN1|EXACT_SINGLE_PROTEIN|HSAMP_752ebc880edc13bb4e2b2de8|HUMAN_BIOGPS_GNF1H_GCRMA_77_TISSUE_DDOF1; GRIN2A|EXACT_SINGLE_PROTEIN|HSAMP_192dff4b8df5862a227b1163|HUMAN_BIOGPS_GNF1H_GCRMA_77_TISSUE_DDOF1; GRIN2C|EXACT_SINGLE_PROTEIN|HSAMP_20b60708f05d03c76f9fe702|HUMAN_BIOGPS_GNF1H_GCRMA_77_TISSUE_DDOF1; OPRD1|EXACT_SINGLE_PROTEIN|HSAMP_f43595f3557cf05e6a721aeb|HUMAN_BIOGPS_GNF1H_GCRMA_77_TISSUE_DDOF1; SLC6A3|EXACT_SINGLE_PROTEIN|HSAMP_8ed020260a1d25cf72324c8a|HUMAN_BIOGPS_GNF1H_GCRMA_77_TISSUE_DDOF1,,9,0,0,9,0.0,0.0,0.0,0,7,0.0,0,8,0.0,,,ADORA1|EXACT_SINGLE_PROTEIN|HSAMP_06645e2e8409a5b743985cdd|HUMAN_BIOGPS_GNF1H_GCRMA_77_TISSUE_DDOF1; CHRM3|EXACT_SINGLE_PROTEIN|HSAMP_752ebc880edc13bb4e2b2de8|HUMAN_BIOGPS_GNF1H_GCRMA_77_TISSUE_DDOF1; DRD1|EXACT_SINGLE_PROTEIN|HSAMP_0cb8b4d1db8c390eeeecca55|HUMAN_BIOGPS_GNF1H_GCRMA_77_TISSUE_DDOF1; DRD1|EXACT_SINGLE_PROTEIN|HSAMP_a32ce488a48b0df9b8c4c40a|HUMAN_BIOGPS_GNF1H_GCRMA_77_TISSUE_DDOF1; GRIN1|EXACT_SINGLE_PROTEIN|HSAMP_13a552b6ffc4aac3b85a50ca|HUMAN_BIOGPS_GNF1H_GCRMA_77_TISSUE_DDOF1; GRIN1|EXACT_SINGLE_PROTEIN|HSAMP_752ebc880edc13bb4e2b2de8|HUMAN_BIOGPS_GNF1H_GCRMA_77_TISSUE_DDOF1; GRIN2A|EXACT_SINGLE_PROTEIN|HSAMP_192dff4b8df5862a227b1163|HUMAN_BIOGPS_GNF1H_GCRMA_77_TISSUE_DDOF1; OPRD1|EXACT_SINGLE_PROTEIN|HSAMP_f43595f3557cf05e6a721aeb|HUMAN_BIOGPS_GNF1H_GCRMA_77_TISSUE_DDOF1; SLC6A3|EXACT_SINGLE_PROTEIN|HSAMP_8ed020260a1d25cf72324c8a|HUMAN_BIOGPS_GNF1H_GCRMA_77_TISSUE_DDOF1,,RECOMPUTED_AFFECTED_EDGE
R-ketamine,"Hydroxyketamine, generic E7 identity",105,13,0.8913874310322648,9.134003119182823,0.7040103354110318,0.7959550996951755,0.8128675737514783,0.7485518762064733,0.6408443147591609,2.0254843467941814,True,105,684,0.15350877192982457,11,0,0,11,0.0,0.0,0.0,0,8,0.0,0,9,0.0,,,ADORA1|EXACT_SINGLE_PROTEIN|HSAMP_06645e2e8409a5b743985cdd|HUMAN_BIOGPS_GNF1H_GCRMA_77_TISSUE_DDOF1; ADORA1|EXACT_SINGLE_PROTEIN|HSAMP_752ebc880edc13bb4e2b2de8|HUMAN_BIOGPS_GNF1H_GCRMA_77_TISSUE_DDOF1; CHRM3|EXACT_SINGLE_PROTEIN|HSAMP_752ebc880edc13bb4e2b2de8|HUMAN_BIOGPS_GNF1H_GCRMA_77_TISSUE_DDOF1; DRD1|EXACT_SINGLE_PROTEIN|HSAMP_0cb8b4d1db8c390eeeecca55|HUMAN_BIOGPS_GNF1H_GCRMA_77_TISSUE_DDOF1; DRD1|EXACT_SINGLE_PROTEIN|HSAMP_a32ce488a48b0df9b8c4c40a|HUMAN_BIOGPS_GNF1H_GCRMA_77_TISSUE_DDOF1; GRIN1|EXACT_SINGLE_PROTEIN|HSAMP_13a552b6ffc4aac3b85a50ca|HUMAN_BIOGPS_GNF1H_GCRMA_77_TISSUE_DDOF1; GRIN1|EXACT_SINGLE_PROTEIN|HSAMP_752ebc880edc13bb4e2b2de8|HUMAN_BIOGPS_GNF1H_GCRMA_77_TISSUE_DDOF1; GRIN2A|EXACT_SINGLE_PROTEIN|HSAMP_192dff4b8df5862a227b1163|HUMAN_BIOGPS_GNF1H_GCRMA_77_TISSUE_DDOF1; GRIN2C|EXACT_SINGLE_PROTEIN|HSAMP_20b60708f05d03c76f9fe702|HUMAN_BIOGPS_GNF1H_GCRMA_77_TISSUE_DDOF1; OPRD1|EXACT_SINGLE_PROTEIN|HSAMP_f43595f3557cf05e6a721aeb|HUMAN_BIOGPS_GNF1H_GCRMA_77_TISSUE_DDOF1; SLC6A3|EXACT_SINGLE_PROTEIN|HSAMP_8ed020260a1d25cf72324c8a|HUMAN_BIOGPS_GNF1H_GCRMA_77_TISSUE_DDOF1,,9,0,0,9,0.0,0.0,0.0,0,7,0.0,0,8,0.0,,,ADORA1|EXACT_SINGLE_PROTEIN|HSAMP_06645e2e8409a5b743985cdd|HUMAN_BIOGPS_GNF1H_GCRMA_77_TISSUE_DDOF1; CHRM3|EXACT_SINGLE_PROTEIN|HSAMP_752ebc880edc13bb4e2b2de8|HUMAN_BIOGPS_GNF1H_GCRMA_77_TISSUE_DDOF1; DRD1|EXACT_SINGLE_PROTEIN|HSAMP_0cb8b4d1db8c390eeeecca55|HUMAN_BIOGPS_GNF1H_GCRMA_77_TISSUE_DDOF1; DRD1|EXACT_SINGLE_PROTEIN|HSAMP_a32ce488a48b0df9b8c4c40a|HUMAN_BIOGPS_GNF1H_GCRMA_77_TISSUE_DDOF1; GRIN1|EXACT_SINGLE_PROTEIN|HSAMP_13a552b6ffc4aac3b85a50ca|HUMAN_BIOGPS_GNF1H_GCRMA_77_TISSUE_DDOF1; GRIN1|EXACT_SINGLE_PROTEIN|HSAMP_752ebc880edc13bb4e2b2de8|HUMAN_BIOGPS_GNF1H_GCRMA_77_TISSUE_DDOF1; GRIN2A|EXACT_SINGLE_PROTEIN|HSAMP_192dff4b8df5862a227b1163|HUMAN_BIOGPS_GNF1H_GCRMA_77_TISSUE_DDOF1; OPRD1|EXACT_SINGLE_PROTEIN|HSAMP_f43595f3557cf05e6a721aeb|HUMAN_BIOGPS_GNF1H_GCRMA_77_TISSUE_DDOF1; SLC6A3|EXACT_SINGLE_PROTEIN|HSAMP_8ed020260a1d25cf72324c8a|HUMAN_BIOGPS_GNF1H_GCRMA_77_TISSUE_DDOF1,,RECOMPUTED_AFFECTED_EDGE
R-ketamine,Norketamine,87,5,0.6875243477919086,6.412800200082797,0.58732008622705,0.8524099335879369,0.8443956365834376,0.588073158127946,0.531019295164051,1.6545898913682233,True,87,684,0.12719298245614036,11,1,1,11,0.09090909090909091,1.0,1.0,1,8,0.125,1,9,0.1111111111111111,0.3902395399479055,CHRM3|EXACT_SINGLE_PROTEIN|HSAMP_752ebc880edc13bb4e2b2de8|HUMAN_BIOGPS_GNF1H_GCRMA_77_TISSUE_DDOF1,ADORA1|EXACT_SINGLE_PROTEIN|HSAMP_06645e2e8409a5b743985cdd|HUMAN_BIOGPS_GNF1H_GCRMA_77_TISSUE_DDOF1; ADORA1|EXACT_SINGLE_PROTEIN|HSAMP_752ebc880edc13bb4e2b2de8|HUMAN_BIOGPS_GNF1H_GCRMA_77_TISSUE_DDOF1; DRD1|EXACT_SINGLE_PROTEIN|HSAMP_0cb8b4d1db8c390eeeecca55|HUMAN_BIOGPS_GNF1H_GCRMA_77_TISSUE_DDOF1; DRD1|EXACT_SINGLE_PROTEIN|HSAMP_a32ce488a48b0df9b8c4c40a|HUMAN_BIOGPS_GNF1H_GCRMA_77_TISSUE_DDOF1; GRIN1|EXACT_SINGLE_PROTEIN|HSAMP_13a552b6ffc4aac3b85a50ca|HUMAN_BIOGPS_GNF1H_GCRMA_77_TISSUE_DDOF1; GRIN1|EXACT_SINGLE_PROTEIN|HSAMP_752ebc880edc13bb4e2b2de8|HUMAN_BIOGPS_GNF1H_GCRMA_77_TISSUE_DDOF1; GRIN2A|EXACT_SINGLE_PROTEIN|HSAMP_192dff4b8df5862a227b1163|HUMAN_BIOGPS_GNF1H_GCRMA_77_TISSUE_DDOF1; GRIN2C|EXACT_SINGLE_PROTEIN|HSAMP_20b60708f05d03c76f9fe702|HUMAN_BIOGPS_GNF1H_GCRMA_77_TISSUE_DDOF1; OPRD1|EXACT_SINGLE_PROTEIN|HSAMP_f43595f3557cf05e6a721aeb|HUMAN_BIOGPS_GNF1H_GCRMA_77_TISSUE_DDOF1; SLC6A3|EXACT_SINGLE_PROTEIN|HSAMP_8ed020260a1d25cf72324c8a|HUMAN_BIOGPS_GNF1H_GCRMA_77_TISSUE_DDOF1,,9,1,1,9,0.1111111111111111,1.0,1.0,1,7,0.14285714285714285,1,8,0.125,0.41679200141267203,CHRM3|EXACT_SINGLE_PROTEIN|HSAMP_752ebc880edc13bb4e2b2de8|HUMAN_BIOGPS_GNF1H_GCRMA_77_TISSUE_DDOF1,ADORA1|EXACT_SINGLE_PROTEIN|HSAMP_06645e2e8409a5b743985cdd|HUMAN_BIOGPS_GNF1H_GCRMA_77_TISSUE_DDOF1; DRD1|EXACT_SINGLE_PROTEIN|HSAMP_0cb8b4d1db8c390eeeecca55|HUMAN_BIOGPS_GNF1H_GCRMA_77_TISSUE_DDOF1; DRD1|EXACT_SINGLE_PROTEIN|HSAMP_a32ce488a48b0df9b8c4c40a|HUMAN_BIOGPS_GNF1H_GCRMA_77_TISSUE_DDOF1; GRIN1|EXACT_SINGLE_PROTEIN|HSAMP_13a552b6ffc4aac3b85a50ca|HUMAN_BIOGPS_GNF1H_GCRMA_77_TISSUE_DDOF1; GRIN1|EXACT_SINGLE_PROTEIN|HSAMP_752ebc880edc13bb4e2b2de8|HUMAN_BIOGPS_GNF1H_GCRMA_77_TISSUE_DDOF1; GRIN2A|EXACT_SINGLE_PROTEIN|HSAMP_192dff4b8df5862a227b1163|HUMAN_BIOGPS_GNF1H_GCRMA_77_TISSUE_DDOF1; OPRD1|EXACT_SINGLE_PROTEIN|HSAMP_f43595f3557cf05e6a721aeb|HUMAN_BIOGPS_GNF1H_GCRMA_77_TISSUE_DDOF1; SLC6A3|EXACT_SINGLE_PROTEIN|HSAMP_8ed020260a1d25cf72324c8a|HUMAN_BIOGPS_GNF1H_GCRMA_77_TISSUE_DDOF1,,RECOMPUTED_AFFECTED_EDGE
"Hydroxyketamine, unspecified isomer aggregate","(2R,6R)-hydroxynorketamine",37,3,0.5718468280899635,3.478408458975517,0.7324087702263348,0.8229805612337528,0.8353589864684363,0.48676372097901943,0.3991206379415808,1.118470448646807,True,37,576,0.0642361111111111,7,0,0,7,0.0,0.0,0.0,0,5,0.0,0,6,0.0,,,ADORA1|EXACT_SINGLE_PROTEIN|HSAMP_06645e2e8409a5b743985cdd|HUMAN_BIOGPS_GNF1H_GCRMA_77_TISSUE_DDOF1; ADORA1|EXACT_SINGLE_PROTEIN|HSAMP_752ebc880edc13bb4e2b2de8|HUMAN_BIOGPS_GNF1H_GCRMA_77_TISSUE_DDOF1; CHRM3|EXACT_SINGLE_PROTEIN|HSAMP_752ebc880edc13bb4e2b2de8|HUMAN_BIOGPS_GNF1H_GCRMA_77_TISSUE_DDOF1; DRD1|EXACT_SINGLE_PROTEIN|HSAMP_0cb8b4d1db8c390eeeecca55|HUMAN_BIOGPS_GNF1H_GCRMA_77_TISSUE_DDOF1; DRD1|EXACT_SINGLE_PROTEIN|HSAMP_a32ce488a48b0df9b8c4c40a|HUMAN_BIOGPS_GNF1H_GCRMA_77_TISSUE_DDOF1; OPRD1|EXACT_SINGLE_PROTEIN|HSAMP_f43595f3557cf05e6a721aeb|HUMAN_BIOGPS_GNF1H_GCRMA_77_TISSUE_DDOF1; SLC6A3|EXACT_SINGLE_PROTEIN|HSAMP_8ed020260a1d25cf72324c8a|HUMAN_BIOGPS_GNF1H_GCRMA_77_TISSUE_DDOF1,,7,0,0,7,0.0,0.0,0.0,0,5,0.0,0,6,0.0,,,ADORA1|EXACT_SINGLE_PROTEIN|HSAMP_06645e2e8409a5b743985cdd|HUMAN_BIOGPS_GNF1H_GCRMA_77_TISSUE_DDOF1; ADORA1|EXACT_SINGLE_PROTEIN|HSAMP_752ebc880edc13bb4e2b2de8|HUMAN_BIOGPS_GNF1H_GCRMA_77_TISSUE_DDOF1; CHRM3|EXACT_SINGLE_PROTEIN|HSAMP_752ebc880edc13bb4e2b2de8|HUMAN_BIOGPS_GNF1H_GCRMA_77_TISSUE_DDOF1; DRD1|EXACT_SINGLE_PROTEIN|HSAMP_0cb8b4d1db8c390eeeecca55|HUMAN_BIOGPS_GNF1H_GCRMA_77_TISSUE_DDOF1; DRD1|EXACT_SINGLE_PROTEIN|HSAMP_a32ce488a48b0df9b8c4c40a|HUMAN_BIOGPS_GNF1H_GCRMA_77_TISSUE_DDOF1; OPRD1|EXACT_SINGLE_PROTEIN|HSAMP_f43595f3557cf05e6a721aeb|HUMAN_BIOGPS_GNF1H_GCRMA_77_TISSUE_DDOF1; SLC6A3|EXACT_SINGLE_PROTEIN|HSAMP_8ed020260a1d25cf72324c8a|HUMAN_BIOGPS_GNF1H_GCRMA_77_TISSUE_DDOF1,,RECOMPUTED_AFFECTED_EDGE
"Hydroxyketamine, unspecified isomer aggregate","(2S,6S)-hydroxynorketamine",18,1,0.6431591650144743,2.7286932417840752,0.3935351135845835,0.7075853867263476,0.696594427244582,0.5545949906049019,0.5329362491836152,1.1658358970423872,False,18,576,0.03125,7,0,0,7,0.0,0.0,1.0,0,5,0.0,0,6,0.0,,,ADORA1|EXACT_SINGLE_PROTEIN|HSAMP_06645e2e8409a5b743985cdd|HUMAN_BIOGPS_GNF1H_GCRMA_77_TISSUE_DDOF1; ADORA1|EXACT_SINGLE_PROTEIN|HSAMP_752ebc880edc13bb4e2b2de8|HUMAN_BIOGPS_GNF1H_GCRMA_77_TISSUE_DDOF1; CHRM3|EXACT_SINGLE_PROTEIN|HSAMP_752ebc880edc13bb4e2b2de8|HUMAN_BIOGPS_GNF1H_GCRMA_77_TISSUE_DDOF1; DRD1|EXACT_SINGLE_PROTEIN|HSAMP_0cb8b4d1db8c390eeeecca55|HUMAN_BIOGPS_GNF1H_GCRMA_77_TISSUE_DDOF1; DRD1|EXACT_SINGLE_PROTEIN|HSAMP_a32ce488a48b0df9b8c4c40a|HUMAN_BIOGPS_GNF1H_GCRMA_77_TISSUE_DDOF1; OPRD1|EXACT_SINGLE_PROTEIN|HSAMP_f43595f3557cf05e6a721aeb|HUMAN_BIOGPS_GNF1H_GCRMA_77_TISSUE_DDOF1; SLC6A3|EXACT_SINGLE_PROTEIN|HSAMP_8ed020260a1d25cf72324c8a|HUMAN_BIOGPS_GNF1H_GCRMA_77_TISSUE_DDOF1,,7,0,0,7,0.0,0.0,1.0,0,5,0.0,0,6,0.0,,,ADORA1|EXACT_SINGLE_PROTEIN|HSAMP_06645e2e8409a5b743985cdd|HUMAN_BIOGPS_GNF1H_GCRMA_77_TISSUE_DDOF1; ADORA1|EXACT_SINGLE_PROTEIN|HSAMP_752ebc880edc13bb4e2b2de8|HUMAN_BIOGPS_GNF1H_GCRMA_77_TISSUE_DDOF1; CHRM3|EXACT_SINGLE_PROTEIN|HSAMP_752ebc880edc13bb4e2b2de8|HUMAN_BIOGPS_GNF1H_GCRMA_77_TISSUE_DDOF1; DRD1|EXACT_SINGLE_PROTEIN|HSAMP_0cb8b4d1db8c390eeeecca55|HUMAN_BIOGPS_GNF1H_GCRMA_77_TISSUE_DDOF1; DRD1|EXACT_SINGLE_PROTEIN|HSAMP_a32ce488a48b0df9b8c4c40a|HUMAN_BIOGPS_GNF1H_GCRMA_77_TISSUE_DDOF1; OPRD1|EXACT_SINGLE_PROTEIN|HSAMP_f43595f3557cf05e6a721aeb|HUMAN_BIOGPS_GNF1H_GCRMA_77_TISSUE_DDOF1; SLC6A3|EXACT_SINGLE_PROTEIN|HSAMP_8ed020260a1d25cf72324c8a|HUMAN_BIOGPS_GNF1H_GCRMA_77_TISSUE_DDOF1,,RECOMPUTED_AFFECTED_EDGE
"Hydroxyketamine, unspecified isomer aggregate","Hydroxynorketamine / HNK, generic identity",55,4,0.5946430333966535,4.409990764638238,0.6920590830837414,0.7653204809949552,0.7781807714957345,0.4398333161198057,0.33922342607621403,1.3535059998295407,True,55,630,0.0873015873015873,7,0,0,7,0.0,0.0,0.0,0,5,0.0,0,6,0.0,,,ADORA1|EXACT_SINGLE_PROTEIN|HSAMP_06645e2e8409a5b743985cdd|HUMAN_BIOGPS_GNF1H_GCRMA_77_TISSUE_DDOF1; ADORA1|EXACT_SINGLE_PROTEIN|HSAMP_752ebc880edc13bb4e2b2de8|HUMAN_BIOGPS_GNF1H_GCRMA_77_TISSUE_DDOF1; CHRM3|EXACT_SINGLE_PROTEIN|HSAMP_752ebc880edc13bb4e2b2de8|HUMAN_BIOGPS_GNF1H_GCRMA_77_TISSUE_DDOF1; DRD1|EXACT_SINGLE_PROTEIN|HSAMP_0cb8b4d1db8c390eeeecca55|HUMAN_BIOGPS_GNF1H_GCRMA_77_TISSUE_DDOF1; DRD1|EXACT_SINGLE_PROTEIN|HSAMP_a32ce488a48b0df9b8c4c40a|HUMAN_BIOGPS_GNF1H_GCRMA_77_TISSUE_DDOF1; OPRD1|EXACT_SINGLE_PROTEIN|HSAMP_f43595f3557cf05e6a721aeb|HUMAN_BIOGPS_GNF1H_GCRMA_77_TISSUE_DDOF1; SLC6A3|EXACT_SINGLE_PROTEIN|HSAMP_8ed020260a1d25cf72324c8a|HUMAN_BIOGPS_GNF1H_GCRMA_77_TISSUE_DDOF1,,7,0,0,7,0.0,0.0,0.0,0,5,0.0,0,6,0.0,,,ADORA1|EXACT_SINGLE_PROTEIN|HSAMP_06645e2e8409a5b743985cdd|HUMAN_BIOGPS_GNF1H_GCRMA_77_TISSUE_DDOF1; ADORA1|EXACT_SINGLE_PROTEIN|HSAMP_752ebc880edc13bb4e2b2de8|HUMAN_BIOGPS_GNF1H_GCRMA_77_TISSUE_DDOF1; CHRM3|EXACT_SINGLE_PROTEIN|HSAMP_752ebc880edc13bb4e2b2de8|HUMAN_BIOGPS_GNF1H_GCRMA_77_TISSUE_DDOF1; DRD1|EXACT_SINGLE_PROTEIN|HSAMP_0cb8b4d1db8c390eeeecca55|HUMAN_BIOGPS_GNF1H_GCRMA_77_TISSUE_DDOF1; DRD1|EXACT_SINGLE_PROTEIN|HSAMP_a32ce488a48b0df9b8c4c40a|HUMAN_BIOGPS_GNF1H_GCRMA_77_TISSUE_DDOF1; OPRD1|EXACT_SINGLE_PROTEIN|HSAMP_f43595f3557cf05e6a721aeb|HUMAN_BIOGPS_GNF1H_GCRMA_77_TISSUE_DDOF1; SLC6A3|EXACT_SINGLE_PROTEIN|HSAMP_8ed020260a1d25cf72324c8a|HUMAN_BIOGPS_GNF1H_GCRMA_77_TISSUE_DDOF1,,RECOMPUTED_AFFECTED_EDGE
"Hydroxyketamine, unspecified isomer aggregate","Hydroxyketamine, generic E7 identity",105,13,0.8913874310322648,9.134003119182823,0.7040103354110318,0.7959550996951755,0.8128675737514783,0.7485518762064733,0.6408443147591609,2.0254843467941814,True,105,576,0.18229166666666666,7,0,0,7,0.0,0.0,0.0,0,5,0.0,0,6,0.0,,,ADORA1|EXACT_SINGLE_PROTEIN|HSAMP_06645e2e8409a5b743985cdd|HUMAN_BIOGPS_GNF1H_GCRMA_77_TISSUE_DDOF1; ADORA1|EXACT_SINGLE_PROTEIN|HSAMP_752ebc880edc13bb4e2b2de8|HUMAN_BIOGPS_GNF1H_GCRMA_77_TISSUE_DDOF1; CHRM3|EXACT_SINGLE_PROTEIN|HSAMP_752ebc880edc13bb4e2b2de8|HUMAN_BIOGPS_GNF1H_GCRMA_77_TISSUE_DDOF1; DRD1|EXACT_SINGLE_PROTEIN|HSAMP_0cb8b4d1db8c390eeeecca55|HUMAN_BIOGPS_GNF1H_GCRMA_77_TISSUE_DDOF1; DRD1|EXACT_SINGLE_PROTEIN|HSAMP_a32ce488a48b0df9b8c4c40a|HUMAN_BIOGPS_GNF1H_GCRMA_77_TISSUE_DDOF1; OPRD1|EXACT_SINGLE_PROTEIN|HSAMP_f43595f3557cf05e6a721aeb|HUMAN_BIOGPS_GNF1H_GCRMA_77_TISSUE_DDOF1; SLC6A3|EXACT_SINGLE_PROTEIN|HSAMP_8ed020260a1d25cf72324c8a|HUMAN_BIOGPS_GNF1H_GCRMA_77_TISSUE_DDOF1,,7,0,0,7,0.0,0.0,0.0,0,5,0.0,0,6,0.0,,,ADORA1|EXACT_SINGLE_PROTEIN|HSAMP_06645e2e8409a5b743985cdd|HUMAN_BIOGPS_GNF1H_GCRMA_77_TISSUE_DDOF1; ADORA1|EXACT_SINGLE_PROTEIN|HSAMP_752ebc880edc13bb4e2b2de8|HUMAN_BIOGPS_GNF1H_GCRMA_77_TISSUE_DDOF1; CHRM3|EXACT_SINGLE_PROTEIN|HSAMP_752ebc880edc13bb4e2b2de8|HUMAN_BIOGPS_GNF1H_GCRMA_77_TISSUE_DDOF1; DRD1|EXACT_SINGLE_PROTEIN|HSAMP_0cb8b4d1db8c390eeeecca55|HUMAN_BIOGPS_GNF1H_GCRMA_77_TISSUE_DDOF1; DRD1|EXACT_SINGLE_PROTEIN|HSAMP_a32ce488a48b0df9b8c4c40a|HUMAN_BIOGPS_GNF1H_GCRMA_77_TISSUE_DDOF1; OPRD1|EXACT_SINGLE_PROTEIN|HSAMP_f43595f3557cf05e6a721aeb|HUMAN_BIOGPS_GNF1H_GCRMA_77_TISSUE_DDOF1; SLC6A3|EXACT_SINGLE_PROTEIN|HSAMP_8ed020260a1d25cf72324c8a|HUMAN_BIOGPS_GNF1H_GCRMA_77_TISSUE_DDOF1,,RECOMPUTED_AFFECTED_EDGE
"Hydroxyketamine, unspecified isomer aggregate",Norketamine,72,4,0.6593795388832042,5.59502091983967,0.5777464191282927,0.8549009904254288,0.8495368882554576,0.5762847913564725,0.5373692685149777,1.3059172998295407,True,72,591,0.1218274111675127,7,1,1,7,0.14285714285714285,1.0,1.0,1,5,0.2,1,6,0.16666666666666666,0.492427757220817,CHRM3|EXACT_SINGLE_PROTEIN|HSAMP_752ebc880edc13bb4e2b2de8|HUMAN_BIOGPS_GNF1H_GCRMA_77_TISSUE_DDOF1,ADORA1|EXACT_SINGLE_PROTEIN|HSAMP_06645e2e8409a5b743985cdd|HUMAN_BIOGPS_GNF1H_GCRMA_77_TISSUE_DDOF1; ADORA1|EXACT_SINGLE_PROTEIN|HSAMP_752ebc880edc13bb4e2b2de8|HUMAN_BIOGPS_GNF1H_GCRMA_77_TISSUE_DDOF1; DRD1|EXACT_SINGLE_PROTEIN|HSAMP_0cb8b4d1db8c390eeeecca55|HUMAN_BIOGPS_GNF1H_GCRMA_77_TISSUE_DDOF1; DRD1|EXACT_SINGLE_PROTEIN|HSAMP_a32ce488a48b0df9b8c4c40a|HUMAN_BIOGPS_GNF1H_GCRMA_77_TISSUE_DDOF1; OPRD1|EXACT_SINGLE_PROTEIN|HSAMP_f43595f3557cf05e6a721aeb|HUMAN_BIOGPS_GNF1H_GCRMA_77_TISSUE_DDOF1; SLC6A3|EXACT_SINGLE_PROTEIN|HSAMP_8ed020260a1d25cf72324c8a|HUMAN_BIOGPS_GNF1H_GCRMA_77_TISSUE_DDOF1,,7,1,1,7,0.14285714285714285,1.0,1.0,1,5,0.2,1,6,0.16666666666666666,0.492427757220817,CHRM3|EXACT_SINGLE_PROTEIN|HSAMP_752ebc880edc13bb4e2b2de8|HUMAN_BIOGPS_GNF1H_GCRMA_77_TISSUE_DDOF1,ADORA1|EXACT_SINGLE_PROTEIN|HSAMP_06645e2e8409a5b743985cdd|HUMAN_BIOGPS_GNF1H_GCRMA_77_TISSUE_DDOF1; ADORA1|EXACT_SINGLE_PROTEIN|HSAMP_752ebc880edc13bb4e2b2de8|HUMAN_BIOGPS_GNF1H_GCRMA_77_TISSUE_DDOF1; DRD1|EXACT_SINGLE_PROTEIN|HSAMP_0cb8b4d1db8c390eeeecca55|HUMAN_BIOGPS_GNF1H_GCRMA_77_TISSUE_DDOF1; DRD1|EXACT_SINGLE_PROTEIN|HSAMP_a32ce488a48b0df9b8c4c40a|HUMAN_BIOGPS_GNF1H_GCRMA_77_TISSUE_DDOF1; OPRD1|EXACT_SINGLE_PROTEIN|HSAMP_f43595f3557cf05e6a721aeb|HUMAN_BIOGPS_GNF1H_GCRMA_77_TISSUE_DDOF1; SLC6A3|EXACT_SINGLE_PROTEIN|HSAMP_8ed020260a1d25cf72324c8a|HUMAN_BIOGPS_GNF1H_GCRMA_77_TISSUE_DDOF1,,RECOMPUTED_AFFECTED_EDGE
"(2R,6R)-hydroxynorketamine","(2S,6S)-hydroxynorketamine",18,1,0.12245943522782451,0.5195513824192171,0.993365574046325,0.9994519646661831,1.0,0.1056540705,0.10610278649999999,0.20815434,False,18,37,0.4864864864864865,0,0,0,0,1.0,1.0,1.0,0,0,1.0,0,0,1.0,,,,,0,0,0,0,1.0,1.0,1.0,0,0,1.0,0,0,1.0,,,,,RECOMPUTED_AFFECTED_EDGE
"(2R,6R)-hydroxynorketamine","Hydroxynorketamine / HNK, generic identity",37,3,0.17916135638285344,1.0897959854830268,0.9901340291534008,0.9951971904260659,0.9983400521697888,0.15176883622972967,0.15803974000000004,0.40945220000000004,True,37,109,0.3394495412844037,0,0,0,0,1.0,1.0,1.0,0,0,1.0,0,0,1.0,,,,,0,0,0,0,1.0,1.0,1.0,0,0,1.0,0,0,1.0,,,,,RECOMPUTED_AFFECTED_EDGE
"(2R,6R)-hydroxynorketamine","Hydroxyketamine, generic E7 identity",37,3,0.5553193260230667,3.3778755886835716,0.8939806142389671,0.8929956794204549,0.9037230258477589,0.3549362861621622,0.33970809999999996,2.6815393399999996,True,37,105,0.3523809523809524,0,0,0,0,1.0,1.0,1.0,0,0,1.0,0,0,1.0,,,,,0,0,0,0,1.0,1.0,1.0,0,0,1.0,0,0,1.0,,,,,RECOMPUTED_AFFECTED_EDGE
"(2R,6R)-hydroxynorketamine",Norketamine,36,2,0.21132553369373228,1.2679532021623934,0.9747671490244328,0.9767425900584058,0.9768280123583933,0.1580723326666667,0.13594969999999998,0.81998552,True,36,88,0.4090909090909091,0,1,0,1,0.0,0.0,1.0,0,1,0.0,0,1,0.0,,,,CHRM3|EXACT_SINGLE_PROTEIN|HSAMP_752ebc880edc13bb4e2b2de8|HUMAN_BIOGPS_GNF1H_GCRMA_77_TISSUE_DDOF1,0,1,0,1,0.0,0.0,1.0,0,1,0.0,0,1,0.0,,,,CHRM3|EXACT_SINGLE_PROTEIN|HSAMP_752ebc880edc13bb4e2b2de8|HUMAN_BIOGPS_GNF1H_GCRMA_77_TISSUE_DDOF1,RECOMPUTED_AFFECTED_EDGE
"(2S,6S)-hydroxynorketamine","Hydroxynorketamine / HNK, generic identity",18,1,0.08859678953191437,0.3758843440162438,0.9922200083209802,0.9923227538029139,0.9979360165118679,0.05793793119444443,0.045137874999999994,0.31793034000000003,False,18,109,0.1651376146788991,0,0,0,0,1.0,1.0,1.0,0,0,1.0,0,0,1.0,,,,,0,0,0,0,1.0,1.0,1.0,0,0,1.0,0,0,1.0,,,,,RECOMPUTED_AFFECTED_EDGE
"(2S,6S)-hydroxynorketamine","Hydroxyketamine, generic E7 identity",18,1,0.6903166829910868,2.9287656462552105,0.6852140189378221,0.6876556515875838,0.78328173374613,0.29646009938888895,0.16704269,2.84142994,False,18,105,0.17142857142857143,0,0,0,0,1.0,1.0,1.0,0,0,1.0,0,0,1.0,,,,,0,0,0,0,1.0,1.0,1.0,0,0,1.0,0,0,1.0,,,,,RECOMPUTED_AFFECTED_EDGE
"(2S,6S)-hydroxynorketamine",Norketamine,18,1,0.23946434318766407,1.0159611655222796,0.9393704704235134,0.9398441356442874,0.9009287925696594,0.09463024483333334,0.03215852499999999,0.97987612,False,18,87,0.20689655172413793,0,1,0,1,0.0,0.0,1.0,0,1,0.0,0,1,0.0,,,,CHRM3|EXACT_SINGLE_PROTEIN|HSAMP_752ebc880edc13bb4e2b2de8|HUMAN_BIOGPS_GNF1H_GCRMA_77_TISSUE_DDOF1,0,1,0,1,0.0,0.0,1.0,0,1,0.0,0,1,0.0,,,,CHRM3|EXACT_SINGLE_PROTEIN|HSAMP_752ebc880edc13bb4e2b2de8|HUMAN_BIOGPS_GNF1H_GCRMA_77_TISSUE_DDOF1,RECOMPUTED_AFFECTED_EDGE
"Hydroxynorketamine / HNK, generic identity","Hydroxyketamine, generic E7 identity",55,4,0.592082200081551,4.39099911648107,0.8556077726825497,0.8595962719640778,0.872164985797742,0.354948950809091,0.16418159999999982,2.5234995999999996,True,55,159,0.34591194968553457,0,0,0,0,1.0,1.0,1.0,0,0,1.0,0,0,1.0,,,,,0,0,0,0,1.0,1.0,1.0,0,0,1.0,0,0,1.0,,,,,RECOMPUTED_AFFECTED_EDGE
"Hydroxynorketamine / HNK, generic identity",Norketamine,51,3,0.12678073618123384,0.9053955535562543,0.9904874293942562,0.9902521852899727,0.9882342293420219,0.06532412387254903,0.023600799999999977,0.66194578,True,51,145,0.35172413793103446,0,1,0,1,0.0,0.0,1.0,0,1,0.0,0,1,0.0,,,,CHRM3|EXACT_SINGLE_PROTEIN|HSAMP_752ebc880edc13bb4e2b2de8|HUMAN_BIOGPS_GNF1H_GCRMA_77_TISSUE_DDOF1,0,1,0,1,0.0,0.0,1.0,0,1,0.0,0,1,0.0,,,,CHRM3|EXACT_SINGLE_PROTEIN|HSAMP_752ebc880edc13bb4e2b2de8|HUMAN_BIOGPS_GNF1H_GCRMA_77_TISSUE_DDOF1,RECOMPUTED_AFFECTED_EDGE
"Hydroxyketamine, generic E7 identity",Norketamine,72,4,0.2750566806082807,2.3339333288253314,0.9561487705650051,0.9558958431209063,0.9724066957178923,0.14883874898333335,0.09603463999999999,1.8615538199999997,True,72,120,0.6,0,1,0,1,0.0,0.0,0.0,0,1,0.0,0,1,0.0,,,,CHRM3|EXACT_SINGLE_PROTEIN|HSAMP_752ebc880edc13bb4e2b2de8|HUMAN_BIOGPS_GNF1H_GCRMA_77_TISSUE_DDOF1,0,1,0,1,0.0,0.0,0.0,0,1,0.0,0,1,0.0,,,,CHRM3|EXACT_SINGLE_PROTEIN|HSAMP_752ebc880edc13bb4e2b2de8|HUMAN_BIOGPS_GNF1H_GCRMA_77_TISSUE_DDOF1,RECOMPUTED_AFFECTED_EDGE
