analysis_id,feature_id,representation,target,tissue,PC1_loading,PC2_loading
GLOBAL_JOINT_CONTINUOUS_PCA,ACHE|EXACT_SINGLE_PROTEIN|HSAMP_06645e2e8409a5b743985cdd|HUMAN_BIOGPS_GNF1H_GCRMA_77_TISSUE_DDOF1,strict18_common_rhr,ACHE,Wholebrain,0.01905103900075973,-0.01415377733900143
GLOBAL_JOINT_CONTINUOUS_PCA,ACHE|EXACT_SINGLE_PROTEIN|HSAMP_0cb8b4d1db8c390eeeecca55|HUMAN_BIOGPS_GNF1H_GCRMA_77_TISSUE_DDOF1,strict18_common_rhr,ACHE,Pons,0.019565481311340078,-0.014535977066660745
GLOBAL_JOINT_CONTINUOUS_PCA,ACHE|EXACT_SINGLE_PROTEIN|HSAMP_13a552b6ffc4aac3b85a50ca|HUMAN_BIOGPS_GNF1H_GCRMA_77_TISSUE_DDOF1,strict18_common_rhr,ACHE,Amygdala,-0.027017834451361203,0.02007262769192529
GLOBAL_JOINT_CONTINUOUS_PCA,ACHE|EXACT_SINGLE_PROTEIN|HSAMP_192dff4b8df5862a227b1163|HUMAN_BIOGPS_GNF1H_GCRMA_77_TISSUE_DDOF1,strict18_common_rhr,ACHE,SubthalamicNucleus,0.02017447422837074,-0.014988422214054397
GLOBAL_JOINT_CONTINUOUS_PCA,ACHE|EXACT_SINGLE_PROTEIN|HSAMP_20b60708f05d03c76f9fe702|HUMAN_BIOGPS_GNF1H_GCRMA_77_TISSUE_DDOF1,strict18_common_rhr,ACHE,CerebellumPeduncles,-0.021897661140365267,0.016268646555879316
GLOBAL_JOINT_CONTINUOUS_PCA,ACHE|EXACT_SINGLE_PROTEIN|HSAMP_374f872ebf1bbba2be514f9f|HUMAN_BIOGPS_GNF1H_GCRMA_77_TISSUE_DDOF1,strict18_common_rhr,ACHE,GlobusPallidus,0.029863101853609787,-0.022186490420344665
GLOBAL_JOINT_CONTINUOUS_PCA,ACHE|EXACT_SINGLE_PROTEIN|HSAMP_5c090f15f3e5194312a7e8ed|HUMAN_BIOGPS_GNF1H_GCRMA_77_TISSUE_DDOF1,strict18_common_rhr,ACHE,MedullaOblongata,0.021892826263962564,-0.01626505453320994
GLOBAL_JOINT_CONTINUOUS_PCA,ACHE|EXACT_SINGLE_PROTEIN|HSAMP_752ebc880edc13bb4e2b2de8|HUMAN_BIOGPS_GNF1H_GCRMA_77_TISSUE_DDOF1,strict18_common_rhr,ACHE,PrefrontalCortex,0.008375208896377056,-0.006222277004535575
GLOBAL_JOINT_CONTINUOUS_PCA,ACHE|EXACT_SINGLE_PROTEIN|HSAMP_7725bb8a75064c4d7246d9ba|HUMAN_BIOGPS_GNF1H_GCRMA_77_TISSUE_DDOF1,strict18_common_rhr,ACHE,OccipitalLobe,0.023615660317950815,-0.017545016722734588
GLOBAL_JOINT_CONTINUOUS_PCA,ACHE|EXACT_SINGLE_PROTEIN|HSAMP_8ed020260a1d25cf72324c8a|HUMAN_BIOGPS_GNF1H_GCRMA_77_TISSUE_DDOF1,strict18_common_rhr,ACHE,Hypothalamus,-0.03837358017660598,0.047773129591442635
GLOBAL_JOINT_CONTINUOUS_PCA,ACHE|EXACT_SINGLE_PROTEIN|HSAMP_936b77a4b11b5c19027de438|HUMAN_BIOGPS_GNF1H_GCRMA_77_TISSUE_DDOF1,strict18_common_rhr,ACHE,Spinalcord,0.012390260270902642,-0.009205218940535945
GLOBAL_JOINT_CONTINUOUS_PCA,ACHE|EXACT_SINGLE_PROTEIN|HSAMP_9aa72e4fb1ff63e1792b1ec7|HUMAN_BIOGPS_GNF1H_GCRMA_77_TISSUE_DDOF1,strict18_common_rhr,ACHE,Cerebellum,-0.00733094746523381,0.061275582818081896
GLOBAL_JOINT_CONTINUOUS_PCA,ACHE|EXACT_SINGLE_PROTEIN|HSAMP_a32ce488a48b0df9b8c4c40a|HUMAN_BIOGPS_GNF1H_GCRMA_77_TISSUE_DDOF1,strict18_common_rhr,ACHE,Caudatenucleus,-0.006988858268275087,0.005192301783596571
GLOBAL_JOINT_CONTINUOUS_PCA,ACHE|EXACT_SINGLE_PROTEIN|HSAMP_d99ba5ea584363f8600ade55|HUMAN_BIOGPS_GNF1H_GCRMA_77_TISSUE_DDOF1,strict18_common_rhr,ACHE,CingulateCortex,0.016146884294697815,-0.011996164881961206
GLOBAL_JOINT_CONTINUOUS_PCA,ACHE|EXACT_SINGLE_PROTEIN|HSAMP_e75262fc0acfda69d976a6d3|HUMAN_BIOGPS_GNF1H_GCRMA_77_TISSUE_DDOF1,strict18_common_rhr,ACHE,ParietalLobe,0.014900708966423372,-0.011070331486677536
GLOBAL_JOINT_CONTINUOUS_PCA,ACHE|EXACT_SINGLE_PROTEIN|HSAMP_eb2587e74e2d6457032d4ae7|HUMAN_BIOGPS_GNF1H_GCRMA_77_TISSUE_DDOF1,strict18_common_rhr,ACHE,TemporalLobe,0.020672767480733333,-0.015358624161737448
GLOBAL_JOINT_CONTINUOUS_PCA,ACHE|EXACT_SINGLE_PROTEIN|HSAMP_f43595f3557cf05e6a721aeb|HUMAN_BIOGPS_GNF1H_GCRMA_77_TISSUE_DDOF1,strict18_common_rhr,ACHE,Thalamus,-0.002165970218032964,0.0016091857345798995
GLOBAL_JOINT_CONTINUOUS_PCA,ACHE|EXACT_SINGLE_PROTEIN|HSAMP_ff841df7ecd9f2c8ea2660f5|HUMAN_BIOGPS_GNF1H_GCRMA_77_TISSUE_DDOF1,strict18_common_rhr,ACHE,OlfactoryBulb,0.02953741203960579,-0.021944522456873786
GLOBAL_JOINT_CONTINUOUS_PCA,ADORA1|EXACT_SINGLE_PROTEIN|HSAMP_06645e2e8409a5b743985cdd|HUMAN_BIOGPS_GNF1H_GCRMA_77_TISSUE_DDOF1,strict18_common_rhr,ADORA1,Wholebrain,-0.015167866679015655,0.04556085756616391
GLOBAL_JOINT_CONTINUOUS_PCA,ADORA1|EXACT_SINGLE_PROTEIN|HSAMP_13a552b6ffc4aac3b85a50ca|HUMAN_BIOGPS_GNF1H_GCRMA_77_TISSUE_DDOF1,strict18_common_rhr,ADORA1,Amygdala,-0.011652824997808689,0.035002463510778146
GLOBAL_JOINT_CONTINUOUS_PCA,ADORA1|EXACT_SINGLE_PROTEIN|HSAMP_752ebc880edc13bb4e2b2de8|HUMAN_BIOGPS_GNF1H_GCRMA_77_TISSUE_DDOF1,strict18_common_rhr,ADORA1,PrefrontalCortex,-0.012824831390749365,0.038522906923511326
GLOBAL_JOINT_CONTINUOUS_PCA,ADORA3|EXACT_SINGLE_PROTEIN|HSAMP_06645e2e8409a5b743985cdd|HUMAN_BIOGPS_GNF1H_GCRMA_77_TISSUE_DDOF1,strict18_common_rhr,ADORA3,Wholebrain,0.03672163100144852,-0.0290751802093675
GLOBAL_JOINT_CONTINUOUS_PCA,ADORA3|EXACT_SINGLE_PROTEIN|HSAMP_0cb8b4d1db8c390eeeecca55|HUMAN_BIOGPS_GNF1H_GCRMA_77_TISSUE_DDOF1,strict18_common_rhr,ADORA3,Pons,0.021208276892413676,-0.016375626605022533
GLOBAL_JOINT_CONTINUOUS_PCA,ADORA3|EXACT_SINGLE_PROTEIN|HSAMP_13a552b6ffc4aac3b85a50ca|HUMAN_BIOGPS_GNF1H_GCRMA_77_TISSUE_DDOF1,strict18_common_rhr,ADORA3,Amygdala,0.012792235301191066,-0.00990910865386538
GLOBAL_JOINT_CONTINUOUS_PCA,ADORA3|EXACT_SINGLE_PROTEIN|HSAMP_192dff4b8df5862a227b1163|HUMAN_BIOGPS_GNF1H_GCRMA_77_TISSUE_DDOF1,strict18_common_rhr,ADORA3,SubthalamicNucleus,0.027381150594647047,-0.021397442628044768
GLOBAL_JOINT_CONTINUOUS_PCA,ADORA3|EXACT_SINGLE_PROTEIN|HSAMP_20b60708f05d03c76f9fe702|HUMAN_BIOGPS_GNF1H_GCRMA_77_TISSUE_DDOF1,strict18_common_rhr,ADORA3,CerebellumPeduncles,-0.006777424593058923,0.005353317512079579
GLOBAL_JOINT_CONTINUOUS_PCA,ADORA3|EXACT_SINGLE_PROTEIN|HSAMP_374f872ebf1bbba2be514f9f|HUMAN_BIOGPS_GNF1H_GCRMA_77_TISSUE_DDOF1,strict18_common_rhr,ADORA3,GlobusPallidus,0.04345207935365803,-0.0344901549700895
GLOBAL_JOINT_CONTINUOUS_PCA,ADORA3|EXACT_SINGLE_PROTEIN|HSAMP_5c090f15f3e5194312a7e8ed|HUMAN_BIOGPS_GNF1H_GCRMA_77_TISSUE_DDOF1,strict18_common_rhr,ADORA3,MedullaOblongata,0.029622147916191083,-0.023249800025039957
GLOBAL_JOINT_CONTINUOUS_PCA,ADORA3|EXACT_SINGLE_PROTEIN|HSAMP_752ebc880edc13bb4e2b2de8|HUMAN_BIOGPS_GNF1H_GCRMA_77_TISSUE_DDOF1,strict18_common_rhr,ADORA3,PrefrontalCortex,-0.00677742459305892,0.005353317512079666
GLOBAL_JOINT_CONTINUOUS_PCA,ADORA3|EXACT_SINGLE_PROTEIN|HSAMP_7725bb8a75064c4d7246d9ba|HUMAN_BIOGPS_GNF1H_GCRMA_77_TISSUE_DDOF1,strict18_common_rhr,ADORA3,OccipitalLobe,0.02334097357719631,-0.018102346606014005
GLOBAL_JOINT_CONTINUOUS_PCA,ADORA3|EXACT_SINGLE_PROTEIN|HSAMP_8ed020260a1d25cf72324c8a|HUMAN_BIOGPS_GNF1H_GCRMA_77_TISSUE_DDOF1,strict18_common_rhr,ADORA3,Hypothalamus,-0.001272833871346973,0.0010096097973244817
GLOBAL_JOINT_CONTINUOUS_PCA,ADORA3|EXACT_SINGLE_PROTEIN|HSAMP_936b77a4b11b5c19027de438|HUMAN_BIOGPS_GNF1H_GCRMA_77_TISSUE_DDOF1,strict18_common_rhr,ADORA3,Spinalcord,-0.012234432537661757,0.009710360328195791
GLOBAL_JOINT_CONTINUOUS_PCA,ADORA3|EXACT_SINGLE_PROTEIN|HSAMP_9aa72e4fb1ff63e1792b1ec7|HUMAN_BIOGPS_GNF1H_GCRMA_77_TISSUE_DDOF1,strict18_common_rhr,ADORA3,Cerebellum,0.03891059727429264,-0.03084186524863697
GLOBAL_JOINT_CONTINUOUS_PCA,ADORA3|EXACT_SINGLE_PROTEIN|HSAMP_a32ce488a48b0df9b8c4c40a|HUMAN_BIOGPS_GNF1H_GCRMA_77_TISSUE_DDOF1,strict18_common_rhr,ADORA3,Caudatenucleus,0.02334097357719628,-0.018102346606014008
GLOBAL_JOINT_CONTINUOUS_PCA,ADORA3|EXACT_SINGLE_PROTEIN|HSAMP_d99ba5ea584363f8600ade55|HUMAN_BIOGPS_GNF1H_GCRMA_77_TISSUE_DDOF1,strict18_common_rhr,ADORA3,CingulateCortex,0.012792235301191076,-0.009909108653865314
GLOBAL_JOINT_CONTINUOUS_PCA,ADORA3|EXACT_SINGLE_PROTEIN|HSAMP_e75262fc0acfda69d976a6d3|HUMAN_BIOGPS_GNF1H_GCRMA_77_TISSUE_DDOF1,strict18_common_rhr,ADORA3,ParietalLobe,0.012567338715526519,-0.010004076434624405
GLOBAL_JOINT_CONTINUOUS_PCA,ADORA3|EXACT_SINGLE_PROTEIN|HSAMP_eb2587e74e2d6457032d4ae7|HUMAN_BIOGPS_GNF1H_GCRMA_77_TISSUE_DDOF1,strict18_common_rhr,ADORA3,TemporalLobe,0.029622147916191114,-0.023249800025039898
GLOBAL_JOINT_CONTINUOUS_PCA,ADORA3|EXACT_SINGLE_PROTEIN|HSAMP_f43595f3557cf05e6a721aeb|HUMAN_BIOGPS_GNF1H_GCRMA_77_TISSUE_DDOF1,strict18_common_rhr,ADORA3,Thalamus,0.012648849550138081,-0.009940650158748074
GLOBAL_JOINT_CONTINUOUS_PCA,ADORA3|EXACT_SINGLE_PROTEIN|HSAMP_ff841df7ecd9f2c8ea2660f5|HUMAN_BIOGPS_GNF1H_GCRMA_77_TISSUE_DDOF1,strict18_common_rhr,ADORA3,OlfactoryBulb,-0.007998996815961902,0.006339418482241723
GLOBAL_JOINT_CONTINUOUS_PCA,ADRA1A|EXACT_SINGLE_PROTEIN|HSAMP_06645e2e8409a5b743985cdd|HUMAN_BIOGPS_GNF1H_GCRMA_77_TISSUE_DDOF1,strict18_common_rhr,ADRA1A,Wholebrain,0.09319089383071998,0.09848941122721737
GLOBAL_JOINT_CONTINUOUS_PCA,ADRA1A|EXACT_SINGLE_PROTEIN|HSAMP_0cb8b4d1db8c390eeeecca55|HUMAN_BIOGPS_GNF1H_GCRMA_77_TISSUE_DDOF1,strict18_common_rhr,ADRA1A,Pons,-0.04122598365487646,-0.041097813296500654
GLOBAL_JOINT_CONTINUOUS_PCA,ADRA1A|EXACT_SINGLE_PROTEIN|HSAMP_13a552b6ffc4aac3b85a50ca|HUMAN_BIOGPS_GNF1H_GCRMA_77_TISSUE_DDOF1,strict18_common_rhr,ADRA1A,Amygdala,0.018376410744344537,0.022213960471371884
GLOBAL_JOINT_CONTINUOUS_PCA,ADRA1A|EXACT_SINGLE_PROTEIN|HSAMP_192dff4b8df5862a227b1163|HUMAN_BIOGPS_GNF1H_GCRMA_77_TISSUE_DDOF1,strict18_common_rhr,ADRA1A,SubthalamicNucleus,0.02721970062236998,0.023816600344812113
GLOBAL_JOINT_CONTINUOUS_PCA,ADRA1A|EXACT_SINGLE_PROTEIN|HSAMP_20b60708f05d03c76f9fe702|HUMAN_BIOGPS_GNF1H_GCRMA_77_TISSUE_DDOF1,strict18_common_rhr,ADRA1A,CerebellumPeduncles,-0.03484868252260376,-0.035022618393230266
GLOBAL_JOINT_CONTINUOUS_PCA,ADRA1A|EXACT_SINGLE_PROTEIN|HSAMP_374f872ebf1bbba2be514f9f|HUMAN_BIOGPS_GNF1H_GCRMA_77_TISSUE_DDOF1,strict18_common_rhr,ADRA1A,GlobusPallidus,0.0663971676927571,0.07504752257951006
GLOBAL_JOINT_CONTINUOUS_PCA,ADRA1A|EXACT_SINGLE_PROTEIN|HSAMP_5c090f15f3e5194312a7e8ed|HUMAN_BIOGPS_GNF1H_GCRMA_77_TISSUE_DDOF1,strict18_common_rhr,ADRA1A,MedullaOblongata,0.04928113662932318,0.04977665900990842
GLOBAL_JOINT_CONTINUOUS_PCA,ADRA1A|EXACT_SINGLE_PROTEIN|HSAMP_752ebc880edc13bb4e2b2de8|HUMAN_BIOGPS_GNF1H_GCRMA_77_TISSUE_DDOF1,strict18_common_rhr,ADRA1A,PrefrontalCortex,-0.026275011470674698,-0.02854464170987477
GLOBAL_JOINT_CONTINUOUS_PCA,ADRA1A|EXACT_SINGLE_PROTEIN|HSAMP_7725bb8a75064c4d7246d9ba|HUMAN_BIOGPS_GNF1H_GCRMA_77_TISSUE_DDOF1,strict18_common_rhr,ADRA1A,OccipitalLobe,0.052732740148163974,0.05512909467559706
GLOBAL_JOINT_CONTINUOUS_PCA,ADRA1A|EXACT_SINGLE_PROTEIN|HSAMP_8ed020260a1d25cf72324c8a|HUMAN_BIOGPS_GNF1H_GCRMA_77_TISSUE_DDOF1,strict18_common_rhr,ADRA1A,Hypothalamus,-0.0006468702418415308,-0.0006895247397220999
GLOBAL_JOINT_CONTINUOUS_PCA,ADRA1A|EXACT_SINGLE_PROTEIN|HSAMP_936b77a4b11b5c19027de438|HUMAN_BIOGPS_GNF1H_GCRMA_77_TISSUE_DDOF1,strict18_common_rhr,ADRA1A,Spinalcord,-0.009571344178646189,-0.008164824615427922
GLOBAL_JOINT_CONTINUOUS_PCA,ADRA1A|EXACT_SINGLE_PROTEIN|HSAMP_9aa72e4fb1ff63e1792b1ec7|HUMAN_BIOGPS_GNF1H_GCRMA_77_TISSUE_DDOF1,strict18_common_rhr,ADRA1A,Cerebellum,0.07544892977297525,0.08406040025394007
GLOBAL_JOINT_CONTINUOUS_PCA,ADRA1A|EXACT_SINGLE_PROTEIN|HSAMP_a32ce488a48b0df9b8c4c40a|HUMAN_BIOGPS_GNF1H_GCRMA_77_TISSUE_DDOF1,strict18_common_rhr,ADRA1A,Caudatenucleus,0.052732740148163974,0.05512909467559706
GLOBAL_JOINT_CONTINUOUS_PCA,ADRA1A|EXACT_SINGLE_PROTEIN|HSAMP_d99ba5ea584363f8600ade55|HUMAN_BIOGPS_GNF1H_GCRMA_77_TISSUE_DDOF1,strict18_common_rhr,ADRA1A,CingulateCortex,-0.0048103046285479885,-0.0043187148067924674
GLOBAL_JOINT_CONTINUOUS_PCA,ADRA1A|EXACT_SINGLE_PROTEIN|HSAMP_e75262fc0acfda69d976a6d3|HUMAN_BIOGPS_GNF1H_GCRMA_77_TISSUE_DDOF1,strict18_common_rhr,ADRA1A,ParietalLobe,-0.014781172091467615,-0.016388377462179825
GLOBAL_JOINT_CONTINUOUS_PCA,ADRA1A|EXACT_SINGLE_PROTEIN|HSAMP_eb2587e74e2d6457032d4ae7|HUMAN_BIOGPS_GNF1H_GCRMA_77_TISSUE_DDOF1,strict18_common_rhr,ADRA1A,TemporalLobe,0.03764999071555117,0.03216427084733165
GLOBAL_JOINT_CONTINUOUS_PCA,ADRA1A|EXACT_SINGLE_PROTEIN|HSAMP_f43595f3557cf05e6a721aeb|HUMAN_BIOGPS_GNF1H_GCRMA_77_TISSUE_DDOF1,strict18_common_rhr,ADRA1A,Thalamus,0.008817709319720358,0.0063429110745164335
GLOBAL_JOINT_CONTINUOUS_PCA,ADRA1A|EXACT_SINGLE_PROTEIN|HSAMP_ff841df7ecd9f2c8ea2660f5|HUMAN_BIOGPS_GNF1H_GCRMA_77_TISSUE_DDOF1,strict18_common_rhr,ADRA1A,OlfactoryBulb,0.08567103460879423,0.09351650002366266
GLOBAL_JOINT_CONTINUOUS_PCA,ADRA2A|EXACT_SINGLE_PROTEIN|HSAMP_06645e2e8409a5b743985cdd|HUMAN_BIOGPS_GNF1H_GCRMA_77_TISSUE_DDOF1,strict18_common_rhr,ADRA2A,Wholebrain,-0.03572771843653504,-0.0021437317678720948
GLOBAL_JOINT_CONTINUOUS_PCA,ADRA2A|EXACT_SINGLE_PROTEIN|HSAMP_0cb8b4d1db8c390eeeecca55|HUMAN_BIOGPS_GNF1H_GCRMA_77_TISSUE_DDOF1,strict18_common_rhr,ADRA2A,Pons,0.03632056434836711,0.0012457879794356575
GLOBAL_JOINT_CONTINUOUS_PCA,ADRA2A|EXACT_SINGLE_PROTEIN|HSAMP_13a552b6ffc4aac3b85a50ca|HUMAN_BIOGPS_GNF1H_GCRMA_77_TISSUE_DDOF1,strict18_common_rhr,ADRA2A,Amygdala,-0.0049504474656685065,-0.00010064560233564753
GLOBAL_JOINT_CONTINUOUS_PCA,ADRA2A|EXACT_SINGLE_PROTEIN|HSAMP_192dff4b8df5862a227b1163|HUMAN_BIOGPS_GNF1H_GCRMA_77_TISSUE_DDOF1,strict18_common_rhr,ADRA2A,SubthalamicNucleus,0.04408501130028286,0.003479497619287771
GLOBAL_JOINT_CONTINUOUS_PCA,ADRA2A|EXACT_SINGLE_PROTEIN|HSAMP_20b60708f05d03c76f9fe702|HUMAN_BIOGPS_GNF1H_GCRMA_77_TISSUE_DDOF1,strict18_common_rhr,ADRA2A,CerebellumPeduncles,-0.005980783222397357,-0.000119718057630383
GLOBAL_JOINT_CONTINUOUS_PCA,ADRA2A|EXACT_SINGLE_PROTEIN|HSAMP_374f872ebf1bbba2be514f9f|HUMAN_BIOGPS_GNF1H_GCRMA_77_TISSUE_DDOF1,strict18_common_rhr,ADRA2A,GlobusPallidus,0.0675272708316578,0.005440974803467496
GLOBAL_JOINT_CONTINUOUS_PCA,ADRA2A|EXACT_SINGLE_PROTEIN|HSAMP_5c090f15f3e5194312a7e8ed|HUMAN_BIOGPS_GNF1H_GCRMA_77_TISSUE_DDOF1,strict18_common_rhr,ADRA2A,MedullaOblongata,0.04586967375531582,0.004396853230575865
GLOBAL_JOINT_CONTINUOUS_PCA,ADRA2A|EXACT_SINGLE_PROTEIN|HSAMP_752ebc880edc13bb4e2b2de8|HUMAN_BIOGPS_GNF1H_GCRMA_77_TISSUE_DDOF1,strict18_common_rhr,ADRA2A,PrefrontalCortex,-0.00852163951218729,-6.563449370913862e-05
GLOBAL_JOINT_CONTINUOUS_PCA,ADRA2A|EXACT_SINGLE_PROTEIN|HSAMP_7725bb8a75064c4d7246d9ba|HUMAN_BIOGPS_GNF1H_GCRMA_77_TISSUE_DDOF1,strict18_common_rhr,ADRA2A,OccipitalLobe,0.04408501130028286,0.003479497619287771
GLOBAL_JOINT_CONTINUOUS_PCA,ADRA2A|EXACT_SINGLE_PROTEIN|HSAMP_8ed020260a1d25cf72324c8a|HUMAN_BIOGPS_GNF1H_GCRMA_77_TISSUE_DDOF1,strict18_common_rhr,ADRA2A,Hypothalamus,0.010738975885143021,0.0012290460229562635
GLOBAL_JOINT_CONTINUOUS_PCA,ADRA2A|EXACT_SINGLE_PROTEIN|HSAMP_936b77a4b11b5c19027de438|HUMAN_BIOGPS_GNF1H_GCRMA_77_TISSUE_DDOF1,strict18_common_rhr,ADRA2A,Spinalcord,0.02040293106976133,0.0018717249717954622
GLOBAL_JOINT_CONTINUOUS_PCA,ADRA2A|EXACT_SINGLE_PROTEIN|HSAMP_9aa72e4fb1ff63e1792b1ec7|HUMAN_BIOGPS_GNF1H_GCRMA_77_TISSUE_DDOF1,strict18_common_rhr,ADRA2A,Cerebellum,0.04993645230625921,0.005259581520203774
GLOBAL_JOINT_CONTINUOUS_PCA,ADRA2A|EXACT_SINGLE_PROTEIN|HSAMP_a32ce488a48b0df9b8c4c40a|HUMAN_BIOGPS_GNF1H_GCRMA_77_TISSUE_DDOF1,strict18_common_rhr,ADRA2A,Caudatenucleus,0.04655342250674816,0.004914943479641718
GLOBAL_JOINT_CONTINUOUS_PCA,ADRA2A|EXACT_SINGLE_PROTEIN|HSAMP_d99ba5ea584363f8600ade55|HUMAN_BIOGPS_GNF1H_GCRMA_77_TISSUE_DDOF1,strict18_common_rhr,ADRA2A,CingulateCortex,0.029206983595749383,0.00021015338464785172
GLOBAL_JOINT_CONTINUOUS_PCA,ADRA2A|EXACT_SINGLE_PROTEIN|HSAMP_e75262fc0acfda69d976a6d3|HUMAN_BIOGPS_GNF1H_GCRMA_77_TISSUE_DDOF1,strict18_common_rhr,ADRA2A,ParietalLobe,0.014594817839897052,0.003188811571840225
GLOBAL_JOINT_CONTINUOUS_PCA,ADRA2A|EXACT_SINGLE_PROTEIN|HSAMP_eb2587e74e2d6457032d4ae7|HUMAN_BIOGPS_GNF1H_GCRMA_77_TISSUE_DDOF1,strict18_common_rhr,ADRA2A,TemporalLobe,0.04033573295897871,0.0025211748147916245
GLOBAL_JOINT_CONTINUOUS_PCA,ADRA2A|EXACT_SINGLE_PROTEIN|HSAMP_f43595f3557cf05e6a721aeb|HUMAN_BIOGPS_GNF1H_GCRMA_77_TISSUE_DDOF1,strict18_common_rhr,ADRA2A,Thalamus,0.029206983595749383,0.00021015338464785172
GLOBAL_JOINT_CONTINUOUS_PCA,ADRA2A|EXACT_SINGLE_PROTEIN|HSAMP_ff841df7ecd9f2c8ea2660f5|HUMAN_BIOGPS_GNF1H_GCRMA_77_TISSUE_DDOF1,strict18_common_rhr,ADRA2A,OlfactoryBulb,0.061771395751071524,0.006312604720325267
GLOBAL_JOINT_CONTINUOUS_PCA,ADRA2B|EXACT_SINGLE_PROTEIN|HSAMP_06645e2e8409a5b743985cdd|HUMAN_BIOGPS_GNF1H_GCRMA_77_TISSUE_DDOF1,strict18_common_rhr,ADRA2B,Wholebrain,0.06376240630657094,-0.015307576151385506
GLOBAL_JOINT_CONTINUOUS_PCA,ADRA2B|EXACT_SINGLE_PROTEIN|HSAMP_0cb8b4d1db8c390eeeecca55|HUMAN_BIOGPS_GNF1H_GCRMA_77_TISSUE_DDOF1,strict18_common_rhr,ADRA2B,Pons,0.02539439480991435,-0.00786230725611077
GLOBAL_JOINT_CONTINUOUS_PCA,ADRA2B|EXACT_SINGLE_PROTEIN|HSAMP_13a552b6ffc4aac3b85a50ca|HUMAN_BIOGPS_GNF1H_GCRMA_77_TISSUE_DDOF1,strict18_common_rhr,ADRA2B,Amygdala,-0.013699240960773238,0.003427807722063948
GLOBAL_JOINT_CONTINUOUS_PCA,ADRA2B|EXACT_SINGLE_PROTEIN|HSAMP_192dff4b8df5862a227b1163|HUMAN_BIOGPS_GNF1H_GCRMA_77_TISSUE_DDOF1,strict18_common_rhr,ADRA2B,SubthalamicNucleus,0.03945460734707136,-0.012967397026932883
GLOBAL_JOINT_CONTINUOUS_PCA,ADRA2B|EXACT_SINGLE_PROTEIN|HSAMP_20b60708f05d03c76f9fe702|HUMAN_BIOGPS_GNF1H_GCRMA_77_TISSUE_DDOF1,strict18_common_rhr,ADRA2B,CerebellumPeduncles,-0.026406275359877475,0.008243300133743319
GLOBAL_JOINT_CONTINUOUS_PCA,ADRA2B|EXACT_SINGLE_PROTEIN|HSAMP_374f872ebf1bbba2be514f9f|HUMAN_BIOGPS_GNF1H_GCRMA_77_TISSUE_DDOF1,strict18_common_rhr,ADRA2B,GlobusPallidus,0.0961335547830394,-0.027924716235346654
GLOBAL_JOINT_CONTINUOUS_PCA,ADRA2B|EXACT_SINGLE_PROTEIN|HSAMP_5c090f15f3e5194312a7e8ed|HUMAN_BIOGPS_GNF1H_GCRMA_77_TISSUE_DDOF1,strict18_common_rhr,ADRA2B,MedullaOblongata,0.03945460734707136,-0.012967397026932883
GLOBAL_JOINT_CONTINUOUS_PCA,ADRA2B|EXACT_SINGLE_PROTEIN|HSAMP_752ebc880edc13bb4e2b2de8|HUMAN_BIOGPS_GNF1H_GCRMA_77_TISSUE_DDOF1,strict18_common_rhr,ADRA2B,PrefrontalCortex,-0.03843516924956943,0.012671444424239241
GLOBAL_JOINT_CONTINUOUS_PCA,ADRA2B|EXACT_SINGLE_PROTEIN|HSAMP_7725bb8a75064c4d7246d9ba|HUMAN_BIOGPS_GNF1H_GCRMA_77_TISSUE_DDOF1,strict18_common_rhr,ADRA2B,OccipitalLobe,0.043286130201582736,-0.013013479083903835
GLOBAL_JOINT_CONTINUOUS_PCA,ADRA2B|EXACT_SINGLE_PROTEIN|HSAMP_8ed020260a1d25cf72324c8a|HUMAN_BIOGPS_GNF1H_GCRMA_77_TISSUE_DDOF1,strict18_common_rhr,ADRA2B,Hypothalamus,-0.018937665335476837,0.005003036254457197
GLOBAL_JOINT_CONTINUOUS_PCA,ADRA2B|EXACT_SINGLE_PROTEIN|HSAMP_936b77a4b11b5c19027de438|HUMAN_BIOGPS_GNF1H_GCRMA_77_TISSUE_DDOF1,strict18_common_rhr,ADRA2B,Spinalcord,-0.017058908739062833,0.004666620228563404
GLOBAL_JOINT_CONTINUOUS_PCA,ADRA2B|EXACT_SINGLE_PROTEIN|HSAMP_9aa72e4fb1ff63e1792b1ec7|HUMAN_BIOGPS_GNF1H_GCRMA_77_TISSUE_DDOF1,strict18_common_rhr,ADRA2B,Cerebellum,0.07603340412407332,-0.01770890609642754
GLOBAL_JOINT_CONTINUOUS_PCA,ADRA2B|EXACT_SINGLE_PROTEIN|HSAMP_a32ce488a48b0df9b8c4c40a|HUMAN_BIOGPS_GNF1H_GCRMA_77_TISSUE_DDOF1,strict18_common_rhr,ADRA2B,Caudatenucleus,0.043286130201582736,-0.013013479083903835
GLOBAL_JOINT_CONTINUOUS_PCA,ADRA2B|EXACT_SINGLE_PROTEIN|HSAMP_d99ba5ea584363f8600ade55|HUMAN_BIOGPS_GNF1H_GCRMA_77_TISSUE_DDOF1,strict18_common_rhr,ADRA2B,CingulateCortex,-0.009307115387185653,0.0026934050325334584
GLOBAL_JOINT_CONTINUOUS_PCA,ADRA2B|EXACT_SINGLE_PROTEIN|HSAMP_e75262fc0acfda69d976a6d3|HUMAN_BIOGPS_GNF1H_GCRMA_77_TISSUE_DDOF1,strict18_common_rhr,ADRA2B,ParietalLobe,-0.013699240960773238,0.003427807722063948
GLOBAL_JOINT_CONTINUOUS_PCA,ADRA2B|EXACT_SINGLE_PROTEIN|HSAMP_eb2587e74e2d6457032d4ae7|HUMAN_BIOGPS_GNF1H_GCRMA_77_TISSUE_DDOF1,strict18_common_rhr,ADRA2B,TemporalLobe,0.03945460734707136,-0.012967397026932883
GLOBAL_JOINT_CONTINUOUS_PCA,ADRA2B|EXACT_SINGLE_PROTEIN|HSAMP_f43595f3557cf05e6a721aeb|HUMAN_BIOGPS_GNF1H_GCRMA_77_TISSUE_DDOF1,strict18_common_rhr,ADRA2B,Thalamus,-0.005758482265190939,0.0016783848956989267
GLOBAL_JOINT_CONTINUOUS_PCA,ADRA2B|EXACT_SINGLE_PROTEIN|HSAMP_ff841df7ecd9f2c8ea2660f5|HUMAN_BIOGPS_GNF1H_GCRMA_77_TISSUE_DDOF1,strict18_common_rhr,ADRA2B,OlfactoryBulb,0.07995991187714407,-0.02015156103509222
GLOBAL_JOINT_CONTINUOUS_PCA,ADRA2C|EXACT_SINGLE_PROTEIN|HSAMP_06645e2e8409a5b743985cdd|HUMAN_BIOGPS_GNF1H_GCRMA_77_TISSUE_DDOF1,strict18_common_rhr,ADRA2C,Wholebrain,0.06701327619389844,0.024522583638636502
GLOBAL_JOINT_CONTINUOUS_PCA,ADRA2C|EXACT_SINGLE_PROTEIN|HSAMP_0cb8b4d1db8c390eeeecca55|HUMAN_BIOGPS_GNF1H_GCRMA_77_TISSUE_DDOF1,strict18_common_rhr,ADRA2C,Pons,-0.03339651772405493,-0.012412077693299332
GLOBAL_JOINT_CONTINUOUS_PCA,ADRA2C|EXACT_SINGLE_PROTEIN|HSAMP_13a552b6ffc4aac3b85a50ca|HUMAN_BIOGPS_GNF1H_GCRMA_77_TISSUE_DDOF1,strict18_common_rhr,ADRA2C,Amygdala,0.0030337629561867935,0.0008879703996462362
GLOBAL_JOINT_CONTINUOUS_PCA,ADRA2C|EXACT_SINGLE_PROTEIN|HSAMP_192dff4b8df5862a227b1163|HUMAN_BIOGPS_GNF1H_GCRMA_77_TISSUE_DDOF1,strict18_common_rhr,ADRA2C,SubthalamicNucleus,0.04290284000146434,0.016014916029023538
GLOBAL_JOINT_CONTINUOUS_PCA,ADRA2C|EXACT_SINGLE_PROTEIN|HSAMP_20b60708f05d03c76f9fe702|HUMAN_BIOGPS_GNF1H_GCRMA_77_TISSUE_DDOF1,strict18_common_rhr,ADRA2C,CerebellumPeduncles,-0.03551041794279087,-0.013671822360994172
GLOBAL_JOINT_CONTINUOUS_PCA,ADRA2C|EXACT_SINGLE_PROTEIN|HSAMP_374f872ebf1bbba2be514f9f|HUMAN_BIOGPS_GNF1H_GCRMA_77_TISSUE_DDOF1,strict18_common_rhr,ADRA2C,GlobusPallidus,-0.018768386152793536,-0.008268470372703963
GLOBAL_JOINT_CONTINUOUS_PCA,ADRA2C|EXACT_SINGLE_PROTEIN|HSAMP_5c090f15f3e5194312a7e8ed|HUMAN_BIOGPS_GNF1H_GCRMA_77_TISSUE_DDOF1,strict18_common_rhr,ADRA2C,MedullaOblongata,0.04135836026593165,0.01555949174980192
GLOBAL_JOINT_CONTINUOUS_PCA,ADRA2C|EXACT_SINGLE_PROTEIN|HSAMP_752ebc880edc13bb4e2b2de8|HUMAN_BIOGPS_GNF1H_GCRMA_77_TISSUE_DDOF1,strict18_common_rhr,ADRA2C,PrefrontalCortex,-0.017708559894851057,-0.007613968343896488
GLOBAL_JOINT_CONTINUOUS_PCA,ADRA2C|EXACT_SINGLE_PROTEIN|HSAMP_7725bb8a75064c4d7246d9ba|HUMAN_BIOGPS_GNF1H_GCRMA_77_TISSUE_DDOF1,strict18_common_rhr,ADRA2C,OccipitalLobe,0.037531470178602575,0.013598330402662142
GLOBAL_JOINT_CONTINUOUS_PCA,ADRA2C|EXACT_SINGLE_PROTEIN|HSAMP_8ed020260a1d25cf72324c8a|HUMAN_BIOGPS_GNF1H_GCRMA_77_TISSUE_DDOF1,strict18_common_rhr,ADRA2C,Hypothalamus,0.03135330378298339,0.00988700616913152
GLOBAL_JOINT_CONTINUOUS_PCA,ADRA2C|EXACT_SINGLE_PROTEIN|HSAMP_936b77a4b11b5c19027de438|HUMAN_BIOGPS_GNF1H_GCRMA_77_TISSUE_DDOF1,strict18_common_rhr,ADRA2C,Spinalcord,0.014046791766983419,0.008029711924454253
GLOBAL_JOINT_CONTINUOUS_PCA,ADRA2C|EXACT_SINGLE_PROTEIN|HSAMP_9aa72e4fb1ff63e1792b1ec7|HUMAN_BIOGPS_GNF1H_GCRMA_77_TISSUE_DDOF1,strict18_common_rhr,ADRA2C,Cerebellum,0.0631639367677238,0.02387373812650354
GLOBAL_JOINT_CONTINUOUS_PCA,ADRA2C|EXACT_SINGLE_PROTEIN|HSAMP_a32ce488a48b0df9b8c4c40a|HUMAN_BIOGPS_GNF1H_GCRMA_77_TISSUE_DDOF1,strict18_common_rhr,ADRA2C,Caudatenucleus,-0.035078213784506325,-0.013498373840783952
GLOBAL_JOINT_CONTINUOUS_PCA,ADRA2C|EXACT_SINGLE_PROTEIN|HSAMP_d99ba5ea584363f8600ade55|HUMAN_BIOGPS_GNF1H_GCRMA_77_TISSUE_DDOF1,strict18_common_rhr,ADRA2C,CingulateCortex,-0.020798889360232373,-0.009182022917422436
GLOBAL_JOINT_CONTINUOUS_PCA,ADRA2C|EXACT_SINGLE_PROTEIN|HSAMP_e75262fc0acfda69d976a6d3|HUMAN_BIOGPS_GNF1H_GCRMA_77_TISSUE_DDOF1,strict18_common_rhr,ADRA2C,ParietalLobe,0.012294976626860755,0.005887088078049065
GLOBAL_JOINT_CONTINUOUS_PCA,ADRA2C|EXACT_SINGLE_PROTEIN|HSAMP_eb2587e74e2d6457032d4ae7|HUMAN_BIOGPS_GNF1H_GCRMA_77_TISSUE_DDOF1,strict18_common_rhr,ADRA2C,TemporalLobe,0.022890162961874374,0.007639416832295498
GLOBAL_JOINT_CONTINUOUS_PCA,ADRA2C|EXACT_SINGLE_PROTEIN|HSAMP_f43595f3557cf05e6a721aeb|HUMAN_BIOGPS_GNF1H_GCRMA_77_TISSUE_DDOF1,strict18_common_rhr,ADRA2C,Thalamus,-0.015482783626088344,-0.006103969222919066
GLOBAL_JOINT_CONTINUOUS_PCA,ADRA2C|EXACT_SINGLE_PROTEIN|HSAMP_ff841df7ecd9f2c8ea2660f5|HUMAN_BIOGPS_GNF1H_GCRMA_77_TISSUE_DDOF1,strict18_common_rhr,ADRA2C,OlfactoryBulb,0.06894049751869795,0.02531299480278795
GLOBAL_JOINT_CONTINUOUS_PCA,ADRB1|EXACT_SINGLE_PROTEIN|HSAMP_06645e2e8409a5b743985cdd|HUMAN_BIOGPS_GNF1H_GCRMA_77_TISSUE_DDOF1,strict18_common_rhr,ADRB1,Wholebrain,0.044245592956092324,-0.03574030085030583
GLOBAL_JOINT_CONTINUOUS_PCA,ADRB1|EXACT_SINGLE_PROTEIN|HSAMP_0cb8b4d1db8c390eeeecca55|HUMAN_BIOGPS_GNF1H_GCRMA_77_TISSUE_DDOF1,strict18_common_rhr,ADRB1,Pons,0.008605847297816055,-0.006502995123239197
GLOBAL_JOINT_CONTINUOUS_PCA,ADRB1|EXACT_SINGLE_PROTEIN|HSAMP_13a552b6ffc4aac3b85a50ca|HUMAN_BIOGPS_GNF1H_GCRMA_77_TISSUE_DDOF1,strict18_common_rhr,ADRB1,Amygdala,0.019152182313558908,-0.019873034635642012
GLOBAL_JOINT_CONTINUOUS_PCA,ADRB1|EXACT_SINGLE_PROTEIN|HSAMP_192dff4b8df5862a227b1163|HUMAN_BIOGPS_GNF1H_GCRMA_77_TISSUE_DDOF1,strict18_common_rhr,ADRB1,SubthalamicNucleus,-0.004825539921442261,0.0036073159489528046
GLOBAL_JOINT_CONTINUOUS_PCA,ADRB1|EXACT_SINGLE_PROTEIN|HSAMP_20b60708f05d03c76f9fe702|HUMAN_BIOGPS_GNF1H_GCRMA_77_TISSUE_DDOF1,strict18_common_rhr,ADRB1,CerebellumPeduncles,-0.011060585995362214,0.00819058992389668
GLOBAL_JOINT_CONTINUOUS_PCA,ADRB1|EXACT_SINGLE_PROTEIN|HSAMP_374f872ebf1bbba2be514f9f|HUMAN_BIOGPS_GNF1H_GCRMA_77_TISSUE_DDOF1,strict18_common_rhr,ADRB1,GlobusPallidus,0.033254769296649396,-0.031150722212727435
GLOBAL_JOINT_CONTINUOUS_PCA,ADRB1|EXACT_SINGLE_PROTEIN|HSAMP_5c090f15f3e5194312a7e8ed|HUMAN_BIOGPS_GNF1H_GCRMA_77_TISSUE_DDOF1,strict18_common_rhr,ADRB1,MedullaOblongata,0.034001080320639684,-0.03142339544417155
GLOBAL_JOINT_CONTINUOUS_PCA,ADRB1|EXACT_SINGLE_PROTEIN|HSAMP_752ebc880edc13bb4e2b2de8|HUMAN_BIOGPS_GNF1H_GCRMA_77_TISSUE_DDOF1,strict18_common_rhr,ADRB1,PrefrontalCortex,-0.004101739255008442,0.0030454969324725275
GLOBAL_JOINT_CONTINUOUS_PCA,ADRB1|EXACT_SINGLE_PROTEIN|HSAMP_7725bb8a75064c4d7246d9ba|HUMAN_BIOGPS_GNF1H_GCRMA_77_TISSUE_DDOF1,strict18_common_rhr,ADRB1,OccipitalLobe,0.03634764004606417,-0.03373398439666288
GLOBAL_JOINT_CONTINUOUS_PCA,ADRB1|EXACT_SINGLE_PROTEIN|HSAMP_8ed020260a1d25cf72324c8a|HUMAN_BIOGPS_GNF1H_GCRMA_77_TISSUE_DDOF1,strict18_common_rhr,ADRB1,Hypothalamus,0.013748307150715134,-0.009678493209133403
GLOBAL_JOINT_CONTINUOUS_PCA,ADRB1|EXACT_SINGLE_PROTEIN|HSAMP_936b77a4b11b5c19027de438|HUMAN_BIOGPS_GNF1H_GCRMA_77_TISSUE_DDOF1,strict18_common_rhr,ADRB1,Spinalcord,0.013748307150715134,-0.009678493209133403
GLOBAL_JOINT_CONTINUOUS_PCA,ADRB1|EXACT_SINGLE_PROTEIN|HSAMP_9aa72e4fb1ff63e1792b1ec7|HUMAN_BIOGPS_GNF1H_GCRMA_77_TISSUE_DDOF1,strict18_common_rhr,ADRB1,Cerebellum,0.043681107485454826,-0.03499190896725705
GLOBAL_JOINT_CONTINUOUS_PCA,ADRB1|EXACT_SINGLE_PROTEIN|HSAMP_a32ce488a48b0df9b8c4c40a|HUMAN_BIOGPS_GNF1H_GCRMA_77_TISSUE_DDOF1,strict18_common_rhr,ADRB1,Caudatenucleus,0.03634764004606417,-0.03373398439666288
GLOBAL_JOINT_CONTINUOUS_PCA,ADRB1|EXACT_SINGLE_PROTEIN|HSAMP_d99ba5ea584363f8600ade55|HUMAN_BIOGPS_GNF1H_GCRMA_77_TISSUE_DDOF1,strict18_common_rhr,ADRB1,CingulateCortex,-0.0077147133882544015,0.0060916994274284085
GLOBAL_JOINT_CONTINUOUS_PCA,ADRB1|EXACT_SINGLE_PROTEIN|HSAMP_e75262fc0acfda69d976a6d3|HUMAN_BIOGPS_GNF1H_GCRMA_77_TISSUE_DDOF1,strict18_common_rhr,ADRB1,ParietalLobe,-0.016707092383296998,0.011377022597008839
GLOBAL_JOINT_CONTINUOUS_PCA,ADRB1|EXACT_SINGLE_PROTEIN|HSAMP_eb2587e74e2d6457032d4ae7|HUMAN_BIOGPS_GNF1H_GCRMA_77_TISSUE_DDOF1,strict18_common_rhr,ADRB1,TemporalLobe,0.029634925399984226,-0.029446940609900638
GLOBAL_JOINT_CONTINUOUS_PCA,ADRB1|EXACT_SINGLE_PROTEIN|HSAMP_f43595f3557cf05e6a721aeb|HUMAN_BIOGPS_GNF1H_GCRMA_77_TISSUE_DDOF1,strict18_common_rhr,ADRB1,Thalamus,0.014260368900947566,-0.013356322042107644
GLOBAL_JOINT_CONTINUOUS_PCA,ADRB1|EXACT_SINGLE_PROTEIN|HSAMP_ff841df7ecd9f2c8ea2660f5|HUMAN_BIOGPS_GNF1H_GCRMA_77_TISSUE_DDOF1,strict18_common_rhr,ADRB1,OlfactoryBulb,0.0487017254692417,-0.038114357488052225
GLOBAL_JOINT_CONTINUOUS_PCA,ADRB2|EXACT_SINGLE_PROTEIN|HSAMP_06645e2e8409a5b743985cdd|HUMAN_BIOGPS_GNF1H_GCRMA_77_TISSUE_DDOF1,strict18_common_rhr,ADRB2,Wholebrain,0.021386958432114512,-0.035363254340067644
GLOBAL_JOINT_CONTINUOUS_PCA,ADRB2|EXACT_SINGLE_PROTEIN|HSAMP_0cb8b4d1db8c390eeeecca55|HUMAN_BIOGPS_GNF1H_GCRMA_77_TISSUE_DDOF1,strict18_common_rhr,ADRB2,Pons,0.019579280809832823,-0.034427131946074184
GLOBAL_JOINT_CONTINUOUS_PCA,ADRB2|EXACT_SINGLE_PROTEIN|HSAMP_13a552b6ffc4aac3b85a50ca|HUMAN_BIOGPS_GNF1H_GCRMA_77_TISSUE_DDOF1,strict18_common_rhr,ADRB2,Amygdala,0.01922426798591414,-0.03220647168748564
GLOBAL_JOINT_CONTINUOUS_PCA,ADRB2|EXACT_SINGLE_PROTEIN|HSAMP_192dff4b8df5862a227b1163|HUMAN_BIOGPS_GNF1H_GCRMA_77_TISSUE_DDOF1,strict18_common_rhr,ADRB2,SubthalamicNucleus,0.020463535691381544,-0.03499924274909631
GLOBAL_JOINT_CONTINUOUS_PCA,ADRB2|EXACT_SINGLE_PROTEIN|HSAMP_20b60708f05d03c76f9fe702|HUMAN_BIOGPS_GNF1H_GCRMA_77_TISSUE_DDOF1,strict18_common_rhr,ADRB2,CerebellumPeduncles,0.018490388310718812,-0.031505500284590385
GLOBAL_JOINT_CONTINUOUS_PCA,ADRB2|EXACT_SINGLE_PROTEIN|HSAMP_374f872ebf1bbba2be514f9f|HUMAN_BIOGPS_GNF1H_GCRMA_77_TISSUE_DDOF1,strict18_common_rhr,ADRB2,GlobusPallidus,0.022398573979400746,-0.035598147078625665
GLOBAL_JOINT_CONTINUOUS_PCA,ADRB2|EXACT_SINGLE_PROTEIN|HSAMP_5c090f15f3e5194312a7e8ed|HUMAN_BIOGPS_GNF1H_GCRMA_77_TISSUE_DDOF1,strict18_common_rhr,ADRB2,MedullaOblongata,0.019910045296208347,-0.034744378571766925
GLOBAL_JOINT_CONTINUOUS_PCA,ADRB2|EXACT_SINGLE_PROTEIN|HSAMP_752ebc880edc13bb4e2b2de8|HUMAN_BIOGPS_GNF1H_GCRMA_77_TISSUE_DDOF1,strict18_common_rhr,ADRB2,PrefrontalCortex,0.017140348218431557,-0.030262452685838655
GLOBAL_JOINT_CONTINUOUS_PCA,ADRB2|EXACT_SINGLE_PROTEIN|HSAMP_7725bb8a75064c4d7246d9ba|HUMAN_BIOGPS_GNF1H_GCRMA_77_TISSUE_DDOF1,strict18_common_rhr,ADRB2,OccipitalLobe,0.020537678941945345,-0.03511241573433406
GLOBAL_JOINT_CONTINUOUS_PCA,ADRB2|EXACT_SINGLE_PROTEIN|HSAMP_8ed020260a1d25cf72324c8a|HUMAN_BIOGPS_GNF1H_GCRMA_77_TISSUE_DDOF1,strict18_common_rhr,ADRB2,Hypothalamus,0.018976695923879298,-0.03227348220855952
GLOBAL_JOINT_CONTINUOUS_PCA,ADRB2|EXACT_SINGLE_PROTEIN|HSAMP_936b77a4b11b5c19027de438|HUMAN_BIOGPS_GNF1H_GCRMA_77_TISSUE_DDOF1,strict18_common_rhr,ADRB2,Spinalcord,0.018770422631253635,-0.03213052043700495
GLOBAL_JOINT_CONTINUOUS_PCA,ADRB2|EXACT_SINGLE_PROTEIN|HSAMP_9aa72e4fb1ff63e1792b1ec7|HUMAN_BIOGPS_GNF1H_GCRMA_77_TISSUE_DDOF1,strict18_common_rhr,ADRB2,Cerebellum,0.021704532169258772,-0.03598145861129715
GLOBAL_JOINT_CONTINUOUS_PCA,ADRB2|EXACT_SINGLE_PROTEIN|HSAMP_a32ce488a48b0df9b8c4c40a|HUMAN_BIOGPS_GNF1H_GCRMA_77_TISSUE_DDOF1,strict18_common_rhr,ADRB2,Caudatenucleus,0.020537678941945345,-0.03511241573433406
GLOBAL_JOINT_CONTINUOUS_PCA,ADRB2|EXACT_SINGLE_PROTEIN|HSAMP_d99ba5ea584363f8600ade55|HUMAN_BIOGPS_GNF1H_GCRMA_77_TISSUE_DDOF1,strict18_common_rhr,ADRB2,CingulateCortex,0.019510858810816573,-0.03320240632604905
GLOBAL_JOINT_CONTINUOUS_PCA,ADRB2|EXACT_SINGLE_PROTEIN|HSAMP_e75262fc0acfda69d976a6d3|HUMAN_BIOGPS_GNF1H_GCRMA_77_TISSUE_DDOF1,strict18_common_rhr,ADRB2,ParietalLobe,0.018770422631253635,-0.03213052043700495
GLOBAL_JOINT_CONTINUOUS_PCA,ADRB2|EXACT_SINGLE_PROTEIN|HSAMP_eb2587e74e2d6457032d4ae7|HUMAN_BIOGPS_GNF1H_GCRMA_77_TISSUE_DDOF1,strict18_common_rhr,ADRB2,TemporalLobe,0.020463535691381544,-0.03499924274909631
GLOBAL_JOINT_CONTINUOUS_PCA,ADRB2|EXACT_SINGLE_PROTEIN|HSAMP_f43595f3557cf05e6a721aeb|HUMAN_BIOGPS_GNF1H_GCRMA_77_TISSUE_DDOF1,strict18_common_rhr,ADRB2,Thalamus,0.019510858810816573,-0.03320240632604905
GLOBAL_JOINT_CONTINUOUS_PCA,ADRB2|EXACT_SINGLE_PROTEIN|HSAMP_ff841df7ecd9f2c8ea2660f5|HUMAN_BIOGPS_GNF1H_GCRMA_77_TISSUE_DDOF1,strict18_common_rhr,ADRB2,OlfactoryBulb,0.020895862882797205,-0.03526053537810728
GLOBAL_JOINT_CONTINUOUS_PCA,AR|EXACT_SINGLE_PROTEIN|HSAMP_06645e2e8409a5b743985cdd|HUMAN_BIOGPS_GNF1H_GCRMA_77_TISSUE_DDOF1,strict18_common_rhr,AR,Wholebrain,0.028832287348631306,-0.02207274955014903
GLOBAL_JOINT_CONTINUOUS_PCA,AR|EXACT_SINGLE_PROTEIN|HSAMP_0cb8b4d1db8c390eeeecca55|HUMAN_BIOGPS_GNF1H_GCRMA_77_TISSUE_DDOF1,strict18_common_rhr,AR,Pons,0.020243939722841556,-0.01608995721962631
GLOBAL_JOINT_CONTINUOUS_PCA,AR|EXACT_SINGLE_PROTEIN|HSAMP_13a552b6ffc4aac3b85a50ca|HUMAN_BIOGPS_GNF1H_GCRMA_77_TISSUE_DDOF1,strict18_common_rhr,AR,Amygdala,0.015205935489700293,-0.012418882920068937
GLOBAL_JOINT_CONTINUOUS_PCA,AR|EXACT_SINGLE_PROTEIN|HSAMP_192dff4b8df5862a227b1163|HUMAN_BIOGPS_GNF1H_GCRMA_77_TISSUE_DDOF1,strict18_common_rhr,AR,SubthalamicNucleus,0.02388198982908928,-0.01845648721517772
GLOBAL_JOINT_CONTINUOUS_PCA,AR|EXACT_SINGLE_PROTEIN|HSAMP_20b60708f05d03c76f9fe702|HUMAN_BIOGPS_GNF1H_GCRMA_77_TISSUE_DDOF1,strict18_common_rhr,AR,CerebellumPeduncles,0.00953688770834962,-0.007878646437744068
GLOBAL_JOINT_CONTINUOUS_PCA,AR|EXACT_SINGLE_PROTEIN|HSAMP_374f872ebf1bbba2be514f9f|HUMAN_BIOGPS_GNF1H_GCRMA_77_TISSUE_DDOF1,strict18_common_rhr,AR,GlobusPallidus,0.03634834005813771,-0.028680158817240384
GLOBAL_JOINT_CONTINUOUS_PCA,AR|EXACT_SINGLE_PROTEIN|HSAMP_5c090f15f3e5194312a7e8ed|HUMAN_BIOGPS_GNF1H_GCRMA_77_TISSUE_DDOF1,strict18_common_rhr,AR,MedullaOblongata,0.023401353654891887,-0.01807115667493331
GLOBAL_JOINT_CONTINUOUS_PCA,AR|EXACT_SINGLE_PROTEIN|HSAMP_752ebc880edc13bb4e2b2de8|HUMAN_BIOGPS_GNF1H_GCRMA_77_TISSUE_DDOF1,strict18_common_rhr,AR,PrefrontalCortex,-0.005712085701633686,0.004600015896062747
GLOBAL_JOINT_CONTINUOUS_PCA,AR|EXACT_SINGLE_PROTEIN|HSAMP_7725bb8a75064c4d7246d9ba|HUMAN_BIOGPS_GNF1H_GCRMA_77_TISSUE_DDOF1,strict18_common_rhr,AR,OccipitalLobe,0.024880829594545715,-0.019020245278982238
GLOBAL_JOINT_CONTINUOUS_PCA,AR|EXACT_SINGLE_PROTEIN|HSAMP_8ed020260a1d25cf72324c8a|HUMAN_BIOGPS_GNF1H_GCRMA_77_TISSUE_DDOF1,strict18_common_rhr,AR,Hypothalamus,0.013304985220741772,-0.010894018830973778
GLOBAL_JOINT_CONTINUOUS_PCA,AR|EXACT_SINGLE_PROTEIN|HSAMP_936b77a4b11b5c19027de438|HUMAN_BIOGPS_GNF1H_GCRMA_77_TISSUE_DDOF1,strict18_common_rhr,AR,Spinalcord,0.014362347398359444,-0.01171539330907745
GLOBAL_JOINT_CONTINUOUS_PCA,AR|EXACT_SINGLE_PROTEIN|HSAMP_9aa72e4fb1ff63e1792b1ec7|HUMAN_BIOGPS_GNF1H_GCRMA_77_TISSUE_DDOF1,strict18_common_rhr,AR,Cerebellum,0.031250618914079216,-0.02417378869128973
GLOBAL_JOINT_CONTINUOUS_PCA,AR|EXACT_SINGLE_PROTEIN|HSAMP_a32ce488a48b0df9b8c4c40a|HUMAN_BIOGPS_GNF1H_GCRMA_77_TISSUE_DDOF1,strict18_common_rhr,AR,Caudatenucleus,0.024880829594545715,-0.019020245278982238
GLOBAL_JOINT_CONTINUOUS_PCA,AR|EXACT_SINGLE_PROTEIN|HSAMP_d99ba5ea584363f8600ade55|HUMAN_BIOGPS_GNF1H_GCRMA_77_TISSUE_DDOF1,strict18_common_rhr,AR,CingulateCortex,0.01678249151439229,-0.013647032504435632
GLOBAL_JOINT_CONTINUOUS_PCA,AR|EXACT_SINGLE_PROTEIN|HSAMP_e75262fc0acfda69d976a6d3|HUMAN_BIOGPS_GNF1H_GCRMA_77_TISSUE_DDOF1,strict18_common_rhr,AR,ParietalLobe,0.014777634497619136,-0.01204755393581579
GLOBAL_JOINT_CONTINUOUS_PCA,AR|EXACT_SINGLE_PROTEIN|HSAMP_eb2587e74e2d6457032d4ae7|HUMAN_BIOGPS_GNF1H_GCRMA_77_TISSUE_DDOF1,strict18_common_rhr,AR,TemporalLobe,0.023401353654891887,-0.01807115667493331
GLOBAL_JOINT_CONTINUOUS_PCA,AR|EXACT_SINGLE_PROTEIN|HSAMP_f43595f3557cf05e6a721aeb|HUMAN_BIOGPS_GNF1H_GCRMA_77_TISSUE_DDOF1,strict18_common_rhr,AR,Thalamus,0.017014130715530127,-0.01384910919116094
GLOBAL_JOINT_CONTINUOUS_PCA,AR|EXACT_SINGLE_PROTEIN|HSAMP_ff841df7ecd9f2c8ea2660f5|HUMAN_BIOGPS_GNF1H_GCRMA_77_TISSUE_DDOF1,strict18_common_rhr,AR,OlfactoryBulb,0.032927502890301684,-0.025670772826321343
GLOBAL_JOINT_CONTINUOUS_PCA,BCHE|EXACT_SINGLE_PROTEIN|HSAMP_06645e2e8409a5b743985cdd|HUMAN_BIOGPS_GNF1H_GCRMA_77_TISSUE_DDOF1,strict18_common_rhr,BCHE,Wholebrain,0.02010284394427717,-0.015980675190268974
GLOBAL_JOINT_CONTINUOUS_PCA,BCHE|EXACT_SINGLE_PROTEIN|HSAMP_0cb8b4d1db8c390eeeecca55|HUMAN_BIOGPS_GNF1H_GCRMA_77_TISSUE_DDOF1,strict18_common_rhr,BCHE,Pons,0.014805825931197301,-0.011693531518191616
GLOBAL_JOINT_CONTINUOUS_PCA,BCHE|EXACT_SINGLE_PROTEIN|HSAMP_13a552b6ffc4aac3b85a50ca|HUMAN_BIOGPS_GNF1H_GCRMA_77_TISSUE_DDOF1,strict18_common_rhr,BCHE,Amygdala,-0.0012439645238503307,0.0009965790482593532
GLOBAL_JOINT_CONTINUOUS_PCA,BCHE|EXACT_SINGLE_PROTEIN|HSAMP_192dff4b8df5862a227b1163|HUMAN_BIOGPS_GNF1H_GCRMA_77_TISSUE_DDOF1,strict18_common_rhr,BCHE,SubthalamicNucleus,0.016311586999517774,-0.012940897412271115
GLOBAL_JOINT_CONTINUOUS_PCA,BCHE|EXACT_SINGLE_PROTEIN|HSAMP_20b60708f05d03c76f9fe702|HUMAN_BIOGPS_GNF1H_GCRMA_77_TISSUE_DDOF1,strict18_common_rhr,BCHE,CerebellumPeduncles,0.012711884057703904,-0.009928335356098295
GLOBAL_JOINT_CONTINUOUS_PCA,BCHE|EXACT_SINGLE_PROTEIN|HSAMP_374f872ebf1bbba2be514f9f|HUMAN_BIOGPS_GNF1H_GCRMA_77_TISSUE_DDOF1,strict18_common_rhr,BCHE,GlobusPallidus,0.02048861241506039,-0.01628563974570444
GLOBAL_JOINT_CONTINUOUS_PCA,BCHE|EXACT_SINGLE_PROTEIN|HSAMP_5c090f15f3e5194312a7e8ed|HUMAN_BIOGPS_GNF1H_GCRMA_77_TISSUE_DDOF1,strict18_common_rhr,BCHE,MedullaOblongata,0.017433408205235968,-0.013851027929861173
GLOBAL_JOINT_CONTINUOUS_PCA,BCHE|EXACT_SINGLE_PROTEIN|HSAMP_752ebc880edc13bb4e2b2de8|HUMAN_BIOGPS_GNF1H_GCRMA_77_TISSUE_DDOF1,strict18_common_rhr,BCHE,PrefrontalCortex,0.012774949334059184,-0.010002750083589694
GLOBAL_JOINT_CONTINUOUS_PCA,BCHE|EXACT_SINGLE_PROTEIN|HSAMP_7725bb8a75064c4d7246d9ba|HUMAN_BIOGPS_GNF1H_GCRMA_77_TISSUE_DDOF1,strict18_common_rhr,BCHE,OccipitalLobe,0.013475437983442548,-0.010592425271385542
GLOBAL_JOINT_CONTINUOUS_PCA,BCHE|EXACT_SINGLE_PROTEIN|HSAMP_8ed020260a1d25cf72324c8a|HUMAN_BIOGPS_GNF1H_GCRMA_77_TISSUE_DDOF1,strict18_common_rhr,BCHE,Hypothalamus,0.012917485987464195,-0.010325785886023738
GLOBAL_JOINT_CONTINUOUS_PCA,BCHE|EXACT_SINGLE_PROTEIN|HSAMP_936b77a4b11b5c19027de438|HUMAN_BIOGPS_GNF1H_GCRMA_77_TISSUE_DDOF1,strict18_common_rhr,BCHE,Spinalcord,0.013475437983442548,-0.010592425271385542
GLOBAL_JOINT_CONTINUOUS_PCA,BCHE|EXACT_SINGLE_PROTEIN|HSAMP_9aa72e4fb1ff63e1792b1ec7|HUMAN_BIOGPS_GNF1H_GCRMA_77_TISSUE_DDOF1,strict18_common_rhr,BCHE,Cerebellum,0.019677971149283508,-0.015633890318240286
GLOBAL_JOINT_CONTINUOUS_PCA,BCHE|EXACT_SINGLE_PROTEIN|HSAMP_a32ce488a48b0df9b8c4c40a|HUMAN_BIOGPS_GNF1H_GCRMA_77_TISSUE_DDOF1,strict18_common_rhr,BCHE,Caudatenucleus,0.017433408205235968,-0.013851027929861173
GLOBAL_JOINT_CONTINUOUS_PCA,BCHE|EXACT_SINGLE_PROTEIN|HSAMP_d99ba5ea584363f8600ade55|HUMAN_BIOGPS_GNF1H_GCRMA_77_TISSUE_DDOF1,strict18_common_rhr,BCHE,CingulateCortex,0.013582801390431736,-0.010691468599577158
GLOBAL_JOINT_CONTINUOUS_PCA,BCHE|EXACT_SINGLE_PROTEIN|HSAMP_e75262fc0acfda69d976a6d3|HUMAN_BIOGPS_GNF1H_GCRMA_77_TISSUE_DDOF1,strict18_common_rhr,BCHE,ParietalLobe,0.013192419168154227,-0.010332818394905225
GLOBAL_JOINT_CONTINUOUS_PCA,BCHE|EXACT_SINGLE_PROTEIN|HSAMP_eb2587e74e2d6457032d4ae7|HUMAN_BIOGPS_GNF1H_GCRMA_77_TISSUE_DDOF1,strict18_common_rhr,BCHE,TemporalLobe,0.01643053740519629,-0.013041609619715639
GLOBAL_JOINT_CONTINUOUS_PCA,BCHE|EXACT_SINGLE_PROTEIN|HSAMP_f43595f3557cf05e6a721aeb|HUMAN_BIOGPS_GNF1H_GCRMA_77_TISSUE_DDOF1,strict18_common_rhr,BCHE,Thalamus,0.01300827881161582,-0.010159605102400259
GLOBAL_JOINT_CONTINUOUS_PCA,BCHE|EXACT_SINGLE_PROTEIN|HSAMP_ff841df7ecd9f2c8ea2660f5|HUMAN_BIOGPS_GNF1H_GCRMA_77_TISSUE_DDOF1,strict18_common_rhr,BCHE,OlfactoryBulb,0.020740001913127526,-0.016481761441406874
GLOBAL_JOINT_CONTINUOUS_PCA,CACNA1C|EXACT_SINGLE_PROTEIN|HSAMP_06645e2e8409a5b743985cdd|HUMAN_BIOGPS_GNF1H_GCRMA_77_TISSUE_DDOF1,strict18_common_rhr,CACNA1C,Wholebrain,0.07276583382626485,-0.06427470155288688
GLOBAL_JOINT_CONTINUOUS_PCA,CACNA1C|EXACT_SINGLE_PROTEIN|HSAMP_0cb8b4d1db8c390eeeecca55|HUMAN_BIOGPS_GNF1H_GCRMA_77_TISSUE_DDOF1,strict18_common_rhr,CACNA1C,Pons,0.016822880630477096,-0.017403948099243484
GLOBAL_JOINT_CONTINUOUS_PCA,CACNA1C|EXACT_SINGLE_PROTEIN|HSAMP_13a552b6ffc4aac3b85a50ca|HUMAN_BIOGPS_GNF1H_GCRMA_77_TISSUE_DDOF1,strict18_common_rhr,CACNA1C,Amygdala,-0.008969637550979438,0.007923976401604131
GLOBAL_JOINT_CONTINUOUS_PCA,CACNA1C|EXACT_SINGLE_PROTEIN|HSAMP_192dff4b8df5862a227b1163|HUMAN_BIOGPS_GNF1H_GCRMA_77_TISSUE_DDOF1,strict18_common_rhr,CACNA1C,SubthalamicNucleus,0.014063757286466954,-0.014326940883207294
GLOBAL_JOINT_CONTINUOUS_PCA,CACNA1C|EXACT_SINGLE_PROTEIN|HSAMP_20b60708f05d03c76f9fe702|HUMAN_BIOGPS_GNF1H_GCRMA_77_TISSUE_DDOF1,strict18_common_rhr,CACNA1C,CerebellumPeduncles,-0.028755949884742737,0.02655635955319457
GLOBAL_JOINT_CONTINUOUS_PCA,CACNA1C|EXACT_SINGLE_PROTEIN|HSAMP_374f872ebf1bbba2be514f9f|HUMAN_BIOGPS_GNF1H_GCRMA_77_TISSUE_DDOF1,strict18_common_rhr,CACNA1C,GlobusPallidus,0.08385693248591321,-0.07491148739482147
GLOBAL_JOINT_CONTINUOUS_PCA,CACNA1C|EXACT_SINGLE_PROTEIN|HSAMP_5c090f15f3e5194312a7e8ed|HUMAN_BIOGPS_GNF1H_GCRMA_77_TISSUE_DDOF1,strict18_common_rhr,CACNA1C,MedullaOblongata,0.04395632230236718,-0.03899445042489904
GLOBAL_JOINT_CONTINUOUS_PCA,CACNA1C|EXACT_SINGLE_PROTEIN|HSAMP_752ebc880edc13bb4e2b2de8|HUMAN_BIOGPS_GNF1H_GCRMA_77_TISSUE_DDOF1,strict18_common_rhr,CACNA1C,PrefrontalCortex,-0.03591215287193561,0.03310368858158638
GLOBAL_JOINT_CONTINUOUS_PCA,CACNA1C|EXACT_SINGLE_PROTEIN|HSAMP_7725bb8a75064c4d7246d9ba|HUMAN_BIOGPS_GNF1H_GCRMA_77_TISSUE_DDOF1,strict18_common_rhr,CACNA1C,OccipitalLobe,0.04728619159588955,-0.04163890334139008
GLOBAL_JOINT_CONTINUOUS_PCA,CACNA1C|EXACT_SINGLE_PROTEIN|HSAMP_8ed020260a1d25cf72324c8a|HUMAN_BIOGPS_GNF1H_GCRMA_77_TISSUE_DDOF1,strict18_common_rhr,CACNA1C,Hypothalamus,-0.01477747252882703,0.013163953414262242
GLOBAL_JOINT_CONTINUOUS_PCA,CACNA1C|EXACT_SINGLE_PROTEIN|HSAMP_936b77a4b11b5c19027de438|HUMAN_BIOGPS_GNF1H_GCRMA_77_TISSUE_DDOF1,strict18_common_rhr,CACNA1C,Spinalcord,-0.01555124365079242,0.013817928684618593
GLOBAL_JOINT_CONTINUOUS_PCA,CACNA1C|EXACT_SINGLE_PROTEIN|HSAMP_9aa72e4fb1ff63e1792b1ec7|HUMAN_BIOGPS_GNF1H_GCRMA_77_TISSUE_DDOF1,strict18_common_rhr,CACNA1C,Cerebellum,0.0705504424198731,-0.06215915703522076
GLOBAL_JOINT_CONTINUOUS_PCA,CACNA1C|EXACT_SINGLE_PROTEIN|HSAMP_a32ce488a48b0df9b8c4c40a|HUMAN_BIOGPS_GNF1H_GCRMA_77_TISSUE_DDOF1,strict18_common_rhr,CACNA1C,Caudatenucleus,0.04596062561180697,-0.040669080573927374
GLOBAL_JOINT_CONTINUOUS_PCA,CACNA1C|EXACT_SINGLE_PROTEIN|HSAMP_d99ba5ea584363f8600ade55|HUMAN_BIOGPS_GNF1H_GCRMA_77_TISSUE_DDOF1,strict18_common_rhr,CACNA1C,CingulateCortex,-0.010818614653514741,0.009491594985382806
GLOBAL_JOINT_CONTINUOUS_PCA,CACNA1C|EXACT_SINGLE_PROTEIN|HSAMP_e75262fc0acfda69d976a6d3|HUMAN_BIOGPS_GNF1H_GCRMA_77_TISSUE_DDOF1,strict18_common_rhr,CACNA1C,ParietalLobe,-0.017657198757576598,0.015794970063892674
GLOBAL_JOINT_CONTINUOUS_PCA,CACNA1C|EXACT_SINGLE_PROTEIN|HSAMP_eb2587e74e2d6457032d4ae7|HUMAN_BIOGPS_GNF1H_GCRMA_77_TISSUE_DDOF1,strict18_common_rhr,CACNA1C,TemporalLobe,0.024190330683112247,-0.023406506334549427
GLOBAL_JOINT_CONTINUOUS_PCA,CACNA1C|EXACT_SINGLE_PROTEIN|HSAMP_f43595f3557cf05e6a721aeb|HUMAN_BIOGPS_GNF1H_GCRMA_77_TISSUE_DDOF1,strict18_common_rhr,CACNA1C,Thalamus,-0.007282799716443939,0.0065169708884664865
GLOBAL_JOINT_CONTINUOUS_PCA,CACNA1C|EXACT_SINGLE_PROTEIN|HSAMP_ff841df7ecd9f2c8ea2660f5|HUMAN_BIOGPS_GNF1H_GCRMA_77_TISSUE_DDOF1,strict18_common_rhr,CACNA1C,OlfactoryBulb,0.07735944663804321,-0.06855918533089722
GLOBAL_JOINT_CONTINUOUS_PCA,CCKAR|EXACT_SINGLE_PROTEIN|HSAMP_e75262fc0acfda69d976a6d3|HUMAN_BIOGPS_GNF1H_GCRMA_77_TISSUE_DDOF1,strict18_common_rhr,CCKAR,ParietalLobe,-0.006110746161915333,0.018355306082112183
GLOBAL_JOINT_CONTINUOUS_PCA,CCKAR|EXACT_SINGLE_PROTEIN|HSAMP_eb2587e74e2d6457032d4ae7|HUMAN_BIOGPS_GNF1H_GCRMA_77_TISSUE_DDOF1,strict18_common_rhr,CCKAR,TemporalLobe,-0.005652365369369362,0.01697843335226716
GLOBAL_JOINT_CONTINUOUS_PCA,CHRM2|EXACT_SINGLE_PROTEIN|HSAMP_06645e2e8409a5b743985cdd|HUMAN_BIOGPS_GNF1H_GCRMA_77_TISSUE_DDOF1,strict18_common_rhr,CHRM2,Wholebrain,0.04316175458258499,-0.03907949475951823
GLOBAL_JOINT_CONTINUOUS_PCA,CHRM2|EXACT_SINGLE_PROTEIN|HSAMP_0cb8b4d1db8c390eeeecca55|HUMAN_BIOGPS_GNF1H_GCRMA_77_TISSUE_DDOF1,strict18_common_rhr,CHRM2,Pons,0.02940118029980098,-0.025135567559242646
GLOBAL_JOINT_CONTINUOUS_PCA,CHRM2|EXACT_SINGLE_PROTEIN|HSAMP_13a552b6ffc4aac3b85a50ca|HUMAN_BIOGPS_GNF1H_GCRMA_77_TISSUE_DDOF1,strict18_common_rhr,CHRM2,Amygdala,-0.007930342175739331,-0.03211865826042189
GLOBAL_JOINT_CONTINUOUS_PCA,CHRM2|EXACT_SINGLE_PROTEIN|HSAMP_192dff4b8df5862a227b1163|HUMAN_BIOGPS_GNF1H_GCRMA_77_TISSUE_DDOF1,strict18_common_rhr,CHRM2,SubthalamicNucleus,0.03504031292785398,-0.0310720425016554
GLOBAL_JOINT_CONTINUOUS_PCA,CHRM2|EXACT_SINGLE_PROTEIN|HSAMP_20b60708f05d03c76f9fe702|HUMAN_BIOGPS_GNF1H_GCRMA_77_TISSUE_DDOF1,strict18_common_rhr,CHRM2,CerebellumPeduncles,-0.010636409002180373,0.011501753824867476
GLOBAL_JOINT_CONTINUOUS_PCA,CHRM2|EXACT_SINGLE_PROTEIN|HSAMP_374f872ebf1bbba2be514f9f|HUMAN_BIOGPS_GNF1H_GCRMA_77_TISSUE_DDOF1,strict18_common_rhr,CHRM2,GlobusPallidus,0.04316175458258499,-0.03907949475951823
GLOBAL_JOINT_CONTINUOUS_PCA,CHRM2|EXACT_SINGLE_PROTEIN|HSAMP_5c090f15f3e5194312a7e8ed|HUMAN_BIOGPS_GNF1H_GCRMA_77_TISSUE_DDOF1,strict18_common_rhr,CHRM2,MedullaOblongata,0.03254475248112309,-0.028304451637102445
GLOBAL_JOINT_CONTINUOUS_PCA,CHRM2|EXACT_SINGLE_PROTEIN|HSAMP_752ebc880edc13bb4e2b2de8|HUMAN_BIOGPS_GNF1H_GCRMA_77_TISSUE_DDOF1,strict18_common_rhr,CHRM2,PrefrontalCortex,-0.021519627451816358,0.021019319101596504
GLOBAL_JOINT_CONTINUOUS_PCA,CHRM2|EXACT_SINGLE_PROTEIN|HSAMP_7725bb8a75064c4d7246d9ba|HUMAN_BIOGPS_GNF1H_GCRMA_77_TISSUE_DDOF1,strict18_common_rhr,CHRM2,OccipitalLobe,0.03504031292785398,-0.0310720425016554
GLOBAL_JOINT_CONTINUOUS_PCA,CHRM2|EXACT_SINGLE_PROTEIN|HSAMP_8ed020260a1d25cf72324c8a|HUMAN_BIOGPS_GNF1H_GCRMA_77_TISSUE_DDOF1,strict18_common_rhr,CHRM2,Hypothalamus,-0.011578516047307169,-0.01722373338998212
GLOBAL_JOINT_CONTINUOUS_PCA,CHRM2|EXACT_SINGLE_PROTEIN|HSAMP_936b77a4b11b5c19027de438|HUMAN_BIOGPS_GNF1H_GCRMA_77_TISSUE_DDOF1,strict18_common_rhr,CHRM2,Spinalcord,-0.0045909481359922965,0.006419342889793212
GLOBAL_JOINT_CONTINUOUS_PCA,CHRM2|EXACT_SINGLE_PROTEIN|HSAMP_9aa72e4fb1ff63e1792b1ec7|HUMAN_BIOGPS_GNF1H_GCRMA_77_TISSUE_DDOF1,strict18_common_rhr,CHRM2,Cerebellum,0.038236449929909336,-0.03302601371801112
GLOBAL_JOINT_CONTINUOUS_PCA,CHRM2|EXACT_SINGLE_PROTEIN|HSAMP_a32ce488a48b0df9b8c4c40a|HUMAN_BIOGPS_GNF1H_GCRMA_77_TISSUE_DDOF1,strict18_common_rhr,CHRM2,Caudatenucleus,0.040494701466808204,-0.019773332111707245
GLOBAL_JOINT_CONTINUOUS_PCA,CHRM2|EXACT_SINGLE_PROTEIN|HSAMP_d99ba5ea584363f8600ade55|HUMAN_BIOGPS_GNF1H_GCRMA_77_TISSUE_DDOF1,strict18_common_rhr,CHRM2,CingulateCortex,0.011675881256425132,-0.00894014879185662
GLOBAL_JOINT_CONTINUOUS_PCA,CHRM2|EXACT_SINGLE_PROTEIN|HSAMP_e75262fc0acfda69d976a6d3|HUMAN_BIOGPS_GNF1H_GCRMA_77_TISSUE_DDOF1,strict18_common_rhr,CHRM2,ParietalLobe,-0.013442637548468476,0.01404029352847878
GLOBAL_JOINT_CONTINUOUS_PCA,CHRM2|EXACT_SINGLE_PROTEIN|HSAMP_eb2587e74e2d6457032d4ae7|HUMAN_BIOGPS_GNF1H_GCRMA_77_TISSUE_DDOF1,strict18_common_rhr,CHRM2,TemporalLobe,0.018714924620323946,-0.01206742962164438
GLOBAL_JOINT_CONTINUOUS_PCA,CHRM2|EXACT_SINGLE_PROTEIN|HSAMP_f43595f3557cf05e6a721aeb|HUMAN_BIOGPS_GNF1H_GCRMA_77_TISSUE_DDOF1,strict18_common_rhr,CHRM2,Thalamus,0.011675881256425132,-0.00894014879185662
GLOBAL_JOINT_CONTINUOUS_PCA,CHRM2|EXACT_SINGLE_PROTEIN|HSAMP_ff841df7ecd9f2c8ea2660f5|HUMAN_BIOGPS_GNF1H_GCRMA_77_TISSUE_DDOF1,strict18_common_rhr,CHRM2,OlfactoryBulb,0.052490993311449935,-0.04620043225609326
GLOBAL_JOINT_CONTINUOUS_PCA,CHRM3|EXACT_SINGLE_PROTEIN|HSAMP_06645e2e8409a5b743985cdd|HUMAN_BIOGPS_GNF1H_GCRMA_77_TISSUE_DDOF1,strict18_common_rhr,CHRM3,Wholebrain,-0.025458033642246775,0.018376459344105218
GLOBAL_JOINT_CONTINUOUS_PCA,CHRM3|EXACT_SINGLE_PROTEIN|HSAMP_0cb8b4d1db8c390eeeecca55|HUMAN_BIOGPS_GNF1H_GCRMA_77_TISSUE_DDOF1,strict18_common_rhr,CHRM3,Pons,0.014764407145916739,-0.01658143371170324
GLOBAL_JOINT_CONTINUOUS_PCA,CHRM3|EXACT_SINGLE_PROTEIN|HSAMP_13a552b6ffc4aac3b85a50ca|HUMAN_BIOGPS_GNF1H_GCRMA_77_TISSUE_DDOF1,strict18_common_rhr,CHRM3,Amygdala,-0.035905472667703275,-0.033441195504571336
GLOBAL_JOINT_CONTINUOUS_PCA,CHRM3|EXACT_SINGLE_PROTEIN|HSAMP_192dff4b8df5862a227b1163|HUMAN_BIOGPS_GNF1H_GCRMA_77_TISSUE_DDOF1,strict18_common_rhr,CHRM3,SubthalamicNucleus,0.0007435124632455505,-0.01333219338293617
GLOBAL_JOINT_CONTINUOUS_PCA,CHRM3|EXACT_SINGLE_PROTEIN|HSAMP_20b60708f05d03c76f9fe702|HUMAN_BIOGPS_GNF1H_GCRMA_77_TISSUE_DDOF1,strict18_common_rhr,CHRM3,CerebellumPeduncles,0.011598849860423326,-0.014315381876425446
GLOBAL_JOINT_CONTINUOUS_PCA,CHRM3|EXACT_SINGLE_PROTEIN|HSAMP_374f872ebf1bbba2be514f9f|HUMAN_BIOGPS_GNF1H_GCRMA_77_TISSUE_DDOF1,strict18_common_rhr,CHRM3,GlobusPallidus,0.020057524330869853,-0.020423905188919747
GLOBAL_JOINT_CONTINUOUS_PCA,CHRM3|EXACT_SINGLE_PROTEIN|HSAMP_5c090f15f3e5194312a7e8ed|HUMAN_BIOGPS_GNF1H_GCRMA_77_TISSUE_DDOF1,strict18_common_rhr,CHRM3,MedullaOblongata,0.0046854467473912385,-0.01310192263984204
GLOBAL_JOINT_CONTINUOUS_PCA,CHRM3|EXACT_SINGLE_PROTEIN|HSAMP_752ebc880edc13bb4e2b2de8|HUMAN_BIOGPS_GNF1H_GCRMA_77_TISSUE_DDOF1,strict18_common_rhr,CHRM3,PrefrontalCortex,-0.056699105967883495,0.050786967459652305
GLOBAL_JOINT_CONTINUOUS_PCA,CHRM3|EXACT_SINGLE_PROTEIN|HSAMP_7725bb8a75064c4d7246d9ba|HUMAN_BIOGPS_GNF1H_GCRMA_77_TISSUE_DDOF1,strict18_common_rhr,CHRM3,OccipitalLobe,-0.010136929589693049,0.0067511561125006645
GLOBAL_JOINT_CONTINUOUS_PCA,CHRM3|EXACT_SINGLE_PROTEIN|HSAMP_8ed020260a1d25cf72324c8a|HUMAN_BIOGPS_GNF1H_GCRMA_77_TISSUE_DDOF1,strict18_common_rhr,CHRM3,Hypothalamus,0.009932933657557243,-0.028476474166232044
GLOBAL_JOINT_CONTINUOUS_PCA,CHRM3|EXACT_SINGLE_PROTEIN|HSAMP_936b77a4b11b5c19027de438|HUMAN_BIOGPS_GNF1H_GCRMA_77_TISSUE_DDOF1,strict18_common_rhr,CHRM3,Spinalcord,0.01279783026066813,-0.01519081353246543
GLOBAL_JOINT_CONTINUOUS_PCA,CHRM3|EXACT_SINGLE_PROTEIN|HSAMP_9aa72e4fb1ff63e1792b1ec7|HUMAN_BIOGPS_GNF1H_GCRMA_77_TISSUE_DDOF1,strict18_common_rhr,CHRM3,Cerebellum,0.018295380330169645,-0.023324351771554376
GLOBAL_JOINT_CONTINUOUS_PCA,CHRM3|EXACT_SINGLE_PROTEIN|HSAMP_a32ce488a48b0df9b8c4c40a|HUMAN_BIOGPS_GNF1H_GCRMA_77_TISSUE_DDOF1,strict18_common_rhr,CHRM3,Caudatenucleus,0.01496122234518049,-0.02999138161753559
GLOBAL_JOINT_CONTINUOUS_PCA,CHRM3|EXACT_SINGLE_PROTEIN|HSAMP_d99ba5ea584363f8600ade55|HUMAN_BIOGPS_GNF1H_GCRMA_77_TISSUE_DDOF1,strict18_common_rhr,CHRM3,CingulateCortex,0.012399048953116446,-0.014847466457686358
GLOBAL_JOINT_CONTINUOUS_PCA,CHRM3|EXACT_SINGLE_PROTEIN|HSAMP_e75262fc0acfda69d976a6d3|HUMAN_BIOGPS_GNF1H_GCRMA_77_TISSUE_DDOF1,strict18_common_rhr,CHRM3,ParietalLobe,0.011598849860423326,-0.014315381876425446
GLOBAL_JOINT_CONTINUOUS_PCA,CHRM3|EXACT_SINGLE_PROTEIN|HSAMP_eb2587e74e2d6457032d4ae7|HUMAN_BIOGPS_GNF1H_GCRMA_77_TISSUE_DDOF1,strict18_common_rhr,CHRM3,TemporalLobe,0.013658990507679674,-0.015732847456104884
GLOBAL_JOINT_CONTINUOUS_PCA,CHRM3|EXACT_SINGLE_PROTEIN|HSAMP_f43595f3557cf05e6a721aeb|HUMAN_BIOGPS_GNF1H_GCRMA_77_TISSUE_DDOF1,strict18_common_rhr,CHRM3,Thalamus,0.013658990507679674,-0.015732847456104884
GLOBAL_JOINT_CONTINUOUS_PCA,CHRM3|EXACT_SINGLE_PROTEIN|HSAMP_ff841df7ecd9f2c8ea2660f5|HUMAN_BIOGPS_GNF1H_GCRMA_77_TISSUE_DDOF1,strict18_common_rhr,CHRM3,OlfactoryBulb,0.019264830546771496,-0.019859875196554005
GLOBAL_JOINT_CONTINUOUS_PCA,CNR1|EXACT_SINGLE_PROTEIN|HSAMP_06645e2e8409a5b743985cdd|HUMAN_BIOGPS_GNF1H_GCRMA_77_TISSUE_DDOF1,strict18_common_rhr,CNR1,Wholebrain,0.05361205416978818,-0.03983053508921255
GLOBAL_JOINT_CONTINUOUS_PCA,CNR1|EXACT_SINGLE_PROTEIN|HSAMP_0cb8b4d1db8c390eeeecca55|HUMAN_BIOGPS_GNF1H_GCRMA_77_TISSUE_DDOF1,strict18_common_rhr,CNR1,Pons,0.02251872199581484,-0.016730057456443626
GLOBAL_JOINT_CONTINUOUS_PCA,CNR1|EXACT_SINGLE_PROTEIN|HSAMP_13a552b6ffc4aac3b85a50ca|HUMAN_BIOGPS_GNF1H_GCRMA_77_TISSUE_DDOF1,strict18_common_rhr,CNR1,Amygdala,0.001340442700527638,0.07735626571542877
GLOBAL_JOINT_CONTINUOUS_PCA,CNR1|EXACT_SINGLE_PROTEIN|HSAMP_192dff4b8df5862a227b1163|HUMAN_BIOGPS_GNF1H_GCRMA_77_TISSUE_DDOF1,strict18_common_rhr,CNR1,SubthalamicNucleus,0.02917522361043919,-0.021675438215274904
GLOBAL_JOINT_CONTINUOUS_PCA,CNR1|EXACT_SINGLE_PROTEIN|HSAMP_20b60708f05d03c76f9fe702|HUMAN_BIOGPS_GNF1H_GCRMA_77_TISSUE_DDOF1,strict18_common_rhr,CNR1,CerebellumPeduncles,-0.01984196014550962,0.014741384228844587
GLOBAL_JOINT_CONTINUOUS_PCA,CNR1|EXACT_SINGLE_PROTEIN|HSAMP_374f872ebf1bbba2be514f9f|HUMAN_BIOGPS_GNF1H_GCRMA_77_TISSUE_DDOF1,strict18_common_rhr,CNR1,GlobusPallidus,0.08013464876794849,-0.059535229325575104
GLOBAL_JOINT_CONTINUOUS_PCA,CNR1|EXACT_SINGLE_PROTEIN|HSAMP_5c090f15f3e5194312a7e8ed|HUMAN_BIOGPS_GNF1H_GCRMA_77_TISSUE_DDOF1,strict18_common_rhr,CNR1,MedullaOblongata,0.037627931208078294,-0.0279552920985152
GLOBAL_JOINT_CONTINUOUS_PCA,CNR1|EXACT_SINGLE_PROTEIN|HSAMP_752ebc880edc13bb4e2b2de8|HUMAN_BIOGPS_GNF1H_GCRMA_77_TISSUE_DDOF1,strict18_common_rhr,CNR1,PrefrontalCortex,-0.03296894613688694,0.024493946115193836
GLOBAL_JOINT_CONTINUOUS_PCA,CNR1|EXACT_SINGLE_PROTEIN|HSAMP_7725bb8a75064c4d7246d9ba|HUMAN_BIOGPS_GNF1H_GCRMA_77_TISSUE_DDOF1,strict18_common_rhr,CNR1,OccipitalLobe,0.04149776342686653,-0.03083034492696416
GLOBAL_JOINT_CONTINUOUS_PCA,CNR1|EXACT_SINGLE_PROTEIN|HSAMP_8ed020260a1d25cf72324c8a|HUMAN_BIOGPS_GNF1H_GCRMA_77_TISSUE_DDOF1,strict18_common_rhr,CNR1,Hypothalamus,-0.01538065715618916,0.011426904155072958
GLOBAL_JOINT_CONTINUOUS_PCA,CNR1|EXACT_SINGLE_PROTEIN|HSAMP_936b77a4b11b5c19027de438|HUMAN_BIOGPS_GNF1H_GCRMA_77_TISSUE_DDOF1,strict18_common_rhr,CNR1,Spinalcord,-0.011815782911899149,0.008778416778966382
GLOBAL_JOINT_CONTINUOUS_PCA,CNR1|EXACT_SINGLE_PROTEIN|HSAMP_9aa72e4fb1ff63e1792b1ec7|HUMAN_BIOGPS_GNF1H_GCRMA_77_TISSUE_DDOF1,strict18_common_rhr,CNR1,Cerebellum,0.0793111366649315,0.07682611465773004
GLOBAL_JOINT_CONTINUOUS_PCA,CNR1|EXACT_SINGLE_PROTEIN|HSAMP_a32ce488a48b0df9b8c4c40a|HUMAN_BIOGPS_GNF1H_GCRMA_77_TISSUE_DDOF1,strict18_common_rhr,CNR1,Caudatenucleus,0.044727648929332224,-0.03322995579493554
GLOBAL_JOINT_CONTINUOUS_PCA,CNR1|EXACT_SINGLE_PROTEIN|HSAMP_d99ba5ea584363f8600ade55|HUMAN_BIOGPS_GNF1H_GCRMA_77_TISSUE_DDOF1,strict18_common_rhr,CNR1,CingulateCortex,-0.0029745821136473566,0.0022099357894057835
GLOBAL_JOINT_CONTINUOUS_PCA,CNR1|EXACT_SINGLE_PROTEIN|HSAMP_e75262fc0acfda69d976a6d3|HUMAN_BIOGPS_GNF1H_GCRMA_77_TISSUE_DDOF1,strict18_common_rhr,CNR1,ParietalLobe,-0.011815782911899149,0.008778416778966382
GLOBAL_JOINT_CONTINUOUS_PCA,CNR1|EXACT_SINGLE_PROTEIN|HSAMP_eb2587e74e2d6457032d4ae7|HUMAN_BIOGPS_GNF1H_GCRMA_77_TISSUE_DDOF1,strict18_common_rhr,CNR1,TemporalLobe,0.037627931208078294,-0.0279552920985152
GLOBAL_JOINT_CONTINUOUS_PCA,CNR1|EXACT_SINGLE_PROTEIN|HSAMP_f43595f3557cf05e6a721aeb|HUMAN_BIOGPS_GNF1H_GCRMA_77_TISSUE_DDOF1,strict18_common_rhr,CNR1,Thalamus,0.0026994242177877516,-0.0020055100050215035
GLOBAL_JOINT_CONTINUOUS_PCA,CNR1|EXACT_SINGLE_PROTEIN|HSAMP_ff841df7ecd9f2c8ea2660f5|HUMAN_BIOGPS_GNF1H_GCRMA_77_TISSUE_DDOF1,strict18_common_rhr,CNR1,OlfactoryBulb,0.06693603950233593,-0.04972945564979144
GLOBAL_JOINT_CONTINUOUS_PCA,DRD1|EXACT_SINGLE_PROTEIN|HSAMP_06645e2e8409a5b743985cdd|HUMAN_BIOGPS_GNF1H_GCRMA_77_TISSUE_DDOF1,strict18_common_rhr,DRD1,Wholebrain,0.06615598161834955,0.03665364632418014
GLOBAL_JOINT_CONTINUOUS_PCA,DRD1|EXACT_SINGLE_PROTEIN|HSAMP_0cb8b4d1db8c390eeeecca55|HUMAN_BIOGPS_GNF1H_GCRMA_77_TISSUE_DDOF1,strict18_common_rhr,DRD1,Pons,-0.05021397676090864,0.026392363620894893
GLOBAL_JOINT_CONTINUOUS_PCA,DRD1|EXACT_SINGLE_PROTEIN|HSAMP_13a552b6ffc4aac3b85a50ca|HUMAN_BIOGPS_GNF1H_GCRMA_77_TISSUE_DDOF1,strict18_common_rhr,DRD1,Amygdala,0.0123333231343797,0.007891818024450003
GLOBAL_JOINT_CONTINUOUS_PCA,DRD1|EXACT_SINGLE_PROTEIN|HSAMP_192dff4b8df5862a227b1163|HUMAN_BIOGPS_GNF1H_GCRMA_77_TISSUE_DDOF1,strict18_common_rhr,DRD1,SubthalamicNucleus,0.03155153448477931,0.011271713972819326
GLOBAL_JOINT_CONTINUOUS_PCA,DRD1|EXACT_SINGLE_PROTEIN|HSAMP_20b60708f05d03c76f9fe702|HUMAN_BIOGPS_GNF1H_GCRMA_77_TISSUE_DDOF1,strict18_common_rhr,DRD1,CerebellumPeduncles,-0.030748768871542397,-0.01626533340820475
GLOBAL_JOINT_CONTINUOUS_PCA,DRD1|EXACT_SINGLE_PROTEIN|HSAMP_374f872ebf1bbba2be514f9f|HUMAN_BIOGPS_GNF1H_GCRMA_77_TISSUE_DDOF1,strict18_common_rhr,DRD1,GlobusPallidus,0.07537922744692814,0.04241516394024447
GLOBAL_JOINT_CONTINUOUS_PCA,DRD1|EXACT_SINGLE_PROTEIN|HSAMP_5c090f15f3e5194312a7e8ed|HUMAN_BIOGPS_GNF1H_GCRMA_77_TISSUE_DDOF1,strict18_common_rhr,DRD1,MedullaOblongata,0.048371241582092314,0.021829951825593576
GLOBAL_JOINT_CONTINUOUS_PCA,DRD1|EXACT_SINGLE_PROTEIN|HSAMP_752ebc880edc13bb4e2b2de8|HUMAN_BIOGPS_GNF1H_GCRMA_77_TISSUE_DDOF1,strict18_common_rhr,DRD1,PrefrontalCortex,-0.03597128099609096,-0.017468308790795504
GLOBAL_JOINT_CONTINUOUS_PCA,DRD1|EXACT_SINGLE_PROTEIN|HSAMP_7725bb8a75064c4d7246d9ba|HUMAN_BIOGPS_GNF1H_GCRMA_77_TISSUE_DDOF1,strict18_common_rhr,DRD1,OccipitalLobe,0.03155153448477931,0.011271713972819326
GLOBAL_JOINT_CONTINUOUS_PCA,DRD1|EXACT_SINGLE_PROTEIN|HSAMP_8ed020260a1d25cf72324c8a|HUMAN_BIOGPS_GNF1H_GCRMA_77_TISSUE_DDOF1,strict18_common_rhr,DRD1,Hypothalamus,-0.0016440158702251486,-0.0006670201592781652
GLOBAL_JOINT_CONTINUOUS_PCA,DRD1|EXACT_SINGLE_PROTEIN|HSAMP_936b77a4b11b5c19027de438|HUMAN_BIOGPS_GNF1H_GCRMA_77_TISSUE_DDOF1,strict18_common_rhr,DRD1,Spinalcord,-0.004815459655921413,-0.002092716195304181
GLOBAL_JOINT_CONTINUOUS_PCA,DRD1|EXACT_SINGLE_PROTEIN|HSAMP_9aa72e4fb1ff63e1792b1ec7|HUMAN_BIOGPS_GNF1H_GCRMA_77_TISSUE_DDOF1,strict18_common_rhr,DRD1,Cerebellum,0.0739528629153712,0.04168980327132415
GLOBAL_JOINT_CONTINUOUS_PCA,DRD1|EXACT_SINGLE_PROTEIN|HSAMP_a32ce488a48b0df9b8c4c40a|HUMAN_BIOGPS_GNF1H_GCRMA_77_TISSUE_DDOF1,strict18_common_rhr,DRD1,Caudatenucleus,-0.05055873736902537,0.028842517672406816
GLOBAL_JOINT_CONTINUOUS_PCA,DRD1|EXACT_SINGLE_PROTEIN|HSAMP_d99ba5ea584363f8600ade55|HUMAN_BIOGPS_GNF1H_GCRMA_77_TISSUE_DDOF1,strict18_common_rhr,DRD1,CingulateCortex,-0.0032083186750678336,-0.002424286743613613
GLOBAL_JOINT_CONTINUOUS_PCA,DRD1|EXACT_SINGLE_PROTEIN|HSAMP_e75262fc0acfda69d976a6d3|HUMAN_BIOGPS_GNF1H_GCRMA_77_TISSUE_DDOF1,strict18_common_rhr,DRD1,ParietalLobe,-0.011938747038895015,-0.005466373878698301
GLOBAL_JOINT_CONTINUOUS_PCA,DRD1|EXACT_SINGLE_PROTEIN|HSAMP_eb2587e74e2d6457032d4ae7|HUMAN_BIOGPS_GNF1H_GCRMA_77_TISSUE_DDOF1,strict18_common_rhr,DRD1,TemporalLobe,0.04139555964595318,0.014557920222997421
GLOBAL_JOINT_CONTINUOUS_PCA,DRD1|EXACT_SINGLE_PROTEIN|HSAMP_f43595f3557cf05e6a721aeb|HUMAN_BIOGPS_GNF1H_GCRMA_77_TISSUE_DDOF1,strict18_common_rhr,DRD1,Thalamus,0.0061420293723142665,0.0016881368838555268
GLOBAL_JOINT_CONTINUOUS_PCA,DRD1|EXACT_SINGLE_PROTEIN|HSAMP_ff841df7ecd9f2c8ea2660f5|HUMAN_BIOGPS_GNF1H_GCRMA_77_TISSUE_DDOF1,strict18_common_rhr,DRD1,OlfactoryBulb,0.08082260495342601,0.04671932200654936
GLOBAL_JOINT_CONTINUOUS_PCA,DRD2|EXACT_SINGLE_PROTEIN|HSAMP_06645e2e8409a5b743985cdd|HUMAN_BIOGPS_GNF1H_GCRMA_77_TISSUE_DDOF1,strict18_common_rhr,DRD2,Wholebrain,0.08919165252817557,0.17414332508140923
GLOBAL_JOINT_CONTINUOUS_PCA,DRD2|EXACT_SINGLE_PROTEIN|HSAMP_0cb8b4d1db8c390eeeecca55|HUMAN_BIOGPS_GNF1H_GCRMA_77_TISSUE_DDOF1,strict18_common_rhr,DRD2,Pons,-0.03315442211037193,-0.06468428256599017
GLOBAL_JOINT_CONTINUOUS_PCA,DRD2|EXACT_SINGLE_PROTEIN|HSAMP_13a552b6ffc4aac3b85a50ca|HUMAN_BIOGPS_GNF1H_GCRMA_77_TISSUE_DDOF1,strict18_common_rhr,DRD2,Amygdala,-0.004273690570362429,-0.0084026336996092
GLOBAL_JOINT_CONTINUOUS_PCA,DRD2|EXACT_SINGLE_PROTEIN|HSAMP_192dff4b8df5862a227b1163|HUMAN_BIOGPS_GNF1H_GCRMA_77_TISSUE_DDOF1,strict18_common_rhr,DRD2,SubthalamicNucleus,-0.01943482124478657,-0.04115810735147761
GLOBAL_JOINT_CONTINUOUS_PCA,DRD2|EXACT_SINGLE_PROTEIN|HSAMP_20b60708f05d03c76f9fe702|HUMAN_BIOGPS_GNF1H_GCRMA_77_TISSUE_DDOF1,strict18_common_rhr,DRD2,CerebellumPeduncles,-0.025544452936687948,-0.051632046441033336
GLOBAL_JOINT_CONTINUOUS_PCA,DRD2|EXACT_SINGLE_PROTEIN|HSAMP_374f872ebf1bbba2be514f9f|HUMAN_BIOGPS_GNF1H_GCRMA_77_TISSUE_DDOF1,strict18_common_rhr,DRD2,GlobusPallidus,0.1317613752984821,0.262686076587354
GLOBAL_JOINT_CONTINUOUS_PCA,DRD2|EXACT_SINGLE_PROTEIN|HSAMP_5c090f15f3e5194312a7e8ed|HUMAN_BIOGPS_GNF1H_GCRMA_77_TISSUE_DDOF1,strict18_common_rhr,DRD2,MedullaOblongata,-0.029700221766059198,-0.058565004056558435
GLOBAL_JOINT_CONTINUOUS_PCA,DRD2|EXACT_SINGLE_PROTEIN|HSAMP_752ebc880edc13bb4e2b2de8|HUMAN_BIOGPS_GNF1H_GCRMA_77_TISSUE_DDOF1,strict18_common_rhr,DRD2,PrefrontalCortex,-0.04437706178484997,-0.09322871586720652
GLOBAL_JOINT_CONTINUOUS_PCA,DRD2|EXACT_SINGLE_PROTEIN|HSAMP_7725bb8a75064c4d7246d9ba|HUMAN_BIOGPS_GNF1H_GCRMA_77_TISSUE_DDOF1,strict18_common_rhr,DRD2,OccipitalLobe,0.06820705625144205,0.14062761349209796
GLOBAL_JOINT_CONTINUOUS_PCA,DRD2|EXACT_SINGLE_PROTEIN|HSAMP_8ed020260a1d25cf72324c8a|HUMAN_BIOGPS_GNF1H_GCRMA_77_TISSUE_DDOF1,strict18_common_rhr,DRD2,Hypothalamus,-0.019421650140911233,-0.04115767596670732
GLOBAL_JOINT_CONTINUOUS_PCA,DRD2|EXACT_SINGLE_PROTEIN|HSAMP_936b77a4b11b5c19027de438|HUMAN_BIOGPS_GNF1H_GCRMA_77_TISSUE_DDOF1,strict18_common_rhr,DRD2,Spinalcord,-0.013852416662993878,-0.0298204093462588
GLOBAL_JOINT_CONTINUOUS_PCA,DRD2|EXACT_SINGLE_PROTEIN|HSAMP_9aa72e4fb1ff63e1792b1ec7|HUMAN_BIOGPS_GNF1H_GCRMA_77_TISSUE_DDOF1,strict18_common_rhr,DRD2,Cerebellum,0.10475440836382069,0.20502304729778945
GLOBAL_JOINT_CONTINUOUS_PCA,DRD2|EXACT_SINGLE_PROTEIN|HSAMP_a32ce488a48b0df9b8c4c40a|HUMAN_BIOGPS_GNF1H_GCRMA_77_TISSUE_DDOF1,strict18_common_rhr,DRD2,Caudatenucleus,-0.050918015792326264,-0.10952205692766717
GLOBAL_JOINT_CONTINUOUS_PCA,DRD2|EXACT_SINGLE_PROTEIN|HSAMP_d99ba5ea584363f8600ade55|HUMAN_BIOGPS_GNF1H_GCRMA_77_TISSUE_DDOF1,strict18_common_rhr,DRD2,CingulateCortex,-0.022608139359591602,-0.04764928072801576
GLOBAL_JOINT_CONTINUOUS_PCA,DRD2|EXACT_SINGLE_PROTEIN|HSAMP_e75262fc0acfda69d976a6d3|HUMAN_BIOGPS_GNF1H_GCRMA_77_TISSUE_DDOF1,strict18_common_rhr,DRD2,ParietalLobe,-0.009160938877010605,-0.017662356597776888
GLOBAL_JOINT_CONTINUOUS_PCA,DRD2|EXACT_SINGLE_PROTEIN|HSAMP_eb2587e74e2d6457032d4ae7|HUMAN_BIOGPS_GNF1H_GCRMA_77_TISSUE_DDOF1,strict18_common_rhr,DRD2,TemporalLobe,0.06076116745751686,0.12924122618287473
GLOBAL_JOINT_CONTINUOUS_PCA,DRD2|EXACT_SINGLE_PROTEIN|HSAMP_f43595f3557cf05e6a721aeb|HUMAN_BIOGPS_GNF1H_GCRMA_77_TISSUE_DDOF1,strict18_common_rhr,DRD2,Thalamus,-0.010913358244594237,-0.02224571278556843
GLOBAL_JOINT_CONTINUOUS_PCA,DRD2|EXACT_SINGLE_PROTEIN|HSAMP_ff841df7ecd9f2c8ea2660f5|HUMAN_BIOGPS_GNF1H_GCRMA_77_TISSUE_DDOF1,strict18_common_rhr,DRD2,OlfactoryBulb,0.1124877650643987,0.2191027305161579
GLOBAL_JOINT_CONTINUOUS_PCA,DRD3|EXACT_SINGLE_PROTEIN|HSAMP_06645e2e8409a5b743985cdd|HUMAN_BIOGPS_GNF1H_GCRMA_77_TISSUE_DDOF1,strict18_common_rhr,DRD3,Wholebrain,0.09539390677875427,0.16948224663237657
GLOBAL_JOINT_CONTINUOUS_PCA,DRD3|EXACT_SINGLE_PROTEIN|HSAMP_0cb8b4d1db8c390eeeecca55|HUMAN_BIOGPS_GNF1H_GCRMA_77_TISSUE_DDOF1,strict18_common_rhr,DRD3,Pons,0.022955844804059985,0.04007046094577907
GLOBAL_JOINT_CONTINUOUS_PCA,DRD3|EXACT_SINGLE_PROTEIN|HSAMP_13a552b6ffc4aac3b85a50ca|HUMAN_BIOGPS_GNF1H_GCRMA_77_TISSUE_DDOF1,strict18_common_rhr,DRD3,Amygdala,0.020757869899377612,0.03927103818139404
GLOBAL_JOINT_CONTINUOUS_PCA,DRD3|EXACT_SINGLE_PROTEIN|HSAMP_192dff4b8df5862a227b1163|HUMAN_BIOGPS_GNF1H_GCRMA_77_TISSUE_DDOF1,strict18_common_rhr,DRD3,SubthalamicNucleus,0.028235466104403938,0.04576562800826448
GLOBAL_JOINT_CONTINUOUS_PCA,DRD3|EXACT_SINGLE_PROTEIN|HSAMP_20b60708f05d03c76f9fe702|HUMAN_BIOGPS_GNF1H_GCRMA_77_TISSUE_DDOF1,strict18_common_rhr,DRD3,CerebellumPeduncles,-0.043384062703763625,-0.07926379872444335
GLOBAL_JOINT_CONTINUOUS_PCA,DRD3|EXACT_SINGLE_PROTEIN|HSAMP_374f872ebf1bbba2be514f9f|HUMAN_BIOGPS_GNF1H_GCRMA_77_TISSUE_DDOF1,strict18_common_rhr,DRD3,GlobusPallidus,0.08105273846226799,0.1458286469032586
GLOBAL_JOINT_CONTINUOUS_PCA,DRD3|EXACT_SINGLE_PROTEIN|HSAMP_5c090f15f3e5194312a7e8ed|HUMAN_BIOGPS_GNF1H_GCRMA_77_TISSUE_DDOF1,strict18_common_rhr,DRD3,MedullaOblongata,0.06452618250300914,0.12250117438197791
GLOBAL_JOINT_CONTINUOUS_PCA,DRD3|EXACT_SINGLE_PROTEIN|HSAMP_752ebc880edc13bb4e2b2de8|HUMAN_BIOGPS_GNF1H_GCRMA_77_TISSUE_DDOF1,strict18_common_rhr,DRD3,PrefrontalCortex,-0.03205511991557099,-0.05753142158586863
GLOBAL_JOINT_CONTINUOUS_PCA,DRD3|EXACT_SINGLE_PROTEIN|HSAMP_7725bb8a75064c4d7246d9ba|HUMAN_BIOGPS_GNF1H_GCRMA_77_TISSUE_DDOF1,strict18_common_rhr,DRD3,OccipitalLobe,0.05824230556493858,0.11199525589790563
GLOBAL_JOINT_CONTINUOUS_PCA,DRD3|EXACT_SINGLE_PROTEIN|HSAMP_8ed020260a1d25cf72324c8a|HUMAN_BIOGPS_GNF1H_GCRMA_77_TISSUE_DDOF1,strict18_common_rhr,DRD3,Hypothalamus,-0.010279931511412464,-0.017707274797482964
GLOBAL_JOINT_CONTINUOUS_PCA,DRD3|EXACT_SINGLE_PROTEIN|HSAMP_936b77a4b11b5c19027de438|HUMAN_BIOGPS_GNF1H_GCRMA_77_TISSUE_DDOF1,strict18_common_rhr,DRD3,Spinalcord,-0.014350288662033785,-0.02750070980889661
GLOBAL_JOINT_CONTINUOUS_PCA,DRD3|EXACT_SINGLE_PROTEIN|HSAMP_9aa72e4fb1ff63e1792b1ec7|HUMAN_BIOGPS_GNF1H_GCRMA_77_TISSUE_DDOF1,strict18_common_rhr,DRD3,Cerebellum,0.09209502165965235,0.16362380448008965
GLOBAL_JOINT_CONTINUOUS_PCA,DRD3|EXACT_SINGLE_PROTEIN|HSAMP_a32ce488a48b0df9b8c4c40a|HUMAN_BIOGPS_GNF1H_GCRMA_77_TISSUE_DDOF1,strict18_common_rhr,DRD3,Caudatenucleus,0.05965873373641183,0.11448819020558182
GLOBAL_JOINT_CONTINUOUS_PCA,DRD3|EXACT_SINGLE_PROTEIN|HSAMP_d99ba5ea584363f8600ade55|HUMAN_BIOGPS_GNF1H_GCRMA_77_TISSUE_DDOF1,strict18_common_rhr,DRD3,CingulateCortex,-0.0008280816522115054,-0.0012972220064504181
GLOBAL_JOINT_CONTINUOUS_PCA,DRD3|EXACT_SINGLE_PROTEIN|HSAMP_e75262fc0acfda69d976a6d3|HUMAN_BIOGPS_GNF1H_GCRMA_77_TISSUE_DDOF1,strict18_common_rhr,DRD3,ParietalLobe,-0.0207843565818878,-0.04015965802627301
GLOBAL_JOINT_CONTINUOUS_PCA,DRD3|EXACT_SINGLE_PROTEIN|HSAMP_eb2587e74e2d6457032d4ae7|HUMAN_BIOGPS_GNF1H_GCRMA_77_TISSUE_DDOF1,strict18_common_rhr,DRD3,TemporalLobe,0.049378230792280306,0.09229416055804632
GLOBAL_JOINT_CONTINUOUS_PCA,DRD3|EXACT_SINGLE_PROTEIN|HSAMP_f43595f3557cf05e6a721aeb|HUMAN_BIOGPS_GNF1H_GCRMA_77_TISSUE_DDOF1,strict18_common_rhr,DRD3,Thalamus,-0.0026623137283901797,-0.005570966780080831
GLOBAL_JOINT_CONTINUOUS_PCA,DRD3|EXACT_SINGLE_PROTEIN|HSAMP_ff841df7ecd9f2c8ea2660f5|HUMAN_BIOGPS_GNF1H_GCRMA_77_TISSUE_DDOF1,strict18_common_rhr,DRD3,OlfactoryBulb,0.10067172266465022,0.17809182828806894
GLOBAL_JOINT_CONTINUOUS_PCA,ESR1|EXACT_SINGLE_PROTEIN|HSAMP_06645e2e8409a5b743985cdd|HUMAN_BIOGPS_GNF1H_GCRMA_77_TISSUE_DDOF1,strict18_common_rhr,ESR1,Wholebrain,0.05792345767050464,-0.0460806119902932
GLOBAL_JOINT_CONTINUOUS_PCA,ESR1|EXACT_SINGLE_PROTEIN|HSAMP_0cb8b4d1db8c390eeeecca55|HUMAN_BIOGPS_GNF1H_GCRMA_77_TISSUE_DDOF1,strict18_common_rhr,ESR1,Pons,-0.0037265601389027416,0.0029135157647655857
GLOBAL_JOINT_CONTINUOUS_PCA,ESR1|EXACT_SINGLE_PROTEIN|HSAMP_13a552b6ffc4aac3b85a50ca|HUMAN_BIOGPS_GNF1H_GCRMA_77_TISSUE_DDOF1,strict18_common_rhr,ESR1,Amygdala,-0.002025869061533222,0.0016091860206699446
GLOBAL_JOINT_CONTINUOUS_PCA,ESR1|EXACT_SINGLE_PROTEIN|HSAMP_192dff4b8df5862a227b1163|HUMAN_BIOGPS_GNF1H_GCRMA_77_TISSUE_DDOF1,strict18_common_rhr,ESR1,SubthalamicNucleus,0.03665209686503455,-0.029019461198275923
GLOBAL_JOINT_CONTINUOUS_PCA,ESR1|EXACT_SINGLE_PROTEIN|HSAMP_20b60708f05d03c76f9fe702|HUMAN_BIOGPS_GNF1H_GCRMA_77_TISSUE_DDOF1,strict18_common_rhr,ESR1,CerebellumPeduncles,-0.022358380676056853,0.01758456938576024
GLOBAL_JOINT_CONTINUOUS_PCA,ESR1|EXACT_SINGLE_PROTEIN|HSAMP_374f872ebf1bbba2be514f9f|HUMAN_BIOGPS_GNF1H_GCRMA_77_TISSUE_DDOF1,strict18_common_rhr,ESR1,GlobusPallidus,0.059566253552710155,-0.04735660783441087
GLOBAL_JOINT_CONTINUOUS_PCA,ESR1|EXACT_SINGLE_PROTEIN|HSAMP_5c090f15f3e5194312a7e8ed|HUMAN_BIOGPS_GNF1H_GCRMA_77_TISSUE_DDOF1,strict18_common_rhr,ESR1,MedullaOblongata,0.04360465489003108,-0.03461310258453756
GLOBAL_JOINT_CONTINUOUS_PCA,ESR1|EXACT_SINGLE_PROTEIN|HSAMP_752ebc880edc13bb4e2b2de8|HUMAN_BIOGPS_GNF1H_GCRMA_77_TISSUE_DDOF1,strict18_common_rhr,ESR1,PrefrontalCortex,-0.03952854590600946,0.031165291435251704
GLOBAL_JOINT_CONTINUOUS_PCA,ESR1|EXACT_SINGLE_PROTEIN|HSAMP_7725bb8a75064c4d7246d9ba|HUMAN_BIOGPS_GNF1H_GCRMA_77_TISSUE_DDOF1,strict18_common_rhr,ESR1,OccipitalLobe,0.041377286081858054,-0.032821104260647306
GLOBAL_JOINT_CONTINUOUS_PCA,ESR1|EXACT_SINGLE_PROTEIN|HSAMP_8ed020260a1d25cf72324c8a|HUMAN_BIOGPS_GNF1H_GCRMA_77_TISSUE_DDOF1,strict18_common_rhr,ESR1,Hypothalamus,-0.009138104448957964,0.007266649657264536
GLOBAL_JOINT_CONTINUOUS_PCA,ESR1|EXACT_SINGLE_PROTEIN|HSAMP_936b77a4b11b5c19027de438|HUMAN_BIOGPS_GNF1H_GCRMA_77_TISSUE_DDOF1,strict18_common_rhr,ESR1,Spinalcord,-0.006662988629290141,0.0052620273706944455
GLOBAL_JOINT_CONTINUOUS_PCA,ESR1|EXACT_SINGLE_PROTEIN|HSAMP_9aa72e4fb1ff63e1792b1ec7|HUMAN_BIOGPS_GNF1H_GCRMA_77_TISSUE_DDOF1,strict18_common_rhr,ESR1,Cerebellum,0.05792345767050464,-0.0460806119902932
GLOBAL_JOINT_CONTINUOUS_PCA,ESR1|EXACT_SINGLE_PROTEIN|HSAMP_a32ce488a48b0df9b8c4c40a|HUMAN_BIOGPS_GNF1H_GCRMA_77_TISSUE_DDOF1,strict18_common_rhr,ESR1,Caudatenucleus,0.041377286081858054,-0.032821104260647306
GLOBAL_JOINT_CONTINUOUS_PCA,ESR1|EXACT_SINGLE_PROTEIN|HSAMP_d99ba5ea584363f8600ade55|HUMAN_BIOGPS_GNF1H_GCRMA_77_TISSUE_DDOF1,strict18_common_rhr,ESR1,CingulateCortex,-0.002025869061533222,0.0016091860206699446
GLOBAL_JOINT_CONTINUOUS_PCA,ESR1|EXACT_SINGLE_PROTEIN|HSAMP_e75262fc0acfda69d976a6d3|HUMAN_BIOGPS_GNF1H_GCRMA_77_TISSUE_DDOF1,strict18_common_rhr,ESR1,ParietalLobe,-0.012925398171075493,0.010256875976275
GLOBAL_JOINT_CONTINUOUS_PCA,ESR1|EXACT_SINGLE_PROTEIN|HSAMP_eb2587e74e2d6457032d4ae7|HUMAN_BIOGPS_GNF1H_GCRMA_77_TISSUE_DDOF1,strict18_common_rhr,ESR1,TemporalLobe,0.014225647377396507,-0.010864029709670408
GLOBAL_JOINT_CONTINUOUS_PCA,ESR1|EXACT_SINGLE_PROTEIN|HSAMP_f43595f3557cf05e6a721aeb|HUMAN_BIOGPS_GNF1H_GCRMA_77_TISSUE_DDOF1,strict18_common_rhr,ESR1,Thalamus,-0.0037265601389027416,0.0029135157647655857
GLOBAL_JOINT_CONTINUOUS_PCA,ESR1|EXACT_SINGLE_PROTEIN|HSAMP_ff841df7ecd9f2c8ea2660f5|HUMAN_BIOGPS_GNF1H_GCRMA_77_TISSUE_DDOF1,strict18_common_rhr,ESR1,OlfactoryBulb,0.05366955582296836,-0.0426929819501379
GLOBAL_JOINT_CONTINUOUS_PCA,GABRA1|EXACT_SINGLE_PROTEIN|HSAMP_06645e2e8409a5b743985cdd|HUMAN_BIOGPS_GNF1H_GCRMA_77_TISSUE_DDOF1,strict18_common_rhr,GABRA1,Wholebrain,-0.05947487327883889,0.040338172375518615
GLOBAL_JOINT_CONTINUOUS_PCA,GABRA1|EXACT_SINGLE_PROTEIN|HSAMP_0cb8b4d1db8c390eeeecca55|HUMAN_BIOGPS_GNF1H_GCRMA_77_TISSUE_DDOF1,strict18_common_rhr,GABRA1,Pons,-0.00876522236410728,0.005944914736941594
GLOBAL_JOINT_CONTINUOUS_PCA,GABRA1|EXACT_SINGLE_PROTEIN|HSAMP_13a552b6ffc4aac3b85a50ca|HUMAN_BIOGPS_GNF1H_GCRMA_77_TISSUE_DDOF1,strict18_common_rhr,GABRA1,Amygdala,-0.044764552431607534,0.0303610606084569
GLOBAL_JOINT_CONTINUOUS_PCA,GABRA1|EXACT_SINGLE_PROTEIN|HSAMP_192dff4b8df5862a227b1163|HUMAN_BIOGPS_GNF1H_GCRMA_77_TISSUE_DDOF1,strict18_common_rhr,GABRA1,SubthalamicNucleus,-0.02197550377556797,0.014904641413555143
GLOBAL_JOINT_CONTINUOUS_PCA,GABRA1|EXACT_SINGLE_PROTEIN|HSAMP_20b60708f05d03c76f9fe702|HUMAN_BIOGPS_GNF1H_GCRMA_77_TISSUE_DDOF1,strict18_common_rhr,GABRA1,CerebellumPeduncles,-0.030698342379105348,0.020820809835531542
GLOBAL_JOINT_CONTINUOUS_PCA,GABRA1|EXACT_SINGLE_PROTEIN|HSAMP_374f872ebf1bbba2be514f9f|HUMAN_BIOGPS_GNF1H_GCRMA_77_TISSUE_DDOF1,strict18_common_rhr,GABRA1,GlobusPallidus,-0.032838318186317,0.022272224663874525
GLOBAL_JOINT_CONTINUOUS_PCA,GABRA1|EXACT_SINGLE_PROTEIN|HSAMP_5c090f15f3e5194312a7e8ed|HUMAN_BIOGPS_GNF1H_GCRMA_77_TISSUE_DDOF1,strict18_common_rhr,GABRA1,MedullaOblongata,-0.044642546930955,0.030278311732422947
GLOBAL_JOINT_CONTINUOUS_PCA,GABRA1|EXACT_SINGLE_PROTEIN|HSAMP_752ebc880edc13bb4e2b2de8|HUMAN_BIOGPS_GNF1H_GCRMA_77_TISSUE_DDOF1,strict18_common_rhr,GABRA1,PrefrontalCortex,-0.05595400293363535,0.037950181160626845
GLOBAL_JOINT_CONTINUOUS_PCA,GABRA1|EXACT_SINGLE_PROTEIN|HSAMP_7725bb8a75064c4d7246d9ba|HUMAN_BIOGPS_GNF1H_GCRMA_77_TISSUE_DDOF1,strict18_common_rhr,GABRA1,OccipitalLobe,-0.06517089499761644,0.044201435856039285
GLOBAL_JOINT_CONTINUOUS_PCA,GABRA1|EXACT_SINGLE_PROTEIN|HSAMP_8ed020260a1d25cf72324c8a|HUMAN_BIOGPS_GNF1H_GCRMA_77_TISSUE_DDOF1,strict18_common_rhr,GABRA1,Hypothalamus,-0.021208295558046906,0.014384290959318953
GLOBAL_JOINT_CONTINUOUS_PCA,GABRA1|EXACT_SINGLE_PROTEIN|HSAMP_936b77a4b11b5c19027de438|HUMAN_BIOGPS_GNF1H_GCRMA_77_TISSUE_DDOF1,strict18_common_rhr,GABRA1,Spinalcord,0.033774668978132645,-0.022907294190918935
GLOBAL_JOINT_CONTINUOUS_PCA,GABRA1|EXACT_SINGLE_PROTEIN|HSAMP_9aa72e4fb1ff63e1792b1ec7|HUMAN_BIOGPS_GNF1H_GCRMA_77_TISSUE_DDOF1,strict18_common_rhr,GABRA1,Cerebellum,0.018572178400761988,-0.01259637376958269
GLOBAL_JOINT_CONTINUOUS_PCA,GABRA1|EXACT_SINGLE_PROTEIN|HSAMP_a32ce488a48b0df9b8c4c40a|HUMAN_BIOGPS_GNF1H_GCRMA_77_TISSUE_DDOF1,strict18_common_rhr,GABRA1,Caudatenucleus,0.034977508207857805,-0.02372310654181237
GLOBAL_JOINT_CONTINUOUS_PCA,GABRA1|EXACT_SINGLE_PROTEIN|HSAMP_d99ba5ea584363f8600ade55|HUMAN_BIOGPS_GNF1H_GCRMA_77_TISSUE_DDOF1,strict18_common_rhr,GABRA1,CingulateCortex,-0.04289257508163269,0.029091412757803987
GLOBAL_JOINT_CONTINUOUS_PCA,GABRA1|EXACT_SINGLE_PROTEIN|HSAMP_e75262fc0acfda69d976a6d3|HUMAN_BIOGPS_GNF1H_GCRMA_77_TISSUE_DDOF1,strict18_common_rhr,GABRA1,ParietalLobe,-0.06010397667569904,0.040764854768696776
GLOBAL_JOINT_CONTINUOUS_PCA,GABRA1|EXACT_SINGLE_PROTEIN|HSAMP_eb2587e74e2d6457032d4ae7|HUMAN_BIOGPS_GNF1H_GCRMA_77_TISSUE_DDOF1,strict18_common_rhr,GABRA1,TemporalLobe,-0.01278992947044319,0.008674627640325339
GLOBAL_JOINT_CONTINUOUS_PCA,GABRA1|EXACT_SINGLE_PROTEIN|HSAMP_f43595f3557cf05e6a721aeb|HUMAN_BIOGPS_GNF1H_GCRMA_77_TISSUE_DDOF1,strict18_common_rhr,GABRA1,Thalamus,0.033493634416959635,-0.0227166856204909
GLOBAL_JOINT_CONTINUOUS_PCA,GABRA1|EXACT_SINGLE_PROTEIN|HSAMP_ff841df7ecd9f2c8ea2660f5|HUMAN_BIOGPS_GNF1H_GCRMA_77_TISSUE_DDOF1,strict18_common_rhr,GABRA1,OlfactoryBulb,0.03528211301428315,-0.023929701369352095
GLOBAL_JOINT_CONTINUOUS_PCA,GRIN1|EXACT_SINGLE_PROTEIN|HSAMP_06645e2e8409a5b743985cdd|HUMAN_BIOGPS_GNF1H_GCRMA_77_TISSUE_DDOF1,strict18_common_rhr,GRIN1,Wholebrain,-0.030650111441146165,0.0011695254107978302
GLOBAL_JOINT_CONTINUOUS_PCA,GRIN1|EXACT_SINGLE_PROTEIN|HSAMP_0cb8b4d1db8c390eeeecca55|HUMAN_BIOGPS_GNF1H_GCRMA_77_TISSUE_DDOF1,strict18_common_rhr,GRIN1,Pons,-0.009998062135146835,0.01556655836421632
GLOBAL_JOINT_CONTINUOUS_PCA,GRIN1|EXACT_SINGLE_PROTEIN|HSAMP_13a552b6ffc4aac3b85a50ca|HUMAN_BIOGPS_GNF1H_GCRMA_77_TISSUE_DDOF1,strict18_common_rhr,GRIN1,Amygdala,-0.061746500246116845,0.025945462837983498
GLOBAL_JOINT_CONTINUOUS_PCA,GRIN1|EXACT_SINGLE_PROTEIN|HSAMP_192dff4b8df5862a227b1163|HUMAN_BIOGPS_GNF1H_GCRMA_77_TISSUE_DDOF1,strict18_common_rhr,GRIN1,SubthalamicNucleus,0.0040955267438404965,0.015486050848602795
GLOBAL_JOINT_CONTINUOUS_PCA,GRIN1|EXACT_SINGLE_PROTEIN|HSAMP_20b60708f05d03c76f9fe702|HUMAN_BIOGPS_GNF1H_GCRMA_77_TISSUE_DDOF1,strict18_common_rhr,GRIN1,CerebellumPeduncles,0.013382697654717723,-0.013540546518942096
GLOBAL_JOINT_CONTINUOUS_PCA,GRIN1|EXACT_SINGLE_PROTEIN|HSAMP_374f872ebf1bbba2be514f9f|HUMAN_BIOGPS_GNF1H_GCRMA_77_TISSUE_DDOF1,strict18_common_rhr,GRIN1,GlobusPallidus,0.033999633599501,0.001361963298277839
GLOBAL_JOINT_CONTINUOUS_PCA,GRIN1|EXACT_SINGLE_PROTEIN|HSAMP_5c090f15f3e5194312a7e8ed|HUMAN_BIOGPS_GNF1H_GCRMA_77_TISSUE_DDOF1,strict18_common_rhr,GRIN1,MedullaOblongata,-0.026284830293042388,0.012868248164019673
GLOBAL_JOINT_CONTINUOUS_PCA,GRIN1|EXACT_SINGLE_PROTEIN|HSAMP_752ebc880edc13bb4e2b2de8|HUMAN_BIOGPS_GNF1H_GCRMA_77_TISSUE_DDOF1,strict18_common_rhr,GRIN1,PrefrontalCortex,-0.06676820863363386,0.037879746801050336
GLOBAL_JOINT_CONTINUOUS_PCA,GRIN1|EXACT_SINGLE_PROTEIN|HSAMP_7725bb8a75064c4d7246d9ba|HUMAN_BIOGPS_GNF1H_GCRMA_77_TISSUE_DDOF1,strict18_common_rhr,GRIN1,OccipitalLobe,0.018756495629614015,-0.009777153226072937
GLOBAL_JOINT_CONTINUOUS_PCA,GRIN1|EXACT_SINGLE_PROTEIN|HSAMP_8ed020260a1d25cf72324c8a|HUMAN_BIOGPS_GNF1H_GCRMA_77_TISSUE_DDOF1,strict18_common_rhr,GRIN1,Hypothalamus,0.0009046536424329422,0.012665805905854643
GLOBAL_JOINT_CONTINUOUS_PCA,GRIN1|EXACT_SINGLE_PROTEIN|HSAMP_936b77a4b11b5c19027de438|HUMAN_BIOGPS_GNF1H_GCRMA_77_TISSUE_DDOF1,strict18_common_rhr,GRIN1,Spinalcord,0.01694197346016371,-0.010234020985631365
GLOBAL_JOINT_CONTINUOUS_PCA,GRIN1|EXACT_SINGLE_PROTEIN|HSAMP_9aa72e4fb1ff63e1792b1ec7|HUMAN_BIOGPS_GNF1H_GCRMA_77_TISSUE_DDOF1,strict18_common_rhr,GRIN1,Cerebellum,0.020052992642717447,0.007329157996128425
GLOBAL_JOINT_CONTINUOUS_PCA,GRIN1|EXACT_SINGLE_PROTEIN|HSAMP_a32ce488a48b0df9b8c4c40a|HUMAN_BIOGPS_GNF1H_GCRMA_77_TISSUE_DDOF1,strict18_common_rhr,GRIN1,Caudatenucleus,-0.006411666529024985,0.023352718342778713
GLOBAL_JOINT_CONTINUOUS_PCA,GRIN1|EXACT_SINGLE_PROTEIN|HSAMP_d99ba5ea584363f8600ade55|HUMAN_BIOGPS_GNF1H_GCRMA_77_TISSUE_DDOF1,strict18_common_rhr,GRIN1,CingulateCortex,0.017471787662980503,0.011796640878278778
GLOBAL_JOINT_CONTINUOUS_PCA,GRIN1|EXACT_SINGLE_PROTEIN|HSAMP_e75262fc0acfda69d976a6d3|HUMAN_BIOGPS_GNF1H_GCRMA_77_TISSUE_DDOF1,strict18_common_rhr,GRIN1,ParietalLobe,0.013560064727193694,-0.01334187888027643
GLOBAL_JOINT_CONTINUOUS_PCA,GRIN1|EXACT_SINGLE_PROTEIN|HSAMP_eb2587e74e2d6457032d4ae7|HUMAN_BIOGPS_GNF1H_GCRMA_77_TISSUE_DDOF1,strict18_common_rhr,GRIN1,TemporalLobe,-0.015290087302944655,0.000704071159763913
GLOBAL_JOINT_CONTINUOUS_PCA,GRIN1|EXACT_SINGLE_PROTEIN|HSAMP_f43595f3557cf05e6a721aeb|HUMAN_BIOGPS_GNF1H_GCRMA_77_TISSUE_DDOF1,strict18_common_rhr,GRIN1,Thalamus,0.020073298533634792,-0.00896889781619464
GLOBAL_JOINT_CONTINUOUS_PCA,GRIN1|EXACT_SINGLE_PROTEIN|HSAMP_ff841df7ecd9f2c8ea2660f5|HUMAN_BIOGPS_GNF1H_GCRMA_77_TISSUE_DDOF1,strict18_common_rhr,GRIN1,OlfactoryBulb,0.02907322003554334,-0.019781044335972015
GLOBAL_JOINT_CONTINUOUS_PCA,GRIN2A|EXACT_SINGLE_PROTEIN|HSAMP_06645e2e8409a5b743985cdd|HUMAN_BIOGPS_GNF1H_GCRMA_77_TISSUE_DDOF1,strict18_common_rhr,GRIN2A,Wholebrain,0.048684537947564374,-0.018047181642059876
GLOBAL_JOINT_CONTINUOUS_PCA,GRIN2A|EXACT_SINGLE_PROTEIN|HSAMP_0cb8b4d1db8c390eeeecca55|HUMAN_BIOGPS_GNF1H_GCRMA_77_TISSUE_DDOF1,strict18_common_rhr,GRIN2A,Pons,-0.04813706934954624,0.021108406611698795
GLOBAL_JOINT_CONTINUOUS_PCA,GRIN2A|EXACT_SINGLE_PROTEIN|HSAMP_13a552b6ffc4aac3b85a50ca|HUMAN_BIOGPS_GNF1H_GCRMA_77_TISSUE_DDOF1,strict18_common_rhr,GRIN2A,Amygdala,0.017926010986622654,0.013240373427493663
GLOBAL_JOINT_CONTINUOUS_PCA,GRIN2A|EXACT_SINGLE_PROTEIN|HSAMP_192dff4b8df5862a227b1163|HUMAN_BIOGPS_GNF1H_GCRMA_77_TISSUE_DDOF1,strict18_common_rhr,GRIN2A,SubthalamicNucleus,-0.06796683381255297,0.037901863989582084
GLOBAL_JOINT_CONTINUOUS_PCA,GRIN2A|EXACT_SINGLE_PROTEIN|HSAMP_20b60708f05d03c76f9fe702|HUMAN_BIOGPS_GNF1H_GCRMA_77_TISSUE_DDOF1,strict18_common_rhr,GRIN2A,CerebellumPeduncles,-0.0033225400971264346,-0.004504191168231253
GLOBAL_JOINT_CONTINUOUS_PCA,GRIN2A|EXACT_SINGLE_PROTEIN|HSAMP_374f872ebf1bbba2be514f9f|HUMAN_BIOGPS_GNF1H_GCRMA_77_TISSUE_DDOF1,strict18_common_rhr,GRIN2A,GlobusPallidus,0.045254018618006875,-0.022630767213368774
GLOBAL_JOINT_CONTINUOUS_PCA,GRIN2A|EXACT_SINGLE_PROTEIN|HSAMP_5c090f15f3e5194312a7e8ed|HUMAN_BIOGPS_GNF1H_GCRMA_77_TISSUE_DDOF1,strict18_common_rhr,GRIN2A,MedullaOblongata,-0.05101917727883334,0.02280480476940093
GLOBAL_JOINT_CONTINUOUS_PCA,GRIN2A|EXACT_SINGLE_PROTEIN|HSAMP_752ebc880edc13bb4e2b2de8|HUMAN_BIOGPS_GNF1H_GCRMA_77_TISSUE_DDOF1,strict18_common_rhr,GRIN2A,PrefrontalCortex,-0.022202360889336983,0.010498806578406001
GLOBAL_JOINT_CONTINUOUS_PCA,GRIN2A|EXACT_SINGLE_PROTEIN|HSAMP_7725bb8a75064c4d7246d9ba|HUMAN_BIOGPS_GNF1H_GCRMA_77_TISSUE_DDOF1,strict18_common_rhr,GRIN2A,OccipitalLobe,-0.04387345026668439,0.017780009150170084
GLOBAL_JOINT_CONTINUOUS_PCA,GRIN2A|EXACT_SINGLE_PROTEIN|HSAMP_8ed020260a1d25cf72324c8a|HUMAN_BIOGPS_GNF1H_GCRMA_77_TISSUE_DDOF1,strict18_common_rhr,GRIN2A,Hypothalamus,0.013059858987767507,-0.01323852657772152
GLOBAL_JOINT_CONTINUOUS_PCA,GRIN2A|EXACT_SINGLE_PROTEIN|HSAMP_936b77a4b11b5c19027de438|HUMAN_BIOGPS_GNF1H_GCRMA_77_TISSUE_DDOF1,strict18_common_rhr,GRIN2A,Spinalcord,0.013975025611510344,-0.011965714007489057
GLOBAL_JOINT_CONTINUOUS_PCA,GRIN2A|EXACT_SINGLE_PROTEIN|HSAMP_9aa72e4fb1ff63e1792b1ec7|HUMAN_BIOGPS_GNF1H_GCRMA_77_TISSUE_DDOF1,strict18_common_rhr,GRIN2A,Cerebellum,0.06388318848782362,0.030393990868604667
GLOBAL_JOINT_CONTINUOUS_PCA,GRIN2A|EXACT_SINGLE_PROTEIN|HSAMP_a32ce488a48b0df9b8c4c40a|HUMAN_BIOGPS_GNF1H_GCRMA_77_TISSUE_DDOF1,strict18_common_rhr,GRIN2A,Caudatenucleus,0.05009475443254384,0.008251657955669485
GLOBAL_JOINT_CONTINUOUS_PCA,GRIN2A|EXACT_SINGLE_PROTEIN|HSAMP_d99ba5ea584363f8600ade55|HUMAN_BIOGPS_GNF1H_GCRMA_77_TISSUE_DDOF1,strict18_common_rhr,GRIN2A,CingulateCortex,-0.053460048883249435,0.026484389759298066
GLOBAL_JOINT_CONTINUOUS_PCA,GRIN2A|EXACT_SINGLE_PROTEIN|HSAMP_e75262fc0acfda69d976a6d3|HUMAN_BIOGPS_GNF1H_GCRMA_77_TISSUE_DDOF1,strict18_common_rhr,GRIN2A,ParietalLobe,-0.055248629584719586,0.029444679628995517
GLOBAL_JOINT_CONTINUOUS_PCA,GRIN2A|EXACT_SINGLE_PROTEIN|HSAMP_eb2587e74e2d6457032d4ae7|HUMAN_BIOGPS_GNF1H_GCRMA_77_TISSUE_DDOF1,strict18_common_rhr,GRIN2A,TemporalLobe,-0.044435804497490954,0.014192359851230492
GLOBAL_JOINT_CONTINUOUS_PCA,GRIN2A|EXACT_SINGLE_PROTEIN|HSAMP_f43595f3557cf05e6a721aeb|HUMAN_BIOGPS_GNF1H_GCRMA_77_TISSUE_DDOF1,strict18_common_rhr,GRIN2A,Thalamus,0.024834505130858355,-0.011759043741253904
GLOBAL_JOINT_CONTINUOUS_PCA,GRIN2A|EXACT_SINGLE_PROTEIN|HSAMP_ff841df7ecd9f2c8ea2660f5|HUMAN_BIOGPS_GNF1H_GCRMA_77_TISSUE_DDOF1,strict18_common_rhr,GRIN2A,OlfactoryBulb,0.05630347731383654,-0.032133952837492714
GLOBAL_JOINT_CONTINUOUS_PCA,GRIN2B|EXACT_SINGLE_PROTEIN|HSAMP_06645e2e8409a5b743985cdd|HUMAN_BIOGPS_GNF1H_GCRMA_77_TISSUE_DDOF1,strict18_common_rhr,GRIN2B,Wholebrain,0.0750187999374798,-0.056340882447464026
GLOBAL_JOINT_CONTINUOUS_PCA,GRIN2B|EXACT_SINGLE_PROTEIN|HSAMP_0cb8b4d1db8c390eeeecca55|HUMAN_BIOGPS_GNF1H_GCRMA_77_TISSUE_DDOF1,strict18_common_rhr,GRIN2B,Pons,0.028484290563994666,-0.009996939401230236
GLOBAL_JOINT_CONTINUOUS_PCA,GRIN2B|EXACT_SINGLE_PROTEIN|HSAMP_13a552b6ffc4aac3b85a50ca|HUMAN_BIOGPS_GNF1H_GCRMA_77_TISSUE_DDOF1,strict18_common_rhr,GRIN2B,Amygdala,-0.0034948264373100653,0.01761522644376446
GLOBAL_JOINT_CONTINUOUS_PCA,GRIN2B|EXACT_SINGLE_PROTEIN|HSAMP_192dff4b8df5862a227b1163|HUMAN_BIOGPS_GNF1H_GCRMA_77_TISSUE_DDOF1,strict18_common_rhr,GRIN2B,SubthalamicNucleus,0.016014032650199277,0.004863126663205654
GLOBAL_JOINT_CONTINUOUS_PCA,GRIN2B|EXACT_SINGLE_PROTEIN|HSAMP_20b60708f05d03c76f9fe702|HUMAN_BIOGPS_GNF1H_GCRMA_77_TISSUE_DDOF1,strict18_common_rhr,GRIN2B,CerebellumPeduncles,-0.024686243742390708,0.023797415597218475
GLOBAL_JOINT_CONTINUOUS_PCA,GRIN2B|EXACT_SINGLE_PROTEIN|HSAMP_374f872ebf1bbba2be514f9f|HUMAN_BIOGPS_GNF1H_GCRMA_77_TISSUE_DDOF1,strict18_common_rhr,GRIN2B,GlobusPallidus,0.09548030416710124,-0.07291489724680844
GLOBAL_JOINT_CONTINUOUS_PCA,GRIN2B|EXACT_SINGLE_PROTEIN|HSAMP_5c090f15f3e5194312a7e8ed|HUMAN_BIOGPS_GNF1H_GCRMA_77_TISSUE_DDOF1,strict18_common_rhr,GRIN2B,MedullaOblongata,0.05127286246045291,-0.039118758846345095
GLOBAL_JOINT_CONTINUOUS_PCA,GRIN2B|EXACT_SINGLE_PROTEIN|HSAMP_752ebc880edc13bb4e2b2de8|HUMAN_BIOGPS_GNF1H_GCRMA_77_TISSUE_DDOF1,strict18_common_rhr,GRIN2B,PrefrontalCortex,-0.03508846301509237,0.03375064102501473
GLOBAL_JOINT_CONTINUOUS_PCA,GRIN2B|EXACT_SINGLE_PROTEIN|HSAMP_7725bb8a75064c4d7246d9ba|HUMAN_BIOGPS_GNF1H_GCRMA_77_TISSUE_DDOF1,strict18_common_rhr,GRIN2B,OccipitalLobe,0.0504479036636144,-0.04221298769958313
GLOBAL_JOINT_CONTINUOUS_PCA,GRIN2B|EXACT_SINGLE_PROTEIN|HSAMP_8ed020260a1d25cf72324c8a|HUMAN_BIOGPS_GNF1H_GCRMA_77_TISSUE_DDOF1,strict18_common_rhr,GRIN2B,Hypothalamus,-0.013551790542290339,0.01783930340135704
GLOBAL_JOINT_CONTINUOUS_PCA,GRIN2B|EXACT_SINGLE_PROTEIN|HSAMP_936b77a4b11b5c19027de438|HUMAN_BIOGPS_GNF1H_GCRMA_77_TISSUE_DDOF1,strict18_common_rhr,GRIN2B,Spinalcord,-0.013998532477304412,0.015523959530004055
GLOBAL_JOINT_CONTINUOUS_PCA,GRIN2B|EXACT_SINGLE_PROTEIN|HSAMP_9aa72e4fb1ff63e1792b1ec7|HUMAN_BIOGPS_GNF1H_GCRMA_77_TISSUE_DDOF1,strict18_common_rhr,GRIN2B,Cerebellum,0.07806897735659853,-0.050664963866669875
GLOBAL_JOINT_CONTINUOUS_PCA,GRIN2B|EXACT_SINGLE_PROTEIN|HSAMP_a32ce488a48b0df9b8c4c40a|HUMAN_BIOGPS_GNF1H_GCRMA_77_TISSUE_DDOF1,strict18_common_rhr,GRIN2B,Caudatenucleus,0.06810441671665356,0.061521028369580504
GLOBAL_JOINT_CONTINUOUS_PCA,GRIN2B|EXACT_SINGLE_PROTEIN|HSAMP_d99ba5ea584363f8600ade55|HUMAN_BIOGPS_GNF1H_GCRMA_77_TISSUE_DDOF1,strict18_common_rhr,GRIN2B,CingulateCortex,-0.008627839973584206,0.011615242939283628
GLOBAL_JOINT_CONTINUOUS_PCA,GRIN2B|EXACT_SINGLE_PROTEIN|HSAMP_e75262fc0acfda69d976a6d3|HUMAN_BIOGPS_GNF1H_GCRMA_77_TISSUE_DDOF1,strict18_common_rhr,GRIN2B,ParietalLobe,-0.016369764291274784,0.017173639672006972
GLOBAL_JOINT_CONTINUOUS_PCA,GRIN2B|EXACT_SINGLE_PROTEIN|HSAMP_eb2587e74e2d6457032d4ae7|HUMAN_BIOGPS_GNF1H_GCRMA_77_TISSUE_DDOF1,strict18_common_rhr,GRIN2B,TemporalLobe,0.04145425143545852,-0.029184309725654667
GLOBAL_JOINT_CONTINUOUS_PCA,GRIN2B|EXACT_SINGLE_PROTEIN|HSAMP_f43595f3557cf05e6a721aeb|HUMAN_BIOGPS_GNF1H_GCRMA_77_TISSUE_DDOF1,strict18_common_rhr,GRIN2B,Thalamus,-0.005269956570071811,0.009851444504628902
GLOBAL_JOINT_CONTINUOUS_PCA,GRIN2B|EXACT_SINGLE_PROTEIN|HSAMP_ff841df7ecd9f2c8ea2660f5|HUMAN_BIOGPS_GNF1H_GCRMA_77_TISSUE_DDOF1,strict18_common_rhr,GRIN2B,OlfactoryBulb,0.08884708260321503,-0.0659716742490826
GLOBAL_JOINT_CONTINUOUS_PCA,GRIN2C|EXACT_SINGLE_PROTEIN|HSAMP_06645e2e8409a5b743985cdd|HUMAN_BIOGPS_GNF1H_GCRMA_77_TISSUE_DDOF1,strict18_common_rhr,GRIN2C,Wholebrain,0.04556606887667873,-0.03787488631164479
GLOBAL_JOINT_CONTINUOUS_PCA,GRIN2C|EXACT_SINGLE_PROTEIN|HSAMP_0cb8b4d1db8c390eeeecca55|HUMAN_BIOGPS_GNF1H_GCRMA_77_TISSUE_DDOF1,strict18_common_rhr,GRIN2C,Pons,0.03454028003803138,-0.0287101611322536
GLOBAL_JOINT_CONTINUOUS_PCA,GRIN2C|EXACT_SINGLE_PROTEIN|HSAMP_13a552b6ffc4aac3b85a50ca|HUMAN_BIOGPS_GNF1H_GCRMA_77_TISSUE_DDOF1,strict18_common_rhr,GRIN2C,Amygdala,-0.05429088618329931,0.04512702527654972
GLOBAL_JOINT_CONTINUOUS_PCA,GRIN2C|EXACT_SINGLE_PROTEIN|HSAMP_192dff4b8df5862a227b1163|HUMAN_BIOGPS_GNF1H_GCRMA_77_TISSUE_DDOF1,strict18_common_rhr,GRIN2C,SubthalamicNucleus,0.039410776776380156,-0.03275855755515877
GLOBAL_JOINT_CONTINUOUS_PCA,GRIN2C|EXACT_SINGLE_PROTEIN|HSAMP_20b60708f05d03c76f9fe702|HUMAN_BIOGPS_GNF1H_GCRMA_77_TISSUE_DDOF1,strict18_common_rhr,GRIN2C,CerebellumPeduncles,-0.05586773352668311,0.0464377135876948
GLOBAL_JOINT_CONTINUOUS_PCA,GRIN2C|EXACT_SINGLE_PROTEIN|HSAMP_374f872ebf1bbba2be514f9f|HUMAN_BIOGPS_GNF1H_GCRMA_77_TISSUE_DDOF1,strict18_common_rhr,GRIN2C,GlobusPallidus,0.033886664170145804,-0.02816687031744448
GLOBAL_JOINT_CONTINUOUS_PCA,GRIN2C|EXACT_SINGLE_PROTEIN|HSAMP_5c090f15f3e5194312a7e8ed|HUMAN_BIOGPS_GNF1H_GCRMA_77_TISSUE_DDOF1,strict18_common_rhr,GRIN2C,MedullaOblongata,0.036893047802511306,-0.030665800795586187
GLOBAL_JOINT_CONTINUOUS_PCA,GRIN2C|EXACT_SINGLE_PROTEIN|HSAMP_752ebc880edc13bb4e2b2de8|HUMAN_BIOGPS_GNF1H_GCRMA_77_TISSUE_DDOF1,strict18_common_rhr,GRIN2C,PrefrontalCortex,-0.024656196777198745,0.020494430896405232
GLOBAL_JOINT_CONTINUOUS_PCA,GRIN2C|EXACT_SINGLE_PROTEIN|HSAMP_7725bb8a75064c4d7246d9ba|HUMAN_BIOGPS_GNF1H_GCRMA_77_TISSUE_DDOF1,strict18_common_rhr,GRIN2C,OccipitalLobe,0.04102616062030158,-0.03410127771835234
GLOBAL_JOINT_CONTINUOUS_PCA,GRIN2C|EXACT_SINGLE_PROTEIN|HSAMP_8ed020260a1d25cf72324c8a|HUMAN_BIOGPS_GNF1H_GCRMA_77_TISSUE_DDOF1,strict18_common_rhr,GRIN2C,Hypothalamus,0.03115825335802966,-0.025898993103808967
GLOBAL_JOINT_CONTINUOUS_PCA,GRIN2C|EXACT_SINGLE_PROTEIN|HSAMP_936b77a4b11b5c19027de438|HUMAN_BIOGPS_GNF1H_GCRMA_77_TISSUE_DDOF1,strict18_common_rhr,GRIN2C,Spinalcord,0.013052142106966046,-0.010849046463996882
GLOBAL_JOINT_CONTINUOUS_PCA,GRIN2C|EXACT_SINGLE_PROTEIN|HSAMP_9aa72e4fb1ff63e1792b1ec7|HUMAN_BIOGPS_GNF1H_GCRMA_77_TISSUE_DDOF1,strict18_common_rhr,GRIN2C,Cerebellum,-0.030211456477931574,0.025112007851888808
GLOBAL_JOINT_CONTINUOUS_PCA,GRIN2C|EXACT_SINGLE_PROTEIN|HSAMP_a32ce488a48b0df9b8c4c40a|HUMAN_BIOGPS_GNF1H_GCRMA_77_TISSUE_DDOF1,strict18_common_rhr,GRIN2C,Caudatenucleus,0.038554328217141554,-0.03204667056089707
GLOBAL_JOINT_CONTINUOUS_PCA,GRIN2C|EXACT_SINGLE_PROTEIN|HSAMP_d99ba5ea584363f8600ade55|HUMAN_BIOGPS_GNF1H_GCRMA_77_TISSUE_DDOF1,strict18_common_rhr,GRIN2C,CingulateCortex,0.010719586771475841,-0.008910207535705431
GLOBAL_JOINT_CONTINUOUS_PCA,GRIN2C|EXACT_SINGLE_PROTEIN|HSAMP_e75262fc0acfda69d976a6d3|HUMAN_BIOGPS_GNF1H_GCRMA_77_TISSUE_DDOF1,strict18_common_rhr,GRIN2C,ParietalLobe,0.013052142106966046,-0.010849046463996882
GLOBAL_JOINT_CONTINUOUS_PCA,GRIN2C|EXACT_SINGLE_PROTEIN|HSAMP_eb2587e74e2d6457032d4ae7|HUMAN_BIOGPS_GNF1H_GCRMA_77_TISSUE_DDOF1,strict18_common_rhr,GRIN2C,TemporalLobe,-0.014632393267564587,0.012162564055639426
GLOBAL_JOINT_CONTINUOUS_PCA,GRIN2C|EXACT_SINGLE_PROTEIN|HSAMP_f43595f3557cf05e6a721aeb|HUMAN_BIOGPS_GNF1H_GCRMA_77_TISSUE_DDOF1,strict18_common_rhr,GRIN2C,Thalamus,-0.0017250208290661556,0.001433851315173218
GLOBAL_JOINT_CONTINUOUS_PCA,GRIN2C|EXACT_SINGLE_PROTEIN|HSAMP_ff841df7ecd9f2c8ea2660f5|HUMAN_BIOGPS_GNF1H_GCRMA_77_TISSUE_DDOF1,strict18_common_rhr,GRIN2C,OlfactoryBulb,0.05534937377075875,-0.046006848751026314
GLOBAL_JOINT_CONTINUOUS_PCA,GRIN2D|EXACT_SINGLE_PROTEIN|HSAMP_06645e2e8409a5b743985cdd|HUMAN_BIOGPS_GNF1H_GCRMA_77_TISSUE_DDOF1,strict18_common_rhr,GRIN2D,Wholebrain,0.058136710399333914,-0.04832370558160566
GLOBAL_JOINT_CONTINUOUS_PCA,GRIN2D|EXACT_SINGLE_PROTEIN|HSAMP_0cb8b4d1db8c390eeeecca55|HUMAN_BIOGPS_GNF1H_GCRMA_77_TISSUE_DDOF1,strict18_common_rhr,GRIN2D,Pons,0.021730466586035873,-0.01806254021325837
GLOBAL_JOINT_CONTINUOUS_PCA,GRIN2D|EXACT_SINGLE_PROTEIN|HSAMP_13a552b6ffc4aac3b85a50ca|HUMAN_BIOGPS_GNF1H_GCRMA_77_TISSUE_DDOF1,strict18_common_rhr,GRIN2D,Amygdala,-0.017253483664491507,0.0143412356690462
GLOBAL_JOINT_CONTINUOUS_PCA,GRIN2D|EXACT_SINGLE_PROTEIN|HSAMP_192dff4b8df5862a227b1163|HUMAN_BIOGPS_GNF1H_GCRMA_77_TISSUE_DDOF1,strict18_common_rhr,GRIN2D,SubthalamicNucleus,0.04472694360844433,-0.037177398577479495
GLOBAL_JOINT_CONTINUOUS_PCA,GRIN2D|EXACT_SINGLE_PROTEIN|HSAMP_20b60708f05d03c76f9fe702|HUMAN_BIOGPS_GNF1H_GCRMA_77_TISSUE_DDOF1,strict18_common_rhr,GRIN2D,CerebellumPeduncles,-0.025959764395476377,0.021577966881821082
GLOBAL_JOINT_CONTINUOUS_PCA,GRIN2D|EXACT_SINGLE_PROTEIN|HSAMP_374f872ebf1bbba2be514f9f|HUMAN_BIOGPS_GNF1H_GCRMA_77_TISSUE_DDOF1,strict18_common_rhr,GRIN2D,GlobusPallidus,0.10607746146070238,-0.08817244700054123
GLOBAL_JOINT_CONTINUOUS_PCA,GRIN2D|EXACT_SINGLE_PROTEIN|HSAMP_5c090f15f3e5194312a7e8ed|HUMAN_BIOGPS_GNF1H_GCRMA_77_TISSUE_DDOF1,strict18_common_rhr,GRIN2D,MedullaOblongata,0.04472694360844433,-0.037177398577479495
GLOBAL_JOINT_CONTINUOUS_PCA,GRIN2D|EXACT_SINGLE_PROTEIN|HSAMP_752ebc880edc13bb4e2b2de8|HUMAN_BIOGPS_GNF1H_GCRMA_77_TISSUE_DDOF1,strict18_common_rhr,GRIN2D,PrefrontalCortex,-0.04115880692645397,0.03421153440472057
GLOBAL_JOINT_CONTINUOUS_PCA,GRIN2D|EXACT_SINGLE_PROTEIN|HSAMP_7725bb8a75064c4d7246d9ba|HUMAN_BIOGPS_GNF1H_GCRMA_77_TISSUE_DDOF1,strict18_common_rhr,GRIN2D,OccipitalLobe,0.04885484165060346,-0.04060854093641252
GLOBAL_JOINT_CONTINUOUS_PCA,GRIN2D|EXACT_SINGLE_PROTEIN|HSAMP_8ed020260a1d25cf72324c8a|HUMAN_BIOGPS_GNF1H_GCRMA_77_TISSUE_DDOF1,strict18_common_rhr,GRIN2D,Hypothalamus,-0.01881041387654293,0.015635368698959293
GLOBAL_JOINT_CONTINUOUS_PCA,GRIN2D|EXACT_SINGLE_PROTEIN|HSAMP_936b77a4b11b5c19027de438|HUMAN_BIOGPS_GNF1H_GCRMA_77_TISSUE_DDOF1,strict18_common_rhr,GRIN2D,Spinalcord,-0.017253483664491507,0.0143412356690462
GLOBAL_JOINT_CONTINUOUS_PCA,GRIN2D|EXACT_SINGLE_PROTEIN|HSAMP_9aa72e4fb1ff63e1792b1ec7|HUMAN_BIOGPS_GNF1H_GCRMA_77_TISSUE_DDOF1,strict18_common_rhr,GRIN2D,Cerebellum,0.07767082571941494,-0.06456062079474327
GLOBAL_JOINT_CONTINUOUS_PCA,GRIN2D|EXACT_SINGLE_PROTEIN|HSAMP_a32ce488a48b0df9b8c4c40a|HUMAN_BIOGPS_GNF1H_GCRMA_77_TISSUE_DDOF1,strict18_common_rhr,GRIN2D,Caudatenucleus,0.04472694360844433,-0.037177398577479495
GLOBAL_JOINT_CONTINUOUS_PCA,GRIN2D|EXACT_SINGLE_PROTEIN|HSAMP_d99ba5ea584363f8600ade55|HUMAN_BIOGPS_GNF1H_GCRMA_77_TISSUE_DDOF1,strict18_common_rhr,GRIN2D,CingulateCortex,-0.005771231209497849,0.004797094226617078
GLOBAL_JOINT_CONTINUOUS_PCA,GRIN2D|EXACT_SINGLE_PROTEIN|HSAMP_e75262fc0acfda69d976a6d3|HUMAN_BIOGPS_GNF1H_GCRMA_77_TISSUE_DDOF1,strict18_common_rhr,GRIN2D,ParietalLobe,-0.017253483664491507,0.0143412356690462
GLOBAL_JOINT_CONTINUOUS_PCA,GRIN2D|EXACT_SINGLE_PROTEIN|HSAMP_eb2587e74e2d6457032d4ae7|HUMAN_BIOGPS_GNF1H_GCRMA_77_TISSUE_DDOF1,strict18_common_rhr,GRIN2D,TemporalLobe,0.041086249944399265,-0.034151224452289235
GLOBAL_JOINT_CONTINUOUS_PCA,GRIN2D|EXACT_SINGLE_PROTEIN|HSAMP_f43595f3557cf05e6a721aeb|HUMAN_BIOGPS_GNF1H_GCRMA_77_TISSUE_DDOF1,strict18_common_rhr,GRIN2D,Thalamus,-0.009308916991068414,0.0077376473637756895
GLOBAL_JOINT_CONTINUOUS_PCA,GRIN2D|EXACT_SINGLE_PROTEIN|HSAMP_ff841df7ecd9f2c8ea2660f5|HUMAN_BIOGPS_GNF1H_GCRMA_77_TISSUE_DDOF1,strict18_common_rhr,GRIN2D,OlfactoryBulb,0.08563196567784061,-0.07117798494903377
GLOBAL_JOINT_CONTINUOUS_PCA,GRIN3A|EXACT_SINGLE_PROTEIN|HSAMP_06645e2e8409a5b743985cdd|HUMAN_BIOGPS_GNF1H_GCRMA_77_TISSUE_DDOF1,strict18_common_rhr,GRIN3A,Wholebrain,0.034075169752347534,-0.028323557687476894
GLOBAL_JOINT_CONTINUOUS_PCA,GRIN3A|EXACT_SINGLE_PROTEIN|HSAMP_0cb8b4d1db8c390eeeecca55|HUMAN_BIOGPS_GNF1H_GCRMA_77_TISSUE_DDOF1,strict18_common_rhr,GRIN3A,Pons,0.013861211345822319,-0.011521551382577027
GLOBAL_JOINT_CONTINUOUS_PCA,GRIN3A|EXACT_SINGLE_PROTEIN|HSAMP_13a552b6ffc4aac3b85a50ca|HUMAN_BIOGPS_GNF1H_GCRMA_77_TISSUE_DDOF1,strict18_common_rhr,GRIN3A,Amygdala,0.053943283559742206,-0.04483809515434685
GLOBAL_JOINT_CONTINUOUS_PCA,GRIN3A|EXACT_SINGLE_PROTEIN|HSAMP_192dff4b8df5862a227b1163|HUMAN_BIOGPS_GNF1H_GCRMA_77_TISSUE_DDOF1,strict18_common_rhr,GRIN3A,SubthalamicNucleus,0.014565201399772916,-0.012106713629732285
GLOBAL_JOINT_CONTINUOUS_PCA,GRIN3A|EXACT_SINGLE_PROTEIN|HSAMP_20b60708f05d03c76f9fe702|HUMAN_BIOGPS_GNF1H_GCRMA_77_TISSUE_DDOF1,strict18_common_rhr,GRIN3A,CerebellumPeduncles,-0.013255369274660577,0.011017970535386397
GLOBAL_JOINT_CONTINUOUS_PCA,GRIN3A|EXACT_SINGLE_PROTEIN|HSAMP_374f872ebf1bbba2be514f9f|HUMAN_BIOGPS_GNF1H_GCRMA_77_TISSUE_DDOF1,strict18_common_rhr,GRIN3A,GlobusPallidus,0.014565201399772916,-0.012106713629732285
GLOBAL_JOINT_CONTINUOUS_PCA,GRIN3A|EXACT_SINGLE_PROTEIN|HSAMP_5c090f15f3e5194312a7e8ed|HUMAN_BIOGPS_GNF1H_GCRMA_77_TISSUE_DDOF1,strict18_common_rhr,GRIN3A,MedullaOblongata,0.0031273728178479237,-0.002599497671188039
GLOBAL_JOINT_CONTINUOUS_PCA,GRIN3A|EXACT_SINGLE_PROTEIN|HSAMP_752ebc880edc13bb4e2b2de8|HUMAN_BIOGPS_GNF1H_GCRMA_77_TISSUE_DDOF1,strict18_common_rhr,GRIN3A,PrefrontalCortex,0.09608631585354087,-0.0798677256733957
GLOBAL_JOINT_CONTINUOUS_PCA,GRIN3A|EXACT_SINGLE_PROTEIN|HSAMP_7725bb8a75064c4d7246d9ba|HUMAN_BIOGPS_GNF1H_GCRMA_77_TISSUE_DDOF1,strict18_common_rhr,GRIN3A,OccipitalLobe,-0.007944829295877082,0.006603806599185801
GLOBAL_JOINT_CONTINUOUS_PCA,GRIN3A|EXACT_SINGLE_PROTEIN|HSAMP_8ed020260a1d25cf72324c8a|HUMAN_BIOGPS_GNF1H_GCRMA_77_TISSUE_DDOF1,strict18_common_rhr,GRIN3A,Hypothalamus,0.028390080410814467,-0.0235980652807287
GLOBAL_JOINT_CONTINUOUS_PCA,GRIN3A|EXACT_SINGLE_PROTEIN|HSAMP_936b77a4b11b5c19027de438|HUMAN_BIOGPS_GNF1H_GCRMA_77_TISSUE_DDOF1,strict18_common_rhr,GRIN3A,Spinalcord,-0.011173339280711734,0.00928737030450704
GLOBAL_JOINT_CONTINUOUS_PCA,GRIN3A|EXACT_SINGLE_PROTEIN|HSAMP_9aa72e4fb1ff63e1792b1ec7|HUMAN_BIOGPS_GNF1H_GCRMA_77_TISSUE_DDOF1,strict18_common_rhr,GRIN3A,Cerebellum,0.013861211345822319,-0.011521551382577027
GLOBAL_JOINT_CONTINUOUS_PCA,GRIN3A|EXACT_SINGLE_PROTEIN|HSAMP_a32ce488a48b0df9b8c4c40a|HUMAN_BIOGPS_GNF1H_GCRMA_77_TISSUE_DDOF1,strict18_common_rhr,GRIN3A,Caudatenucleus,-0.015450210812448389,0.01284234063719998
GLOBAL_JOINT_CONTINUOUS_PCA,GRIN3A|EXACT_SINGLE_PROTEIN|HSAMP_d99ba5ea584363f8600ade55|HUMAN_BIOGPS_GNF1H_GCRMA_77_TISSUE_DDOF1,strict18_common_rhr,GRIN3A,CingulateCortex,-0.007944829295877082,0.006603806599185801
GLOBAL_JOINT_CONTINUOUS_PCA,GRIN3A|EXACT_SINGLE_PROTEIN|HSAMP_e75262fc0acfda69d976a6d3|HUMAN_BIOGPS_GNF1H_GCRMA_77_TISSUE_DDOF1,strict18_common_rhr,GRIN3A,ParietalLobe,-0.007944829295877082,0.006603806599185801
GLOBAL_JOINT_CONTINUOUS_PCA,GRIN3A|EXACT_SINGLE_PROTEIN|HSAMP_eb2587e74e2d6457032d4ae7|HUMAN_BIOGPS_GNF1H_GCRMA_77_TISSUE_DDOF1,strict18_common_rhr,GRIN3A,TemporalLobe,0.013861211345822319,-0.011521551382577027
GLOBAL_JOINT_CONTINUOUS_PCA,GRIN3A|EXACT_SINGLE_PROTEIN|HSAMP_f43595f3557cf05e6a721aeb|HUMAN_BIOGPS_GNF1H_GCRMA_77_TISSUE_DDOF1,strict18_common_rhr,GRIN3A,Thalamus,-0.01725472026645854,0.014342263542638645
GLOBAL_JOINT_CONTINUOUS_PCA,GRIN3A|EXACT_SINGLE_PROTEIN|HSAMP_ff841df7ecd9f2c8ea2660f5|HUMAN_BIOGPS_GNF1H_GCRMA_77_TISSUE_DDOF1,strict18_common_rhr,GRIN3A,OlfactoryBulb,0.014565201399772916,-0.012106713629732285
GLOBAL_JOINT_CONTINUOUS_PCA,HRH1|EXACT_SINGLE_PROTEIN|HSAMP_06645e2e8409a5b743985cdd|HUMAN_BIOGPS_GNF1H_GCRMA_77_TISSUE_DDOF1,strict18_common_rhr,HRH1,Wholebrain,0.058821421100846726,-0.029012735387557102
GLOBAL_JOINT_CONTINUOUS_PCA,HRH1|EXACT_SINGLE_PROTEIN|HSAMP_0cb8b4d1db8c390eeeecca55|HUMAN_BIOGPS_GNF1H_GCRMA_77_TISSUE_DDOF1,strict18_common_rhr,HRH1,Pons,0.02858897945624451,-0.022908131842662518
GLOBAL_JOINT_CONTINUOUS_PCA,HRH1|EXACT_SINGLE_PROTEIN|HSAMP_13a552b6ffc4aac3b85a50ca|HUMAN_BIOGPS_GNF1H_GCRMA_77_TISSUE_DDOF1,strict18_common_rhr,HRH1,Amygdala,-0.012301637961068628,0.007285865631486823
GLOBAL_JOINT_CONTINUOUS_PCA,HRH1|EXACT_SINGLE_PROTEIN|HSAMP_192dff4b8df5862a227b1163|HUMAN_BIOGPS_GNF1H_GCRMA_77_TISSUE_DDOF1,strict18_common_rhr,HRH1,SubthalamicNucleus,0.031898739299764785,-0.02754547855216222
GLOBAL_JOINT_CONTINUOUS_PCA,HRH1|EXACT_SINGLE_PROTEIN|HSAMP_20b60708f05d03c76f9fe702|HUMAN_BIOGPS_GNF1H_GCRMA_77_TISSUE_DDOF1,strict18_common_rhr,HRH1,CerebellumPeduncles,-0.01274793876180963,0.007057601085674173
GLOBAL_JOINT_CONTINUOUS_PCA,HRH1|EXACT_SINGLE_PROTEIN|HSAMP_374f872ebf1bbba2be514f9f|HUMAN_BIOGPS_GNF1H_GCRMA_77_TISSUE_DDOF1,strict18_common_rhr,HRH1,GlobusPallidus,0.06113527784478425,-0.02985380951576766
GLOBAL_JOINT_CONTINUOUS_PCA,HRH1|EXACT_SINGLE_PROTEIN|HSAMP_5c090f15f3e5194312a7e8ed|HUMAN_BIOGPS_GNF1H_GCRMA_77_TISSUE_DDOF1,strict18_common_rhr,HRH1,MedullaOblongata,-0.011831924405743996,0.006892114613506324
GLOBAL_JOINT_CONTINUOUS_PCA,HRH1|EXACT_SINGLE_PROTEIN|HSAMP_752ebc880edc13bb4e2b2de8|HUMAN_BIOGPS_GNF1H_GCRMA_77_TISSUE_DDOF1,strict18_common_rhr,HRH1,PrefrontalCortex,-0.031212398092689927,0.019301978658046472
GLOBAL_JOINT_CONTINUOUS_PCA,HRH1|EXACT_SINGLE_PROTEIN|HSAMP_7725bb8a75064c4d7246d9ba|HUMAN_BIOGPS_GNF1H_GCRMA_77_TISSUE_DDOF1,strict18_common_rhr,HRH1,OccipitalLobe,0.04423618039005801,-0.02969714398158359
GLOBAL_JOINT_CONTINUOUS_PCA,HRH1|EXACT_SINGLE_PROTEIN|HSAMP_8ed020260a1d25cf72324c8a|HUMAN_BIOGPS_GNF1H_GCRMA_77_TISSUE_DDOF1,strict18_common_rhr,HRH1,Hypothalamus,-0.0035006289037120084,0.0013448684816413723
GLOBAL_JOINT_CONTINUOUS_PCA,HRH1|EXACT_SINGLE_PROTEIN|HSAMP_936b77a4b11b5c19027de438|HUMAN_BIOGPS_GNF1H_GCRMA_77_TISSUE_DDOF1,strict18_common_rhr,HRH1,Spinalcord,-0.002344230606585823,0.0005241898678657251
GLOBAL_JOINT_CONTINUOUS_PCA,HRH1|EXACT_SINGLE_PROTEIN|HSAMP_9aa72e4fb1ff63e1792b1ec7|HUMAN_BIOGPS_GNF1H_GCRMA_77_TISSUE_DDOF1,strict18_common_rhr,HRH1,Cerebellum,0.06312401884056407,-0.03066965917252296
GLOBAL_JOINT_CONTINUOUS_PCA,HRH1|EXACT_SINGLE_PROTEIN|HSAMP_a32ce488a48b0df9b8c4c40a|HUMAN_BIOGPS_GNF1H_GCRMA_77_TISSUE_DDOF1,strict18_common_rhr,HRH1,Caudatenucleus,0.04680048948028545,-0.02975868927285545
GLOBAL_JOINT_CONTINUOUS_PCA,HRH1|EXACT_SINGLE_PROTEIN|HSAMP_d99ba5ea584363f8600ade55|HUMAN_BIOGPS_GNF1H_GCRMA_77_TISSUE_DDOF1,strict18_common_rhr,HRH1,CingulateCortex,-0.006724849991229461,0.0049946307399881835
GLOBAL_JOINT_CONTINUOUS_PCA,HRH1|EXACT_SINGLE_PROTEIN|HSAMP_e75262fc0acfda69d976a6d3|HUMAN_BIOGPS_GNF1H_GCRMA_77_TISSUE_DDOF1,strict18_common_rhr,HRH1,ParietalLobe,-0.0058083141528011495,0.004194261638777215
GLOBAL_JOINT_CONTINUOUS_PCA,HRH1|EXACT_SINGLE_PROTEIN|HSAMP_eb2587e74e2d6457032d4ae7|HUMAN_BIOGPS_GNF1H_GCRMA_77_TISSUE_DDOF1,strict18_common_rhr,HRH1,TemporalLobe,0.03791322268982025,-0.030034362571493636
GLOBAL_JOINT_CONTINUOUS_PCA,HRH1|EXACT_SINGLE_PROTEIN|HSAMP_f43595f3557cf05e6a721aeb|HUMAN_BIOGPS_GNF1H_GCRMA_77_TISSUE_DDOF1,strict18_common_rhr,HRH1,Thalamus,0.01569492037201735,-0.0012553814247860588
GLOBAL_JOINT_CONTINUOUS_PCA,HRH1|EXACT_SINGLE_PROTEIN|HSAMP_ff841df7ecd9f2c8ea2660f5|HUMAN_BIOGPS_GNF1H_GCRMA_77_TISSUE_DDOF1,strict18_common_rhr,HRH1,OlfactoryBulb,0.06952108530929516,-0.03404473414343307
GLOBAL_JOINT_CONTINUOUS_PCA,HRH2|EXACT_SINGLE_PROTEIN|HSAMP_06645e2e8409a5b743985cdd|HUMAN_BIOGPS_GNF1H_GCRMA_77_TISSUE_DDOF1,strict18_common_rhr,HRH2,Wholebrain,0.033804861364030166,-0.01817040989148956
GLOBAL_JOINT_CONTINUOUS_PCA,HRH2|EXACT_SINGLE_PROTEIN|HSAMP_0cb8b4d1db8c390eeeecca55|HUMAN_BIOGPS_GNF1H_GCRMA_77_TISSUE_DDOF1,strict18_common_rhr,HRH2,Pons,0.021847438683630597,-0.011547495699891011
GLOBAL_JOINT_CONTINUOUS_PCA,HRH2|EXACT_SINGLE_PROTEIN|HSAMP_13a552b6ffc4aac3b85a50ca|HUMAN_BIOGPS_GNF1H_GCRMA_77_TISSUE_DDOF1,strict18_common_rhr,HRH2,Amygdala,-0.004831444518843481,0.002459789523019809
GLOBAL_JOINT_CONTINUOUS_PCA,HRH2|EXACT_SINGLE_PROTEIN|HSAMP_192dff4b8df5862a227b1163|HUMAN_BIOGPS_GNF1H_GCRMA_77_TISSUE_DDOF1,strict18_common_rhr,HRH2,SubthalamicNucleus,0.030733342943960316,-0.017279825707676496
GLOBAL_JOINT_CONTINUOUS_PCA,HRH2|EXACT_SINGLE_PROTEIN|HSAMP_20b60708f05d03c76f9fe702|HUMAN_BIOGPS_GNF1H_GCRMA_77_TISSUE_DDOF1,strict18_common_rhr,HRH2,CerebellumPeduncles,-0.009978945392365086,0.004833976349194573
GLOBAL_JOINT_CONTINUOUS_PCA,HRH2|EXACT_SINGLE_PROTEIN|HSAMP_374f872ebf1bbba2be514f9f|HUMAN_BIOGPS_GNF1H_GCRMA_77_TISSUE_DDOF1,strict18_common_rhr,HRH2,GlobusPallidus,0.0527016297723529,-0.023253511967199762
GLOBAL_JOINT_CONTINUOUS_PCA,HRH2|EXACT_SINGLE_PROTEIN|HSAMP_5c090f15f3e5194312a7e8ed|HUMAN_BIOGPS_GNF1H_GCRMA_77_TISSUE_DDOF1,strict18_common_rhr,HRH2,MedullaOblongata,0.02441773984692021,-0.012790879481837972
GLOBAL_JOINT_CONTINUOUS_PCA,HRH2|EXACT_SINGLE_PROTEIN|HSAMP_752ebc880edc13bb4e2b2de8|HUMAN_BIOGPS_GNF1H_GCRMA_77_TISSUE_DDOF1,strict18_common_rhr,HRH2,PrefrontalCortex,-0.015233087190388957,0.005757027492900531
GLOBAL_JOINT_CONTINUOUS_PCA,HRH2|EXACT_SINGLE_PROTEIN|HSAMP_7725bb8a75064c4d7246d9ba|HUMAN_BIOGPS_GNF1H_GCRMA_77_TISSUE_DDOF1,strict18_common_rhr,HRH2,OccipitalLobe,0.028051737573392414,-0.01567099782283368
GLOBAL_JOINT_CONTINUOUS_PCA,HRH2|EXACT_SINGLE_PROTEIN|HSAMP_8ed020260a1d25cf72324c8a|HUMAN_BIOGPS_GNF1H_GCRMA_77_TISSUE_DDOF1,strict18_common_rhr,HRH2,Hypothalamus,-0.00304614225444425,0.0010972520686197767
GLOBAL_JOINT_CONTINUOUS_PCA,HRH2|EXACT_SINGLE_PROTEIN|HSAMP_936b77a4b11b5c19027de438|HUMAN_BIOGPS_GNF1H_GCRMA_77_TISSUE_DDOF1,strict18_common_rhr,HRH2,Spinalcord,-0.0020398243473336154,0.0005047926730802675
GLOBAL_JOINT_CONTINUOUS_PCA,HRH2|EXACT_SINGLE_PROTEIN|HSAMP_9aa72e4fb1ff63e1792b1ec7|HUMAN_BIOGPS_GNF1H_GCRMA_77_TISSUE_DDOF1,strict18_common_rhr,HRH2,Cerebellum,0.039304589624789776,-0.02132061807688343
GLOBAL_JOINT_CONTINUOUS_PCA,HRH2|EXACT_SINGLE_PROTEIN|HSAMP_a32ce488a48b0df9b8c4c40a|HUMAN_BIOGPS_GNF1H_GCRMA_77_TISSUE_DDOF1,strict18_common_rhr,HRH2,Caudatenucleus,0.029592320183302587,-0.01624125185746377
GLOBAL_JOINT_CONTINUOUS_PCA,HRH2|EXACT_SINGLE_PROTEIN|HSAMP_d99ba5ea584363f8600ade55|HUMAN_BIOGPS_GNF1H_GCRMA_77_TISSUE_DDOF1,strict18_common_rhr,HRH2,CingulateCortex,0.010366142781448155,-0.0017163719381239548
GLOBAL_JOINT_CONTINUOUS_PCA,HRH2|EXACT_SINGLE_PROTEIN|HSAMP_e75262fc0acfda69d976a6d3|HUMAN_BIOGPS_GNF1H_GCRMA_77_TISSUE_DDOF1,strict18_common_rhr,HRH2,ParietalLobe,0.006490661798399135,-0.00369176169897342
GLOBAL_JOINT_CONTINUOUS_PCA,HRH2|EXACT_SINGLE_PROTEIN|HSAMP_eb2587e74e2d6457032d4ae7|HUMAN_BIOGPS_GNF1H_GCRMA_77_TISSUE_DDOF1,strict18_common_rhr,HRH2,TemporalLobe,0.030733342943960316,-0.017279825707676496
GLOBAL_JOINT_CONTINUOUS_PCA,HRH2|EXACT_SINGLE_PROTEIN|HSAMP_f43595f3557cf05e6a721aeb|HUMAN_BIOGPS_GNF1H_GCRMA_77_TISSUE_DDOF1,strict18_common_rhr,HRH2,Thalamus,0.010284005508818406,-0.005581860749736511
GLOBAL_JOINT_CONTINUOUS_PCA,HRH2|EXACT_SINGLE_PROTEIN|HSAMP_ff841df7ecd9f2c8ea2660f5|HUMAN_BIOGPS_GNF1H_GCRMA_77_TISSUE_DDOF1,strict18_common_rhr,HRH2,OlfactoryBulb,0.04702326737670354,-0.024238129824834972
GLOBAL_JOINT_CONTINUOUS_PCA,HRH3|EXACT_SINGLE_PROTEIN|HSAMP_06645e2e8409a5b743985cdd|HUMAN_BIOGPS_GNF1H_GCRMA_77_TISSUE_DDOF1,strict18_common_rhr,HRH3,Wholebrain,0.044842588968864866,-0.0026867819106335365
GLOBAL_JOINT_CONTINUOUS_PCA,HRH3|EXACT_SINGLE_PROTEIN|HSAMP_0cb8b4d1db8c390eeeecca55|HUMAN_BIOGPS_GNF1H_GCRMA_77_TISSUE_DDOF1,strict18_common_rhr,HRH3,Pons,-0.053922929659222275,0.0038841595521431106
GLOBAL_JOINT_CONTINUOUS_PCA,HRH3|EXACT_SINGLE_PROTEIN|HSAMP_13a552b6ffc4aac3b85a50ca|HUMAN_BIOGPS_GNF1H_GCRMA_77_TISSUE_DDOF1,strict18_common_rhr,HRH3,Amygdala,-0.035808319403845795,0.0030330878585800793
GLOBAL_JOINT_CONTINUOUS_PCA,HRH3|EXACT_SINGLE_PROTEIN|HSAMP_192dff4b8df5862a227b1163|HUMAN_BIOGPS_GNF1H_GCRMA_77_TISSUE_DDOF1,strict18_common_rhr,HRH3,SubthalamicNucleus,0.03600801887191176,0.007329969191870504
GLOBAL_JOINT_CONTINUOUS_PCA,HRH3|EXACT_SINGLE_PROTEIN|HSAMP_20b60708f05d03c76f9fe702|HUMAN_BIOGPS_GNF1H_GCRMA_77_TISSUE_DDOF1,strict18_common_rhr,HRH3,CerebellumPeduncles,-0.041187017290214595,0.0034479888578476505
GLOBAL_JOINT_CONTINUOUS_PCA,HRH3|EXACT_SINGLE_PROTEIN|HSAMP_374f872ebf1bbba2be514f9f|HUMAN_BIOGPS_GNF1H_GCRMA_77_TISSUE_DDOF1,strict18_common_rhr,HRH3,GlobusPallidus,0.03600801887191176,0.007329969191870504
GLOBAL_JOINT_CONTINUOUS_PCA,HRH3|EXACT_SINGLE_PROTEIN|HSAMP_5c090f15f3e5194312a7e8ed|HUMAN_BIOGPS_GNF1H_GCRMA_77_TISSUE_DDOF1,strict18_common_rhr,HRH3,MedullaOblongata,0.044062700205381694,-0.0019719157577056095
GLOBAL_JOINT_CONTINUOUS_PCA,HRH3|EXACT_SINGLE_PROTEIN|HSAMP_752ebc880edc13bb4e2b2de8|HUMAN_BIOGPS_GNF1H_GCRMA_77_TISSUE_DDOF1,strict18_common_rhr,HRH3,PrefrontalCortex,-0.019502088505609704,0.004667863624320136
GLOBAL_JOINT_CONTINUOUS_PCA,HRH3|EXACT_SINGLE_PROTEIN|HSAMP_7725bb8a75064c4d7246d9ba|HUMAN_BIOGPS_GNF1H_GCRMA_77_TISSUE_DDOF1,strict18_common_rhr,HRH3,OccipitalLobe,0.049733423607823436,-0.008495277685239453
GLOBAL_JOINT_CONTINUOUS_PCA,HRH3|EXACT_SINGLE_PROTEIN|HSAMP_8ed020260a1d25cf72324c8a|HUMAN_BIOGPS_GNF1H_GCRMA_77_TISSUE_DDOF1,strict18_common_rhr,HRH3,Hypothalamus,-0.008337430063937307,0.0006659996041722216
GLOBAL_JOINT_CONTINUOUS_PCA,HRH3|EXACT_SINGLE_PROTEIN|HSAMP_936b77a4b11b5c19027de438|HUMAN_BIOGPS_GNF1H_GCRMA_77_TISSUE_DDOF1,strict18_common_rhr,HRH3,Spinalcord,0.015263777349962199,-0.003748208613580033
GLOBAL_JOINT_CONTINUOUS_PCA,HRH3|EXACT_SINGLE_PROTEIN|HSAMP_9aa72e4fb1ff63e1792b1ec7|HUMAN_BIOGPS_GNF1H_GCRMA_77_TISSUE_DDOF1,strict18_common_rhr,HRH3,Cerebellum,0.015270705844475811,-0.0037509173827521866
GLOBAL_JOINT_CONTINUOUS_PCA,HRH3|EXACT_SINGLE_PROTEIN|HSAMP_a32ce488a48b0df9b8c4c40a|HUMAN_BIOGPS_GNF1H_GCRMA_77_TISSUE_DDOF1,strict18_common_rhr,HRH3,Caudatenucleus,-0.05734061834379409,0.005286841192377988
GLOBAL_JOINT_CONTINUOUS_PCA,HRH3|EXACT_SINGLE_PROTEIN|HSAMP_d99ba5ea584363f8600ade55|HUMAN_BIOGPS_GNF1H_GCRMA_77_TISSUE_DDOF1,strict18_common_rhr,HRH3,CingulateCortex,-0.01868934654494944,0.0044880051589938795
GLOBAL_JOINT_CONTINUOUS_PCA,HRH3|EXACT_SINGLE_PROTEIN|HSAMP_e75262fc0acfda69d976a6d3|HUMAN_BIOGPS_GNF1H_GCRMA_77_TISSUE_DDOF1,strict18_common_rhr,HRH3,ParietalLobe,-0.011685619761400088,0.003054113774055903
GLOBAL_JOINT_CONTINUOUS_PCA,HRH3|EXACT_SINGLE_PROTEIN|HSAMP_eb2587e74e2d6457032d4ae7|HUMAN_BIOGPS_GNF1H_GCRMA_77_TISSUE_DDOF1,strict18_common_rhr,HRH3,TemporalLobe,-0.04877695779564751,0.0035199596321345483
GLOBAL_JOINT_CONTINUOUS_PCA,HRH3|EXACT_SINGLE_PROTEIN|HSAMP_f43595f3557cf05e6a721aeb|HUMAN_BIOGPS_GNF1H_GCRMA_77_TISSUE_DDOF1,strict18_common_rhr,HRH3,Thalamus,-0.059322127938796945,0.005888217906861695
GLOBAL_JOINT_CONTINUOUS_PCA,HRH3|EXACT_SINGLE_PROTEIN|HSAMP_ff841df7ecd9f2c8ea2660f5|HUMAN_BIOGPS_GNF1H_GCRMA_77_TISSUE_DDOF1,strict18_common_rhr,HRH3,OlfactoryBulb,0.07319392664135768,-0.021732342968941568
GLOBAL_JOINT_CONTINUOUS_PCA,HTR1A|EXACT_SINGLE_PROTEIN|HSAMP_06645e2e8409a5b743985cdd|HUMAN_BIOGPS_GNF1H_GCRMA_77_TISSUE_DDOF1,strict18_common_rhr,HTR1A,Wholebrain,0.04783950492535059,0.04110161674493142
GLOBAL_JOINT_CONTINUOUS_PCA,HTR1A|EXACT_SINGLE_PROTEIN|HSAMP_0cb8b4d1db8c390eeeecca55|HUMAN_BIOGPS_GNF1H_GCRMA_77_TISSUE_DDOF1,strict18_common_rhr,HTR1A,Pons,0.02645396366932045,0.021722988734688142
GLOBAL_JOINT_CONTINUOUS_PCA,HTR1A|EXACT_SINGLE_PROTEIN|HSAMP_13a552b6ffc4aac3b85a50ca|HUMAN_BIOGPS_GNF1H_GCRMA_77_TISSUE_DDOF1,strict18_common_rhr,HTR1A,Amygdala,-0.007234951090238917,-0.005569308656898411
GLOBAL_JOINT_CONTINUOUS_PCA,HTR1A|EXACT_SINGLE_PROTEIN|HSAMP_192dff4b8df5862a227b1163|HUMAN_BIOGPS_GNF1H_GCRMA_77_TISSUE_DDOF1,strict18_common_rhr,HTR1A,SubthalamicNucleus,0.04200391456699422,0.034722340655025455
GLOBAL_JOINT_CONTINUOUS_PCA,HTR1A|EXACT_SINGLE_PROTEIN|HSAMP_20b60708f05d03c76f9fe702|HUMAN_BIOGPS_GNF1H_GCRMA_77_TISSUE_DDOF1,strict18_common_rhr,HTR1A,CerebellumPeduncles,-0.018099202586194754,-0.016336571121387738
GLOBAL_JOINT_CONTINUOUS_PCA,HTR1A|EXACT_SINGLE_PROTEIN|HSAMP_374f872ebf1bbba2be514f9f|HUMAN_BIOGPS_GNF1H_GCRMA_77_TISSUE_DDOF1,strict18_common_rhr,HTR1A,GlobusPallidus,0.080799696043026,0.0690131209744498
GLOBAL_JOINT_CONTINUOUS_PCA,HTR1A|EXACT_SINGLE_PROTEIN|HSAMP_5c090f15f3e5194312a7e8ed|HUMAN_BIOGPS_GNF1H_GCRMA_77_TISSUE_DDOF1,strict18_common_rhr,HTR1A,MedullaOblongata,0.038892044581886734,0.03206681314737053
GLOBAL_JOINT_CONTINUOUS_PCA,HTR1A|EXACT_SINGLE_PROTEIN|HSAMP_752ebc880edc13bb4e2b2de8|HUMAN_BIOGPS_GNF1H_GCRMA_77_TISSUE_DDOF1,strict18_common_rhr,HTR1A,PrefrontalCortex,-0.03342255836025656,-0.028899645666934638
GLOBAL_JOINT_CONTINUOUS_PCA,HTR1A|EXACT_SINGLE_PROTEIN|HSAMP_7725bb8a75064c4d7246d9ba|HUMAN_BIOGPS_GNF1H_GCRMA_77_TISSUE_DDOF1,strict18_common_rhr,HTR1A,OccipitalLobe,0.04200391456699422,0.034722340655025455
GLOBAL_JOINT_CONTINUOUS_PCA,HTR1A|EXACT_SINGLE_PROTEIN|HSAMP_8ed020260a1d25cf72324c8a|HUMAN_BIOGPS_GNF1H_GCRMA_77_TISSUE_DDOF1,strict18_common_rhr,HTR1A,Hypothalamus,-0.01501019982467281,-0.013498470393507026
GLOBAL_JOINT_CONTINUOUS_PCA,HTR1A|EXACT_SINGLE_PROTEIN|HSAMP_936b77a4b11b5c19027de438|HUMAN_BIOGPS_GNF1H_GCRMA_77_TISSUE_DDOF1,strict18_common_rhr,HTR1A,Spinalcord,-0.009877476278429725,-0.007981414748569973
GLOBAL_JOINT_CONTINUOUS_PCA,HTR1A|EXACT_SINGLE_PROTEIN|HSAMP_9aa72e4fb1ff63e1792b1ec7|HUMAN_BIOGPS_GNF1H_GCRMA_77_TISSUE_DDOF1,strict18_common_rhr,HTR1A,Cerebellum,0.0623849513536716,0.05383740205369091
GLOBAL_JOINT_CONTINUOUS_PCA,HTR1A|EXACT_SINGLE_PROTEIN|HSAMP_a32ce488a48b0df9b8c4c40a|HUMAN_BIOGPS_GNF1H_GCRMA_77_TISSUE_DDOF1,strict18_common_rhr,HTR1A,Caudatenucleus,0.04200391456699422,0.034722340655025455
GLOBAL_JOINT_CONTINUOUS_PCA,HTR1A|EXACT_SINGLE_PROTEIN|HSAMP_d99ba5ea584363f8600ade55|HUMAN_BIOGPS_GNF1H_GCRMA_77_TISSUE_DDOF1,strict18_common_rhr,HTR1A,CingulateCortex,-0.007234951090238917,-0.005569308656898411
GLOBAL_JOINT_CONTINUOUS_PCA,HTR1A|EXACT_SINGLE_PROTEIN|HSAMP_e75262fc0acfda69d976a6d3|HUMAN_BIOGPS_GNF1H_GCRMA_77_TISSUE_DDOF1,strict18_common_rhr,HTR1A,ParietalLobe,-0.007234951090238917,-0.005569308656898411
GLOBAL_JOINT_CONTINUOUS_PCA,HTR1A|EXACT_SINGLE_PROTEIN|HSAMP_eb2587e74e2d6457032d4ae7|HUMAN_BIOGPS_GNF1H_GCRMA_77_TISSUE_DDOF1,strict18_common_rhr,HTR1A,TemporalLobe,0.02645396366932045,0.021722988734688142
GLOBAL_JOINT_CONTINUOUS_PCA,HTR1A|EXACT_SINGLE_PROTEIN|HSAMP_f43595f3557cf05e6a721aeb|HUMAN_BIOGPS_GNF1H_GCRMA_77_TISSUE_DDOF1,strict18_common_rhr,HTR1A,Thalamus,-0.0011114154868610132,-0.0008538037514280328
GLOBAL_JOINT_CONTINUOUS_PCA,HTR1A|EXACT_SINGLE_PROTEIN|HSAMP_ff841df7ecd9f2c8ea2660f5|HUMAN_BIOGPS_GNF1H_GCRMA_77_TISSUE_DDOF1,strict18_common_rhr,HTR1A,OlfactoryBulb,0.06526143901449917,0.056353327017895284
GLOBAL_JOINT_CONTINUOUS_PCA,HTR2A|EXACT_SINGLE_PROTEIN|HSAMP_06645e2e8409a5b743985cdd|HUMAN_BIOGPS_GNF1H_GCRMA_77_TISSUE_DDOF1,strict18_common_rhr,HTR2A,Wholebrain,0.04065003334331519,0.05085515340469756
GLOBAL_JOINT_CONTINUOUS_PCA,HTR2A|EXACT_SINGLE_PROTEIN|HSAMP_0cb8b4d1db8c390eeeecca55|HUMAN_BIOGPS_GNF1H_GCRMA_77_TISSUE_DDOF1,strict18_common_rhr,HTR2A,Pons,-0.01296351679526387,-0.01714724875511
GLOBAL_JOINT_CONTINUOUS_PCA,HTR2A|EXACT_SINGLE_PROTEIN|HSAMP_13a552b6ffc4aac3b85a50ca|HUMAN_BIOGPS_GNF1H_GCRMA_77_TISSUE_DDOF1,strict18_common_rhr,HTR2A,Amygdala,0.019863328793717994,0.02340994165919495
GLOBAL_JOINT_CONTINUOUS_PCA,HTR2A|EXACT_SINGLE_PROTEIN|HSAMP_192dff4b8df5862a227b1163|HUMAN_BIOGPS_GNF1H_GCRMA_77_TISSUE_DDOF1,strict18_common_rhr,HTR2A,SubthalamicNucleus,-0.0508775088749391,-0.07176010879311152
GLOBAL_JOINT_CONTINUOUS_PCA,HTR2A|EXACT_SINGLE_PROTEIN|HSAMP_20b60708f05d03c76f9fe702|HUMAN_BIOGPS_GNF1H_GCRMA_77_TISSUE_DDOF1,strict18_common_rhr,HTR2A,CerebellumPeduncles,0.011732153085464606,0.018369916824758158
GLOBAL_JOINT_CONTINUOUS_PCA,HTR2A|EXACT_SINGLE_PROTEIN|HSAMP_374f872ebf1bbba2be514f9f|HUMAN_BIOGPS_GNF1H_GCRMA_77_TISSUE_DDOF1,strict18_common_rhr,HTR2A,GlobusPallidus,-0.014737233233637634,-0.019048368334766738
GLOBAL_JOINT_CONTINUOUS_PCA,HTR2A|EXACT_SINGLE_PROTEIN|HSAMP_5c090f15f3e5194312a7e8ed|HUMAN_BIOGPS_GNF1H_GCRMA_77_TISSUE_DDOF1,strict18_common_rhr,HTR2A,MedullaOblongata,-0.025075915208508343,-0.03227248691699196
GLOBAL_JOINT_CONTINUOUS_PCA,HTR2A|EXACT_SINGLE_PROTEIN|HSAMP_752ebc880edc13bb4e2b2de8|HUMAN_BIOGPS_GNF1H_GCRMA_77_TISSUE_DDOF1,strict18_common_rhr,HTR2A,PrefrontalCortex,-0.05661160008407003,-0.0933254030364485
GLOBAL_JOINT_CONTINUOUS_PCA,HTR2A|EXACT_SINGLE_PROTEIN|HSAMP_7725bb8a75064c4d7246d9ba|HUMAN_BIOGPS_GNF1H_GCRMA_77_TISSUE_DDOF1,strict18_common_rhr,HTR2A,OccipitalLobe,-0.052640860422307326,-0.07570113226244087
GLOBAL_JOINT_CONTINUOUS_PCA,HTR2A|EXACT_SINGLE_PROTEIN|HSAMP_8ed020260a1d25cf72324c8a|HUMAN_BIOGPS_GNF1H_GCRMA_77_TISSUE_DDOF1,strict18_common_rhr,HTR2A,Hypothalamus,0.012518640130716003,0.020042067298109006
GLOBAL_JOINT_CONTINUOUS_PCA,HTR2A|EXACT_SINGLE_PROTEIN|HSAMP_936b77a4b11b5c19027de438|HUMAN_BIOGPS_GNF1H_GCRMA_77_TISSUE_DDOF1,strict18_common_rhr,HTR2A,Spinalcord,0.018274218279173374,0.02199880252898346
GLOBAL_JOINT_CONTINUOUS_PCA,HTR2A|EXACT_SINGLE_PROTEIN|HSAMP_9aa72e4fb1ff63e1792b1ec7|HUMAN_BIOGPS_GNF1H_GCRMA_77_TISSUE_DDOF1,strict18_common_rhr,HTR2A,Cerebellum,0.04781393291534981,0.06141134057100952
GLOBAL_JOINT_CONTINUOUS_PCA,HTR2A|EXACT_SINGLE_PROTEIN|HSAMP_a32ce488a48b0df9b8c4c40a|HUMAN_BIOGPS_GNF1H_GCRMA_77_TISSUE_DDOF1,strict18_common_rhr,HTR2A,Caudatenucleus,0.04065003334331519,0.05085515340469756
GLOBAL_JOINT_CONTINUOUS_PCA,HTR2A|EXACT_SINGLE_PROTEIN|HSAMP_d99ba5ea584363f8600ade55|HUMAN_BIOGPS_GNF1H_GCRMA_77_TISSUE_DDOF1,strict18_common_rhr,HTR2A,CingulateCortex,-0.04289229896360443,-0.057185065910902874
GLOBAL_JOINT_CONTINUOUS_PCA,HTR2A|EXACT_SINGLE_PROTEIN|HSAMP_e75262fc0acfda69d976a6d3|HUMAN_BIOGPS_GNF1H_GCRMA_77_TISSUE_DDOF1,strict18_common_rhr,HTR2A,ParietalLobe,-0.041475721895613146,-0.05348318491385139
GLOBAL_JOINT_CONTINUOUS_PCA,HTR2A|EXACT_SINGLE_PROTEIN|HSAMP_eb2587e74e2d6457032d4ae7|HUMAN_BIOGPS_GNF1H_GCRMA_77_TISSUE_DDOF1,strict18_common_rhr,HTR2A,TemporalLobe,-0.036969092697064374,-0.04764709886418738
GLOBAL_JOINT_CONTINUOUS_PCA,HTR2A|EXACT_SINGLE_PROTEIN|HSAMP_f43595f3557cf05e6a721aeb|HUMAN_BIOGPS_GNF1H_GCRMA_77_TISSUE_DDOF1,strict18_common_rhr,HTR2A,Thalamus,0.027482331632020383,0.031070846434347505
GLOBAL_JOINT_CONTINUOUS_PCA,HTR2A|EXACT_SINGLE_PROTEIN|HSAMP_ff841df7ecd9f2c8ea2660f5|HUMAN_BIOGPS_GNF1H_GCRMA_77_TISSUE_DDOF1,strict18_common_rhr,HTR2A,OlfactoryBulb,0.04913934382799403,0.06303098837724944
GLOBAL_JOINT_CONTINUOUS_PCA,HTR2B|EXACT_SINGLE_PROTEIN|HSAMP_06645e2e8409a5b743985cdd|HUMAN_BIOGPS_GNF1H_GCRMA_77_TISSUE_DDOF1,strict18_common_rhr,HTR2B,Wholebrain,0.07364543980595871,0.05264897820923567
GLOBAL_JOINT_CONTINUOUS_PCA,HTR2B|EXACT_SINGLE_PROTEIN|HSAMP_0cb8b4d1db8c390eeeecca55|HUMAN_BIOGPS_GNF1H_GCRMA_77_TISSUE_DDOF1,strict18_common_rhr,HTR2B,Pons,0.03643779127761916,0.022221373716580325
GLOBAL_JOINT_CONTINUOUS_PCA,HTR2B|EXACT_SINGLE_PROTEIN|HSAMP_13a552b6ffc4aac3b85a50ca|HUMAN_BIOGPS_GNF1H_GCRMA_77_TISSUE_DDOF1,strict18_common_rhr,HTR2B,Amygdala,0.01287386135019643,0.010661810836266421
GLOBAL_JOINT_CONTINUOUS_PCA,HTR2B|EXACT_SINGLE_PROTEIN|HSAMP_192dff4b8df5862a227b1163|HUMAN_BIOGPS_GNF1H_GCRMA_77_TISSUE_DDOF1,strict18_common_rhr,HTR2B,SubthalamicNucleus,0.04494196658746841,0.029593388298590557
GLOBAL_JOINT_CONTINUOUS_PCA,HTR2B|EXACT_SINGLE_PROTEIN|HSAMP_20b60708f05d03c76f9fe702|HUMAN_BIOGPS_GNF1H_GCRMA_77_TISSUE_DDOF1,strict18_common_rhr,HTR2B,CerebellumPeduncles,-0.02044994595504911,-0.014471938767471187
GLOBAL_JOINT_CONTINUOUS_PCA,HTR2B|EXACT_SINGLE_PROTEIN|HSAMP_374f872ebf1bbba2be514f9f|HUMAN_BIOGPS_GNF1H_GCRMA_77_TISSUE_DDOF1,strict18_common_rhr,HTR2B,GlobusPallidus,0.09208337926838055,0.06241910496955098
GLOBAL_JOINT_CONTINUOUS_PCA,HTR2B|EXACT_SINGLE_PROTEIN|HSAMP_5c090f15f3e5194312a7e8ed|HUMAN_BIOGPS_GNF1H_GCRMA_77_TISSUE_DDOF1,strict18_common_rhr,HTR2B,MedullaOblongata,0.04979926880203521,0.03447743046353918
GLOBAL_JOINT_CONTINUOUS_PCA,HTR2B|EXACT_SINGLE_PROTEIN|HSAMP_752ebc880edc13bb4e2b2de8|HUMAN_BIOGPS_GNF1H_GCRMA_77_TISSUE_DDOF1,strict18_common_rhr,HTR2B,PrefrontalCortex,-0.029338100207068663,-0.01960283183940523
GLOBAL_JOINT_CONTINUOUS_PCA,HTR2B|EXACT_SINGLE_PROTEIN|HSAMP_7725bb8a75064c4d7246d9ba|HUMAN_BIOGPS_GNF1H_GCRMA_77_TISSUE_DDOF1,strict18_common_rhr,HTR2B,OccipitalLobe,0.05444771264709578,0.039124941131726855
GLOBAL_JOINT_CONTINUOUS_PCA,HTR2B|EXACT_SINGLE_PROTEIN|HSAMP_8ed020260a1d25cf72324c8a|HUMAN_BIOGPS_GNF1H_GCRMA_77_TISSUE_DDOF1,strict18_common_rhr,HTR2B,Hypothalamus,-0.008207522500449647,-0.0050267712525945835
GLOBAL_JOINT_CONTINUOUS_PCA,HTR2B|EXACT_SINGLE_PROTEIN|HSAMP_936b77a4b11b5c19027de438|HUMAN_BIOGPS_GNF1H_GCRMA_77_TISSUE_DDOF1,strict18_common_rhr,HTR2B,Spinalcord,-0.008207522500449647,-0.0050267712525945835
GLOBAL_JOINT_CONTINUOUS_PCA,HTR2B|EXACT_SINGLE_PROTEIN|HSAMP_9aa72e4fb1ff63e1792b1ec7|HUMAN_BIOGPS_GNF1H_GCRMA_77_TISSUE_DDOF1,strict18_common_rhr,HTR2B,Cerebellum,0.07364543980595871,0.05264897820923567
GLOBAL_JOINT_CONTINUOUS_PCA,HTR2B|EXACT_SINGLE_PROTEIN|HSAMP_a32ce488a48b0df9b8c4c40a|HUMAN_BIOGPS_GNF1H_GCRMA_77_TISSUE_DDOF1,strict18_common_rhr,HTR2B,Caudatenucleus,0.05208697486337221,0.03713768198171363
GLOBAL_JOINT_CONTINUOUS_PCA,HTR2B|EXACT_SINGLE_PROTEIN|HSAMP_d99ba5ea584363f8600ade55|HUMAN_BIOGPS_GNF1H_GCRMA_77_TISSUE_DDOF1,strict18_common_rhr,HTR2B,CingulateCortex,0.0031191104203591364,0.0021831156319013006
GLOBAL_JOINT_CONTINUOUS_PCA,HTR2B|EXACT_SINGLE_PROTEIN|HSAMP_e75262fc0acfda69d976a6d3|HUMAN_BIOGPS_GNF1H_GCRMA_77_TISSUE_DDOF1,strict18_common_rhr,HTR2B,ParietalLobe,-0.011886866006787228,-0.008015889946875653
GLOBAL_JOINT_CONTINUOUS_PCA,HTR2B|EXACT_SINGLE_PROTEIN|HSAMP_eb2587e74e2d6457032d4ae7|HUMAN_BIOGPS_GNF1H_GCRMA_77_TISSUE_DDOF1,strict18_common_rhr,HTR2B,TemporalLobe,0.04220135232941541,0.02658250239418151
GLOBAL_JOINT_CONTINUOUS_PCA,HTR2B|EXACT_SINGLE_PROTEIN|HSAMP_f43595f3557cf05e6a721aeb|HUMAN_BIOGPS_GNF1H_GCRMA_77_TISSUE_DDOF1,strict18_common_rhr,HTR2B,Thalamus,0.01287386135019643,0.010661810836266421
GLOBAL_JOINT_CONTINUOUS_PCA,HTR2B|EXACT_SINGLE_PROTEIN|HSAMP_ff841df7ecd9f2c8ea2660f5|HUMAN_BIOGPS_GNF1H_GCRMA_77_TISSUE_DDOF1,strict18_common_rhr,HTR2B,OlfactoryBulb,0.08406877476314611,0.058803031368709346
GLOBAL_JOINT_CONTINUOUS_PCA,HTR2C|EXACT_SINGLE_PROTEIN|HSAMP_06645e2e8409a5b743985cdd|HUMAN_BIOGPS_GNF1H_GCRMA_77_TISSUE_DDOF1,strict18_common_rhr,HTR2C,Wholebrain,0.03166113347763897,0.02035538493361384
GLOBAL_JOINT_CONTINUOUS_PCA,HTR2C|EXACT_SINGLE_PROTEIN|HSAMP_0cb8b4d1db8c390eeeecca55|HUMAN_BIOGPS_GNF1H_GCRMA_77_TISSUE_DDOF1,strict18_common_rhr,HTR2C,Pons,0.026384141111991756,0.017025334575377308
GLOBAL_JOINT_CONTINUOUS_PCA,HTR2C|EXACT_SINGLE_PROTEIN|HSAMP_13a552b6ffc4aac3b85a50ca|HUMAN_BIOGPS_GNF1H_GCRMA_77_TISSUE_DDOF1,strict18_common_rhr,HTR2C,Amygdala,-0.04625004336897806,-0.035278016528340825
GLOBAL_JOINT_CONTINUOUS_PCA,HTR2C|EXACT_SINGLE_PROTEIN|HSAMP_192dff4b8df5862a227b1163|HUMAN_BIOGPS_GNF1H_GCRMA_77_TISSUE_DDOF1,strict18_common_rhr,HTR2C,SubthalamicNucleus,0.028101596024041577,0.01818259279744627
GLOBAL_JOINT_CONTINUOUS_PCA,HTR2C|EXACT_SINGLE_PROTEIN|HSAMP_20b60708f05d03c76f9fe702|HUMAN_BIOGPS_GNF1H_GCRMA_77_TISSUE_DDOF1,strict18_common_rhr,HTR2C,CerebellumPeduncles,0.017833331459141434,0.01208920979061537
GLOBAL_JOINT_CONTINUOUS_PCA,HTR2C|EXACT_SINGLE_PROTEIN|HSAMP_374f872ebf1bbba2be514f9f|HUMAN_BIOGPS_GNF1H_GCRMA_77_TISSUE_DDOF1,strict18_common_rhr,HTR2C,GlobusPallidus,0.03352176783932102,0.022139456685315573
GLOBAL_JOINT_CONTINUOUS_PCA,HTR2C|EXACT_SINGLE_PROTEIN|HSAMP_5c090f15f3e5194312a7e8ed|HUMAN_BIOGPS_GNF1H_GCRMA_77_TISSUE_DDOF1,strict18_common_rhr,HTR2C,MedullaOblongata,0.013775304107890105,0.011918588163337487
GLOBAL_JOINT_CONTINUOUS_PCA,HTR2C|EXACT_SINGLE_PROTEIN|HSAMP_752ebc880edc13bb4e2b2de8|HUMAN_BIOGPS_GNF1H_GCRMA_77_TISSUE_DDOF1,strict18_common_rhr,HTR2C,PrefrontalCortex,0.017000630816668767,0.011503124178631812
GLOBAL_JOINT_CONTINUOUS_PCA,HTR2C|EXACT_SINGLE_PROTEIN|HSAMP_7725bb8a75064c4d7246d9ba|HUMAN_BIOGPS_GNF1H_GCRMA_77_TISSUE_DDOF1,strict18_common_rhr,HTR2C,OccipitalLobe,0.030645231614528538,0.019723879031190408
GLOBAL_JOINT_CONTINUOUS_PCA,HTR2C|EXACT_SINGLE_PROTEIN|HSAMP_8ed020260a1d25cf72324c8a|HUMAN_BIOGPS_GNF1H_GCRMA_77_TISSUE_DDOF1,strict18_common_rhr,HTR2C,Hypothalamus,-0.0609310413593472,-0.051176355567694454
GLOBAL_JOINT_CONTINUOUS_PCA,HTR2C|EXACT_SINGLE_PROTEIN|HSAMP_936b77a4b11b5c19027de438|HUMAN_BIOGPS_GNF1H_GCRMA_77_TISSUE_DDOF1,strict18_common_rhr,HTR2C,Spinalcord,0.02289164784732931,0.01528419190798256
GLOBAL_JOINT_CONTINUOUS_PCA,HTR2C|EXACT_SINGLE_PROTEIN|HSAMP_9aa72e4fb1ff63e1792b1ec7|HUMAN_BIOGPS_GNF1H_GCRMA_77_TISSUE_DDOF1,strict18_common_rhr,HTR2C,Cerebellum,0.03248937130587854,0.02142456209108593
GLOBAL_JOINT_CONTINUOUS_PCA,HTR2C|EXACT_SINGLE_PROTEIN|HSAMP_a32ce488a48b0df9b8c4c40a|HUMAN_BIOGPS_GNF1H_GCRMA_77_TISSUE_DDOF1,strict18_common_rhr,HTR2C,Caudatenucleus,-0.06701480729721651,-0.05431046787251589
GLOBAL_JOINT_CONTINUOUS_PCA,HTR2C|EXACT_SINGLE_PROTEIN|HSAMP_d99ba5ea584363f8600ade55|HUMAN_BIOGPS_GNF1H_GCRMA_77_TISSUE_DDOF1,strict18_common_rhr,HTR2C,CingulateCortex,0.023824219522147444,0.01549802736876188
GLOBAL_JOINT_CONTINUOUS_PCA,HTR2C|EXACT_SINGLE_PROTEIN|HSAMP_e75262fc0acfda69d976a6d3|HUMAN_BIOGPS_GNF1H_GCRMA_77_TISSUE_DDOF1,strict18_common_rhr,HTR2C,ParietalLobe,0.021559154200669364,0.014932072265370628
GLOBAL_JOINT_CONTINUOUS_PCA,HTR2C|EXACT_SINGLE_PROTEIN|HSAMP_eb2587e74e2d6457032d4ae7|HUMAN_BIOGPS_GNF1H_GCRMA_77_TISSUE_DDOF1,strict18_common_rhr,HTR2C,TemporalLobe,0.02838459624222418,0.018322493611947845
GLOBAL_JOINT_CONTINUOUS_PCA,HTR2C|EXACT_SINGLE_PROTEIN|HSAMP_f43595f3557cf05e6a721aeb|HUMAN_BIOGPS_GNF1H_GCRMA_77_TISSUE_DDOF1,strict18_common_rhr,HTR2C,Thalamus,0.022565572967524948,0.0153190591955388
GLOBAL_JOINT_CONTINUOUS_PCA,HTR2C|EXACT_SINGLE_PROTEIN|HSAMP_ff841df7ecd9f2c8ea2660f5|HUMAN_BIOGPS_GNF1H_GCRMA_77_TISSUE_DDOF1,strict18_common_rhr,HTR2C,OlfactoryBulb,0.033471240318798036,0.021979075662305562
GLOBAL_JOINT_CONTINUOUS_PCA,KCNH2|EXACT_SINGLE_PROTEIN|HSAMP_06645e2e8409a5b743985cdd|HUMAN_BIOGPS_GNF1H_GCRMA_77_TISSUE_DDOF1,strict18_common_rhr,KCNH2,Wholebrain,-0.008014274483571792,-0.0005606430614682581
GLOBAL_JOINT_CONTINUOUS_PCA,KCNH2|EXACT_SINGLE_PROTEIN|HSAMP_0cb8b4d1db8c390eeeecca55|HUMAN_BIOGPS_GNF1H_GCRMA_77_TISSUE_DDOF1,strict18_common_rhr,KCNH2,Pons,0.03525771497439889,0.004321208320747673
GLOBAL_JOINT_CONTINUOUS_PCA,KCNH2|EXACT_SINGLE_PROTEIN|HSAMP_13a552b6ffc4aac3b85a50ca|HUMAN_BIOGPS_GNF1H_GCRMA_77_TISSUE_DDOF1,strict18_common_rhr,KCNH2,Amygdala,0.038267460944216646,0.004454279611415564
GLOBAL_JOINT_CONTINUOUS_PCA,KCNH2|EXACT_SINGLE_PROTEIN|HSAMP_192dff4b8df5862a227b1163|HUMAN_BIOGPS_GNF1H_GCRMA_77_TISSUE_DDOF1,strict18_common_rhr,KCNH2,SubthalamicNucleus,0.029933535040920264,0.00745793273151351
GLOBAL_JOINT_CONTINUOUS_PCA,KCNH2|EXACT_SINGLE_PROTEIN|HSAMP_20b60708f05d03c76f9fe702|HUMAN_BIOGPS_GNF1H_GCRMA_77_TISSUE_DDOF1,strict18_common_rhr,KCNH2,CerebellumPeduncles,-0.011713825885009148,-0.0018045575132780538
GLOBAL_JOINT_CONTINUOUS_PCA,KCNH2|EXACT_SINGLE_PROTEIN|HSAMP_374f872ebf1bbba2be514f9f|HUMAN_BIOGPS_GNF1H_GCRMA_77_TISSUE_DDOF1,strict18_common_rhr,KCNH2,GlobusPallidus,0.03592579824591399,0.004214363086839473
GLOBAL_JOINT_CONTINUOUS_PCA,KCNH2|EXACT_SINGLE_PROTEIN|HSAMP_5c090f15f3e5194312a7e8ed|HUMAN_BIOGPS_GNF1H_GCRMA_77_TISSUE_DDOF1,strict18_common_rhr,KCNH2,MedullaOblongata,0.03592579824591399,0.004214363086839473
GLOBAL_JOINT_CONTINUOUS_PCA,KCNH2|EXACT_SINGLE_PROTEIN|HSAMP_752ebc880edc13bb4e2b2de8|HUMAN_BIOGPS_GNF1H_GCRMA_77_TISSUE_DDOF1,strict18_common_rhr,KCNH2,PrefrontalCortex,-0.01825004950865051,-0.007502385535165715
GLOBAL_JOINT_CONTINUOUS_PCA,KCNH2|EXACT_SINGLE_PROTEIN|HSAMP_7725bb8a75064c4d7246d9ba|HUMAN_BIOGPS_GNF1H_GCRMA_77_TISSUE_DDOF1,strict18_common_rhr,KCNH2,OccipitalLobe,0.03466066265602668,0.004739119331781882
GLOBAL_JOINT_CONTINUOUS_PCA,KCNH2|EXACT_SINGLE_PROTEIN|HSAMP_8ed020260a1d25cf72324c8a|HUMAN_BIOGPS_GNF1H_GCRMA_77_TISSUE_DDOF1,strict18_common_rhr,KCNH2,Hypothalamus,0.034671319581270725,0.004729361934925615
GLOBAL_JOINT_CONTINUOUS_PCA,KCNH2|EXACT_SINGLE_PROTEIN|HSAMP_936b77a4b11b5c19027de438|HUMAN_BIOGPS_GNF1H_GCRMA_77_TISSUE_DDOF1,strict18_common_rhr,KCNH2,Spinalcord,0.018842705813065807,0.014837939744107246
GLOBAL_JOINT_CONTINUOUS_PCA,KCNH2|EXACT_SINGLE_PROTEIN|HSAMP_9aa72e4fb1ff63e1792b1ec7|HUMAN_BIOGPS_GNF1H_GCRMA_77_TISSUE_DDOF1,strict18_common_rhr,KCNH2,Cerebellum,-0.0036002400465805543,-0.0017696192796347948
GLOBAL_JOINT_CONTINUOUS_PCA,KCNH2|EXACT_SINGLE_PROTEIN|HSAMP_a32ce488a48b0df9b8c4c40a|HUMAN_BIOGPS_GNF1H_GCRMA_77_TISSUE_DDOF1,strict18_common_rhr,KCNH2,Caudatenucleus,0.034442393501836775,0.005247775214075843
GLOBAL_JOINT_CONTINUOUS_PCA,KCNH2|EXACT_SINGLE_PROTEIN|HSAMP_d99ba5ea584363f8600ade55|HUMAN_BIOGPS_GNF1H_GCRMA_77_TISSUE_DDOF1,strict18_common_rhr,KCNH2,CingulateCortex,0.021330828155415253,0.013436804920454697
GLOBAL_JOINT_CONTINUOUS_PCA,KCNH2|EXACT_SINGLE_PROTEIN|HSAMP_e75262fc0acfda69d976a6d3|HUMAN_BIOGPS_GNF1H_GCRMA_77_TISSUE_DDOF1,strict18_common_rhr,KCNH2,ParietalLobe,0.034442393501836775,0.005247775214075843
GLOBAL_JOINT_CONTINUOUS_PCA,KCNH2|EXACT_SINGLE_PROTEIN|HSAMP_eb2587e74e2d6457032d4ae7|HUMAN_BIOGPS_GNF1H_GCRMA_77_TISSUE_DDOF1,strict18_common_rhr,KCNH2,TemporalLobe,0.03592579824591399,0.004214363086839473
GLOBAL_JOINT_CONTINUOUS_PCA,KCNH2|EXACT_SINGLE_PROTEIN|HSAMP_f43595f3557cf05e6a721aeb|HUMAN_BIOGPS_GNF1H_GCRMA_77_TISSUE_DDOF1,strict18_common_rhr,KCNH2,Thalamus,-0.003952539081496317,-0.0018397350979570592
GLOBAL_JOINT_CONTINUOUS_PCA,KCNH2|EXACT_SINGLE_PROTEIN|HSAMP_ff841df7ecd9f2c8ea2660f5|HUMAN_BIOGPS_GNF1H_GCRMA_77_TISSUE_DDOF1,strict18_common_rhr,KCNH2,OlfactoryBulb,0.03226441423716454,0.006014814835861656
GLOBAL_JOINT_CONTINUOUS_PCA,MAOA|EXACT_SINGLE_PROTEIN|HSAMP_06645e2e8409a5b743985cdd|HUMAN_BIOGPS_GNF1H_GCRMA_77_TISSUE_DDOF1,strict18_common_rhr,MAOA,Wholebrain,0.023784881672843067,-0.01846773741232592
GLOBAL_JOINT_CONTINUOUS_PCA,MAOA|EXACT_SINGLE_PROTEIN|HSAMP_0cb8b4d1db8c390eeeecca55|HUMAN_BIOGPS_GNF1H_GCRMA_77_TISSUE_DDOF1,strict18_common_rhr,MAOA,Pons,0.01950205010240425,-0.01500985205853321
GLOBAL_JOINT_CONTINUOUS_PCA,MAOA|EXACT_SINGLE_PROTEIN|HSAMP_13a552b6ffc4aac3b85a50ca|HUMAN_BIOGPS_GNF1H_GCRMA_77_TISSUE_DDOF1,strict18_common_rhr,MAOA,Amygdala,0.019180818094668966,-0.014753123280835792
GLOBAL_JOINT_CONTINUOUS_PCA,MAOA|EXACT_SINGLE_PROTEIN|HSAMP_192dff4b8df5862a227b1163|HUMAN_BIOGPS_GNF1H_GCRMA_77_TISSUE_DDOF1,strict18_common_rhr,MAOA,SubthalamicNucleus,0.022624594900787415,-0.01751557407095881
GLOBAL_JOINT_CONTINUOUS_PCA,MAOA|EXACT_SINGLE_PROTEIN|HSAMP_20b60708f05d03c76f9fe702|HUMAN_BIOGPS_GNF1H_GCRMA_77_TISSUE_DDOF1,strict18_common_rhr,MAOA,CerebellumPeduncles,0.016889927125759253,-0.01297095601645921
GLOBAL_JOINT_CONTINUOUS_PCA,MAOA|EXACT_SINGLE_PROTEIN|HSAMP_374f872ebf1bbba2be514f9f|HUMAN_BIOGPS_GNF1H_GCRMA_77_TISSUE_DDOF1,strict18_common_rhr,MAOA,GlobusPallidus,0.024313436714119233,-0.018893677153911007
GLOBAL_JOINT_CONTINUOUS_PCA,MAOA|EXACT_SINGLE_PROTEIN|HSAMP_5c090f15f3e5194312a7e8ed|HUMAN_BIOGPS_GNF1H_GCRMA_77_TISSUE_DDOF1,strict18_common_rhr,MAOA,MedullaOblongata,0.021295614918348454,-0.016447005883766373
GLOBAL_JOINT_CONTINUOUS_PCA,MAOA|EXACT_SINGLE_PROTEIN|HSAMP_752ebc880edc13bb4e2b2de8|HUMAN_BIOGPS_GNF1H_GCRMA_77_TISSUE_DDOF1,strict18_common_rhr,MAOA,PrefrontalCortex,0.015091833786529405,-0.011544213228230479
GLOBAL_JOINT_CONTINUOUS_PCA,MAOA|EXACT_SINGLE_PROTEIN|HSAMP_7725bb8a75064c4d7246d9ba|HUMAN_BIOGPS_GNF1H_GCRMA_77_TISSUE_DDOF1,strict18_common_rhr,MAOA,OccipitalLobe,0.021275071693065667,-0.016429449922172542
GLOBAL_JOINT_CONTINUOUS_PCA,MAOA|EXACT_SINGLE_PROTEIN|HSAMP_8ed020260a1d25cf72324c8a|HUMAN_BIOGPS_GNF1H_GCRMA_77_TISSUE_DDOF1,strict18_common_rhr,MAOA,Hypothalamus,0.016254768432489186,-0.012470346922024395
GLOBAL_JOINT_CONTINUOUS_PCA,MAOA|EXACT_SINGLE_PROTEIN|HSAMP_936b77a4b11b5c19027de438|HUMAN_BIOGPS_GNF1H_GCRMA_77_TISSUE_DDOF1,strict18_common_rhr,MAOA,Spinalcord,0.01819689669316695,-0.0140077645136215
GLOBAL_JOINT_CONTINUOUS_PCA,MAOA|EXACT_SINGLE_PROTEIN|HSAMP_9aa72e4fb1ff63e1792b1ec7|HUMAN_BIOGPS_GNF1H_GCRMA_77_TISSUE_DDOF1,strict18_common_rhr,MAOA,Cerebellum,0.02267291790126482,-0.01755703047108549
GLOBAL_JOINT_CONTINUOUS_PCA,MAOA|EXACT_SINGLE_PROTEIN|HSAMP_a32ce488a48b0df9b8c4c40a|HUMAN_BIOGPS_GNF1H_GCRMA_77_TISSUE_DDOF1,strict18_common_rhr,MAOA,Caudatenucleus,0.02106416349463196,-0.016259505200989816
GLOBAL_JOINT_CONTINUOUS_PCA,MAOA|EXACT_SINGLE_PROTEIN|HSAMP_d99ba5ea584363f8600ade55|HUMAN_BIOGPS_GNF1H_GCRMA_77_TISSUE_DDOF1,strict18_common_rhr,MAOA,CingulateCortex,0.01756223134239074,-0.013505762885945832
GLOBAL_JOINT_CONTINUOUS_PCA,MAOA|EXACT_SINGLE_PROTEIN|HSAMP_e75262fc0acfda69d976a6d3|HUMAN_BIOGPS_GNF1H_GCRMA_77_TISSUE_DDOF1,strict18_common_rhr,MAOA,ParietalLobe,0.01444587735695974,-0.011036821760517995
GLOBAL_JOINT_CONTINUOUS_PCA,MAOA|EXACT_SINGLE_PROTEIN|HSAMP_eb2587e74e2d6457032d4ae7|HUMAN_BIOGPS_GNF1H_GCRMA_77_TISSUE_DDOF1,strict18_common_rhr,MAOA,TemporalLobe,0.0219633653758338,-0.016990743765730305
GLOBAL_JOINT_CONTINUOUS_PCA,MAOA|EXACT_SINGLE_PROTEIN|HSAMP_f43595f3557cf05e6a721aeb|HUMAN_BIOGPS_GNF1H_GCRMA_77_TISSUE_DDOF1,strict18_common_rhr,MAOA,Thalamus,0.017690823246970223,-0.013607853284194072
GLOBAL_JOINT_CONTINUOUS_PCA,MAOA|EXACT_SINGLE_PROTEIN|HSAMP_ff841df7ecd9f2c8ea2660f5|HUMAN_BIOGPS_GNF1H_GCRMA_77_TISSUE_DDOF1,strict18_common_rhr,MAOA,OlfactoryBulb,0.0219633653758338,-0.016990743765730305
GLOBAL_JOINT_CONTINUOUS_PCA,MC3R|EXACT_SINGLE_PROTEIN|HSAMP_06645e2e8409a5b743985cdd|HUMAN_BIOGPS_GNF1H_GCRMA_77_TISSUE_DDOF1,strict18_common_rhr,MC3R,Wholebrain,0.03921439804153811,-0.030472212785491927
GLOBAL_JOINT_CONTINUOUS_PCA,MC3R|EXACT_SINGLE_PROTEIN|HSAMP_0cb8b4d1db8c390eeeecca55|HUMAN_BIOGPS_GNF1H_GCRMA_77_TISSUE_DDOF1,strict18_common_rhr,MC3R,Pons,0.016292627919807734,-0.032680420679793876
GLOBAL_JOINT_CONTINUOUS_PCA,MC3R|EXACT_SINGLE_PROTEIN|HSAMP_13a552b6ffc4aac3b85a50ca|HUMAN_BIOGPS_GNF1H_GCRMA_77_TISSUE_DDOF1,strict18_common_rhr,MC3R,Amygdala,-0.009662769700555258,0.007194878788623897
GLOBAL_JOINT_CONTINUOUS_PCA,MC3R|EXACT_SINGLE_PROTEIN|HSAMP_192dff4b8df5862a227b1163|HUMAN_BIOGPS_GNF1H_GCRMA_77_TISSUE_DDOF1,strict18_common_rhr,MC3R,SubthalamicNucleus,0.027456933958694918,-0.029009054558153027
GLOBAL_JOINT_CONTINUOUS_PCA,MC3R|EXACT_SINGLE_PROTEIN|HSAMP_20b60708f05d03c76f9fe702|HUMAN_BIOGPS_GNF1H_GCRMA_77_TISSUE_DDOF1,strict18_common_rhr,MC3R,CerebellumPeduncles,-0.016789733222600346,0.018518816597687088
GLOBAL_JOINT_CONTINUOUS_PCA,MC3R|EXACT_SINGLE_PROTEIN|HSAMP_374f872ebf1bbba2be514f9f|HUMAN_BIOGPS_GNF1H_GCRMA_77_TISSUE_DDOF1,strict18_common_rhr,MC3R,GlobusPallidus,0.06198711586589548,-0.049813417905822194
GLOBAL_JOINT_CONTINUOUS_PCA,MC3R|EXACT_SINGLE_PROTEIN|HSAMP_5c090f15f3e5194312a7e8ed|HUMAN_BIOGPS_GNF1H_GCRMA_77_TISSUE_DDOF1,strict18_common_rhr,MC3R,MedullaOblongata,0.024765714881511795,-0.030558192174469003
GLOBAL_JOINT_CONTINUOUS_PCA,MC3R|EXACT_SINGLE_PROTEIN|HSAMP_752ebc880edc13bb4e2b2de8|HUMAN_BIOGPS_GNF1H_GCRMA_77_TISSUE_DDOF1,strict18_common_rhr,MC3R,PrefrontalCortex,-0.025208839713057003,0.028226717991397997
GLOBAL_JOINT_CONTINUOUS_PCA,MC3R|EXACT_SINGLE_PROTEIN|HSAMP_7725bb8a75064c4d7246d9ba|HUMAN_BIOGPS_GNF1H_GCRMA_77_TISSUE_DDOF1,strict18_common_rhr,MC3R,OccipitalLobe,0.029999104275141766,-0.02843906096540535
GLOBAL_JOINT_CONTINUOUS_PCA,MC3R|EXACT_SINGLE_PROTEIN|HSAMP_8ed020260a1d25cf72324c8a|HUMAN_BIOGPS_GNF1H_GCRMA_77_TISSUE_DDOF1,strict18_common_rhr,MC3R,Hypothalamus,-0.006283394827446783,0.07000638715404069
GLOBAL_JOINT_CONTINUOUS_PCA,MC3R|EXACT_SINGLE_PROTEIN|HSAMP_936b77a4b11b5c19027de438|HUMAN_BIOGPS_GNF1H_GCRMA_77_TISSUE_DDOF1,strict18_common_rhr,MC3R,Spinalcord,-0.010905908178736386,0.007994178205390372
GLOBAL_JOINT_CONTINUOUS_PCA,MC3R|EXACT_SINGLE_PROTEIN|HSAMP_9aa72e4fb1ff63e1792b1ec7|HUMAN_BIOGPS_GNF1H_GCRMA_77_TISSUE_DDOF1,strict18_common_rhr,MC3R,Cerebellum,0.048498629758861954,-0.03420674173165799
GLOBAL_JOINT_CONTINUOUS_PCA,MC3R|EXACT_SINGLE_PROTEIN|HSAMP_a32ce488a48b0df9b8c4c40a|HUMAN_BIOGPS_GNF1H_GCRMA_77_TISSUE_DDOF1,strict18_common_rhr,MC3R,Caudatenucleus,0.032553949960899504,-0.028394930693353297
GLOBAL_JOINT_CONTINUOUS_PCA,MC3R|EXACT_SINGLE_PROTEIN|HSAMP_d99ba5ea584363f8600ade55|HUMAN_BIOGPS_GNF1H_GCRMA_77_TISSUE_DDOF1,strict18_common_rhr,MC3R,CingulateCortex,-0.00721315889204634,0.005534676586969429
GLOBAL_JOINT_CONTINUOUS_PCA,MC3R|EXACT_SINGLE_PROTEIN|HSAMP_e75262fc0acfda69d976a6d3|HUMAN_BIOGPS_GNF1H_GCRMA_77_TISSUE_DDOF1,strict18_common_rhr,MC3R,ParietalLobe,-0.010905908178736386,0.007994178205390372
GLOBAL_JOINT_CONTINUOUS_PCA,MC3R|EXACT_SINGLE_PROTEIN|HSAMP_eb2587e74e2d6457032d4ae7|HUMAN_BIOGPS_GNF1H_GCRMA_77_TISSUE_DDOF1,strict18_common_rhr,MC3R,TemporalLobe,0.027456933958694918,-0.029009054558153027
GLOBAL_JOINT_CONTINUOUS_PCA,MC3R|EXACT_SINGLE_PROTEIN|HSAMP_f43595f3557cf05e6a721aeb|HUMAN_BIOGPS_GNF1H_GCRMA_77_TISSUE_DDOF1,strict18_common_rhr,MC3R,Thalamus,-0.0023962725821453715,0.0030691906557950956
GLOBAL_JOINT_CONTINUOUS_PCA,MC3R|EXACT_SINGLE_PROTEIN|HSAMP_ff841df7ecd9f2c8ea2660f5|HUMAN_BIOGPS_GNF1H_GCRMA_77_TISSUE_DDOF1,strict18_common_rhr,MC3R,OlfactoryBulb,0.053305819190662775,-0.038669631799332395
GLOBAL_JOINT_CONTINUOUS_PCA,OPRD1|EXACT_SINGLE_PROTEIN|HSAMP_06645e2e8409a5b743985cdd|HUMAN_BIOGPS_GNF1H_GCRMA_77_TISSUE_DDOF1,strict18_common_rhr,OPRD1,Wholebrain,0.040557037889353394,-0.038332530377937386
GLOBAL_JOINT_CONTINUOUS_PCA,OPRD1|EXACT_SINGLE_PROTEIN|HSAMP_0cb8b4d1db8c390eeeecca55|HUMAN_BIOGPS_GNF1H_GCRMA_77_TISSUE_DDOF1,strict18_common_rhr,OPRD1,Pons,0.012811517644672398,-0.02744817107952658
GLOBAL_JOINT_CONTINUOUS_PCA,OPRD1|EXACT_SINGLE_PROTEIN|HSAMP_13a552b6ffc4aac3b85a50ca|HUMAN_BIOGPS_GNF1H_GCRMA_77_TISSUE_DDOF1,strict18_common_rhr,OPRD1,Amygdala,-0.007188966534523827,0.005810825001050545
GLOBAL_JOINT_CONTINUOUS_PCA,OPRD1|EXACT_SINGLE_PROTEIN|HSAMP_192dff4b8df5862a227b1163|HUMAN_BIOGPS_GNF1H_GCRMA_77_TISSUE_DDOF1,strict18_common_rhr,OPRD1,SubthalamicNucleus,0.02919326197546919,-0.025024424261853025
GLOBAL_JOINT_CONTINUOUS_PCA,OPRD1|EXACT_SINGLE_PROTEIN|HSAMP_20b60708f05d03c76f9fe702|HUMAN_BIOGPS_GNF1H_GCRMA_77_TISSUE_DDOF1,strict18_common_rhr,OPRD1,CerebellumPeduncles,-0.015942304295274587,0.018353462724839956
GLOBAL_JOINT_CONTINUOUS_PCA,OPRD1|EXACT_SINGLE_PROTEIN|HSAMP_374f872ebf1bbba2be514f9f|HUMAN_BIOGPS_GNF1H_GCRMA_77_TISSUE_DDOF1,strict18_common_rhr,OPRD1,GlobusPallidus,0.057799122884778495,-0.07568073955847764
GLOBAL_JOINT_CONTINUOUS_PCA,OPRD1|EXACT_SINGLE_PROTEIN|HSAMP_5c090f15f3e5194312a7e8ed|HUMAN_BIOGPS_GNF1H_GCRMA_77_TISSUE_DDOF1,strict18_common_rhr,OPRD1,MedullaOblongata,0.027239945912051894,-0.021942512508895656
GLOBAL_JOINT_CONTINUOUS_PCA,OPRD1|EXACT_SINGLE_PROTEIN|HSAMP_752ebc880edc13bb4e2b2de8|HUMAN_BIOGPS_GNF1H_GCRMA_77_TISSUE_DDOF1,strict18_common_rhr,OPRD1,PrefrontalCortex,-0.02029781763847781,0.02901659656762937
GLOBAL_JOINT_CONTINUOUS_PCA,OPRD1|EXACT_SINGLE_PROTEIN|HSAMP_7725bb8a75064c4d7246d9ba|HUMAN_BIOGPS_GNF1H_GCRMA_77_TISSUE_DDOF1,strict18_common_rhr,OPRD1,OccipitalLobe,0.02919326197546919,-0.025024424261853025
GLOBAL_JOINT_CONTINUOUS_PCA,OPRD1|EXACT_SINGLE_PROTEIN|HSAMP_8ed020260a1d25cf72324c8a|HUMAN_BIOGPS_GNF1H_GCRMA_77_TISSUE_DDOF1,strict18_common_rhr,OPRD1,Hypothalamus,-0.012748590883241652,0.009333185627905237
GLOBAL_JOINT_CONTINUOUS_PCA,OPRD1|EXACT_SINGLE_PROTEIN|HSAMP_936b77a4b11b5c19027de438|HUMAN_BIOGPS_GNF1H_GCRMA_77_TISSUE_DDOF1,strict18_common_rhr,OPRD1,Spinalcord,-0.011790796425570278,0.009254412544692284
GLOBAL_JOINT_CONTINUOUS_PCA,OPRD1|EXACT_SINGLE_PROTEIN|HSAMP_9aa72e4fb1ff63e1792b1ec7|HUMAN_BIOGPS_GNF1H_GCRMA_77_TISSUE_DDOF1,strict18_common_rhr,OPRD1,Cerebellum,0.046069008917750606,-0.06217225493624583
GLOBAL_JOINT_CONTINUOUS_PCA,OPRD1|EXACT_SINGLE_PROTEIN|HSAMP_a32ce488a48b0df9b8c4c40a|HUMAN_BIOGPS_GNF1H_GCRMA_77_TISSUE_DDOF1,strict18_common_rhr,OPRD1,Caudatenucleus,-0.0024009659855085386,0.006465272673923852
GLOBAL_JOINT_CONTINUOUS_PCA,OPRD1|EXACT_SINGLE_PROTEIN|HSAMP_d99ba5ea584363f8600ade55|HUMAN_BIOGPS_GNF1H_GCRMA_77_TISSUE_DDOF1,strict18_common_rhr,OPRD1,CingulateCortex,-0.0024009659855085386,0.006465272673923852
GLOBAL_JOINT_CONTINUOUS_PCA,OPRD1|EXACT_SINGLE_PROTEIN|HSAMP_e75262fc0acfda69d976a6d3|HUMAN_BIOGPS_GNF1H_GCRMA_77_TISSUE_DDOF1,strict18_common_rhr,OPRD1,ParietalLobe,-0.010556123247581959,0.007925933152459647
GLOBAL_JOINT_CONTINUOUS_PCA,OPRD1|EXACT_SINGLE_PROTEIN|HSAMP_eb2587e74e2d6457032d4ae7|HUMAN_BIOGPS_GNF1H_GCRMA_77_TISSUE_DDOF1,strict18_common_rhr,OPRD1,TemporalLobe,0.027239945912051894,-0.021942512508895656
GLOBAL_JOINT_CONTINUOUS_PCA,OPRD1|EXACT_SINGLE_PROTEIN|HSAMP_f43595f3557cf05e6a721aeb|HUMAN_BIOGPS_GNF1H_GCRMA_77_TISSUE_DDOF1,strict18_common_rhr,OPRD1,Thalamus,-0.04363313366248655,0.04503096577000975
GLOBAL_JOINT_CONTINUOUS_PCA,OPRD1|EXACT_SINGLE_PROTEIN|HSAMP_ff841df7ecd9f2c8ea2660f5|HUMAN_BIOGPS_GNF1H_GCRMA_77_TISSUE_DDOF1,strict18_common_rhr,OPRD1,OlfactoryBulb,0.049604741859040284,-0.06773108576036285
GLOBAL_JOINT_CONTINUOUS_PCA,OPRK1|EXACT_SINGLE_PROTEIN|HSAMP_06645e2e8409a5b743985cdd|HUMAN_BIOGPS_GNF1H_GCRMA_77_TISSUE_DDOF1,strict18_common_rhr,OPRK1,Wholebrain,0.048290763400887095,-0.045051090453599806
GLOBAL_JOINT_CONTINUOUS_PCA,OPRK1|EXACT_SINGLE_PROTEIN|HSAMP_0cb8b4d1db8c390eeeecca55|HUMAN_BIOGPS_GNF1H_GCRMA_77_TISSUE_DDOF1,strict18_common_rhr,OPRK1,Pons,0.015097671193962233,0.0032868022738405055
GLOBAL_JOINT_CONTINUOUS_PCA,OPRK1|EXACT_SINGLE_PROTEIN|HSAMP_13a552b6ffc4aac3b85a50ca|HUMAN_BIOGPS_GNF1H_GCRMA_77_TISSUE_DDOF1,strict18_common_rhr,OPRK1,Amygdala,-0.009869650323065738,0.030567388026924325
GLOBAL_JOINT_CONTINUOUS_PCA,OPRK1|EXACT_SINGLE_PROTEIN|HSAMP_192dff4b8df5862a227b1163|HUMAN_BIOGPS_GNF1H_GCRMA_77_TISSUE_DDOF1,strict18_common_rhr,OPRK1,SubthalamicNucleus,0.034323424058603925,-0.028991663600093406
GLOBAL_JOINT_CONTINUOUS_PCA,OPRK1|EXACT_SINGLE_PROTEIN|HSAMP_20b60708f05d03c76f9fe702|HUMAN_BIOGPS_GNF1H_GCRMA_77_TISSUE_DDOF1,strict18_common_rhr,OPRK1,CerebellumPeduncles,-0.022598872075779146,0.028747914661064303
GLOBAL_JOINT_CONTINUOUS_PCA,OPRK1|EXACT_SINGLE_PROTEIN|HSAMP_374f872ebf1bbba2be514f9f|HUMAN_BIOGPS_GNF1H_GCRMA_77_TISSUE_DDOF1,strict18_common_rhr,OPRK1,GlobusPallidus,0.07170267032693599,-0.06753480464020155
GLOBAL_JOINT_CONTINUOUS_PCA,OPRK1|EXACT_SINGLE_PROTEIN|HSAMP_5c090f15f3e5194312a7e8ed|HUMAN_BIOGPS_GNF1H_GCRMA_77_TISSUE_DDOF1,strict18_common_rhr,OPRK1,MedullaOblongata,0.015097671193962233,0.0032868022738405055
GLOBAL_JOINT_CONTINUOUS_PCA,OPRK1|EXACT_SINGLE_PROTEIN|HSAMP_752ebc880edc13bb4e2b2de8|HUMAN_BIOGPS_GNF1H_GCRMA_77_TISSUE_DDOF1,strict18_common_rhr,OPRK1,PrefrontalCortex,-0.030465307442595686,0.03838934069421048
GLOBAL_JOINT_CONTINUOUS_PCA,OPRK1|EXACT_SINGLE_PROTEIN|HSAMP_7725bb8a75064c4d7246d9ba|HUMAN_BIOGPS_GNF1H_GCRMA_77_TISSUE_DDOF1,strict18_common_rhr,OPRK1,OccipitalLobe,0.034323424058603925,-0.028991663600093406
GLOBAL_JOINT_CONTINUOUS_PCA,OPRK1|EXACT_SINGLE_PROTEIN|HSAMP_8ed020260a1d25cf72324c8a|HUMAN_BIOGPS_GNF1H_GCRMA_77_TISSUE_DDOF1,strict18_common_rhr,OPRK1,Hypothalamus,-0.004477507339764551,0.05280193571551163
GLOBAL_JOINT_CONTINUOUS_PCA,OPRK1|EXACT_SINGLE_PROTEIN|HSAMP_936b77a4b11b5c19027de438|HUMAN_BIOGPS_GNF1H_GCRMA_77_TISSUE_DDOF1,strict18_common_rhr,OPRK1,Spinalcord,-0.009789333380461698,0.01578928757949903
GLOBAL_JOINT_CONTINUOUS_PCA,OPRK1|EXACT_SINGLE_PROTEIN|HSAMP_9aa72e4fb1ff63e1792b1ec7|HUMAN_BIOGPS_GNF1H_GCRMA_77_TISSUE_DDOF1,strict18_common_rhr,OPRK1,Cerebellum,0.05764081429489102,-0.04865331607078764
GLOBAL_JOINT_CONTINUOUS_PCA,OPRK1|EXACT_SINGLE_PROTEIN|HSAMP_a32ce488a48b0df9b8c4c40a|HUMAN_BIOGPS_GNF1H_GCRMA_77_TISSUE_DDOF1,strict18_common_rhr,OPRK1,Caudatenucleus,0.05568276364819145,0.0505145864581475
GLOBAL_JOINT_CONTINUOUS_PCA,OPRK1|EXACT_SINGLE_PROTEIN|HSAMP_d99ba5ea584363f8600ade55|HUMAN_BIOGPS_GNF1H_GCRMA_77_TISSUE_DDOF1,strict18_common_rhr,OPRK1,CingulateCortex,-0.0044292078822215815,0.011293249168741413
GLOBAL_JOINT_CONTINUOUS_PCA,OPRK1|EXACT_SINGLE_PROTEIN|HSAMP_e75262fc0acfda69d976a6d3|HUMAN_BIOGPS_GNF1H_GCRMA_77_TISSUE_DDOF1,strict18_common_rhr,OPRK1,ParietalLobe,-0.01132603461295534,0.017086998276864482
GLOBAL_JOINT_CONTINUOUS_PCA,OPRK1|EXACT_SINGLE_PROTEIN|HSAMP_eb2587e74e2d6457032d4ae7|HUMAN_BIOGPS_GNF1H_GCRMA_77_TISSUE_DDOF1,strict18_common_rhr,OPRK1,TemporalLobe,0.0323331541513618,-0.024298231830529423
GLOBAL_JOINT_CONTINUOUS_PCA,OPRK1|EXACT_SINGLE_PROTEIN|HSAMP_f43595f3557cf05e6a721aeb|HUMAN_BIOGPS_GNF1H_GCRMA_77_TISSUE_DDOF1,strict18_common_rhr,OPRK1,Thalamus,-0.001193845312147153,0.009556490637480028
GLOBAL_JOINT_CONTINUOUS_PCA,OPRK1|EXACT_SINGLE_PROTEIN|HSAMP_ff841df7ecd9f2c8ea2660f5|HUMAN_BIOGPS_GNF1H_GCRMA_77_TISSUE_DDOF1,strict18_common_rhr,OPRK1,OlfactoryBulb,0.06571992413401104,-0.06133654460481062
GLOBAL_JOINT_CONTINUOUS_PCA,OPRM1|EXACT_SINGLE_PROTEIN|HSAMP_06645e2e8409a5b743985cdd|HUMAN_BIOGPS_GNF1H_GCRMA_77_TISSUE_DDOF1,strict18_common_rhr,OPRM1,Wholebrain,0.03655847648988382,-0.05089867479481453
GLOBAL_JOINT_CONTINUOUS_PCA,OPRM1|EXACT_SINGLE_PROTEIN|HSAMP_0cb8b4d1db8c390eeeecca55|HUMAN_BIOGPS_GNF1H_GCRMA_77_TISSUE_DDOF1,strict18_common_rhr,OPRM1,Pons,-0.03723739593794281,0.03322992589577848
GLOBAL_JOINT_CONTINUOUS_PCA,OPRM1|EXACT_SINGLE_PROTEIN|HSAMP_13a552b6ffc4aac3b85a50ca|HUMAN_BIOGPS_GNF1H_GCRMA_77_TISSUE_DDOF1,strict18_common_rhr,OPRM1,Amygdala,0.02279413647760328,-0.010822993149486945
GLOBAL_JOINT_CONTINUOUS_PCA,OPRM1|EXACT_SINGLE_PROTEIN|HSAMP_192dff4b8df5862a227b1163|HUMAN_BIOGPS_GNF1H_GCRMA_77_TISSUE_DDOF1,strict18_common_rhr,OPRM1,SubthalamicNucleus,0.043046696570471214,0.02379415526319732
GLOBAL_JOINT_CONTINUOUS_PCA,OPRM1|EXACT_SINGLE_PROTEIN|HSAMP_20b60708f05d03c76f9fe702|HUMAN_BIOGPS_GNF1H_GCRMA_77_TISSUE_DDOF1,strict18_common_rhr,OPRM1,CerebellumPeduncles,0.005186886039338084,0.023873849277449406
GLOBAL_JOINT_CONTINUOUS_PCA,OPRM1|EXACT_SINGLE_PROTEIN|HSAMP_374f872ebf1bbba2be514f9f|HUMAN_BIOGPS_GNF1H_GCRMA_77_TISSUE_DDOF1,strict18_common_rhr,OPRM1,GlobusPallidus,0.046216561778160505,-0.03712160223333973
GLOBAL_JOINT_CONTINUOUS_PCA,OPRM1|EXACT_SINGLE_PROTEIN|HSAMP_5c090f15f3e5194312a7e8ed|HUMAN_BIOGPS_GNF1H_GCRMA_77_TISSUE_DDOF1,strict18_common_rhr,OPRM1,MedullaOblongata,-0.033552256067304005,0.0062195023937748626
GLOBAL_JOINT_CONTINUOUS_PCA,OPRM1|EXACT_SINGLE_PROTEIN|HSAMP_752ebc880edc13bb4e2b2de8|HUMAN_BIOGPS_GNF1H_GCRMA_77_TISSUE_DDOF1,strict18_common_rhr,OPRM1,PrefrontalCortex,-0.008815967910432787,-0.01838761486775293
GLOBAL_JOINT_CONTINUOUS_PCA,OPRM1|EXACT_SINGLE_PROTEIN|HSAMP_7725bb8a75064c4d7246d9ba|HUMAN_BIOGPS_GNF1H_GCRMA_77_TISSUE_DDOF1,strict18_common_rhr,OPRM1,OccipitalLobe,0.029481018132844854,-0.04543718459740049
GLOBAL_JOINT_CONTINUOUS_PCA,OPRM1|EXACT_SINGLE_PROTEIN|HSAMP_8ed020260a1d25cf72324c8a|HUMAN_BIOGPS_GNF1H_GCRMA_77_TISSUE_DDOF1,strict18_common_rhr,OPRM1,Hypothalamus,0.019635599785344744,0.008720652761261166
GLOBAL_JOINT_CONTINUOUS_PCA,OPRM1|EXACT_SINGLE_PROTEIN|HSAMP_936b77a4b11b5c19027de438|HUMAN_BIOGPS_GNF1H_GCRMA_77_TISSUE_DDOF1,strict18_common_rhr,OPRM1,Spinalcord,0.013934687509927475,-0.02176223642901439
GLOBAL_JOINT_CONTINUOUS_PCA,OPRM1|EXACT_SINGLE_PROTEIN|HSAMP_9aa72e4fb1ff63e1792b1ec7|HUMAN_BIOGPS_GNF1H_GCRMA_77_TISSUE_DDOF1,strict18_common_rhr,OPRM1,Cerebellum,0.010780181914050248,0.0015793036293396843
GLOBAL_JOINT_CONTINUOUS_PCA,OPRM1|EXACT_SINGLE_PROTEIN|HSAMP_a32ce488a48b0df9b8c4c40a|HUMAN_BIOGPS_GNF1H_GCRMA_77_TISSUE_DDOF1,strict18_common_rhr,OPRM1,Caudatenucleus,0.0369750168184632,-0.010597886495189767
GLOBAL_JOINT_CONTINUOUS_PCA,OPRM1|EXACT_SINGLE_PROTEIN|HSAMP_d99ba5ea584363f8600ade55|HUMAN_BIOGPS_GNF1H_GCRMA_77_TISSUE_DDOF1,strict18_common_rhr,OPRM1,CingulateCortex,0.017585543690576935,-0.023775196856302364
GLOBAL_JOINT_CONTINUOUS_PCA,OPRM1|EXACT_SINGLE_PROTEIN|HSAMP_e75262fc0acfda69d976a6d3|HUMAN_BIOGPS_GNF1H_GCRMA_77_TISSUE_DDOF1,strict18_common_rhr,OPRM1,ParietalLobe,0.011299805423328806,-0.00978449038578623
GLOBAL_JOINT_CONTINUOUS_PCA,OPRM1|EXACT_SINGLE_PROTEIN|HSAMP_eb2587e74e2d6457032d4ae7|HUMAN_BIOGPS_GNF1H_GCRMA_77_TISSUE_DDOF1,strict18_common_rhr,OPRM1,TemporalLobe,-0.020861743861496244,-0.0285949615927046
GLOBAL_JOINT_CONTINUOUS_PCA,OPRM1|EXACT_SINGLE_PROTEIN|HSAMP_f43595f3557cf05e6a721aeb|HUMAN_BIOGPS_GNF1H_GCRMA_77_TISSUE_DDOF1,strict18_common_rhr,OPRM1,Thalamus,0.01791598072189741,-0.02817718015621086
GLOBAL_JOINT_CONTINUOUS_PCA,OPRM1|EXACT_SINGLE_PROTEIN|HSAMP_ff841df7ecd9f2c8ea2660f5|HUMAN_BIOGPS_GNF1H_GCRMA_77_TISSUE_DDOF1,strict18_common_rhr,OPRM1,OlfactoryBulb,0.038479543440703846,-0.056903249346954635
GLOBAL_JOINT_CONTINUOUS_PCA,PTGS1|EXACT_SINGLE_PROTEIN|HSAMP_06645e2e8409a5b743985cdd|HUMAN_BIOGPS_GNF1H_GCRMA_77_TISSUE_DDOF1,strict18_common_rhr,PTGS1,Wholebrain,0.017904055056430796,-0.013774389938781682
GLOBAL_JOINT_CONTINUOUS_PCA,PTGS1|EXACT_SINGLE_PROTEIN|HSAMP_0cb8b4d1db8c390eeeecca55|HUMAN_BIOGPS_GNF1H_GCRMA_77_TISSUE_DDOF1,strict18_common_rhr,PTGS1,Pons,0.017792255497792873,-0.013688416366642392
GLOBAL_JOINT_CONTINUOUS_PCA,PTGS1|EXACT_SINGLE_PROTEIN|HSAMP_13a552b6ffc4aac3b85a50ca|HUMAN_BIOGPS_GNF1H_GCRMA_77_TISSUE_DDOF1,strict18_common_rhr,PTGS1,Amygdala,0.017364609303445102,-0.013352420121269725
GLOBAL_JOINT_CONTINUOUS_PCA,PTGS1|EXACT_SINGLE_PROTEIN|HSAMP_192dff4b8df5862a227b1163|HUMAN_BIOGPS_GNF1H_GCRMA_77_TISSUE_DDOF1,strict18_common_rhr,PTGS1,SubthalamicNucleus,0.018862501224934932,-0.014515672295402491
GLOBAL_JOINT_CONTINUOUS_PCA,PTGS1|EXACT_SINGLE_PROTEIN|HSAMP_20b60708f05d03c76f9fe702|HUMAN_BIOGPS_GNF1H_GCRMA_77_TISSUE_DDOF1,strict18_common_rhr,PTGS1,CerebellumPeduncles,0.017011565330101293,-0.013069617242132413
GLOBAL_JOINT_CONTINUOUS_PCA,PTGS1|EXACT_SINGLE_PROTEIN|HSAMP_374f872ebf1bbba2be514f9f|HUMAN_BIOGPS_GNF1H_GCRMA_77_TISSUE_DDOF1,strict18_common_rhr,PTGS1,GlobusPallidus,0.018706795218002434,-0.01441507827559544
GLOBAL_JOINT_CONTINUOUS_PCA,PTGS1|EXACT_SINGLE_PROTEIN|HSAMP_5c090f15f3e5194312a7e8ed|HUMAN_BIOGPS_GNF1H_GCRMA_77_TISSUE_DDOF1,strict18_common_rhr,PTGS1,MedullaOblongata,0.0179229646400952,-0.013786691921630009
GLOBAL_JOINT_CONTINUOUS_PCA,PTGS1|EXACT_SINGLE_PROTEIN|HSAMP_752ebc880edc13bb4e2b2de8|HUMAN_BIOGPS_GNF1H_GCRMA_77_TISSUE_DDOF1,strict18_common_rhr,PTGS1,PrefrontalCortex,0.01666744141727512,-0.012791619930741308
GLOBAL_JOINT_CONTINUOUS_PCA,PTGS1|EXACT_SINGLE_PROTEIN|HSAMP_7725bb8a75064c4d7246d9ba|HUMAN_BIOGPS_GNF1H_GCRMA_77_TISSUE_DDOF1,strict18_common_rhr,PTGS1,OccipitalLobe,0.017915542892893883,-0.013784438392426266
GLOBAL_JOINT_CONTINUOUS_PCA,PTGS1|EXACT_SINGLE_PROTEIN|HSAMP_8ed020260a1d25cf72324c8a|HUMAN_BIOGPS_GNF1H_GCRMA_77_TISSUE_DDOF1,strict18_common_rhr,PTGS1,Hypothalamus,0.014921992295624971,-0.01141150310898695
GLOBAL_JOINT_CONTINUOUS_PCA,PTGS1|EXACT_SINGLE_PROTEIN|HSAMP_936b77a4b11b5c19027de438|HUMAN_BIOGPS_GNF1H_GCRMA_77_TISSUE_DDOF1,strict18_common_rhr,PTGS1,Spinalcord,0.014863411380480104,-0.011367742545017486
GLOBAL_JOINT_CONTINUOUS_PCA,PTGS1|EXACT_SINGLE_PROTEIN|HSAMP_9aa72e4fb1ff63e1792b1ec7|HUMAN_BIOGPS_GNF1H_GCRMA_77_TISSUE_DDOF1,strict18_common_rhr,PTGS1,Cerebellum,0.01758891089129885,-0.013532151891966939
GLOBAL_JOINT_CONTINUOUS_PCA,PTGS1|EXACT_SINGLE_PROTEIN|HSAMP_a32ce488a48b0df9b8c4c40a|HUMAN_BIOGPS_GNF1H_GCRMA_77_TISSUE_DDOF1,strict18_common_rhr,PTGS1,Caudatenucleus,0.01791025701858899,-0.013780572057537025
GLOBAL_JOINT_CONTINUOUS_PCA,PTGS1|EXACT_SINGLE_PROTEIN|HSAMP_d99ba5ea584363f8600ade55|HUMAN_BIOGPS_GNF1H_GCRMA_77_TISSUE_DDOF1,strict18_common_rhr,PTGS1,CingulateCortex,0.017805114937808987,-0.013698387627585658
GLOBAL_JOINT_CONTINUOUS_PCA,PTGS1|EXACT_SINGLE_PROTEIN|HSAMP_e75262fc0acfda69d976a6d3|HUMAN_BIOGPS_GNF1H_GCRMA_77_TISSUE_DDOF1,strict18_common_rhr,PTGS1,ParietalLobe,0.017364609303445102,-0.013352420121269725
GLOBAL_JOINT_CONTINUOUS_PCA,PTGS1|EXACT_SINGLE_PROTEIN|HSAMP_eb2587e74e2d6457032d4ae7|HUMAN_BIOGPS_GNF1H_GCRMA_77_TISSUE_DDOF1,strict18_common_rhr,PTGS1,TemporalLobe,0.01819952122550156,-0.014010040212271951
GLOBAL_JOINT_CONTINUOUS_PCA,PTGS1|EXACT_SINGLE_PROTEIN|HSAMP_f43595f3557cf05e6a721aeb|HUMAN_BIOGPS_GNF1H_GCRMA_77_TISSUE_DDOF1,strict18_common_rhr,PTGS1,Thalamus,0.017917985240788567,-0.01378897262138408
GLOBAL_JOINT_CONTINUOUS_PCA,PTGS1|EXACT_SINGLE_PROTEIN|HSAMP_ff841df7ecd9f2c8ea2660f5|HUMAN_BIOGPS_GNF1H_GCRMA_77_TISSUE_DDOF1,strict18_common_rhr,PTGS1,OlfactoryBulb,0.01874488166815645,-0.014440645380591166
GLOBAL_JOINT_CONTINUOUS_PCA,SCN4A|EXACT_SINGLE_PROTEIN|HSAMP_06645e2e8409a5b743985cdd|HUMAN_BIOGPS_GNF1H_GCRMA_77_TISSUE_DDOF1,strict18_common_rhr,SCN4A,Wholebrain,0.046142751961247785,-0.034969850256943436
GLOBAL_JOINT_CONTINUOUS_PCA,SCN4A|EXACT_SINGLE_PROTEIN|HSAMP_0cb8b4d1db8c390eeeecca55|HUMAN_BIOGPS_GNF1H_GCRMA_77_TISSUE_DDOF1,strict18_common_rhr,SCN4A,Pons,0.02011607318034521,-0.015245212670999212
GLOBAL_JOINT_CONTINUOUS_PCA,SCN4A|EXACT_SINGLE_PROTEIN|HSAMP_13a552b6ffc4aac3b85a50ca|HUMAN_BIOGPS_GNF1H_GCRMA_77_TISSUE_DDOF1,strict18_common_rhr,SCN4A,Amygdala,-0.005310791284490949,0.004024848282141967
GLOBAL_JOINT_CONTINUOUS_PCA,SCN4A|EXACT_SINGLE_PROTEIN|HSAMP_192dff4b8df5862a227b1163|HUMAN_BIOGPS_GNF1H_GCRMA_77_TISSUE_DDOF1,strict18_common_rhr,SCN4A,SubthalamicNucleus,0.031583757377713725,-0.02393613772706618
GLOBAL_JOINT_CONTINUOUS_PCA,SCN4A|EXACT_SINGLE_PROTEIN|HSAMP_20b60708f05d03c76f9fe702|HUMAN_BIOGPS_GNF1H_GCRMA_77_TISSUE_DDOF1,strict18_common_rhr,SCN4A,CerebellumPeduncles,-0.01745738053289755,0.013230289854116317
GLOBAL_JOINT_CONTINUOUS_PCA,SCN4A|EXACT_SINGLE_PROTEIN|HSAMP_374f872ebf1bbba2be514f9f|HUMAN_BIOGPS_GNF1H_GCRMA_77_TISSUE_DDOF1,strict18_common_rhr,SCN4A,GlobusPallidus,0.054264844902593465,-0.041125277964644685
GLOBAL_JOINT_CONTINUOUS_PCA,SCN4A|EXACT_SINGLE_PROTEIN|HSAMP_5c090f15f3e5194312a7e8ed|HUMAN_BIOGPS_GNF1H_GCRMA_77_TISSUE_DDOF1,strict18_common_rhr,SCN4A,MedullaOblongata,0.031583757377713725,-0.02393613772706618
GLOBAL_JOINT_CONTINUOUS_PCA,SCN4A|EXACT_SINGLE_PROTEIN|HSAMP_752ebc880edc13bb4e2b2de8|HUMAN_BIOGPS_GNF1H_GCRMA_77_TISSUE_DDOF1,strict18_common_rhr,SCN4A,PrefrontalCortex,-0.022899264800827292,0.017354488560880753
GLOBAL_JOINT_CONTINUOUS_PCA,SCN4A|EXACT_SINGLE_PROTEIN|HSAMP_7725bb8a75064c4d7246d9ba|HUMAN_BIOGPS_GNF1H_GCRMA_77_TISSUE_DDOF1,strict18_common_rhr,SCN4A,OccipitalLobe,0.038848310704579364,-0.029441668525000034
GLOBAL_JOINT_CONTINUOUS_PCA,SCN4A|EXACT_SINGLE_PROTEIN|HSAMP_8ed020260a1d25cf72324c8a|HUMAN_BIOGPS_GNF1H_GCRMA_77_TISSUE_DDOF1,strict18_common_rhr,SCN4A,Hypothalamus,-0.01117393245517922,0.00846830169702451
GLOBAL_JOINT_CONTINUOUS_PCA,SCN4A|EXACT_SINGLE_PROTEIN|HSAMP_936b77a4b11b5c19027de438|HUMAN_BIOGPS_GNF1H_GCRMA_77_TISSUE_DDOF1,strict18_common_rhr,SCN4A,Spinalcord,-0.00962056340979134,0.00729106192258273
GLOBAL_JOINT_CONTINUOUS_PCA,SCN4A|EXACT_SINGLE_PROTEIN|HSAMP_9aa72e4fb1ff63e1792b1ec7|HUMAN_BIOGPS_GNF1H_GCRMA_77_TISSUE_DDOF1,strict18_common_rhr,SCN4A,Cerebellum,0.04903289413351538,-0.03716017993364674
GLOBAL_JOINT_CONTINUOUS_PCA,SCN4A|EXACT_SINGLE_PROTEIN|HSAMP_a32ce488a48b0df9b8c4c40a|HUMAN_BIOGPS_GNF1H_GCRMA_77_TISSUE_DDOF1,strict18_common_rhr,SCN4A,Caudatenucleus,0.038848310704579364,-0.029441668525000034
GLOBAL_JOINT_CONTINUOUS_PCA,SCN4A|EXACT_SINGLE_PROTEIN|HSAMP_d99ba5ea584363f8600ade55|HUMAN_BIOGPS_GNF1H_GCRMA_77_TISSUE_DDOF1,strict18_common_rhr,SCN4A,CingulateCortex,-0.003438132387819098,0.0026056307795980344
GLOBAL_JOINT_CONTINUOUS_PCA,SCN4A|EXACT_SINGLE_PROTEIN|HSAMP_e75262fc0acfda69d976a6d3|HUMAN_BIOGPS_GNF1H_GCRMA_77_TISSUE_DDOF1,strict18_common_rhr,SCN4A,ParietalLobe,-0.00962056340979134,0.00729106192258273
GLOBAL_JOINT_CONTINUOUS_PCA,SCN4A|EXACT_SINGLE_PROTEIN|HSAMP_eb2587e74e2d6457032d4ae7|HUMAN_BIOGPS_GNF1H_GCRMA_77_TISSUE_DDOF1,strict18_common_rhr,SCN4A,TemporalLobe,0.02011607318034521,-0.015245212670999212
GLOBAL_JOINT_CONTINUOUS_PCA,SCN4A|EXACT_SINGLE_PROTEIN|HSAMP_f43595f3557cf05e6a721aeb|HUMAN_BIOGPS_GNF1H_GCRMA_77_TISSUE_DDOF1,strict18_common_rhr,SCN4A,Thalamus,-0.0016268096030355409,0.0012328976013933545
GLOBAL_JOINT_CONTINUOUS_PCA,SCN4A|EXACT_SINGLE_PROTEIN|HSAMP_ff841df7ecd9f2c8ea2660f5|HUMAN_BIOGPS_GNF1H_GCRMA_77_TISSUE_DDOF1,strict18_common_rhr,SCN4A,OlfactoryBulb,0.052710273550837156,-0.03994712700758168
GLOBAL_JOINT_CONTINUOUS_PCA,SLC6A2|EXACT_SINGLE_PROTEIN|HSAMP_06645e2e8409a5b743985cdd|HUMAN_BIOGPS_GNF1H_GCRMA_77_TISSUE_DDOF1,strict18_common_rhr,SLC6A2,Wholebrain,0.061920623671906205,-0.0251551967318272
GLOBAL_JOINT_CONTINUOUS_PCA,SLC6A2|EXACT_SINGLE_PROTEIN|HSAMP_0cb8b4d1db8c390eeeecca55|HUMAN_BIOGPS_GNF1H_GCRMA_77_TISSUE_DDOF1,strict18_common_rhr,SLC6A2,Pons,0.01458362212232084,-0.007088538452768544
GLOBAL_JOINT_CONTINUOUS_PCA,SLC6A2|EXACT_SINGLE_PROTEIN|HSAMP_13a552b6ffc4aac3b85a50ca|HUMAN_BIOGPS_GNF1H_GCRMA_77_TISSUE_DDOF1,strict18_common_rhr,SLC6A2,Amygdala,0.009359480883280959,-0.007279959768308979
GLOBAL_JOINT_CONTINUOUS_PCA,SLC6A2|EXACT_SINGLE_PROTEIN|HSAMP_192dff4b8df5862a227b1163|HUMAN_BIOGPS_GNF1H_GCRMA_77_TISSUE_DDOF1,strict18_common_rhr,SLC6A2,SubthalamicNucleus,-0.007925597055670655,0.004287523168021695
GLOBAL_JOINT_CONTINUOUS_PCA,SLC6A2|EXACT_SINGLE_PROTEIN|HSAMP_20b60708f05d03c76f9fe702|HUMAN_BIOGPS_GNF1H_GCRMA_77_TISSUE_DDOF1,strict18_common_rhr,SLC6A2,CerebellumPeduncles,-0.035120481206757176,0.04035057449007338
GLOBAL_JOINT_CONTINUOUS_PCA,SLC6A2|EXACT_SINGLE_PROTEIN|HSAMP_374f872ebf1bbba2be514f9f|HUMAN_BIOGPS_GNF1H_GCRMA_77_TISSUE_DDOF1,strict18_common_rhr,SLC6A2,GlobusPallidus,0.08859574856694392,0.053976274293541106
GLOBAL_JOINT_CONTINUOUS_PCA,SLC6A2|EXACT_SINGLE_PROTEIN|HSAMP_5c090f15f3e5194312a7e8ed|HUMAN_BIOGPS_GNF1H_GCRMA_77_TISSUE_DDOF1,strict18_common_rhr,SLC6A2,MedullaOblongata,0.04228471887277368,-0.024001121424099308
GLOBAL_JOINT_CONTINUOUS_PCA,SLC6A2|EXACT_SINGLE_PROTEIN|HSAMP_752ebc880edc13bb4e2b2de8|HUMAN_BIOGPS_GNF1H_GCRMA_77_TISSUE_DDOF1,strict18_common_rhr,SLC6A2,PrefrontalCortex,-0.020671401685301467,0.009699287507766122
GLOBAL_JOINT_CONTINUOUS_PCA,SLC6A2|EXACT_SINGLE_PROTEIN|HSAMP_7725bb8a75064c4d7246d9ba|HUMAN_BIOGPS_GNF1H_GCRMA_77_TISSUE_DDOF1,strict18_common_rhr,SLC6A2,OccipitalLobe,0.04228471887277368,-0.024001121424099308
GLOBAL_JOINT_CONTINUOUS_PCA,SLC6A2|EXACT_SINGLE_PROTEIN|HSAMP_8ed020260a1d25cf72324c8a|HUMAN_BIOGPS_GNF1H_GCRMA_77_TISSUE_DDOF1,strict18_common_rhr,SLC6A2,Hypothalamus,-0.007925597055670655,0.004287523168021695
GLOBAL_JOINT_CONTINUOUS_PCA,SLC6A2|EXACT_SINGLE_PROTEIN|HSAMP_936b77a4b11b5c19027de438|HUMAN_BIOGPS_GNF1H_GCRMA_77_TISSUE_DDOF1,strict18_common_rhr,SLC6A2,Spinalcord,-0.0023672801762973103,0.0009387409599990338
GLOBAL_JOINT_CONTINUOUS_PCA,SLC6A2|EXACT_SINGLE_PROTEIN|HSAMP_9aa72e4fb1ff63e1792b1ec7|HUMAN_BIOGPS_GNF1H_GCRMA_77_TISSUE_DDOF1,strict18_common_rhr,SLC6A2,Cerebellum,0.053266172180559894,-0.024033012714015343
GLOBAL_JOINT_CONTINUOUS_PCA,SLC6A2|EXACT_SINGLE_PROTEIN|HSAMP_a32ce488a48b0df9b8c4c40a|HUMAN_BIOGPS_GNF1H_GCRMA_77_TISSUE_DDOF1,strict18_common_rhr,SLC6A2,Caudatenucleus,0.04425391199616615,-0.02483171420030842
GLOBAL_JOINT_CONTINUOUS_PCA,SLC6A2|EXACT_SINGLE_PROTEIN|HSAMP_d99ba5ea584363f8600ade55|HUMAN_BIOGPS_GNF1H_GCRMA_77_TISSUE_DDOF1,strict18_common_rhr,SLC6A2,CingulateCortex,0.009359480883280959,-0.007279959768308979
GLOBAL_JOINT_CONTINUOUS_PCA,SLC6A2|EXACT_SINGLE_PROTEIN|HSAMP_e75262fc0acfda69d976a6d3|HUMAN_BIOGPS_GNF1H_GCRMA_77_TISSUE_DDOF1,strict18_common_rhr,SLC6A2,ParietalLobe,-0.011293497950587386,0.006258910767747568
GLOBAL_JOINT_CONTINUOUS_PCA,SLC6A2|EXACT_SINGLE_PROTEIN|HSAMP_eb2587e74e2d6457032d4ae7|HUMAN_BIOGPS_GNF1H_GCRMA_77_TISSUE_DDOF1,strict18_common_rhr,SLC6A2,TemporalLobe,0.03667471305520595,-0.021513628289217678
GLOBAL_JOINT_CONTINUOUS_PCA,SLC6A2|EXACT_SINGLE_PROTEIN|HSAMP_f43595f3557cf05e6a721aeb|HUMAN_BIOGPS_GNF1H_GCRMA_77_TISSUE_DDOF1,strict18_common_rhr,SLC6A2,Thalamus,0.011999371251068052,-0.007381196400051915
GLOBAL_JOINT_CONTINUOUS_PCA,SLC6A2|EXACT_SINGLE_PROTEIN|HSAMP_ff841df7ecd9f2c8ea2660f5|HUMAN_BIOGPS_GNF1H_GCRMA_77_TISSUE_DDOF1,strict18_common_rhr,SLC6A2,OlfactoryBulb,0.04228471887277368,-0.024001121424099308
GLOBAL_JOINT_CONTINUOUS_PCA,SLC6A3|EXACT_SINGLE_PROTEIN|HSAMP_06645e2e8409a5b743985cdd|HUMAN_BIOGPS_GNF1H_GCRMA_77_TISSUE_DDOF1,strict18_common_rhr,SLC6A3,Wholebrain,0.04400285131821175,-0.027413752528376047
GLOBAL_JOINT_CONTINUOUS_PCA,SLC6A3|EXACT_SINGLE_PROTEIN|HSAMP_0cb8b4d1db8c390eeeecca55|HUMAN_BIOGPS_GNF1H_GCRMA_77_TISSUE_DDOF1,strict18_common_rhr,SLC6A3,Pons,0.01307157558541098,-0.006295018577470178
GLOBAL_JOINT_CONTINUOUS_PCA,SLC6A3|EXACT_SINGLE_PROTEIN|HSAMP_13a552b6ffc4aac3b85a50ca|HUMAN_BIOGPS_GNF1H_GCRMA_77_TISSUE_DDOF1,strict18_common_rhr,SLC6A3,Amygdala,-0.006281612127172929,-0.013554692316346808
GLOBAL_JOINT_CONTINUOUS_PCA,SLC6A3|EXACT_SINGLE_PROTEIN|HSAMP_192dff4b8df5862a227b1163|HUMAN_BIOGPS_GNF1H_GCRMA_77_TISSUE_DDOF1,strict18_common_rhr,SLC6A3,SubthalamicNucleus,0.022442819470875668,-0.011560575989944201
GLOBAL_JOINT_CONTINUOUS_PCA,SLC6A3|EXACT_SINGLE_PROTEIN|HSAMP_20b60708f05d03c76f9fe702|HUMAN_BIOGPS_GNF1H_GCRMA_77_TISSUE_DDOF1,strict18_common_rhr,SLC6A3,CerebellumPeduncles,-0.024197643693095645,0.017209610520101244
GLOBAL_JOINT_CONTINUOUS_PCA,SLC6A3|EXACT_SINGLE_PROTEIN|HSAMP_374f872ebf1bbba2be514f9f|HUMAN_BIOGPS_GNF1H_GCRMA_77_TISSUE_DDOF1,strict18_common_rhr,SLC6A3,GlobusPallidus,0.06796001126581781,-0.04294185419448491
GLOBAL_JOINT_CONTINUOUS_PCA,SLC6A3|EXACT_SINGLE_PROTEIN|HSAMP_5c090f15f3e5194312a7e8ed|HUMAN_BIOGPS_GNF1H_GCRMA_77_TISSUE_DDOF1,strict18_common_rhr,SLC6A3,MedullaOblongata,0.0347322130788984,-0.02088630747029437
GLOBAL_JOINT_CONTINUOUS_PCA,SLC6A3|EXACT_SINGLE_PROTEIN|HSAMP_752ebc880edc13bb4e2b2de8|HUMAN_BIOGPS_GNF1H_GCRMA_77_TISSUE_DDOF1,strict18_common_rhr,SLC6A3,PrefrontalCortex,-0.022811406688577028,0.01637181977577855
GLOBAL_JOINT_CONTINUOUS_PCA,SLC6A3|EXACT_SINGLE_PROTEIN|HSAMP_7725bb8a75064c4d7246d9ba|HUMAN_BIOGPS_GNF1H_GCRMA_77_TISSUE_DDOF1,strict18_common_rhr,SLC6A3,OccipitalLobe,0.0347322130788984,-0.02088630747029437
GLOBAL_JOINT_CONTINUOUS_PCA,SLC6A3|EXACT_SINGLE_PROTEIN|HSAMP_8ed020260a1d25cf72324c8a|HUMAN_BIOGPS_GNF1H_GCRMA_77_TISSUE_DDOF1,strict18_common_rhr,SLC6A3,Hypothalamus,-0.05006526987273935,0.02827605331285398
GLOBAL_JOINT_CONTINUOUS_PCA,SLC6A3|EXACT_SINGLE_PROTEIN|HSAMP_936b77a4b11b5c19027de438|HUMAN_BIOGPS_GNF1H_GCRMA_77_TISSUE_DDOF1,strict18_common_rhr,SLC6A3,Spinalcord,-0.006035208160997179,0.005480908568035086
GLOBAL_JOINT_CONTINUOUS_PCA,SLC6A3|EXACT_SINGLE_PROTEIN|HSAMP_9aa72e4fb1ff63e1792b1ec7|HUMAN_BIOGPS_GNF1H_GCRMA_77_TISSUE_DDOF1,strict18_common_rhr,SLC6A3,Cerebellum,0.055180346317252424,-0.03244557383235716
GLOBAL_JOINT_CONTINUOUS_PCA,SLC6A3|EXACT_SINGLE_PROTEIN|HSAMP_a32ce488a48b0df9b8c4c40a|HUMAN_BIOGPS_GNF1H_GCRMA_77_TISSUE_DDOF1,strict18_common_rhr,SLC6A3,Caudatenucleus,0.03986604628723818,-0.00782893222153303
GLOBAL_JOINT_CONTINUOUS_PCA,SLC6A3|EXACT_SINGLE_PROTEIN|HSAMP_d99ba5ea584363f8600ade55|HUMAN_BIOGPS_GNF1H_GCRMA_77_TISSUE_DDOF1,strict18_common_rhr,SLC6A3,CingulateCortex,-0.0029864344037018116,0.00406601779116278
GLOBAL_JOINT_CONTINUOUS_PCA,SLC6A3|EXACT_SINGLE_PROTEIN|HSAMP_e75262fc0acfda69d976a6d3|HUMAN_BIOGPS_GNF1H_GCRMA_77_TISSUE_DDOF1,strict18_common_rhr,SLC6A3,ParietalLobe,-0.006035208160997179,0.005480908568035086
GLOBAL_JOINT_CONTINUOUS_PCA,SLC6A3|EXACT_SINGLE_PROTEIN|HSAMP_eb2587e74e2d6457032d4ae7|HUMAN_BIOGPS_GNF1H_GCRMA_77_TISSUE_DDOF1,strict18_common_rhr,SLC6A3,TemporalLobe,0.0347322130788984,-0.02088630747029437
GLOBAL_JOINT_CONTINUOUS_PCA,SLC6A3|EXACT_SINGLE_PROTEIN|HSAMP_f43595f3557cf05e6a721aeb|HUMAN_BIOGPS_GNF1H_GCRMA_77_TISSUE_DDOF1,strict18_common_rhr,SLC6A3,Thalamus,-0.0029864344037018116,0.00406601779116278
GLOBAL_JOINT_CONTINUOUS_PCA,SLC6A3|EXACT_SINGLE_PROTEIN|HSAMP_ff841df7ecd9f2c8ea2660f5|HUMAN_BIOGPS_GNF1H_GCRMA_77_TISSUE_DDOF1,strict18_common_rhr,SLC6A3,OlfactoryBulb,0.05463298549923272,-0.03412033416131768
GLOBAL_JOINT_CONTINUOUS_PCA,SLC6A4|EXACT_SINGLE_PROTEIN|HSAMP_06645e2e8409a5b743985cdd|HUMAN_BIOGPS_GNF1H_GCRMA_77_TISSUE_DDOF1,strict18_common_rhr,SLC6A4,Wholebrain,0.020386805144985184,-0.043316761092266086
GLOBAL_JOINT_CONTINUOUS_PCA,SLC6A4|EXACT_SINGLE_PROTEIN|HSAMP_0cb8b4d1db8c390eeeecca55|HUMAN_BIOGPS_GNF1H_GCRMA_77_TISSUE_DDOF1,strict18_common_rhr,SLC6A4,Pons,0.011189612330670845,-0.018697816970053273
GLOBAL_JOINT_CONTINUOUS_PCA,SLC6A4|EXACT_SINGLE_PROTEIN|HSAMP_13a552b6ffc4aac3b85a50ca|HUMAN_BIOGPS_GNF1H_GCRMA_77_TISSUE_DDOF1,strict18_common_rhr,SLC6A4,Amygdala,0.013050875843929482,-0.023267815946268002
GLOBAL_JOINT_CONTINUOUS_PCA,SLC6A4|EXACT_SINGLE_PROTEIN|HSAMP_192dff4b8df5862a227b1163|HUMAN_BIOGPS_GNF1H_GCRMA_77_TISSUE_DDOF1,strict18_common_rhr,SLC6A4,SubthalamicNucleus,0.018046377705802547,-0.037900763507502606
GLOBAL_JOINT_CONTINUOUS_PCA,SLC6A4|EXACT_SINGLE_PROTEIN|HSAMP_20b60708f05d03c76f9fe702|HUMAN_BIOGPS_GNF1H_GCRMA_77_TISSUE_DDOF1,strict18_common_rhr,SLC6A4,CerebellumPeduncles,0.009617786292654244,-0.015888795657681705
GLOBAL_JOINT_CONTINUOUS_PCA,SLC6A4|EXACT_SINGLE_PROTEIN|HSAMP_374f872ebf1bbba2be514f9f|HUMAN_BIOGPS_GNF1H_GCRMA_77_TISSUE_DDOF1,strict18_common_rhr,SLC6A4,GlobusPallidus,0.023672814493487387,-0.05370359464199372
GLOBAL_JOINT_CONTINUOUS_PCA,SLC6A4|EXACT_SINGLE_PROTEIN|HSAMP_5c090f15f3e5194312a7e8ed|HUMAN_BIOGPS_GNF1H_GCRMA_77_TISSUE_DDOF1,strict18_common_rhr,SLC6A4,MedullaOblongata,0.01629843382542359,-0.03234145567063591
GLOBAL_JOINT_CONTINUOUS_PCA,SLC6A4|EXACT_SINGLE_PROTEIN|HSAMP_752ebc880edc13bb4e2b2de8|HUMAN_BIOGPS_GNF1H_GCRMA_77_TISSUE_DDOF1,strict18_common_rhr,SLC6A4,PrefrontalCortex,0.005667524571907613,-0.01300804113499824
GLOBAL_JOINT_CONTINUOUS_PCA,SLC6A4|EXACT_SINGLE_PROTEIN|HSAMP_7725bb8a75064c4d7246d9ba|HUMAN_BIOGPS_GNF1H_GCRMA_77_TISSUE_DDOF1,strict18_common_rhr,SLC6A4,OccipitalLobe,0.019019314535556893,-0.04034282990418324
GLOBAL_JOINT_CONTINUOUS_PCA,SLC6A4|EXACT_SINGLE_PROTEIN|HSAMP_8ed020260a1d25cf72324c8a|HUMAN_BIOGPS_GNF1H_GCRMA_77_TISSUE_DDOF1,strict18_common_rhr,SLC6A4,Hypothalamus,0.013050875843929482,-0.023267815946268002
GLOBAL_JOINT_CONTINUOUS_PCA,SLC6A4|EXACT_SINGLE_PROTEIN|HSAMP_936b77a4b11b5c19027de438|HUMAN_BIOGPS_GNF1H_GCRMA_77_TISSUE_DDOF1,strict18_common_rhr,SLC6A4,Spinalcord,0.012281299369240066,-0.020848101083840446
GLOBAL_JOINT_CONTINUOUS_PCA,SLC6A4|EXACT_SINGLE_PROTEIN|HSAMP_9aa72e4fb1ff63e1792b1ec7|HUMAN_BIOGPS_GNF1H_GCRMA_77_TISSUE_DDOF1,strict18_common_rhr,SLC6A4,Cerebellum,-0.014226702227660487,0.02938253320114327
GLOBAL_JOINT_CONTINUOUS_PCA,SLC6A4|EXACT_SINGLE_PROTEIN|HSAMP_a32ce488a48b0df9b8c4c40a|HUMAN_BIOGPS_GNF1H_GCRMA_77_TISSUE_DDOF1,strict18_common_rhr,SLC6A4,Caudatenucleus,0.009760828505554028,-0.01655204919218253
GLOBAL_JOINT_CONTINUOUS_PCA,SLC6A4|EXACT_SINGLE_PROTEIN|HSAMP_d99ba5ea584363f8600ade55|HUMAN_BIOGPS_GNF1H_GCRMA_77_TISSUE_DDOF1,strict18_common_rhr,SLC6A4,CingulateCortex,0.014736212221565105,-0.026550910041476104
GLOBAL_JOINT_CONTINUOUS_PCA,SLC6A4|EXACT_SINGLE_PROTEIN|HSAMP_e75262fc0acfda69d976a6d3|HUMAN_BIOGPS_GNF1H_GCRMA_77_TISSUE_DDOF1,strict18_common_rhr,SLC6A4,ParietalLobe,0.009760828505554028,-0.01655204919218253
GLOBAL_JOINT_CONTINUOUS_PCA,SLC6A4|EXACT_SINGLE_PROTEIN|HSAMP_eb2587e74e2d6457032d4ae7|HUMAN_BIOGPS_GNF1H_GCRMA_77_TISSUE_DDOF1,strict18_common_rhr,SLC6A4,TemporalLobe,0.019019314535556893,-0.04034282990418324
GLOBAL_JOINT_CONTINUOUS_PCA,SLC6A4|EXACT_SINGLE_PROTEIN|HSAMP_f43595f3557cf05e6a721aeb|HUMAN_BIOGPS_GNF1H_GCRMA_77_TISSUE_DDOF1,strict18_common_rhr,SLC6A4,Thalamus,0.015027449032911715,-0.02832886421829871
GLOBAL_JOINT_CONTINUOUS_PCA,SLC6A4|EXACT_SINGLE_PROTEIN|HSAMP_ff841df7ecd9f2c8ea2660f5|HUMAN_BIOGPS_GNF1H_GCRMA_77_TISSUE_DDOF1,strict18_common_rhr,SLC6A4,OlfactoryBulb,0.022200534266947167,-0.04962573991020195
