feature_id,query_common_rhr,class_median_common_rhr,query_minus_class_median,class_id,class_label,target,tissue
ADRA2A|EXACT_SINGLE_PROTEIN|HSAMP_06645e2e8409a5b743985cdd|HUMAN_BIOGPS_GNF1H_GCRMA_77_TISSUE_DDOF1,1.3256712318464634,1.5569374811661316,-0.23126624931966822,ANALGESICS,Analgesic context,ADRA2A,Wholebrain
ADRA2A|EXACT_SINGLE_PROTEIN|HSAMP_0cb8b4d1db8c390eeeecca55|HUMAN_BIOGPS_GNF1H_GCRMA_77_TISSUE_DDOF1,-0.5044395774634475,-0.6949872794578386,0.19054770199439108,ANALGESICS,Analgesic context,ADRA2A,Pons
ADRA2A|EXACT_SINGLE_PROTEIN|HSAMP_13a552b6ffc4aac3b85a50ca|HUMAN_BIOGPS_GNF1H_GCRMA_77_TISSUE_DDOF1,0.5741290899637739,0.6194242827154145,-0.04529519275164062,ANALGESICS,Analgesic context,ADRA2A,Amygdala
ADRA2A|EXACT_SINGLE_PROTEIN|HSAMP_192dff4b8df5862a227b1163|HUMAN_BIOGPS_GNF1H_GCRMA_77_TISSUE_DDOF1,-0.6732064603943135,-0.9179143788367126,0.24470791844239903,ANALGESICS,Analgesic context,ADRA2A,SubthalamicNucleus
ADRA2A|EXACT_SINGLE_PROTEIN|HSAMP_20b60708f05d03c76f9fe702|HUMAN_BIOGPS_GNF1H_GCRMA_77_TISSUE_DDOF1,0.5992580300558955,0.650054523715477,-0.0507964936595815,ANALGESICS,Analgesic context,ADRA2A,CerebellumPeduncles
ADRA2A|EXACT_SINGLE_PROTEIN|HSAMP_374f872ebf1bbba2be514f9f|HUMAN_BIOGPS_GNF1H_GCRMA_77_TISSUE_DDOF1,-1.129932837769179,-1.5552821974860218,0.42534935971684273,ANALGESICS,Analgesic context,ADRA2A,GlobusPallidus
ADRA2A|EXACT_SINGLE_PROTEIN|HSAMP_5c090f15f3e5194312a7e8ed|HUMAN_BIOGPS_GNF1H_GCRMA_77_TISSUE_DDOF1,-0.7142836231329676,-0.9637370949334377,0.24945347180047017,ANALGESICS,Analgesic context,ADRA2A,MedullaOblongata
ADRA2A|EXACT_SINGLE_PROTEIN|HSAMP_752ebc880edc13bb4e2b2de8|HUMAN_BIOGPS_GNF1H_GCRMA_77_TISSUE_DDOF1,0.6639939006317417,0.7229337578553053,-0.05893985722356365,ANALGESICS,Analgesic context,ADRA2A,PrefrontalCortex
ADRA2A|EXACT_SINGLE_PROTEIN|HSAMP_7725bb8a75064c4d7246d9ba|HUMAN_BIOGPS_GNF1H_GCRMA_77_TISSUE_DDOF1,-0.6732064603943135,-0.9179143788367126,0.24470791844239903,ANALGESICS,Analgesic context,ADRA2A,OccipitalLobe
ADRA2A|EXACT_SINGLE_PROTEIN|HSAMP_8ed020260a1d25cf72324c8a|HUMAN_BIOGPS_GNF1H_GCRMA_77_TISSUE_DDOF1,0.22956957141467732,0.17745413286844094,0.052115438546236376,ANALGESICS,Analgesic context,ADRA2A,Hypothalamus
ADRA2A|EXACT_SINGLE_PROTEIN|HSAMP_936b77a4b11b5c19027de438|HUMAN_BIOGPS_GNF1H_GCRMA_77_TISSUE_DDOF1,-0.047357446085577085,-0.2128932775209409,0.16553583143536382,ANALGESICS,Analgesic context,ADRA2A,Spinalcord
ADRA2A|EXACT_SINGLE_PROTEIN|HSAMP_9aa72e4fb1ff63e1792b1ec7|HUMAN_BIOGPS_GNF1H_GCRMA_77_TISSUE_DDOF1,-0.8108793577649526,-1.064350457584012,0.25347109981905935,ANALGESICS,Analgesic context,ADRA2A,Cerebellum
ADRA2A|EXACT_SINGLE_PROTEIN|HSAMP_a32ce488a48b0df9b8c4c40a|HUMAN_BIOGPS_GNF1H_GCRMA_77_TISSUE_DDOF1,-0.733236447782707,-0.9792466352035116,0.2460101874208046,ANALGESICS,Analgesic context,ADRA2A,Caudatenucleus
ADRA2A|EXACT_SINGLE_PROTEIN|HSAMP_d99ba5ea584363f8600ade55|HUMAN_BIOGPS_GNF1H_GCRMA_77_TISSUE_DDOF1,-0.2634322811930612,-0.499634254382404,0.23620197318934277,ANALGESICS,Analgesic context,ADRA2A,CingulateCortex
ADRA2A|EXACT_SINGLE_PROTEIN|HSAMP_e75262fc0acfda69d976a6d3|HUMAN_BIOGPS_GNF1H_GCRMA_77_TISSUE_DDOF1,0.055922154422395114,-0.009365055329860771,0.06528720975225588,ANALGESICS,Analgesic context,ADRA2A,ParietalLobe
ADRA2A|EXACT_SINGLE_PROTEIN|HSAMP_eb2587e74e2d6457032d4ae7|HUMAN_BIOGPS_GNF1H_GCRMA_77_TISSUE_DDOF1,-0.5955305040679503,-0.8061754770020944,0.21064497293414408,ANALGESICS,Analgesic context,ADRA2A,TemporalLobe
ADRA2A|EXACT_SINGLE_PROTEIN|HSAMP_f43595f3557cf05e6a721aeb|HUMAN_BIOGPS_GNF1H_GCRMA_77_TISSUE_DDOF1,-0.2634322811930612,-0.499634254382404,0.23620197318934277,ANALGESICS,Analgesic context,ADRA2A,Thalamus
ADRA2A|EXACT_SINGLE_PROTEIN|HSAMP_ff841df7ecd9f2c8ea2660f5|HUMAN_BIOGPS_GNF1H_GCRMA_77_TISSUE_DDOF1,-1.0157075272297438,-1.3745286415927946,0.35882111436305086,ANALGESICS,Analgesic context,ADRA2A,OlfactoryBulb
OPRD1|EXACT_SINGLE_PROTEIN|HSAMP_06645e2e8409a5b743985cdd|HUMAN_BIOGPS_GNF1H_GCRMA_77_TISSUE_DDOF1,-0.9755002670030188,-1.376624816983966,0.40112454998094726,ANALGESICS,Analgesic context,OPRD1,Wholebrain
OPRD1|EXACT_SINGLE_PROTEIN|HSAMP_0cb8b4d1db8c390eeeecca55|HUMAN_BIOGPS_GNF1H_GCRMA_77_TISSUE_DDOF1,-0.11666409904318278,-0.3604786480959056,0.2438145490527228,ANALGESICS,Analgesic context,OPRD1,Pons
OPRD1|EXACT_SINGLE_PROTEIN|HSAMP_13a552b6ffc4aac3b85a50ca|HUMAN_BIOGPS_GNF1H_GCRMA_77_TISSUE_DDOF1,0.7082266883898617,0.7716860301918171,-0.06345934180195545,ANALGESICS,Analgesic context,OPRD1,Amygdala
OPRD1|EXACT_SINGLE_PROTEIN|HSAMP_192dff4b8df5862a227b1163|HUMAN_BIOGPS_GNF1H_GCRMA_77_TISSUE_DDOF1,-0.6128844066753412,-0.8869674621315929,0.2740830554562518,ANALGESICS,Analgesic context,OPRD1,SubthalamicNucleus
OPRD1|EXACT_SINGLE_PROTEIN|HSAMP_20b60708f05d03c76f9fe702|HUMAN_BIOGPS_GNF1H_GCRMA_77_TISSUE_DDOF1,1.0299986788998141,1.21238649730784,-0.18238781840802587,ANALGESICS,Analgesic context,OPRD1,CerebellumPeduncles
OPRD1|EXACT_SINGLE_PROTEIN|HSAMP_374f872ebf1bbba2be514f9f|HUMAN_BIOGPS_GNF1H_GCRMA_77_TISSUE_DDOF1,-1.56910542197197,-2.299035776109508,0.7299303541375382,ANALGESICS,Analgesic context,OPRD1,GlobusPallidus
OPRD1|EXACT_SINGLE_PROTEIN|HSAMP_5c090f15f3e5194312a7e8ed|HUMAN_BIOGPS_GNF1H_GCRMA_77_TISSUE_DDOF1,-0.5475434586021661,-0.7932425203771333,0.24569906177496714,ANALGESICS,Analgesic context,OPRD1,MedullaOblongata
OPRD1|EXACT_SINGLE_PROTEIN|HSAMP_752ebc880edc13bb4e2b2de8|HUMAN_BIOGPS_GNF1H_GCRMA_77_TISSUE_DDOF1,1.2039892604636027,1.4847457910555264,-0.28075653059192374,ANALGESICS,Analgesic context,OPRD1,PrefrontalCortex
OPRD1|EXACT_SINGLE_PROTEIN|HSAMP_7725bb8a75064c4d7246d9ba|HUMAN_BIOGPS_GNF1H_GCRMA_77_TISSUE_DDOF1,-0.6128844066753412,-0.8869674621315929,0.2740830554562518,ANALGESICS,Analgesic context,OPRD1,OccipitalLobe
OPRD1|EXACT_SINGLE_PROTEIN|HSAMP_8ed020260a1d25cf72324c8a|HUMAN_BIOGPS_GNF1H_GCRMA_77_TISSUE_DDOF1,0.8881172637591862,0.9942916584941146,-0.1061743947349284,ANALGESICS,Analgesic context,OPRD1,Hypothalamus
OPRD1|EXACT_SINGLE_PROTEIN|HSAMP_936b77a4b11b5c19027de438|HUMAN_BIOGPS_GNF1H_GCRMA_77_TISSUE_DDOF1,0.8560938582243547,0.9626982381390018,-0.10660437991464711,ANALGESICS,Analgesic context,OPRD1,Spinalcord
OPRD1|EXACT_SINGLE_PROTEIN|HSAMP_9aa72e4fb1ff63e1792b1ec7|HUMAN_BIOGPS_GNF1H_GCRMA_77_TISSUE_DDOF1,-1.1867561982449253,-1.7768910654915488,0.5901348672466236,ANALGESICS,Analgesic context,OPRD1,Cerebellum
OPRD1|EXACT_SINGLE_PROTEIN|HSAMP_a32ce488a48b0df9b8c4c40a|HUMAN_BIOGPS_GNF1H_GCRMA_77_TISSUE_DDOF1,0.5730954222822335,0.6246846377857139,-0.05158921550348039,ANALGESICS,Analgesic context,OPRD1,Caudatenucleus
OPRD1|EXACT_SINGLE_PROTEIN|HSAMP_d99ba5ea584363f8600ade55|HUMAN_BIOGPS_GNF1H_GCRMA_77_TISSUE_DDOF1,0.5730954222822335,0.6246846377857139,-0.05158921550348039,ANALGESICS,Analgesic context,OPRD1,CingulateCortex
OPRD1|EXACT_SINGLE_PROTEIN|HSAMP_e75262fc0acfda69d976a6d3|HUMAN_BIOGPS_GNF1H_GCRMA_77_TISSUE_DDOF1,0.8118840067070954,0.9082980786697764,-0.09641407196268104,ANALGESICS,Analgesic context,OPRD1,ParietalLobe
OPRD1|EXACT_SINGLE_PROTEIN|HSAMP_eb2587e74e2d6457032d4ae7|HUMAN_BIOGPS_GNF1H_GCRMA_77_TISSUE_DDOF1,-0.5475434586021661,-0.7932425203771333,0.24569906177496714,ANALGESICS,Analgesic context,OPRD1,TemporalLobe
OPRD1|EXACT_SINGLE_PROTEIN|HSAMP_f43595f3557cf05e6a721aeb|HUMAN_BIOGPS_GNF1H_GCRMA_77_TISSUE_DDOF1,2.2352327468752073,2.527264954222253,-0.2920322073470456,ANALGESICS,Analgesic context,OPRD1,Thalamus
OPRD1|EXACT_SINGLE_PROTEIN|HSAMP_ff841df7ecd9f2c8ea2660f5|HUMAN_BIOGPS_GNF1H_GCRMA_77_TISSUE_DDOF1,-1.2926987646532486,-1.945669658991291,0.6529708943380423,ANALGESICS,Analgesic context,OPRD1,OlfactoryBulb
OPRK1|EXACT_SINGLE_PROTEIN|HSAMP_06645e2e8409a5b743985cdd|HUMAN_BIOGPS_GNF1H_GCRMA_77_TISSUE_DDOF1,-1.0563266320899458,-1.749127845048734,0.6928012129587882,ANALGESICS,Analgesic context,OPRK1,Wholebrain
OPRK1|EXACT_SINGLE_PROTEIN|HSAMP_0cb8b4d1db8c390eeeecca55|HUMAN_BIOGPS_GNF1H_GCRMA_77_TISSUE_DDOF1,0.036968827855691416,-0.12702751204902094,0.16399633990471235,ANALGESICS,Analgesic context,OPRK1,Pons
OPRK1|EXACT_SINGLE_PROTEIN|HSAMP_13a552b6ffc4aac3b85a50ca|HUMAN_BIOGPS_GNF1H_GCRMA_77_TISSUE_DDOF1,0.9020982492605245,1.0651754592723224,-0.16307721001179787,ANALGESICS,Analgesic context,OPRK1,Amygdala
OPRK1|EXACT_SINGLE_PROTEIN|HSAMP_192dff4b8df5862a227b1163|HUMAN_BIOGPS_GNF1H_GCRMA_77_TISSUE_DDOF1,-0.6797238247320325,-1.0678089134917728,0.38808508875974024,ANALGESICS,Analgesic context,OPRK1,SubthalamicNucleus
OPRK1|EXACT_SINGLE_PROTEIN|HSAMP_20b60708f05d03c76f9fe702|HUMAN_BIOGPS_GNF1H_GCRMA_77_TISSUE_DDOF1,1.2039892604636027,1.5647377657175723,-0.3607485052539696,ANALGESICS,Analgesic context,OPRK1,CerebellumPeduncles
OPRK1|EXACT_SINGLE_PROTEIN|HSAMP_374f872ebf1bbba2be514f9f|HUMAN_BIOGPS_GNF1H_GCRMA_77_TISSUE_DDOF1,-1.696023134305084,-2.8034877634899757,1.1074646291848917,ANALGESICS,Analgesic context,OPRK1,GlobusPallidus
OPRK1|EXACT_SINGLE_PROTEIN|HSAMP_5c090f15f3e5194312a7e8ed|HUMAN_BIOGPS_GNF1H_GCRMA_77_TISSUE_DDOF1,0.036968827855691416,-0.12702751204902094,0.16399633990471235,ANALGESICS,Analgesic context,OPRK1,MedullaOblongata
OPRK1|EXACT_SINGLE_PROTEIN|HSAMP_752ebc880edc13bb4e2b2de8|HUMAN_BIOGPS_GNF1H_GCRMA_77_TISSUE_DDOF1,1.5403699585599027,1.8810957405630133,-0.34072578200311066,ANALGESICS,Analgesic context,OPRK1,PrefrontalCortex
OPRK1|EXACT_SINGLE_PROTEIN|HSAMP_7725bb8a75064c4d7246d9ba|HUMAN_BIOGPS_GNF1H_GCRMA_77_TISSUE_DDOF1,-0.6797238247320325,-1.0678089134917728,0.38808508875974024,ANALGESICS,Analgesic context,OPRK1,OccipitalLobe
OPRK1|EXACT_SINGLE_PROTEIN|HSAMP_8ed020260a1d25cf72324c8a|HUMAN_BIOGPS_GNF1H_GCRMA_77_TISSUE_DDOF1,0.9020982492605245,1.0651754592723224,-0.16307721001179787,ANALGESICS,Analgesic context,OPRK1,Hypothalamus
OPRK1|EXACT_SINGLE_PROTEIN|HSAMP_936b77a4b11b5c19027de438|HUMAN_BIOGPS_GNF1H_GCRMA_77_TISSUE_DDOF1,0.8087303750901438,0.9435871793476704,-0.13485680425752666,ANALGESICS,Analgesic context,OPRK1,Spinalcord
OPRK1|EXACT_SINGLE_PROTEIN|HSAMP_9aa72e4fb1ff63e1792b1ec7|HUMAN_BIOGPS_GNF1H_GCRMA_77_TISSUE_DDOF1,-1.2719778309776335,-2.1317307036778312,0.8597528727001977,ANALGESICS,Analgesic context,OPRK1,Cerebellum
OPRK1|EXACT_SINGLE_PROTEIN|HSAMP_a32ce488a48b0df9b8c4c40a|HUMAN_BIOGPS_GNF1H_GCRMA_77_TISSUE_DDOF1,-0.7631746919002458,-1.1880982588588096,0.4249235669585638,ANALGESICS,Analgesic context,OPRK1,Caudatenucleus
OPRK1|EXACT_SINGLE_PROTEIN|HSAMP_d99ba5ea584363f8600ade55|HUMAN_BIOGPS_GNF1H_GCRMA_77_TISSUE_DDOF1,0.6441544693789119,0.7294612988864575,-0.08530682950754565,ANALGESICS,Analgesic context,OPRK1,CingulateCortex
OPRK1|EXACT_SINGLE_PROTEIN|HSAMP_e75262fc0acfda69d976a6d3|HUMAN_BIOGPS_GNF1H_GCRMA_77_TISSUE_DDOF1,0.8648327126640044,1.0039776391769741,-0.13914492651296972,ANALGESICS,Analgesic context,OPRK1,ParietalLobe
OPRK1|EXACT_SINGLE_PROTEIN|HSAMP_eb2587e74e2d6457032d4ae7|HUMAN_BIOGPS_GNF1H_GCRMA_77_TISSUE_DDOF1,-0.6017139619223004,-0.9687753078322353,0.3670613459099349,ANALGESICS,Analgesic context,OPRK1,TemporalLobe
OPRK1|EXACT_SINGLE_PROTEIN|HSAMP_f43595f3557cf05e6a721aeb|HUMAN_BIOGPS_GNF1H_GCRMA_77_TISSUE_DDOF1,0.5575245454714622,0.5976356342718117,-0.040111088800349415,ANALGESICS,Analgesic context,OPRK1,Thalamus
OPRK1|EXACT_SINGLE_PROTEIN|HSAMP_ff841df7ecd9f2c8ea2660f5|HUMAN_BIOGPS_GNF1H_GCRMA_77_TISSUE_DDOF1,-1.5539701975614002,-2.509680503917025,0.9557103063556247,ANALGESICS,Analgesic context,OPRK1,OlfactoryBulb
OPRM1|EXACT_SINGLE_PROTEIN|HSAMP_06645e2e8409a5b743985cdd|HUMAN_BIOGPS_GNF1H_GCRMA_77_TISSUE_DDOF1,-0.7965723889941071,-1.472397886238773,0.6758254972446659,ANALGESICS,Analgesic context,OPRM1,Wholebrain
OPRM1|EXACT_SINGLE_PROTEIN|HSAMP_0cb8b4d1db8c390eeeecca55|HUMAN_BIOGPS_GNF1H_GCRMA_77_TISSUE_DDOF1,1.716808020032496,2.1462264944221183,-0.42941847438962233,ANALGESICS,Analgesic context,OPRM1,Pons
OPRM1|EXACT_SINGLE_PROTEIN|HSAMP_13a552b6ffc4aac3b85a50ca|HUMAN_BIOGPS_GNF1H_GCRMA_77_TISSUE_DDOF1,-0.22356263192545178,-0.6580154149134563,0.4344527829880045,ANALGESICS,Analgesic context,OPRM1,Amygdala
OPRM1|EXACT_SINGLE_PROTEIN|HSAMP_192dff4b8df5862a227b1163|HUMAN_BIOGPS_GNF1H_GCRMA_77_TISSUE_DDOF1,-0.5616367314853511,-1.036336809637788,0.474700078152437,ANALGESICS,Analgesic context,OPRM1,SubthalamicNucleus
OPRM1|EXACT_SINGLE_PROTEIN|HSAMP_20b60708f05d03c76f9fe702|HUMAN_BIOGPS_GNF1H_GCRMA_77_TISSUE_DDOF1,0.48101672315406374,0.488844654298153,-0.00782793114408925,ANALGESICS,Analgesic context,OPRM1,CerebellumPeduncles
OPRM1|EXACT_SINGLE_PROTEIN|HSAMP_374f872ebf1bbba2be514f9f|HUMAN_BIOGPS_GNF1H_GCRMA_77_TISSUE_DDOF1,-0.9276542412143662,-1.7163464641895527,0.7886922229751865,ANALGESICS,Analgesic context,OPRM1,GlobusPallidus
OPRM1|EXACT_SINGLE_PROTEIN|HSAMP_5c090f15f3e5194312a7e8ed|HUMAN_BIOGPS_GNF1H_GCRMA_77_TISSUE_DDOF1,1.3621070345288713,1.8282275103230259,-0.4661204757941546,ANALGESICS,Analgesic context,OPRM1,MedullaOblongata
OPRM1|EXACT_SINGLE_PROTEIN|HSAMP_752ebc880edc13bb4e2b2de8|HUMAN_BIOGPS_GNF1H_GCRMA_77_TISSUE_DDOF1,0.5692864698202704,0.6623175674893542,-0.0930310976690838,ANALGESICS,Analgesic context,OPRM1,PrefrontalCortex
OPRM1|EXACT_SINGLE_PROTEIN|HSAMP_7725bb8a75064c4d7246d9ba|HUMAN_BIOGPS_GNF1H_GCRMA_77_TISSUE_DDOF1,-0.6314667820514213,-1.1470292323879594,0.5155624503365381,ANALGESICS,Analgesic context,OPRM1,OccipitalLobe
OPRM1|EXACT_SINGLE_PROTEIN|HSAMP_8ed020260a1d25cf72324c8a|HUMAN_BIOGPS_GNF1H_GCRMA_77_TISSUE_DDOF1,0.0028657084236432275,-0.3385159366650781,0.3413816450887214,ANALGESICS,Analgesic context,OPRM1,Hypothalamus
OPRM1|EXACT_SINGLE_PROTEIN|HSAMP_936b77a4b11b5c19027de438|HUMAN_BIOGPS_GNF1H_GCRMA_77_TISSUE_DDOF1,-0.022691925819512807,-0.41651691872165425,0.39382499290214146,ANALGESICS,Analgesic context,OPRM1,Spinalcord
OPRM1|EXACT_SINGLE_PROTEIN|HSAMP_9aa72e4fb1ff63e1792b1ec7|HUMAN_BIOGPS_GNF1H_GCRMA_77_TISSUE_DDOF1,0.05316689399923939,-0.18289444317359474,0.23606133717283412,ANALGESICS,Analgesic context,OPRM1,Cerebellum
OPRM1|EXACT_SINGLE_PROTEIN|HSAMP_a32ce488a48b0df9b8c4c40a|HUMAN_BIOGPS_GNF1H_GCRMA_77_TISSUE_DDOF1,-0.604580083085179,-1.1156915238572722,0.5111114407720933,ANALGESICS,Analgesic context,OPRM1,Caudatenucleus
OPRM1|EXACT_SINGLE_PROTEIN|HSAMP_d99ba5ea584363f8600ade55|HUMAN_BIOGPS_GNF1H_GCRMA_77_TISSUE_DDOF1,-0.13768784990688981,-0.578417616736106,0.4407297668292162,ANALGESICS,Analgesic context,OPRM1,CingulateCortex
OPRM1|EXACT_SINGLE_PROTEIN|HSAMP_e75262fc0acfda69d976a6d3|HUMAN_BIOGPS_GNF1H_GCRMA_77_TISSUE_DDOF1,0.10269010257251229,-0.04150845753710684,0.14419856010961912,ANALGESICS,Analgesic context,OPRM1,ParietalLobe
OPRM1|EXACT_SINGLE_PROTEIN|HSAMP_eb2587e74e2d6457032d4ae7|HUMAN_BIOGPS_GNF1H_GCRMA_77_TISSUE_DDOF1,0.8130366679122062,1.0014661174717772,-0.18842944955957097,ANALGESICS,Analgesic context,OPRM1,TemporalLobe
OPRM1|EXACT_SINGLE_PROTEIN|HSAMP_f43595f3557cf05e6a721aeb|HUMAN_BIOGPS_GNF1H_GCRMA_77_TISSUE_DDOF1,-0.17815121178694848,-0.6273379831410046,0.44918677135405616,ANALGESICS,Analgesic context,OPRM1,Thalamus
OPRM1|EXACT_SINGLE_PROTEIN|HSAMP_ff841df7ecd9f2c8ea2660f5|HUMAN_BIOGPS_GNF1H_GCRMA_77_TISSUE_DDOF1,-0.8624398965518474,-1.5970895487236847,0.7346496521718373,ANALGESICS,Analgesic context,OPRM1,OlfactoryBulb
SLC6A4|EXACT_SINGLE_PROTEIN|HSAMP_06645e2e8409a5b743985cdd|HUMAN_BIOGPS_GNF1H_GCRMA_77_TISSUE_DDOF1,-0.25135445637222936,-0.6862424478761481,0.4348879915039187,ANALGESICS,Analgesic context,SLC6A4,Wholebrain
SLC6A4|EXACT_SINGLE_PROTEIN|HSAMP_0cb8b4d1db8c390eeeecca55|HUMAN_BIOGPS_GNF1H_GCRMA_77_TISSUE_DDOF1,0.07188917544024263,-0.12295677503410603,0.19484595047434866,ANALGESICS,Analgesic context,SLC6A4,Pons
SLC6A4|EXACT_SINGLE_PROTEIN|HSAMP_13a552b6ffc4aac3b85a50ca|HUMAN_BIOGPS_GNF1H_GCRMA_77_TISSUE_DDOF1,0.0271444976889488,-0.2558367797443219,0.2829812774332707,ANALGESICS,Analgesic context,SLC6A4,Amygdala
SLC6A4|EXACT_SINGLE_PROTEIN|HSAMP_192dff4b8df5862a227b1163|HUMAN_BIOGPS_GNF1H_GCRMA_77_TISSUE_DDOF1,-0.1367075388384357,-0.5678718329495078,0.43116429411107215,ANALGESICS,Analgesic context,SLC6A4,SubthalamicNucleus
SLC6A4|EXACT_SINGLE_PROTEIN|HSAMP_20b60708f05d03c76f9fe702|HUMAN_BIOGPS_GNF1H_GCRMA_77_TISSUE_DDOF1,0.1102442582911983,-0.0072851686554107975,0.1175294269466091,ANALGESICS,Analgesic context,SLC6A4,CerebellumPeduncles
SLC6A4|EXACT_SINGLE_PROTEIN|HSAMP_374f872ebf1bbba2be514f9f|HUMAN_BIOGPS_GNF1H_GCRMA_77_TISSUE_DDOF1,-0.4371859824980134,-0.8893821823420391,0.45219619984402576,ANALGESICS,Analgesic context,SLC6A4,GlobusPallidus
SLC6A4|EXACT_SINGLE_PROTEIN|HSAMP_5c090f15f3e5194312a7e8ed|HUMAN_BIOGPS_GNF1H_GCRMA_77_TISSUE_DDOF1,-0.054655890656651725,-0.4605465498771497,0.405890659220498,ANALGESICS,Analgesic context,SLC6A4,MedullaOblongata
SLC6A4|EXACT_SINGLE_PROTEIN|HSAMP_752ebc880edc13bb4e2b2de8|HUMAN_BIOGPS_GNF1H_GCRMA_77_TISSUE_DDOF1,0.2907949004382928,0.19788641051484754,0.09290848992344528,ANALGESICS,Analgesic context,SLC6A4,PrefrontalCortex
SLC6A4|EXACT_SINGLE_PROTEIN|HSAMP_7725bb8a75064c4d7246d9ba|HUMAN_BIOGPS_GNF1H_GCRMA_77_TISSUE_DDOF1,-0.17884169477383446,-0.6218228915142869,0.44298119674045244,ANALGESICS,Analgesic context,SLC6A4,OccipitalLobe
SLC6A4|EXACT_SINGLE_PROTEIN|HSAMP_8ed020260a1d25cf72324c8a|HUMAN_BIOGPS_GNF1H_GCRMA_77_TISSUE_DDOF1,0.0271444976889488,-0.2558367797443219,0.2829812774332707,ANALGESICS,Analgesic context,SLC6A4,Hypothalamus
SLC6A4|EXACT_SINGLE_PROTEIN|HSAMP_936b77a4b11b5c19027de438|HUMAN_BIOGPS_GNF1H_GCRMA_77_TISSUE_DDOF1,0.05055470938774039,-0.18844504838099738,0.23899975776873777,ANALGESICS,Analgesic context,SLC6A4,Spinalcord
SLC6A4|EXACT_SINGLE_PROTEIN|HSAMP_9aa72e4fb1ff63e1792b1ec7|HUMAN_BIOGPS_GNF1H_GCRMA_77_TISSUE_DDOF1,0.9355939929881446,1.1969371327248586,-0.26134313973671397,ANALGESICS,Analgesic context,SLC6A4,Cerebellum
SLC6A4|EXACT_SINGLE_PROTEIN|HSAMP_a32ce488a48b0df9b8c4c40a|HUMAN_BIOGPS_GNF1H_GCRMA_77_TISSUE_DDOF1,0.09786726621788498,-0.03408815185787961,0.1319554180757646,ANALGESICS,Analgesic context,SLC6A4,Caudatenucleus
SLC6A4|EXACT_SINGLE_PROTEIN|HSAMP_d99ba5ea584363f8600ade55|HUMAN_BIOGPS_GNF1H_GCRMA_77_TISSUE_DDOF1,-0.0003896569041729336,-0.3425725357194122,0.3421828788152393,ANALGESICS,Analgesic context,SLC6A4,CingulateCortex
SLC6A4|EXACT_SINGLE_PROTEIN|HSAMP_e75262fc0acfda69d976a6d3|HUMAN_BIOGPS_GNF1H_GCRMA_77_TISSUE_DDOF1,0.09786726621788498,-0.03408815185787961,0.1319554180757646,ANALGESICS,Analgesic context,SLC6A4,ParietalLobe
SLC6A4|EXACT_SINGLE_PROTEIN|HSAMP_eb2587e74e2d6457032d4ae7|HUMAN_BIOGPS_GNF1H_GCRMA_77_TISSUE_DDOF1,-0.17884169477383446,-0.6218228915142869,0.44298119674045244,ANALGESICS,Analgesic context,SLC6A4,TemporalLobe
SLC6A4|EXACT_SINGLE_PROTEIN|HSAMP_f43595f3557cf05e6a721aeb|HUMAN_BIOGPS_GNF1H_GCRMA_77_TISSUE_DDOF1,-0.011083252746525038,-0.3803998751488848,0.36931662240235974,ANALGESICS,Analgesic context,SLC6A4,Thalamus
SLC6A4|EXACT_SINGLE_PROTEIN|HSAMP_ff841df7ecd9f2c8ea2660f5|HUMAN_BIOGPS_GNF1H_GCRMA_77_TISSUE_DDOF1,-0.36220970206270436,-0.8028199722460936,0.4406102701833892,ANALGESICS,Analgesic context,SLC6A4,OlfactoryBulb
ADRA1A|EXACT_SINGLE_PROTEIN|HSAMP_06645e2e8409a5b743985cdd|HUMAN_BIOGPS_GNF1H_GCRMA_77_TISSUE_DDOF1,-1.5437279671639712,-1.8998727345451205,0.3561447673811493,ANESTHETIC_SEDATIVE,Anesthetic and sedative context,ADRA1A,Wholebrain
ADRA1A|EXACT_SINGLE_PROTEIN|HSAMP_0cb8b4d1db8c390eeeecca55|HUMAN_BIOGPS_GNF1H_GCRMA_77_TISSUE_DDOF1,1.4195828780719864,1.547825722641568,-0.12824284456958157,ANESTHETIC_SEDATIVE,Anesthetic and sedative context,ADRA1A,Pons
ADRA1A|EXACT_SINGLE_PROTEIN|HSAMP_13a552b6ffc4aac3b85a50ca|HUMAN_BIOGPS_GNF1H_GCRMA_77_TISSUE_DDOF1,0.01727729262442284,-0.04260879989737522,0.05988609252179806,ANESTHETIC_SEDATIVE,Anesthetic and sedative context,ADRA1A,Amygdala
ADRA1A|EXACT_SINGLE_PROTEIN|HSAMP_192dff4b8df5862a227b1163|HUMAN_BIOGPS_GNF1H_GCRMA_77_TISSUE_DDOF1,-0.17327345734461072,-0.2973965169579838,0.12412305961337308,ANESTHETIC_SEDATIVE,Anesthetic and sedative context,ADRA1A,SubthalamicNucleus
ADRA1A|EXACT_SINGLE_PROTEIN|HSAMP_20b60708f05d03c76f9fe702|HUMAN_BIOGPS_GNF1H_GCRMA_77_TISSUE_DDOF1,1.2202698721222003,1.3716981700144686,-0.1514282978922683,ANESTHETIC_SEDATIVE,Anesthetic and sedative context,ADRA1A,CerebellumPeduncles
ADRA1A|EXACT_SINGLE_PROTEIN|HSAMP_374f872ebf1bbba2be514f9f|HUMAN_BIOGPS_GNF1H_GCRMA_77_TISSUE_DDOF1,-1.0125913122842531,-1.222385341889006,0.2097940296047529,ANESTHETIC_SEDATIVE,Anesthetic and sedative context,ADRA1A,GlobusPallidus
ADRA1A|EXACT_SINGLE_PROTEIN|HSAMP_5c090f15f3e5194312a7e8ed|HUMAN_BIOGPS_GNF1H_GCRMA_77_TISSUE_DDOF1,-0.7142836231329676,-0.8695892717796849,0.15530564864671736,ANESTHETIC_SEDATIVE,Anesthetic and sedative context,ADRA1A,MedullaOblongata
ADRA1A|EXACT_SINGLE_PROTEIN|HSAMP_752ebc880edc13bb4e2b2de8|HUMAN_BIOGPS_GNF1H_GCRMA_77_TISSUE_DDOF1,1.0330401383418797,1.136342836779412,-0.10330269843753226,ANESTHETIC_SEDATIVE,Anesthetic and sedative context,ADRA1A,PrefrontalCortex
ADRA1A|EXACT_SINGLE_PROTEIN|HSAMP_7725bb8a75064c4d7246d9ba|HUMAN_BIOGPS_GNF1H_GCRMA_77_TISSUE_DDOF1,-0.7735111971300326,-0.9483459946287799,0.1748347974987473,ANESTHETIC_SEDATIVE,Anesthetic and sedative context,ADRA1A,OccipitalLobe
ADRA1A|EXACT_SINGLE_PROTEIN|HSAMP_8ed020260a1d25cf72324c8a|HUMAN_BIOGPS_GNF1H_GCRMA_77_TISSUE_DDOF1,0.48383712564449033,0.486339365578495,-0.0025022399340046686,ANESTHETIC_SEDATIVE,Anesthetic and sedative context,ADRA1A,Hypothalamus
ADRA1A|EXACT_SINGLE_PROTEIN|HSAMP_936b77a4b11b5c19027de438|HUMAN_BIOGPS_GNF1H_GCRMA_77_TISSUE_DDOF1,0.6803833642951119,0.7164092490468055,-0.03602588475169355,ANESTHETIC_SEDATIVE,Anesthetic and sedative context,ADRA1A,Spinalcord
ADRA1A|EXACT_SINGLE_PROTEIN|HSAMP_9aa72e4fb1ff63e1792b1ec7|HUMAN_BIOGPS_GNF1H_GCRMA_77_TISSUE_DDOF1,-1.176829333645712,-1.4489378682277003,0.27210853458198825,ANESTHETIC_SEDATIVE,Anesthetic and sedative context,ADRA1A,Cerebellum
ADRA1A|EXACT_SINGLE_PROTEIN|HSAMP_a32ce488a48b0df9b8c4c40a|HUMAN_BIOGPS_GNF1H_GCRMA_77_TISSUE_DDOF1,-0.7735111971300326,-0.9483459946287799,0.1748347974987473,ANESTHETIC_SEDATIVE,Anesthetic and sedative context,ADRA1A,Caudatenucleus
ADRA1A|EXACT_SINGLE_PROTEIN|HSAMP_d99ba5ea584363f8600ade55|HUMAN_BIOGPS_GNF1H_GCRMA_77_TISSUE_DDOF1,0.5697969462378093,0.5930267742283376,-0.023229827990528307,ANESTHETIC_SEDATIVE,Anesthetic and sedative context,ADRA1A,CingulateCortex
ADRA1A|EXACT_SINGLE_PROTEIN|HSAMP_e75262fc0acfda69d976a6d3|HUMAN_BIOGPS_GNF1H_GCRMA_77_TISSUE_DDOF1,0.7908831192896955,0.8387469040845627,-0.04786378479486719,ANESTHETIC_SEDATIVE,Anesthetic and sedative context,ADRA1A,ParietalLobe
ADRA1A|EXACT_SINGLE_PROTEIN|HSAMP_eb2587e74e2d6457032d4ae7|HUMAN_BIOGPS_GNF1H_GCRMA_77_TISSUE_DDOF1,-0.47438680247321735,-0.6008760964925036,0.12648929401928627,ANESTHETIC_SEDATIVE,Anesthetic and sedative context,ADRA1A,TemporalLobe
ADRA1A|EXACT_SINGLE_PROTEIN|HSAMP_f43595f3557cf05e6a721aeb|HUMAN_BIOGPS_GNF1H_GCRMA_77_TISSUE_DDOF1,0.2937959716720335,0.2599653999136636,0.0338305717583699,ANESTHETIC_SEDATIVE,Anesthetic and sedative context,ADRA1A,Thalamus
ADRA1A|EXACT_SINGLE_PROTEIN|HSAMP_ff841df7ecd9f2c8ea2660f5|HUMAN_BIOGPS_GNF1H_GCRMA_77_TISSUE_DDOF1,-1.3916941247707881,-1.7184803344073487,0.3267862096365606,ANESTHETIC_SEDATIVE,Anesthetic and sedative context,ADRA1A,OlfactoryBulb
ADRA2A|EXACT_SINGLE_PROTEIN|HSAMP_06645e2e8409a5b743985cdd|HUMAN_BIOGPS_GNF1H_GCRMA_77_TISSUE_DDOF1,1.3256712318464634,1.713858454517808,-0.38818722267134453,ANESTHETIC_SEDATIVE,Anesthetic and sedative context,ADRA2A,Wholebrain
ADRA2A|EXACT_SINGLE_PROTEIN|HSAMP_0cb8b4d1db8c390eeeecca55|HUMAN_BIOGPS_GNF1H_GCRMA_77_TISSUE_DDOF1,-0.5044395774634475,-0.8751345105067174,0.37069493304326995,ANESTHETIC_SEDATIVE,Anesthetic and sedative context,ADRA2A,Pons
ADRA2A|EXACT_SINGLE_PROTEIN|HSAMP_13a552b6ffc4aac3b85a50ca|HUMAN_BIOGPS_GNF1H_GCRMA_77_TISSUE_DDOF1,0.5741290899637739,0.6552774681089476,-0.08114837814517373,ANESTHETIC_SEDATIVE,Anesthetic and sedative context,ADRA2A,Amygdala
ADRA2A|EXACT_SINGLE_PROTEIN|HSAMP_192dff4b8df5862a227b1163|HUMAN_BIOGPS_GNF1H_GCRMA_77_TISSUE_DDOF1,-0.6732064603943135,-1.1110194624516465,0.437813002057333,ANESTHETIC_SEDATIVE,Anesthetic and sedative context,ADRA2A,SubthalamicNucleus
ADRA2A|EXACT_SINGLE_PROTEIN|HSAMP_20b60708f05d03c76f9fe702|HUMAN_BIOGPS_GNF1H_GCRMA_77_TISSUE_DDOF1,0.5992580300558955,0.6877058659686263,-0.08844783591273075,ANESTHETIC_SEDATIVE,Anesthetic and sedative context,ADRA2A,CerebellumPeduncles
ADRA2A|EXACT_SINGLE_PROTEIN|HSAMP_374f872ebf1bbba2be514f9f|HUMAN_BIOGPS_GNF1H_GCRMA_77_TISSUE_DDOF1,-1.129932837769179,-1.9648920343306882,0.8349591965615091,ANESTHETIC_SEDATIVE,Anesthetic and sedative context,ADRA2A,GlobusPallidus
ADRA2A|EXACT_SINGLE_PROTEIN|HSAMP_5c090f15f3e5194312a7e8ed|HUMAN_BIOGPS_GNF1H_GCRMA_77_TISSUE_DDOF1,-0.7142836231329676,-1.163662630771972,0.4493790076390044,ANESTHETIC_SEDATIVE,Anesthetic and sedative context,ADRA2A,MedullaOblongata
ADRA2A|EXACT_SINGLE_PROTEIN|HSAMP_752ebc880edc13bb4e2b2de8|HUMAN_BIOGPS_GNF1H_GCRMA_77_TISSUE_DDOF1,0.6639939006317417,0.7605337728218675,-0.09653987219012583,ANESTHETIC_SEDATIVE,Anesthetic and sedative context,ADRA2A,PrefrontalCortex
ADRA2A|EXACT_SINGLE_PROTEIN|HSAMP_7725bb8a75064c4d7246d9ba|HUMAN_BIOGPS_GNF1H_GCRMA_77_TISSUE_DDOF1,-0.6732064603943135,-1.1110194624516465,0.437813002057333,ANESTHETIC_SEDATIVE,Anesthetic and sedative context,ADRA2A,OccipitalLobe
ADRA2A|EXACT_SINGLE_PROTEIN|HSAMP_8ed020260a1d25cf72324c8a|HUMAN_BIOGPS_GNF1H_GCRMA_77_TISSUE_DDOF1,0.22956957141467732,0.15520948353625103,0.0743600878784263,ANESTHETIC_SEDATIVE,Anesthetic and sedative context,ADRA2A,Hypothalamus
ADRA2A|EXACT_SINGLE_PROTEIN|HSAMP_936b77a4b11b5c19027de438|HUMAN_BIOGPS_GNF1H_GCRMA_77_TISSUE_DDOF1,-0.047357446085577085,-0.36174626546103655,0.3143888193754595,ANESTHETIC_SEDATIVE,Anesthetic and sedative context,ADRA2A,Spinalcord
ADRA2A|EXACT_SINGLE_PROTEIN|HSAMP_9aa72e4fb1ff63e1792b1ec7|HUMAN_BIOGPS_GNF1H_GCRMA_77_TISSUE_DDOF1,-0.8108793577649526,-1.3279482642345,0.5170689064695474,ANESTHETIC_SEDATIVE,Anesthetic and sedative context,ADRA2A,Cerebellum
ADRA2A|EXACT_SINGLE_PROTEIN|HSAMP_a32ce488a48b0df9b8c4c40a|HUMAN_BIOGPS_GNF1H_GCRMA_77_TISSUE_DDOF1,-0.733236447782707,-1.1925635191135397,0.4593270713308327,ANESTHETIC_SEDATIVE,Anesthetic and sedative context,ADRA2A,Caudatenucleus
ADRA2A|EXACT_SINGLE_PROTEIN|HSAMP_d99ba5ea584363f8600ade55|HUMAN_BIOGPS_GNF1H_GCRMA_77_TISSUE_DDOF1,-0.2634322811930612,-0.637627872634693,0.3741955914416318,ANESTHETIC_SEDATIVE,Anesthetic and sedative context,ADRA2A,CingulateCortex
ADRA2A|EXACT_SINGLE_PROTEIN|HSAMP_e75262fc0acfda69d976a6d3|HUMAN_BIOGPS_GNF1H_GCRMA_77_TISSUE_DDOF1,0.055922154422395114,-0.10796127422105271,0.16388342864344782,ANESTHETIC_SEDATIVE,Anesthetic and sedative context,ADRA2A,ParietalLobe
ADRA2A|EXACT_SINGLE_PROTEIN|HSAMP_eb2587e74e2d6457032d4ae7|HUMAN_BIOGPS_GNF1H_GCRMA_77_TISSUE_DDOF1,-0.5955305040679503,-0.9943195104492578,0.39878900638130754,ANESTHETIC_SEDATIVE,Anesthetic and sedative context,ADRA2A,TemporalLobe
ADRA2A|EXACT_SINGLE_PROTEIN|HSAMP_f43595f3557cf05e6a721aeb|HUMAN_BIOGPS_GNF1H_GCRMA_77_TISSUE_DDOF1,-0.2634322811930612,-0.637627872634693,0.3741955914416318,ANESTHETIC_SEDATIVE,Anesthetic and sedative context,ADRA2A,Thalamus
ADRA2A|EXACT_SINGLE_PROTEIN|HSAMP_ff841df7ecd9f2c8ea2660f5|HUMAN_BIOGPS_GNF1H_GCRMA_77_TISSUE_DDOF1,-1.0157075272297438,-1.7688810572696203,0.7531735300398765,ANESTHETIC_SEDATIVE,Anesthetic and sedative context,ADRA2A,OlfactoryBulb
ADRA2B|EXACT_SINGLE_PROTEIN|HSAMP_06645e2e8409a5b743985cdd|HUMAN_BIOGPS_GNF1H_GCRMA_77_TISSUE_DDOF1,-1.081013102938054,-1.7124224881437373,0.6314093852056832,ANESTHETIC_SEDATIVE,Anesthetic and sedative context,ADRA2B,Wholebrain
ADRA2B|EXACT_SINGLE_PROTEIN|HSAMP_0cb8b4d1db8c390eeeecca55|HUMAN_BIOGPS_GNF1H_GCRMA_77_TISSUE_DDOF1,-0.19085554650662634,-0.5118950335988929,0.32103948709226654,ANESTHETIC_SEDATIVE,Anesthetic and sedative context,ADRA2B,Pons
ADRA2B|EXACT_SINGLE_PROTEIN|HSAMP_13a552b6ffc4aac3b85a50ca|HUMAN_BIOGPS_GNF1H_GCRMA_77_TISSUE_DDOF1,0.8015037237186955,0.9107778489380779,-0.1092741252193824,ANESTHETIC_SEDATIVE,Anesthetic and sedative context,ADRA2B,Amygdala
ADRA2B|EXACT_SINGLE_PROTEIN|HSAMP_192dff4b8df5862a227b1163|HUMAN_BIOGPS_GNF1H_GCRMA_77_TISSUE_DDOF1,-0.5960540842206639,-0.9332813681211055,0.33722728390044165,ANESTHETIC_SEDATIVE,Anesthetic and sedative context,ADRA2B,SubthalamicNucleus
ADRA2B|EXACT_SINGLE_PROTEIN|HSAMP_20b60708f05d03c76f9fe702|HUMAN_BIOGPS_GNF1H_GCRMA_77_TISSUE_DDOF1,1.0999181395371558,1.39788842878265,-0.2979702892454943,ANESTHETIC_SEDATIVE,Anesthetic and sedative context,ADRA2B,CerebellumPeduncles
ADRA2B|EXACT_SINGLE_PROTEIN|HSAMP_374f872ebf1bbba2be514f9f|HUMAN_BIOGPS_GNF1H_GCRMA_77_TISSUE_DDOF1,-1.7950706659821885,-2.840216939333078,1.0451462733508894,ANESTHETIC_SEDATIVE,Anesthetic and sedative context,ADRA2B,GlobusPallidus
ADRA2B|EXACT_SINGLE_PROTEIN|HSAMP_5c090f15f3e5194312a7e8ed|HUMAN_BIOGPS_GNF1H_GCRMA_77_TISSUE_DDOF1,-0.5960540842206639,-0.9332813681211055,0.33722728390044165,ANESTHETIC_SEDATIVE,Anesthetic and sedative context,ADRA2B,MedullaOblongata
ADRA2B|EXACT_SINGLE_PROTEIN|HSAMP_752ebc880edc13bb4e2b2de8|HUMAN_BIOGPS_GNF1H_GCRMA_77_TISSUE_DDOF1,1.4747756920705977,1.787572887638575,-0.31279719556797736,ANESTHETIC_SEDATIVE,Anesthetic and sedative context,ADRA2B,PrefrontalCortex
ADRA2B|EXACT_SINGLE_PROTEIN|HSAMP_7725bb8a75064c4d7246d9ba|HUMAN_BIOGPS_GNF1H_GCRMA_77_TISSUE_DDOF1,-0.6793234109591311,-1.043968279806031,0.36464486884689995,ANESTHETIC_SEDATIVE,Anesthetic and sedative context,ADRA2B,OccipitalLobe
ADRA2B|EXACT_SINGLE_PROTEIN|HSAMP_8ed020260a1d25cf72324c8a|HUMAN_BIOGPS_GNF1H_GCRMA_77_TISSUE_DDOF1,0.9398984229482849,1.1137309229894492,-0.17383250004116435,ANESTHETIC_SEDATIVE,Anesthetic and sedative context,ADRA2B,Hypothalamus
ADRA2B|EXACT_SINGLE_PROTEIN|HSAMP_936b77a4b11b5c19027de438|HUMAN_BIOGPS_GNF1H_GCRMA_77_TISSUE_DDOF1,0.8943310695375521,1.0411701634550639,-0.1468390939175117,ANESTHETIC_SEDATIVE,Anesthetic and sedative context,ADRA2B,Spinalcord
ADRA2B|EXACT_SINGLE_PROTEIN|HSAMP_9aa72e4fb1ff63e1792b1ec7|HUMAN_BIOGPS_GNF1H_GCRMA_77_TISSUE_DDOF1,-1.3071910274498197,-2.1193389708076804,0.8121479433578607,ANESTHETIC_SEDATIVE,Anesthetic and sedative context,ADRA2B,Cerebellum
ADRA2B|EXACT_SINGLE_PROTEIN|HSAMP_a32ce488a48b0df9b8c4c40a|HUMAN_BIOGPS_GNF1H_GCRMA_77_TISSUE_DDOF1,-0.6793234109591311,-1.043968279806031,0.36464486884689995,ANESTHETIC_SEDATIVE,Anesthetic and sedative context,ADRA2B,Caudatenucleus
ADRA2B|EXACT_SINGLE_PROTEIN|HSAMP_d99ba5ea584363f8600ade55|HUMAN_BIOGPS_GNF1H_GCRMA_77_TISSUE_DDOF1,0.6885996288359957,0.7729022758314513,-0.08430264699545564,ANESTHETIC_SEDATIVE,Anesthetic and sedative context,ADRA2B,CingulateCortex
ADRA2B|EXACT_SINGLE_PROTEIN|HSAMP_e75262fc0acfda69d976a6d3|HUMAN_BIOGPS_GNF1H_GCRMA_77_TISSUE_DDOF1,0.8015037237186955,0.9107778489380779,-0.1092741252193824,ANESTHETIC_SEDATIVE,Anesthetic and sedative context,ADRA2B,ParietalLobe
ADRA2B|EXACT_SINGLE_PROTEIN|HSAMP_eb2587e74e2d6457032d4ae7|HUMAN_BIOGPS_GNF1H_GCRMA_77_TISSUE_DDOF1,-0.5960540842206639,-0.9332813681211055,0.33722728390044165,ANESTHETIC_SEDATIVE,Anesthetic and sedative context,ADRA2B,TemporalLobe
ADRA2B|EXACT_SINGLE_PROTEIN|HSAMP_f43595f3557cf05e6a721aeb|HUMAN_BIOGPS_GNF1H_GCRMA_77_TISSUE_DDOF1,0.5957988184928056,0.6700510904252723,-0.07425227193246675,ANESTHETIC_SEDATIVE,Anesthetic and sedative context,ADRA2B,Thalamus
ADRA2B|EXACT_SINGLE_PROTEIN|HSAMP_ff841df7ecd9f2c8ea2660f5|HUMAN_BIOGPS_GNF1H_GCRMA_77_TISSUE_DDOF1,-1.4188882087327248,-2.24914866814597,0.8302604594132452,ANESTHETIC_SEDATIVE,Anesthetic and sedative context,ADRA2B,OlfactoryBulb
ADRA2C|EXACT_SINGLE_PROTEIN|HSAMP_06645e2e8409a5b743985cdd|HUMAN_BIOGPS_GNF1H_GCRMA_77_TISSUE_DDOF1,-1.0157075272297438,-1.5402945760315223,0.5245870488017785,ANESTHETIC_SEDATIVE,Anesthetic and sedative context,ADRA2C,Wholebrain
ADRA2C|EXACT_SINGLE_PROTEIN|HSAMP_0cb8b4d1db8c390eeeecca55|HUMAN_BIOGPS_GNF1H_GCRMA_77_TISSUE_DDOF1,1.1871452865866186,1.4825530940468987,-0.29540780746028017,ANESTHETIC_SEDATIVE,Anesthetic and sedative context,ADRA2C,Pons
ADRA2C|EXACT_SINGLE_PROTEIN|HSAMP_13a552b6ffc4aac3b85a50ca|HUMAN_BIOGPS_GNF1H_GCRMA_77_TISSUE_DDOF1,0.422807042795757,0.39636277702580924,0.02644426576994774,ANESTHETIC_SEDATIVE,Anesthetic and sedative context,ADRA2C,Amygdala
ADRA2C|EXACT_SINGLE_PROTEIN|HSAMP_192dff4b8df5862a227b1163|HUMAN_BIOGPS_GNF1H_GCRMA_77_TISSUE_DDOF1,-0.5848132215317517,-0.8710331336835785,0.28621991215182674,ANESTHETIC_SEDATIVE,Anesthetic and sedative context,ADRA2C,SubthalamicNucleus
ADRA2C|EXACT_SINGLE_PROTEIN|HSAMP_20b60708f05d03c76f9fe702|HUMAN_BIOGPS_GNF1H_GCRMA_77_TISSUE_DDOF1,1.2527025925413384,1.549265368006696,-0.2965627754653575,ANESTHETIC_SEDATIVE,Anesthetic and sedative context,ADRA2C,CerebellumPeduncles
ADRA2C|EXACT_SINGLE_PROTEIN|HSAMP_374f872ebf1bbba2be514f9f|HUMAN_BIOGPS_GNF1H_GCRMA_77_TISSUE_DDOF1,0.8881172637591862,1.0096372516791052,-0.12151998791991903,ANESTHETIC_SEDATIVE,Anesthetic and sedative context,ADRA2C,GlobusPallidus
ADRA2C|EXACT_SINGLE_PROTEIN|HSAMP_5c090f15f3e5194312a7e8ed|HUMAN_BIOGPS_GNF1H_GCRMA_77_TISSUE_DDOF1,-0.5483840564311945,-0.8213361746617617,0.2729521182305672,ANESTHETIC_SEDATIVE,Anesthetic and sedative context,ADRA2C,MedullaOblongata
ADRA2C|EXACT_SINGLE_PROTEIN|HSAMP_752ebc880edc13bb4e2b2de8|HUMAN_BIOGPS_GNF1H_GCRMA_77_TISSUE_DDOF1,0.8685906746985917,0.9822794013830211,-0.11368872668442931,ANESTHETIC_SEDATIVE,Anesthetic and sedative context,ADRA2C,PrefrontalCortex
ADRA2C|EXACT_SINGLE_PROTEIN|HSAMP_7725bb8a75064c4d7246d9ba|HUMAN_BIOGPS_GNF1H_GCRMA_77_TISSUE_DDOF1,-0.4668564817714058,-0.7247882860961388,0.25793180432473295,ANESTHETIC_SEDATIVE,Anesthetic and sedative context,ADRA2C,OccipitalLobe
ADRA2C|EXACT_SINGLE_PROTEIN|HSAMP_8ed020260a1d25cf72324c8a|HUMAN_BIOGPS_GNF1H_GCRMA_77_TISSUE_DDOF1,-0.29018208286083713,-0.574375968820591,0.2841938859597539,ANESTHETIC_SEDATIVE,Anesthetic and sedative context,ADRA2C,Hypothalamus
ADRA2C|EXACT_SINGLE_PROTEIN|HSAMP_936b77a4b11b5c19027de438|HUMAN_BIOGPS_GNF1H_GCRMA_77_TISSUE_DDOF1,0.07252381466825766,-0.012604720419105164,0.08512853508736283,ANESTHETIC_SEDATIVE,Anesthetic and sedative context,ADRA2C,Spinalcord
ADRA2C|EXACT_SINGLE_PROTEIN|HSAMP_9aa72e4fb1ff63e1792b1ec7|HUMAN_BIOGPS_GNF1H_GCRMA_77_TISSUE_DDOF1,-0.974213409077616,-1.4064376378694194,0.43222422879180344,ANESTHETIC_SEDATIVE,Anesthetic and sedative context,ADRA2C,Cerebellum
ADRA2C|EXACT_SINGLE_PROTEIN|HSAMP_a32ce488a48b0df9b8c4c40a|HUMAN_BIOGPS_GNF1H_GCRMA_77_TISSUE_DDOF1,1.2402225586858004,1.5277702464541927,-0.28754768776839223,ANESTHETIC_SEDATIVE,Anesthetic and sedative context,ADRA2C,Caudatenucleus
ADRA2C|EXACT_SINGLE_PROTEIN|HSAMP_d99ba5ea584363f8600ade55|HUMAN_BIOGPS_GNF1H_GCRMA_77_TISSUE_DDOF1,0.933270355461989,1.0773350205113197,-0.1440646650493307,ANESTHETIC_SEDATIVE,Anesthetic and sedative context,ADRA2C,CingulateCortex
ADRA2C|EXACT_SINGLE_PROTEIN|HSAMP_e75262fc0acfda69d976a6d3|HUMAN_BIOGPS_GNF1H_GCRMA_77_TISSUE_DDOF1,0.18156492528368454,0.1446673169076728,0.03689760837601175,ANESTHETIC_SEDATIVE,Anesthetic and sedative context,ADRA2C,ParietalLobe
ADRA2C|EXACT_SINGLE_PROTEIN|HSAMP_eb2587e74e2d6457032d4ae7|HUMAN_BIOGPS_GNF1H_GCRMA_77_TISSUE_DDOF1,-0.0750434307571286,-0.32258162373658017,0.24753819297945157,ANESTHETIC_SEDATIVE,Anesthetic and sedative context,ADRA2C,TemporalLobe
ADRA2C|EXACT_SINGLE_PROTEIN|HSAMP_f43595f3557cf05e6a721aeb|HUMAN_BIOGPS_GNF1H_GCRMA_77_TISSUE_DDOF1,0.8099409524234332,0.9208330252657659,-0.11089207284233271,ANESTHETIC_SEDATIVE,Anesthetic and sedative context,ADRA2C,Thalamus
ADRA2C|EXACT_SINGLE_PROTEIN|HSAMP_ff841df7ecd9f2c8ea2660f5|HUMAN_BIOGPS_GNF1H_GCRMA_77_TISSUE_DDOF1,-1.051608640108919,-1.5698491220221296,0.5182404819132105,ANESTHETIC_SEDATIVE,Anesthetic and sedative context,ADRA2C,OlfactoryBulb
HTR2B|EXACT_SINGLE_PROTEIN|HSAMP_06645e2e8409a5b743985cdd|HUMAN_BIOGPS_GNF1H_GCRMA_77_TISSUE_DDOF1,-1.0334111776743673,-1.1186322958081818,0.0852211181338145,ANESTHETIC_SEDATIVE,Anesthetic and sedative context,HTR2B,Wholebrain
HTR2B|EXACT_SINGLE_PROTEIN|HSAMP_0cb8b4d1db8c390eeeecca55|HUMAN_BIOGPS_GNF1H_GCRMA_77_TISSUE_DDOF1,-0.3101525274680148,-0.3847160970554459,0.0745635695874311,ANESTHETIC_SEDATIVE,Anesthetic and sedative context,HTR2B,Pons
HTR2B|EXACT_SINGLE_PROTEIN|HSAMP_13a552b6ffc4aac3b85a50ca|HUMAN_BIOGPS_GNF1H_GCRMA_77_TISSUE_DDOF1,0.18107465613939241,0.17055586652181023,0.01051878961758218,ANESTHETIC_SEDATIVE,Anesthetic and sedative context,HTR2B,Amygdala
HTR2B|EXACT_SINGLE_PROTEIN|HSAMP_192dff4b8df5862a227b1163|HUMAN_BIOGPS_GNF1H_GCRMA_77_TISSUE_DDOF1,-0.5404392638990756,-0.5941699588615795,0.05373069496250393,ANESTHETIC_SEDATIVE,Anesthetic and sedative context,HTR2B,SubthalamicNucleus
HTR2B|EXACT_SINGLE_PROTEIN|HSAMP_20b60708f05d03c76f9fe702|HUMAN_BIOGPS_GNF1H_GCRMA_77_TISSUE_DDOF1,0.8946254119794056,0.9188451535715569,-0.024219741592151345,ANESTHETIC_SEDATIVE,Anesthetic and sedative context,HTR2B,CerebellumPeduncles
HTR2B|EXACT_SINGLE_PROTEIN|HSAMP_374f872ebf1bbba2be514f9f|HUMAN_BIOGPS_GNF1H_GCRMA_77_TISSUE_DDOF1,-1.3347395406665359,-1.4616518622812298,0.1269123216146939,ANESTHETIC_SEDATIVE,Anesthetic and sedative context,HTR2B,GlobusPallidus
HTR2B|EXACT_SINGLE_PROTEIN|HSAMP_5c090f15f3e5194312a7e8ed|HUMAN_BIOGPS_GNF1H_GCRMA_77_TISSUE_DDOF1,-0.6387511578710472,-0.6934704841662543,0.05471932629520715,ANESTHETIC_SEDATIVE,Anesthetic and sedative context,HTR2B,MedullaOblongata
HTR2B|EXACT_SINGLE_PROTEIN|HSAMP_752ebc880edc13bb4e2b2de8|HUMAN_BIOGPS_GNF1H_GCRMA_77_TISSUE_DDOF1,1.0464163659167245,1.0925222596917523,-0.04610589377502783,ANESTHETIC_SEDATIVE,Anesthetic and sedative context,HTR2B,PrefrontalCortex
HTR2B|EXACT_SINGLE_PROTEIN|HSAMP_7725bb8a75064c4d7246d9ba|HUMAN_BIOGPS_GNF1H_GCRMA_77_TISSUE_DDOF1,-0.7317658218873848,-0.7955792709252724,0.06381344903788755,ANESTHETIC_SEDATIVE,Anesthetic and sedative context,HTR2B,OccipitalLobe
HTR2B|EXACT_SINGLE_PROTEIN|HSAMP_8ed020260a1d25cf72324c8a|HUMAN_BIOGPS_GNF1H_GCRMA_77_TISSUE_DDOF1,0.616731591469423,0.6322128484764594,-0.015481257007036398,ANESTHETIC_SEDATIVE,Anesthetic and sedative context,HTR2B,Hypothalamus
HTR2B|EXACT_SINGLE_PROTEIN|HSAMP_936b77a4b11b5c19027de438|HUMAN_BIOGPS_GNF1H_GCRMA_77_TISSUE_DDOF1,0.616731591469423,0.6322128484764594,-0.015481257007036398,ANESTHETIC_SEDATIVE,Anesthetic and sedative context,HTR2B,Spinalcord
HTR2B|EXACT_SINGLE_PROTEIN|HSAMP_9aa72e4fb1ff63e1792b1ec7|HUMAN_BIOGPS_GNF1H_GCRMA_77_TISSUE_DDOF1,-1.0334111776743673,-1.1186322958081818,0.0852211181338145,ANESTHETIC_SEDATIVE,Anesthetic and sedative context,HTR2B,Cerebellum
HTR2B|EXACT_SINGLE_PROTEIN|HSAMP_a32ce488a48b0df9b8c4c40a|HUMAN_BIOGPS_GNF1H_GCRMA_77_TISSUE_DDOF1,-0.6794752792208592,-0.751250954579868,0.07177567535900886,ANESTHETIC_SEDATIVE,Anesthetic and sedative context,HTR2B,Caudatenucleus
HTR2B|EXACT_SINGLE_PROTEIN|HSAMP_d99ba5ea584363f8600ade55|HUMAN_BIOGPS_GNF1H_GCRMA_77_TISSUE_DDOF1,0.4245875814465141,0.42112665296267365,0.003460928483840442,ANESTHETIC_SEDATIVE,Anesthetic and sedative context,HTR2B,CingulateCortex
HTR2B|EXACT_SINGLE_PROTEIN|HSAMP_e75262fc0acfda69d976a6d3|HUMAN_BIOGPS_GNF1H_GCRMA_77_TISSUE_DDOF1,0.7144229674830372,0.7259546957150427,-0.011531728232005434,ANESTHETIC_SEDATIVE,Anesthetic and sedative context,HTR2B,ParietalLobe
HTR2B|EXACT_SINGLE_PROTEIN|HSAMP_eb2587e74e2d6457032d4ae7|HUMAN_BIOGPS_GNF1H_GCRMA_77_TISSUE_DDOF1,-0.47798387534273784,-0.5361923566298752,0.05820848128713735,ANESTHETIC_SEDATIVE,Anesthetic and sedative context,HTR2B,TemporalLobe
HTR2B|EXACT_SINGLE_PROTEIN|HSAMP_f43595f3557cf05e6a721aeb|HUMAN_BIOGPS_GNF1H_GCRMA_77_TISSUE_DDOF1,0.18107465613939241,0.17055586652181023,0.01051878961758218,ANESTHETIC_SEDATIVE,Anesthetic and sedative context,HTR2B,Thalamus
HTR2B|EXACT_SINGLE_PROTEIN|HSAMP_ff841df7ecd9f2c8ea2660f5|HUMAN_BIOGPS_GNF1H_GCRMA_77_TISSUE_DDOF1,-1.194185433796494,-1.2918651007925366,0.09767966699604269,ANESTHETIC_SEDATIVE,Anesthetic and sedative context,HTR2B,OlfactoryBulb
HTR2C|EXACT_SINGLE_PROTEIN|HSAMP_06645e2e8409a5b743985cdd|HUMAN_BIOGPS_GNF1H_GCRMA_77_TISSUE_DDOF1,-0.16416783623614478,-0.19619385552130705,0.03202601928516227,ANESTHETIC_SEDATIVE,Anesthetic and sedative context,HTR2C,Wholebrain
HTR2C|EXACT_SINGLE_PROTEIN|HSAMP_0cb8b4d1db8c390eeeecca55|HUMAN_BIOGPS_GNF1H_GCRMA_77_TISSUE_DDOF1,-0.05803169638664834,-0.07957280425886981,0.021541107872221472,ANESTHETIC_SEDATIVE,Anesthetic and sedative context,HTR2C,Pons
HTR2C|EXACT_SINGLE_PROTEIN|HSAMP_13a552b6ffc4aac3b85a50ca|HUMAN_BIOGPS_GNF1H_GCRMA_77_TISSUE_DDOF1,1.4450285494855648,1.4710463343141202,-0.026017784828555435,ANESTHETIC_SEDATIVE,Anesthetic and sedative context,HTR2C,Amygdala
HTR2C|EXACT_SINGLE_PROTEIN|HSAMP_192dff4b8df5862a227b1163|HUMAN_BIOGPS_GNF1H_GCRMA_77_TISSUE_DDOF1,-0.09682379681683796,-0.11207447803293634,0.015250681216098377,ANESTHETIC_SEDATIVE,Anesthetic and sedative context,HTR2C,SubthalamicNucleus
HTR2C|EXACT_SINGLE_PROTEIN|HSAMP_20b60708f05d03c76f9fe702|HUMAN_BIOGPS_GNF1H_GCRMA_77_TISSUE_DDOF1,0.04454906146442492,0.032739767303957425,0.011809294160467498,ANESTHETIC_SEDATIVE,Anesthetic and sedative context,HTR2C,CerebellumPeduncles
HTR2C|EXACT_SINGLE_PROTEIN|HSAMP_374f872ebf1bbba2be514f9f|HUMAN_BIOGPS_GNF1H_GCRMA_77_TISSUE_DDOF1,-0.22356263192545178,-0.24687039738116,0.02330776545570823,ANESTHETIC_SEDATIVE,Anesthetic and sedative context,HTR2C,GlobusPallidus
HTR2C|EXACT_SINGLE_PROTEIN|HSAMP_5c090f15f3e5194312a7e8ed|HUMAN_BIOGPS_GNF1H_GCRMA_77_TISSUE_DDOF1,0.13761647969175556,0.1361438642037712,0.0014726154879843578,ANESTHETIC_SEDATIVE,Anesthetic and sedative context,HTR2C,MedullaOblongata
HTR2C|EXACT_SINGLE_PROTEIN|HSAMP_752ebc880edc13bb4e2b2de8|HUMAN_BIOGPS_GNF1H_GCRMA_77_TISSUE_DDOF1,0.05497807421463483,0.04603577587615017,0.008942298338484665,ANESTHETIC_SEDATIVE,Anesthetic and sedative context,HTR2C,PrefrontalCortex
HTR2C|EXACT_SINGLE_PROTEIN|HSAMP_7725bb8a75064c4d7246d9ba|HUMAN_BIOGPS_GNF1H_GCRMA_77_TISSUE_DDOF1,-0.13851778771955958,-0.1629681264456552,0.024450338726095616,ANESTHETIC_SEDATIVE,Anesthetic and sedative context,HTR2C,OccipitalLobe
HTR2C|EXACT_SINGLE_PROTEIN|HSAMP_8ed020260a1d25cf72324c8a|HUMAN_BIOGPS_GNF1H_GCRMA_77_TISSUE_DDOF1,1.9574004412324757,1.9709412512441271,-0.013540810011651416,ANESTHETIC_SEDATIVE,Anesthetic and sedative context,HTR2C,Hypothalamus
HTR2C|EXACT_SINGLE_PROTEIN|HSAMP_936b77a4b11b5c19027de438|HUMAN_BIOGPS_GNF1H_GCRMA_77_TISSUE_DDOF1,-0.01142305945911525,-0.028265122802630337,0.01684206334351509,ANESTHETIC_SEDATIVE,Anesthetic and sedative context,HTR2C,Spinalcord
HTR2C|EXACT_SINGLE_PROTEIN|HSAMP_9aa72e4fb1ff63e1792b1ec7|HUMAN_BIOGPS_GNF1H_GCRMA_77_TISSUE_DDOF1,-0.18623638692149827,-0.2214615849727084,0.03522519805121013,ANESTHETIC_SEDATIVE,Anesthetic and sedative context,HTR2C,Cerebellum
HTR2C|EXACT_SINGLE_PROTEIN|HSAMP_a32ce488a48b0df9b8c4c40a|HUMAN_BIOGPS_GNF1H_GCRMA_77_TISSUE_DDOF1,2.533933170791423,2.5486036415811597,-0.014670470789736711,ANESTHETIC_SEDATIVE,Anesthetic and sedative context,HTR2C,Caudatenucleus
HTR2C|EXACT_SINGLE_PROTEIN|HSAMP_d99ba5ea584363f8600ade55|HUMAN_BIOGPS_GNF1H_GCRMA_77_TISSUE_DDOF1,-0.022691925819512807,-0.04384633536108697,0.021154409541574166,ANESTHETIC_SEDATIVE,Anesthetic and sedative context,HTR2C,CingulateCortex
HTR2C|EXACT_SINGLE_PROTEIN|HSAMP_e75262fc0acfda69d976a6d3|HUMAN_BIOGPS_GNF1H_GCRMA_77_TISSUE_DDOF1,0.004312545155705039,-0.0023790466580389754,0.006691591813744015,ANESTHETIC_SEDATIVE,Anesthetic and sedative context,HTR2C,ParietalLobe
HTR2C|EXACT_SINGLE_PROTEIN|HSAMP_eb2587e74e2d6457032d4ae7|HUMAN_BIOGPS_GNF1H_GCRMA_77_TISSUE_DDOF1,-0.10140595068348542,-0.11933514765382755,0.017929196970342134,ANESTHETIC_SEDATIVE,Anesthetic and sedative context,HTR2C,TemporalLobe
HTR2C|EXACT_SINGLE_PROTEIN|HSAMP_f43595f3557cf05e6a721aeb|HUMAN_BIOGPS_GNF1H_GCRMA_77_TISSUE_DDOF1,-0.00472467592650918,-0.0185368920339101,0.01381221610740092,ANESTHETIC_SEDATIVE,Anesthetic and sedative context,HTR2C,Thalamus
HTR2C|EXACT_SINGLE_PROTEIN|HSAMP_ff841df7ecd9f2c8ea2660f5|HUMAN_BIOGPS_GNF1H_GCRMA_77_TISSUE_DDOF1,-0.22109091370694864,-0.2454242605334086,0.02433334682645996,ANESTHETIC_SEDATIVE,Anesthetic and sedative context,HTR2C,OlfactoryBulb
SLC6A2|EXACT_SINGLE_PROTEIN|HSAMP_06645e2e8409a5b743985cdd|HUMAN_BIOGPS_GNF1H_GCRMA_77_TISSUE_DDOF1,-1.132738967762656,-1.3001654879695186,0.16742652020686255,ANESTHETIC_SEDATIVE,Anesthetic and sedative context,SLC6A2,Wholebrain
SLC6A2|EXACT_SINGLE_PROTEIN|HSAMP_0cb8b4d1db8c390eeeecca55|HUMAN_BIOGPS_GNF1H_GCRMA_77_TISSUE_DDOF1,0.0271444976889488,-0.006274567673306106,0.033419065362254904,ANESTHETIC_SEDATIVE,Anesthetic and sedative context,SLC6A2,Pons
SLC6A2|EXACT_SINGLE_PROTEIN|HSAMP_13a552b6ffc4aac3b85a50ca|HUMAN_BIOGPS_GNF1H_GCRMA_77_TISSUE_DDOF1,0.2164813869506129,0.1910315203659374,0.02544986658467549,ANESTHETIC_SEDATIVE,Anesthetic and sedative context,SLC6A2,Amygdala
SLC6A2|EXACT_SINGLE_PROTEIN|HSAMP_192dff4b8df5862a227b1163|HUMAN_BIOGPS_GNF1H_GCRMA_77_TISSUE_DDOF1,0.6721433940176287,0.7006619189379759,-0.028518524920347232,ANESTHETIC_SEDATIVE,Anesthetic and sedative context,SLC6A2,SubthalamicNucleus
SLC6A2|EXACT_SINGLE_PROTEIN|HSAMP_20b60708f05d03c76f9fe702|HUMAN_BIOGPS_GNF1H_GCRMA_77_TISSUE_DDOF1,1.6263504990310644,1.7241360192395963,-0.09778552020853182,ANESTHETIC_SEDATIVE,Anesthetic and sedative context,SLC6A2,CerebellumPeduncles
SLC6A2|EXACT_SINGLE_PROTEIN|HSAMP_374f872ebf1bbba2be514f9f|HUMAN_BIOGPS_GNF1H_GCRMA_77_TISSUE_DDOF1,-1.2460582398972329,-1.4762222183447853,0.23016397844755243,ANESTHETIC_SEDATIVE,Anesthetic and sedative context,SLC6A2,GlobusPallidus
SLC6A2|EXACT_SINGLE_PROTEIN|HSAMP_5c090f15f3e5194312a7e8ed|HUMAN_BIOGPS_GNF1H_GCRMA_77_TISSUE_DDOF1,-0.7579259018644592,-0.8755189899951188,0.1175930881306596,ANESTHETIC_SEDATIVE,Anesthetic and sedative context,SLC6A2,MedullaOblongata
SLC6A2|EXACT_SINGLE_PROTEIN|HSAMP_752ebc880edc13bb4e2b2de8|HUMAN_BIOGPS_GNF1H_GCRMA_77_TISSUE_DDOF1,1.0010182958870433,1.0657374728603237,-0.06471917697328045,ANESTHETIC_SEDATIVE,Anesthetic and sedative context,SLC6A2,PrefrontalCortex
SLC6A2|EXACT_SINGLE_PROTEIN|HSAMP_7725bb8a75064c4d7246d9ba|HUMAN_BIOGPS_GNF1H_GCRMA_77_TISSUE_DDOF1,-0.7579259018644592,-0.8755189899951188,0.1175930881306596,ANESTHETIC_SEDATIVE,Anesthetic and sedative context,SLC6A2,OccipitalLobe
SLC6A2|EXACT_SINGLE_PROTEIN|HSAMP_8ed020260a1d25cf72324c8a|HUMAN_BIOGPS_GNF1H_GCRMA_77_TISSUE_DDOF1,0.6721433940176287,0.7006619189379759,-0.028518524920347232,ANESTHETIC_SEDATIVE,Anesthetic and sedative context,SLC6A2,Hypothalamus
SLC6A2|EXACT_SINGLE_PROTEIN|HSAMP_936b77a4b11b5c19027de438|HUMAN_BIOGPS_GNF1H_GCRMA_77_TISSUE_DDOF1,0.5325821191587664,0.537853267886216,-0.005271148727449604,ANESTHETIC_SEDATIVE,Anesthetic and sedative context,SLC6A2,Spinalcord
SLC6A2|EXACT_SINGLE_PROTEIN|HSAMP_9aa72e4fb1ff63e1792b1ec7|HUMAN_BIOGPS_GNF1H_GCRMA_77_TISSUE_DDOF1,-0.9755002670030188,-1.1031250151833614,0.12762474818034253,ANESTHETIC_SEDATIVE,Anesthetic and sedative context,SLC6A2,Cerebellum
SLC6A2|EXACT_SINGLE_PROTEIN|HSAMP_a32ce488a48b0df9b8c4c40a|HUMAN_BIOGPS_GNF1H_GCRMA_77_TISSUE_DDOF1,-0.8043186044715439,-0.9301644486271919,0.12584584415564803,ANESTHETIC_SEDATIVE,Anesthetic and sedative context,SLC6A2,Caudatenucleus
SLC6A2|EXACT_SINGLE_PROTEIN|HSAMP_d99ba5ea584363f8600ade55|HUMAN_BIOGPS_GNF1H_GCRMA_77_TISSUE_DDOF1,0.2164813869506129,0.1910315203659374,0.02544986658467549,ANESTHETIC_SEDATIVE,Anesthetic and sedative context,SLC6A2,CingulateCortex
SLC6A2|EXACT_SINGLE_PROTEIN|HSAMP_e75262fc0acfda69d976a6d3|HUMAN_BIOGPS_GNF1H_GCRMA_77_TISSUE_DDOF1,0.7752997142902357,0.7992113794261277,-0.023911665135892046,ANESTHETIC_SEDATIVE,Anesthetic and sedative context,SLC6A2,ParietalLobe
SLC6A2|EXACT_SINGLE_PROTEIN|HSAMP_eb2587e74e2d6457032d4ae7|HUMAN_BIOGPS_GNF1H_GCRMA_77_TISSUE_DDOF1,-0.6175198957580689,-0.7175479001359111,0.1000280043778422,ANESTHETIC_SEDATIVE,Anesthetic and sedative context,SLC6A2,TemporalLobe
SLC6A2|EXACT_SINGLE_PROTEIN|HSAMP_f43595f3557cf05e6a721aeb|HUMAN_BIOGPS_GNF1H_GCRMA_77_TISSUE_DDOF1,0.0793133115119636,0.05563046010076329,0.0236828514112003,ANESTHETIC_SEDATIVE,Anesthetic and sedative context,SLC6A2,Thalamus
SLC6A2|EXACT_SINGLE_PROTEIN|HSAMP_ff841df7ecd9f2c8ea2660f5|HUMAN_BIOGPS_GNF1H_GCRMA_77_TISSUE_DDOF1,-0.7579259018644592,-0.8755189899951188,0.1175930881306596,ANESTHETIC_SEDATIVE,Anesthetic and sedative context,SLC6A2,OlfactoryBulb
ADRA1A|EXACT_SINGLE_PROTEIN|HSAMP_06645e2e8409a5b743985cdd|HUMAN_BIOGPS_GNF1H_GCRMA_77_TISSUE_DDOF1,-1.5437279671639712,-0.024674638496281348,-1.51905332866769,ANTIDEPRESSANTS_BROAD,Broad antidepressant and rapid-acting antidepressant context,ADRA1A,Wholebrain
ADRA1A|EXACT_SINGLE_PROTEIN|HSAMP_0cb8b4d1db8c390eeeecca55|HUMAN_BIOGPS_GNF1H_GCRMA_77_TISSUE_DDOF1,1.4195828780719864,0.7142413282510245,0.7053415498209619,ANTIDEPRESSANTS_BROAD,Broad antidepressant and rapid-acting antidepressant context,ADRA1A,Pons
ADRA1A|EXACT_SINGLE_PROTEIN|HSAMP_13a552b6ffc4aac3b85a50ca|HUMAN_BIOGPS_GNF1H_GCRMA_77_TISSUE_DDOF1,0.01727729262442284,0.293216268734358,-0.2759389761099352,ANTIDEPRESSANTS_BROAD,Broad antidepressant and rapid-acting antidepressant context,ADRA1A,Amygdala
ADRA1A|EXACT_SINGLE_PROTEIN|HSAMP_192dff4b8df5862a227b1163|HUMAN_BIOGPS_GNF1H_GCRMA_77_TISSUE_DDOF1,-0.17327345734461072,0.2222021313394397,-0.3954755886840504,ANTIDEPRESSANTS_BROAD,Broad antidepressant and rapid-acting antidepressant context,ADRA1A,SubthalamicNucleus
ADRA1A|EXACT_SINGLE_PROTEIN|HSAMP_20b60708f05d03c76f9fe702|HUMAN_BIOGPS_GNF1H_GCRMA_77_TISSUE_DDOF1,1.2202698721222003,0.6683929261275352,0.5518769459946651,ANTIDEPRESSANTS_BROAD,Broad antidepressant and rapid-acting antidepressant context,ADRA1A,CerebellumPeduncles
ADRA1A|EXACT_SINGLE_PROTEIN|HSAMP_374f872ebf1bbba2be514f9f|HUMAN_BIOGPS_GNF1H_GCRMA_77_TISSUE_DDOF1,-1.0125913122842531,0.06953079467580364,-1.0821221069600568,ANTIDEPRESSANTS_BROAD,Broad antidepressant and rapid-acting antidepressant context,ADRA1A,GlobusPallidus
ADRA1A|EXACT_SINGLE_PROTEIN|HSAMP_5c090f15f3e5194312a7e8ed|HUMAN_BIOGPS_GNF1H_GCRMA_77_TISSUE_DDOF1,-0.7142836231329676,0.1260113533745017,-0.8402949765074692,ANTIDEPRESSANTS_BROAD,Broad antidepressant and rapid-acting antidepressant context,ADRA1A,MedullaOblongata
ADRA1A|EXACT_SINGLE_PROTEIN|HSAMP_752ebc880edc13bb4e2b2de8|HUMAN_BIOGPS_GNF1H_GCRMA_77_TISSUE_DDOF1,1.0330401383418797,0.6102781167293778,0.42276202161250187,ANTIDEPRESSANTS_BROAD,Broad antidepressant and rapid-acting antidepressant context,ADRA1A,PrefrontalCortex
ADRA1A|EXACT_SINGLE_PROTEIN|HSAMP_7725bb8a75064c4d7246d9ba|HUMAN_BIOGPS_GNF1H_GCRMA_77_TISSUE_DDOF1,-0.7735111971300326,0.11193088614967517,-0.8854420832797077,ANTIDEPRESSANTS_BROAD,Broad antidepressant and rapid-acting antidepressant context,ADRA1A,OccipitalLobe
ADRA1A|EXACT_SINGLE_PROTEIN|HSAMP_8ed020260a1d25cf72324c8a|HUMAN_BIOGPS_GNF1H_GCRMA_77_TISSUE_DDOF1,0.48383712564449033,0.47438393066236395,0.009453194982126378,ANTIDEPRESSANTS_BROAD,Broad antidepressant and rapid-acting antidepressant context,ADRA1A,Hypothalamus
ADRA1A|EXACT_SINGLE_PROTEIN|HSAMP_936b77a4b11b5c19027de438|HUMAN_BIOGPS_GNF1H_GCRMA_77_TISSUE_DDOF1,0.6803833642951119,0.5195470209475053,0.16083634334760666,ANTIDEPRESSANTS_BROAD,Broad antidepressant and rapid-acting antidepressant context,ADRA1A,Spinalcord
ADRA1A|EXACT_SINGLE_PROTEIN|HSAMP_9aa72e4fb1ff63e1792b1ec7|HUMAN_BIOGPS_GNF1H_GCRMA_77_TISSUE_DDOF1,-1.176829333645712,0.03969204147657024,-1.2165213751222823,ANTIDEPRESSANTS_BROAD,Broad antidepressant and rapid-acting antidepressant context,ADRA1A,Cerebellum
ADRA1A|EXACT_SINGLE_PROTEIN|HSAMP_a32ce488a48b0df9b8c4c40a|HUMAN_BIOGPS_GNF1H_GCRMA_77_TISSUE_DDOF1,-0.7735111971300326,0.11193088614967517,-0.8854420832797077,ANTIDEPRESSANTS_BROAD,Broad antidepressant and rapid-acting antidepressant context,ADRA1A,Caudatenucleus
ADRA1A|EXACT_SINGLE_PROTEIN|HSAMP_d99ba5ea584363f8600ade55|HUMAN_BIOGPS_GNF1H_GCRMA_77_TISSUE_DDOF1,0.5697969462378093,0.5016734010702185,0.06812354516759078,ANTIDEPRESSANTS_BROAD,Broad antidepressant and rapid-acting antidepressant context,ADRA1A,CingulateCortex
ADRA1A|EXACT_SINGLE_PROTEIN|HSAMP_e75262fc0acfda69d976a6d3|HUMAN_BIOGPS_GNF1H_GCRMA_77_TISSUE_DDOF1,0.7908831192896955,0.5375846738962955,0.25329844539339996,ANTIDEPRESSANTS_BROAD,Broad antidepressant and rapid-acting antidepressant context,ADRA1A,ParietalLobe
ADRA1A|EXACT_SINGLE_PROTEIN|HSAMP_eb2587e74e2d6457032d4ae7|HUMAN_BIOGPS_GNF1H_GCRMA_77_TISSUE_DDOF1,-0.47438680247321735,0.1623594993798413,-0.6367463018530586,ANTIDEPRESSANTS_BROAD,Broad antidepressant and rapid-acting antidepressant context,ADRA1A,TemporalLobe
ADRA1A|EXACT_SINGLE_PROTEIN|HSAMP_f43595f3557cf05e6a721aeb|HUMAN_BIOGPS_GNF1H_GCRMA_77_TISSUE_DDOF1,0.2937959716720335,0.44613605573930615,-0.15234008406727267,ANTIDEPRESSANTS_BROAD,Broad antidepressant and rapid-acting antidepressant context,ADRA1A,Thalamus
ADRA1A|EXACT_SINGLE_PROTEIN|HSAMP_ff841df7ecd9f2c8ea2660f5|HUMAN_BIOGPS_GNF1H_GCRMA_77_TISSUE_DDOF1,-1.3916941247707881,0.0007327964330752206,-1.3924269212038634,ANTIDEPRESSANTS_BROAD,Broad antidepressant and rapid-acting antidepressant context,ADRA1A,OlfactoryBulb
ADRA2A|EXACT_SINGLE_PROTEIN|HSAMP_06645e2e8409a5b743985cdd|HUMAN_BIOGPS_GNF1H_GCRMA_77_TISSUE_DDOF1,1.3256712318464634,0.7673740878069919,0.5582971440394715,ANTIDEPRESSANTS_BROAD,Broad antidepressant and rapid-acting antidepressant context,ADRA2A,Wholebrain
ADRA2A|EXACT_SINGLE_PROTEIN|HSAMP_0cb8b4d1db8c390eeeecca55|HUMAN_BIOGPS_GNF1H_GCRMA_77_TISSUE_DDOF1,-0.5044395774634475,0.11207147662022961,-0.6165110540836771,ANTIDEPRESSANTS_BROAD,Broad antidepressant and rapid-acting antidepressant context,ADRA2A,Pons
ADRA2A|EXACT_SINGLE_PROTEIN|HSAMP_13a552b6ffc4aac3b85a50ca|HUMAN_BIOGPS_GNF1H_GCRMA_77_TISSUE_DDOF1,0.5741290899637739,0.5120654876692543,0.06206360229451957,ANTIDEPRESSANTS_BROAD,Broad antidepressant and rapid-acting antidepressant context,ADRA2A,Amygdala
ADRA2A|EXACT_SINGLE_PROTEIN|HSAMP_192dff4b8df5862a227b1163|HUMAN_BIOGPS_GNF1H_GCRMA_77_TISSUE_DDOF1,-0.6732064603943135,0.07309671110140785,-0.7463031714957213,ANTIDEPRESSANTS_BROAD,Broad antidepressant and rapid-acting antidepressant context,ADRA2A,SubthalamicNucleus
ADRA2A|EXACT_SINGLE_PROTEIN|HSAMP_20b60708f05d03c76f9fe702|HUMAN_BIOGPS_GNF1H_GCRMA_77_TISSUE_DDOF1,0.5992580300558955,0.5174947877881559,0.08176324226773957,ANTIDEPRESSANTS_BROAD,Broad antidepressant and rapid-acting antidepressant context,ADRA2A,CerebellumPeduncles
ADRA2A|EXACT_SINGLE_PROTEIN|HSAMP_374f872ebf1bbba2be514f9f|HUMAN_BIOGPS_GNF1H_GCRMA_77_TISSUE_DDOF1,-1.129932837769179,-0.09014908927528649,-1.0397837484938925,ANTIDEPRESSANTS_BROAD,Broad antidepressant and rapid-acting antidepressant context,ADRA2A,GlobusPallidus
ADRA2A|EXACT_SINGLE_PROTEIN|HSAMP_5c090f15f3e5194312a7e8ed|HUMAN_BIOGPS_GNF1H_GCRMA_77_TISSUE_DDOF1,-0.7142836231329676,0.063523479105323,-0.7778071022382905,ANTIDEPRESSANTS_BROAD,Broad antidepressant and rapid-acting antidepressant context,ADRA2A,MedullaOblongata
ADRA2A|EXACT_SINGLE_PROTEIN|HSAMP_752ebc880edc13bb4e2b2de8|HUMAN_BIOGPS_GNF1H_GCRMA_77_TISSUE_DDOF1,0.6639939006317417,0.5273059815781438,0.1366879190535979,ANTIDEPRESSANTS_BROAD,Broad antidepressant and rapid-acting antidepressant context,ADRA2A,PrefrontalCortex
ADRA2A|EXACT_SINGLE_PROTEIN|HSAMP_7725bb8a75064c4d7246d9ba|HUMAN_BIOGPS_GNF1H_GCRMA_77_TISSUE_DDOF1,-0.6732064603943135,0.07309671110140785,-0.7463031714957213,ANTIDEPRESSANTS_BROAD,Broad antidepressant and rapid-acting antidepressant context,ADRA2A,OccipitalLobe
ADRA2A|EXACT_SINGLE_PROTEIN|HSAMP_8ed020260a1d25cf72324c8a|HUMAN_BIOGPS_GNF1H_GCRMA_77_TISSUE_DDOF1,0.22956957141467732,0.42694575075896046,-0.19737617934428314,ANTIDEPRESSANTS_BROAD,Broad antidepressant and rapid-acting antidepressant context,ADRA2A,Hypothalamus
ADRA2A|EXACT_SINGLE_PROTEIN|HSAMP_936b77a4b11b5c19027de438|HUMAN_BIOGPS_GNF1H_GCRMA_77_TISSUE_DDOF1,-0.047357446085577085,0.20049949956554697,-0.24785694565112404,ANTIDEPRESSANTS_BROAD,Broad antidepressant and rapid-acting antidepressant context,ADRA2A,Spinalcord
ADRA2A|EXACT_SINGLE_PROTEIN|HSAMP_9aa72e4fb1ff63e1792b1ec7|HUMAN_BIOGPS_GNF1H_GCRMA_77_TISSUE_DDOF1,-0.8108793577649526,0.037430650034048316,-0.8483100077990009,ANTIDEPRESSANTS_BROAD,Broad antidepressant and rapid-acting antidepressant context,ADRA2A,Cerebellum
ADRA2A|EXACT_SINGLE_PROTEIN|HSAMP_a32ce488a48b0df9b8c4c40a|HUMAN_BIOGPS_GNF1H_GCRMA_77_TISSUE_DDOF1,-0.733236447782707,0.059811101622088816,-0.7930475494047958,ANTIDEPRESSANTS_BROAD,Broad antidepressant and rapid-acting antidepressant context,ADRA2A,Caudatenucleus
ADRA2A|EXACT_SINGLE_PROTEIN|HSAMP_d99ba5ea584363f8600ade55|HUMAN_BIOGPS_GNF1H_GCRMA_77_TISSUE_DDOF1,-0.2634322811930612,0.14918243039999707,-0.4126147115930583,ANTIDEPRESSANTS_BROAD,Broad antidepressant and rapid-acting antidepressant context,ADRA2A,CingulateCortex
ADRA2A|EXACT_SINGLE_PROTEIN|HSAMP_e75262fc0acfda69d976a6d3|HUMAN_BIOGPS_GNF1H_GCRMA_77_TISSUE_DDOF1,0.055922154422395114,0.26188462920137806,-0.20596247477898294,ANTIDEPRESSANTS_BROAD,Broad antidepressant and rapid-acting antidepressant context,ADRA2A,ParietalLobe
ADRA2A|EXACT_SINGLE_PROTEIN|HSAMP_eb2587e74e2d6457032d4ae7|HUMAN_BIOGPS_GNF1H_GCRMA_77_TISSUE_DDOF1,-0.5955305040679503,0.09247828283802484,-0.6880087869059751,ANTIDEPRESSANTS_BROAD,Broad antidepressant and rapid-acting antidepressant context,ADRA2A,TemporalLobe
ADRA2A|EXACT_SINGLE_PROTEIN|HSAMP_f43595f3557cf05e6a721aeb|HUMAN_BIOGPS_GNF1H_GCRMA_77_TISSUE_DDOF1,-0.2634322811930612,0.14918243039999707,-0.4126147115930583,ANTIDEPRESSANTS_BROAD,Broad antidepressant and rapid-acting antidepressant context,ADRA2A,Thalamus
ADRA2A|EXACT_SINGLE_PROTEIN|HSAMP_ff841df7ecd9f2c8ea2660f5|HUMAN_BIOGPS_GNF1H_GCRMA_77_TISSUE_DDOF1,-1.0157075272297438,-0.04483898418766724,-0.9708685430420765,ANTIDEPRESSANTS_BROAD,Broad antidepressant and rapid-acting antidepressant context,ADRA2A,OlfactoryBulb
ADRA2B|EXACT_SINGLE_PROTEIN|HSAMP_06645e2e8409a5b743985cdd|HUMAN_BIOGPS_GNF1H_GCRMA_77_TISSUE_DDOF1,-1.081013102938054,-0.09057047433636989,-0.9904426286016842,ANTIDEPRESSANTS_BROAD,Broad antidepressant and rapid-acting antidepressant context,ADRA2B,Wholebrain
ADRA2B|EXACT_SINGLE_PROTEIN|HSAMP_0cb8b4d1db8c390eeeecca55|HUMAN_BIOGPS_GNF1H_GCRMA_77_TISSUE_DDOF1,-0.19085554650662634,0.15083358284035753,-0.34168912934698387,ANTIDEPRESSANTS_BROAD,Broad antidepressant and rapid-acting antidepressant context,ADRA2B,Pons
ADRA2B|EXACT_SINGLE_PROTEIN|HSAMP_13a552b6ffc4aac3b85a50ca|HUMAN_BIOGPS_GNF1H_GCRMA_77_TISSUE_DDOF1,0.8015037237186955,0.5699385468781246,0.23156517684057087,ANTIDEPRESSANTS_BROAD,Broad antidepressant and rapid-acting antidepressant context,ADRA2B,Amygdala
ADRA2B|EXACT_SINGLE_PROTEIN|HSAMP_192dff4b8df5862a227b1163|HUMAN_BIOGPS_GNF1H_GCRMA_77_TISSUE_DDOF1,-0.5960540842206639,0.07732329846420058,-0.6733773826848645,ANTIDEPRESSANTS_BROAD,Broad antidepressant and rapid-acting antidepressant context,ADRA2B,SubthalamicNucleus
ADRA2B|EXACT_SINGLE_PROTEIN|HSAMP_20b60708f05d03c76f9fe702|HUMAN_BIOGPS_GNF1H_GCRMA_77_TISSUE_DDOF1,1.0999181395371558,0.7220391751062284,0.3778789644309274,ANTIDEPRESSANTS_BROAD,Broad antidepressant and rapid-acting antidepressant context,ADRA2B,CerebellumPeduncles
ADRA2B|EXACT_SINGLE_PROTEIN|HSAMP_374f872ebf1bbba2be514f9f|HUMAN_BIOGPS_GNF1H_GCRMA_77_TISSUE_DDOF1,-1.7950706659821885,-0.4099986500097977,-1.3850720159723908,ANTIDEPRESSANTS_BROAD,Broad antidepressant and rapid-acting antidepressant context,ADRA2B,GlobusPallidus
ADRA2B|EXACT_SINGLE_PROTEIN|HSAMP_5c090f15f3e5194312a7e8ed|HUMAN_BIOGPS_GNF1H_GCRMA_77_TISSUE_DDOF1,-0.5960540842206639,0.07732329846420058,-0.6733773826848645,ANTIDEPRESSANTS_BROAD,Broad antidepressant and rapid-acting antidepressant context,ADRA2B,MedullaOblongata
ADRA2B|EXACT_SINGLE_PROTEIN|HSAMP_752ebc880edc13bb4e2b2de8|HUMAN_BIOGPS_GNF1H_GCRMA_77_TISSUE_DDOF1,1.4747756920705977,0.8305567720818255,0.6442189199887721,ANTIDEPRESSANTS_BROAD,Broad antidepressant and rapid-acting antidepressant context,ADRA2B,PrefrontalCortex
ADRA2B|EXACT_SINGLE_PROTEIN|HSAMP_7725bb8a75064c4d7246d9ba|HUMAN_BIOGPS_GNF1H_GCRMA_77_TISSUE_DDOF1,-0.6793234109591311,0.0553436396799076,-0.7346670506390387,ANTIDEPRESSANTS_BROAD,Broad antidepressant and rapid-acting antidepressant context,ADRA2B,OccipitalLobe
ADRA2B|EXACT_SINGLE_PROTEIN|HSAMP_8ed020260a1d25cf72324c8a|HUMAN_BIOGPS_GNF1H_GCRMA_77_TISSUE_DDOF1,0.9398984229482849,0.6455446789430326,0.29435374400525227,ANTIDEPRESSANTS_BROAD,Broad antidepressant and rapid-acting antidepressant context,ADRA2B,Hypothalamus
ADRA2B|EXACT_SINGLE_PROTEIN|HSAMP_936b77a4b11b5c19027de438|HUMAN_BIOGPS_GNF1H_GCRMA_77_TISSUE_DDOF1,0.8943310695375521,0.6203511734826119,0.2739798960549402,ANTIDEPRESSANTS_BROAD,Broad antidepressant and rapid-acting antidepressant context,ADRA2B,Spinalcord
ADRA2B|EXACT_SINGLE_PROTEIN|HSAMP_9aa72e4fb1ff63e1792b1ec7|HUMAN_BIOGPS_GNF1H_GCRMA_77_TISSUE_DDOF1,-1.3071910274498197,-0.21758568581707144,-1.0896053416327482,ANTIDEPRESSANTS_BROAD,Broad antidepressant and rapid-acting antidepressant context,ADRA2B,Cerebellum
ADRA2B|EXACT_SINGLE_PROTEIN|HSAMP_a32ce488a48b0df9b8c4c40a|HUMAN_BIOGPS_GNF1H_GCRMA_77_TISSUE_DDOF1,-0.6793234109591311,0.0553436396799076,-0.7346670506390387,ANTIDEPRESSANTS_BROAD,Broad antidepressant and rapid-acting antidepressant context,ADRA2B,Caudatenucleus
ADRA2B|EXACT_SINGLE_PROTEIN|HSAMP_d99ba5ea584363f8600ade55|HUMAN_BIOGPS_GNF1H_GCRMA_77_TISSUE_DDOF1,0.6885996288359957,0.5342384633978179,0.1543611654381778,ANTIDEPRESSANTS_BROAD,Broad antidepressant and rapid-acting antidepressant context,ADRA2B,CingulateCortex
ADRA2B|EXACT_SINGLE_PROTEIN|HSAMP_e75262fc0acfda69d976a6d3|HUMAN_BIOGPS_GNF1H_GCRMA_77_TISSUE_DDOF1,0.8015037237186955,0.5699385468781246,0.23156517684057087,ANTIDEPRESSANTS_BROAD,Broad antidepressant and rapid-acting antidepressant context,ADRA2B,ParietalLobe
ADRA2B|EXACT_SINGLE_PROTEIN|HSAMP_eb2587e74e2d6457032d4ae7|HUMAN_BIOGPS_GNF1H_GCRMA_77_TISSUE_DDOF1,-0.5960540842206639,0.07732329846420058,-0.6733773826848645,ANTIDEPRESSANTS_BROAD,Broad antidepressant and rapid-acting antidepressant context,ADRA2B,TemporalLobe
ADRA2B|EXACT_SINGLE_PROTEIN|HSAMP_f43595f3557cf05e6a721aeb|HUMAN_BIOGPS_GNF1H_GCRMA_77_TISSUE_DDOF1,0.5957988184928056,0.5190441738336306,0.07675464465917503,ANTIDEPRESSANTS_BROAD,Broad antidepressant and rapid-acting antidepressant context,ADRA2B,Thalamus
ADRA2B|EXACT_SINGLE_PROTEIN|HSAMP_ff841df7ecd9f2c8ea2660f5|HUMAN_BIOGPS_GNF1H_GCRMA_77_TISSUE_DDOF1,-1.4188882087327248,-0.250686686290347,-1.1682015224423778,ANTIDEPRESSANTS_BROAD,Broad antidepressant and rapid-acting antidepressant context,ADRA2B,OlfactoryBulb
ADRA2C|EXACT_SINGLE_PROTEIN|HSAMP_06645e2e8409a5b743985cdd|HUMAN_BIOGPS_GNF1H_GCRMA_77_TISSUE_DDOF1,-1.0157075272297438,-0.06629900560438212,-0.9494085216253616,ANTIDEPRESSANTS_BROAD,Broad antidepressant and rapid-acting antidepressant context,ADRA2C,Wholebrain
ADRA2C|EXACT_SINGLE_PROTEIN|HSAMP_0cb8b4d1db8c390eeeecca55|HUMAN_BIOGPS_GNF1H_GCRMA_77_TISSUE_DDOF1,1.1871452865866186,0.7377515596320263,0.44939372695459223,ANTIDEPRESSANTS_BROAD,Broad antidepressant and rapid-acting antidepressant context,ADRA2C,Pons
ADRA2C|EXACT_SINGLE_PROTEIN|HSAMP_13a552b6ffc4aac3b85a50ca|HUMAN_BIOGPS_GNF1H_GCRMA_77_TISSUE_DDOF1,0.422807042795757,0.45787885139729134,-0.03507180860153436,ANTIDEPRESSANTS_BROAD,Broad antidepressant and rapid-acting antidepressant context,ADRA2C,Amygdala
ADRA2C|EXACT_SINGLE_PROTEIN|HSAMP_192dff4b8df5862a227b1163|HUMAN_BIOGPS_GNF1H_GCRMA_77_TISSUE_DDOF1,-0.5848132215317517,0.08921649737549837,-0.6740297189072502,ANTIDEPRESSANTS_BROAD,Broad antidepressant and rapid-acting antidepressant context,ADRA2C,SubthalamicNucleus
ADRA2C|EXACT_SINGLE_PROTEIN|HSAMP_20b60708f05d03c76f9fe702|HUMAN_BIOGPS_GNF1H_GCRMA_77_TISSUE_DDOF1,1.2527025925413384,0.7561281051340232,0.49657448740731525,ANTIDEPRESSANTS_BROAD,Broad antidepressant and rapid-acting antidepressant context,ADRA2C,CerebellumPeduncles
ADRA2C|EXACT_SINGLE_PROTEIN|HSAMP_374f872ebf1bbba2be514f9f|HUMAN_BIOGPS_GNF1H_GCRMA_77_TISSUE_DDOF1,0.8881172637591862,0.6107829516841298,0.27733431207505643,ANTIDEPRESSANTS_BROAD,Broad antidepressant and rapid-acting antidepressant context,ADRA2C,GlobusPallidus
ADRA2C|EXACT_SINGLE_PROTEIN|HSAMP_5c090f15f3e5194312a7e8ed|HUMAN_BIOGPS_GNF1H_GCRMA_77_TISSUE_DDOF1,-0.5483840564311945,0.09665587100005751,-0.6450399274312519,ANTIDEPRESSANTS_BROAD,Broad antidepressant and rapid-acting antidepressant context,ADRA2C,MedullaOblongata
ADRA2C|EXACT_SINGLE_PROTEIN|HSAMP_752ebc880edc13bb4e2b2de8|HUMAN_BIOGPS_GNF1H_GCRMA_77_TISSUE_DDOF1,0.8685906746985917,0.6046321151188537,0.263958559579738,ANTIDEPRESSANTS_BROAD,Broad antidepressant and rapid-acting antidepressant context,ADRA2C,PrefrontalCortex
ADRA2C|EXACT_SINGLE_PROTEIN|HSAMP_7725bb8a75064c4d7246d9ba|HUMAN_BIOGPS_GNF1H_GCRMA_77_TISSUE_DDOF1,-0.4668564817714058,0.11354344424230815,-0.5803999260137139,ANTIDEPRESSANTS_BROAD,Broad antidepressant and rapid-acting antidepressant context,ADRA2C,OccipitalLobe
ADRA2C|EXACT_SINGLE_PROTEIN|HSAMP_8ed020260a1d25cf72324c8a|HUMAN_BIOGPS_GNF1H_GCRMA_77_TISSUE_DDOF1,-0.29018208286083713,0.14328016752542042,-0.4334622503862575,ANTIDEPRESSANTS_BROAD,Broad antidepressant and rapid-acting antidepressant context,ADRA2C,Hypothalamus
ADRA2C|EXACT_SINGLE_PROTEIN|HSAMP_936b77a4b11b5c19027de438|HUMAN_BIOGPS_GNF1H_GCRMA_77_TISSUE_DDOF1,0.07252381466825766,0.27070670127745117,-0.1981828866091935,ANTIDEPRESSANTS_BROAD,Broad antidepressant and rapid-acting antidepressant context,ADRA2C,Spinalcord
ADRA2C|EXACT_SINGLE_PROTEIN|HSAMP_9aa72e4fb1ff63e1792b1ec7|HUMAN_BIOGPS_GNF1H_GCRMA_77_TISSUE_DDOF1,-0.974213409077616,-0.03991860992277826,-0.9342947991548377,ANTIDEPRESSANTS_BROAD,Broad antidepressant and rapid-acting antidepressant context,ADRA2C,Cerebellum
ADRA2C|EXACT_SINGLE_PROTEIN|HSAMP_a32ce488a48b0df9b8c4c40a|HUMAN_BIOGPS_GNF1H_GCRMA_77_TISSUE_DDOF1,1.2402225586858004,0.7510681912240023,0.4891543674617982,ANTIDEPRESSANTS_BROAD,Broad antidepressant and rapid-acting antidepressant context,ADRA2C,Caudatenucleus
ADRA2C|EXACT_SINGLE_PROTEIN|HSAMP_d99ba5ea584363f8600ade55|HUMAN_BIOGPS_GNF1H_GCRMA_77_TISSUE_DDOF1,0.933270355461989,0.6308184049416257,0.30245195052036333,ANTIDEPRESSANTS_BROAD,Broad antidepressant and rapid-acting antidepressant context,ADRA2C,CingulateCortex
ADRA2C|EXACT_SINGLE_PROTEIN|HSAMP_e75262fc0acfda69d976a6d3|HUMAN_BIOGPS_GNF1H_GCRMA_77_TISSUE_DDOF1,0.18156492528368454,0.4067091694347874,-0.22514424415110287,ANTIDEPRESSANTS_BROAD,Broad antidepressant and rapid-acting antidepressant context,ADRA2C,ParietalLobe
ADRA2C|EXACT_SINGLE_PROTEIN|HSAMP_eb2587e74e2d6457032d4ae7|HUMAN_BIOGPS_GNF1H_GCRMA_77_TISSUE_DDOF1,-0.0750434307571286,0.18921116123790344,-0.26425459199503204,ANTIDEPRESSANTS_BROAD,Broad antidepressant and rapid-acting antidepressant context,ADRA2C,TemporalLobe
ADRA2C|EXACT_SINGLE_PROTEIN|HSAMP_f43595f3557cf05e6a721aeb|HUMAN_BIOGPS_GNF1H_GCRMA_77_TISSUE_DDOF1,0.8099409524234332,0.5824744459430831,0.22746650648035016,ANTIDEPRESSANTS_BROAD,Broad antidepressant and rapid-acting antidepressant context,ADRA2C,Thalamus
ADRA2C|EXACT_SINGLE_PROTEIN|HSAMP_ff841df7ecd9f2c8ea2660f5|HUMAN_BIOGPS_GNF1H_GCRMA_77_TISSUE_DDOF1,-1.051608640108919,-0.08386274821944659,-0.9677458918894725,ANTIDEPRESSANTS_BROAD,Broad antidepressant and rapid-acting antidepressant context,ADRA2C,OlfactoryBulb
ADRB1|EXACT_SINGLE_PROTEIN|HSAMP_06645e2e8409a5b743985cdd|HUMAN_BIOGPS_GNF1H_GCRMA_77_TISSUE_DDOF1,-0.7141563155466898,0.1566684408394547,-0.8708247563861444,ANTIDEPRESSANTS_BROAD,Broad antidepressant and rapid-acting antidepressant context,ADRB1,Wholebrain
ADRB1|EXACT_SINGLE_PROTEIN|HSAMP_0cb8b4d1db8c390eeeecca55|HUMAN_BIOGPS_GNF1H_GCRMA_77_TISSUE_DDOF1,0.2837272094134519,0.4551353661859643,-0.17140815677251237,ANTIDEPRESSANTS_BROAD,Broad antidepressant and rapid-acting antidepressant context,ADRB1,Pons
ADRB1|EXACT_SINGLE_PROTEIN|HSAMP_13a552b6ffc4aac3b85a50ca|HUMAN_BIOGPS_GNF1H_GCRMA_77_TISSUE_DDOF1,-0.08144219107044,0.29435161593656123,-0.3757938070070012,ANTIDEPRESSANTS_BROAD,Broad antidepressant and rapid-acting antidepressant context,ADRB1,Amygdala
ADRB1|EXACT_SINGLE_PROTEIN|HSAMP_192dff4b8df5862a227b1163|HUMAN_BIOGPS_GNF1H_GCRMA_77_TISSUE_DDOF1,0.5839908564331898,0.49564681045807896,0.08834404597511086,ANTIDEPRESSANTS_BROAD,Broad antidepressant and rapid-acting antidepressant context,ADRB1,SubthalamicNucleus
ADRB1|EXACT_SINGLE_PROTEIN|HSAMP_20b60708f05d03c76f9fe702|HUMAN_BIOGPS_GNF1H_GCRMA_77_TISSUE_DDOF1,0.7393416021604018,0.5181524002200824,0.22118920194031944,ANTIDEPRESSANTS_BROAD,Broad antidepressant and rapid-acting antidepressant context,ADRB1,CerebellumPeduncles
ADRB1|EXACT_SINGLE_PROTEIN|HSAMP_374f872ebf1bbba2be514f9f|HUMAN_BIOGPS_GNF1H_GCRMA_77_TISSUE_DDOF1,-0.4668564817714058,0.21470971184712928,-0.6815661936185351,ANTIDEPRESSANTS_BROAD,Broad antidepressant and rapid-acting antidepressant context,ADRB1,GlobusPallidus
ADRB1|EXACT_SINGLE_PROTEIN|HSAMP_5c090f15f3e5194312a7e8ed|HUMAN_BIOGPS_GNF1H_GCRMA_77_TISSUE_DDOF1,-0.4821694168786324,0.20925355387225586,-0.6914229707508883,ANTIDEPRESSANTS_BROAD,Broad antidepressant and rapid-acting antidepressant context,ADRB1,MedullaOblongata
ADRB1|EXACT_SINGLE_PROTEIN|HSAMP_752ebc880edc13bb4e2b2de8|HUMAN_BIOGPS_GNF1H_GCRMA_77_TISSUE_DDOF1,0.569170473143565,0.49035104769623167,0.07881942544733328,ANTIDEPRESSANTS_BROAD,Broad antidepressant and rapid-acting antidepressant context,ADRB1,PrefrontalCortex
ADRB1|EXACT_SINGLE_PROTEIN|HSAMP_7725bb8a75064c4d7246d9ba|HUMAN_BIOGPS_GNF1H_GCRMA_77_TISSUE_DDOF1,-0.5461687686101482,0.18658217151624587,-0.7327509401263941,ANTIDEPRESSANTS_BROAD,Broad antidepressant and rapid-acting antidepressant context,ADRB1,OccipitalLobe
ADRB1|EXACT_SINGLE_PROTEIN|HSAMP_8ed020260a1d25cf72324c8a|HUMAN_BIOGPS_GNF1H_GCRMA_77_TISSUE_DDOF1,0.08728974070777511,0.40998989550832254,-0.3227001548005474,ANTIDEPRESSANTS_BROAD,Broad antidepressant and rapid-acting antidepressant context,ADRB1,Hypothalamus
ADRB1|EXACT_SINGLE_PROTEIN|HSAMP_936b77a4b11b5c19027de438|HUMAN_BIOGPS_GNF1H_GCRMA_77_TISSUE_DDOF1,0.08728974070777511,0.40998989550832254,-0.3227001548005474,ANTIDEPRESSANTS_BROAD,Broad antidepressant and rapid-acting antidepressant context,ADRB1,Spinalcord
ADRB1|EXACT_SINGLE_PROTEIN|HSAMP_9aa72e4fb1ff63e1792b1ec7|HUMAN_BIOGPS_GNF1H_GCRMA_77_TISSUE_DDOF1,-0.6925507239086541,0.15914434505768882,-0.851695068966343,ANTIDEPRESSANTS_BROAD,Broad antidepressant and rapid-acting antidepressant context,ADRB1,Cerebellum
ADRB1|EXACT_SINGLE_PROTEIN|HSAMP_a32ce488a48b0df9b8c4c40a|HUMAN_BIOGPS_GNF1H_GCRMA_77_TISSUE_DDOF1,-0.5461687686101482,0.18658217151624587,-0.7327509401263941,ANTIDEPRESSANTS_BROAD,Broad antidepressant and rapid-acting antidepressant context,ADRB1,Caudatenucleus
ADRB1|EXACT_SINGLE_PROTEIN|HSAMP_d99ba5ea584363f8600ade55|HUMAN_BIOGPS_GNF1H_GCRMA_77_TISSUE_DDOF1,0.652683436201902,0.5064543328679659,0.14622910333393602,ANTIDEPRESSANTS_BROAD,Broad antidepressant and rapid-acting antidepressant context,ADRB1,CingulateCortex
ADRB1|EXACT_SINGLE_PROTEIN|HSAMP_e75262fc0acfda69d976a6d3|HUMAN_BIOGPS_GNF1H_GCRMA_77_TISSUE_DDOF1,0.8690862670857428,0.5380171311351464,0.3310691359505964,ANTIDEPRESSANTS_BROAD,Broad antidepressant and rapid-acting antidepressant context,ADRB1,ParietalLobe
ADRB1|EXACT_SINGLE_PROTEIN|HSAMP_eb2587e74e2d6457032d4ae7|HUMAN_BIOGPS_GNF1H_GCRMA_77_TISSUE_DDOF1,-0.3574888479226209,0.22915340211929547,-0.5866422500419164,ANTIDEPRESSANTS_BROAD,Broad antidepressant and rapid-acting antidepressant context,ADRB1,TemporalLobe
ADRB1|EXACT_SINGLE_PROTEIN|HSAMP_f43595f3557cf05e6a721aeb|HUMAN_BIOGPS_GNF1H_GCRMA_77_TISSUE_DDOF1,0.036968827855691416,0.3810850737653678,-0.3441162459096764,ANTIDEPRESSANTS_BROAD,Broad antidepressant and rapid-acting antidepressant context,ADRB1,Thalamus
ADRB1|EXACT_SINGLE_PROTEIN|HSAMP_ff841df7ecd9f2c8ea2660f5|HUMAN_BIOGPS_GNF1H_GCRMA_77_TISSUE_DDOF1,-0.8232697206603634,0.14576064667964567,-0.9690303673400091,ANTIDEPRESSANTS_BROAD,Broad antidepressant and rapid-acting antidepressant context,ADRB1,OlfactoryBulb
CHRM2|EXACT_SINGLE_PROTEIN|HSAMP_06645e2e8409a5b743985cdd|HUMAN_BIOGPS_GNF1H_GCRMA_77_TISSUE_DDOF1,-0.7574001275804327,0.11088610034105428,-0.868286227921487,ANTIDEPRESSANTS_BROAD,Broad antidepressant and rapid-acting antidepressant context,CHRM2,Wholebrain
CHRM2|EXACT_SINGLE_PROTEIN|HSAMP_0cb8b4d1db8c390eeeecca55|HUMAN_BIOGPS_GNF1H_GCRMA_77_TISSUE_DDOF1,-0.3653832947616556,0.16623118397417144,-0.531614478735827,ANTIDEPRESSANTS_BROAD,Broad antidepressant and rapid-acting antidepressant context,CHRM2,Pons
CHRM2|EXACT_SINGLE_PROTEIN|HSAMP_13a552b6ffc4aac3b85a50ca|HUMAN_BIOGPS_GNF1H_GCRMA_77_TISSUE_DDOF1,0.5258989545917097,0.48343258959893964,0.04246636499277001,ANTIDEPRESSANTS_BROAD,Broad antidepressant and rapid-acting antidepressant context,CHRM2,Amygdala
CHRM2|EXACT_SINGLE_PROTEIN|HSAMP_192dff4b8df5862a227b1163|HUMAN_BIOGPS_GNF1H_GCRMA_77_TISSUE_DDOF1,-0.5598986653287035,0.14465598493854662,-0.7045546502672501,ANTIDEPRESSANTS_BROAD,Broad antidepressant and rapid-acting antidepressant context,CHRM2,SubthalamicNucleus
CHRM2|EXACT_SINGLE_PROTEIN|HSAMP_20b60708f05d03c76f9fe702|HUMAN_BIOGPS_GNF1H_GCRMA_77_TISSUE_DDOF1,0.7569183516842588,0.532885184835712,0.2240331668485468,ANTIDEPRESSANTS_BROAD,Broad antidepressant and rapid-acting antidepressant context,CHRM2,CerebellumPeduncles
CHRM2|EXACT_SINGLE_PROTEIN|HSAMP_374f872ebf1bbba2be514f9f|HUMAN_BIOGPS_GNF1H_GCRMA_77_TISSUE_DDOF1,-0.7574001275804327,0.11088610034105428,-0.868286227921487,ANTIDEPRESSANTS_BROAD,Broad antidepressant and rapid-acting antidepressant context,CHRM2,GlobusPallidus
CHRM2|EXACT_SINGLE_PROTEIN|HSAMP_5c090f15f3e5194312a7e8ed|HUMAN_BIOGPS_GNF1H_GCRMA_77_TISSUE_DDOF1,-0.47798387534273784,0.15215205777848298,-0.6301359331212208,ANTIDEPRESSANTS_BROAD,Broad antidepressant and rapid-acting antidepressant context,CHRM2,MedullaOblongata
CHRM2|EXACT_SINGLE_PROTEIN|HSAMP_752ebc880edc13bb4e2b2de8|HUMAN_BIOGPS_GNF1H_GCRMA_77_TISSUE_DDOF1,1.0145542963360945,0.6150859554413306,0.3994683408947639,ANTIDEPRESSANTS_BROAD,Broad antidepressant and rapid-acting antidepressant context,CHRM2,PrefrontalCortex
CHRM2|EXACT_SINGLE_PROTEIN|HSAMP_7725bb8a75064c4d7246d9ba|HUMAN_BIOGPS_GNF1H_GCRMA_77_TISSUE_DDOF1,-0.5598986653287035,0.14465598493854662,-0.7045546502672501,ANTIDEPRESSANTS_BROAD,Broad antidepressant and rapid-acting antidepressant context,CHRM2,OccipitalLobe
CHRM2|EXACT_SINGLE_PROTEIN|HSAMP_8ed020260a1d25cf72324c8a|HUMAN_BIOGPS_GNF1H_GCRMA_77_TISSUE_DDOF1,0.6535991930171212,0.5174049924182178,0.13619420059890341,ANTIDEPRESSANTS_BROAD,Broad antidepressant and rapid-acting antidepressant context,CHRM2,Hypothalamus
CHRM2|EXACT_SINGLE_PROTEIN|HSAMP_936b77a4b11b5c19027de438|HUMAN_BIOGPS_GNF1H_GCRMA_77_TISSUE_DDOF1,0.5798966045664208,0.5060842126794746,0.07381239188694622,ANTIDEPRESSANTS_BROAD,Broad antidepressant and rapid-acting antidepressant context,CHRM2,Spinalcord
CHRM2|EXACT_SINGLE_PROTEIN|HSAMP_9aa72e4fb1ff63e1792b1ec7|HUMAN_BIOGPS_GNF1H_GCRMA_77_TISSUE_DDOF1,-0.6306909781843474,0.12903341924832698,-0.7597243974326744,ANTIDEPRESSANTS_BROAD,Broad antidepressant and rapid-acting antidepressant context,CHRM2,Cerebellum
CHRM2|EXACT_SINGLE_PROTEIN|HSAMP_a32ce488a48b0df9b8c4c40a|HUMAN_BIOGPS_GNF1H_GCRMA_77_TISSUE_DDOF1,-0.6306909781843474,0.12903341924832698,-0.7597243974326744,ANTIDEPRESSANTS_BROAD,Broad antidepressant and rapid-acting antidepressant context,CHRM2,Caudatenucleus
CHRM2|EXACT_SINGLE_PROTEIN|HSAMP_d99ba5ea584363f8600ade55|HUMAN_BIOGPS_GNF1H_GCRMA_77_TISSUE_DDOF1,0.13577879871956952,0.40552901444633604,-0.2697502157267665,ANTIDEPRESSANTS_BROAD,Broad antidepressant and rapid-acting antidepressant context,CHRM2,CingulateCortex
CHRM2|EXACT_SINGLE_PROTEIN|HSAMP_e75262fc0acfda69d976a6d3|HUMAN_BIOGPS_GNF1H_GCRMA_77_TISSUE_DDOF1,0.8281086162368785,0.5521657772786823,0.27594283895819616,ANTIDEPRESSANTS_BROAD,Broad antidepressant and rapid-acting antidepressant context,CHRM2,ParietalLobe
CHRM2|EXACT_SINGLE_PROTEIN|HSAMP_eb2587e74e2d6457032d4ae7|HUMAN_BIOGPS_GNF1H_GCRMA_77_TISSUE_DDOF1,-0.01142305945911525,0.2535852897573771,-0.26500834921649236,ANTIDEPRESSANTS_BROAD,Broad antidepressant and rapid-acting antidepressant context,CHRM2,TemporalLobe
CHRM2|EXACT_SINGLE_PROTEIN|HSAMP_f43595f3557cf05e6a721aeb|HUMAN_BIOGPS_GNF1H_GCRMA_77_TISSUE_DDOF1,0.13577879871956952,0.40552901444633604,-0.2697502157267665,ANTIDEPRESSANTS_BROAD,Broad antidepressant and rapid-acting antidepressant context,CHRM2,Thalamus
CHRM2|EXACT_SINGLE_PROTEIN|HSAMP_ff841df7ecd9f2c8ea2660f5|HUMAN_BIOGPS_GNF1H_GCRMA_77_TISSUE_DDOF1,-0.9473566328514829,0.07455221963060985,-1.0219088524820927,ANTIDEPRESSANTS_BROAD,Broad antidepressant and rapid-acting antidepressant context,CHRM2,OlfactoryBulb
CHRM3|EXACT_SINGLE_PROTEIN|HSAMP_06645e2e8409a5b743985cdd|HUMAN_BIOGPS_GNF1H_GCRMA_77_TISSUE_DDOF1,1.12499387306454,1.229401662895583,-0.10440778983104315,ANTIDEPRESSANTS_BROAD,Broad antidepressant and rapid-acting antidepressant context,CHRM3,Wholebrain
CHRM3|EXACT_SINGLE_PROTEIN|HSAMP_0cb8b4d1db8c390eeeecca55|HUMAN_BIOGPS_GNF1H_GCRMA_77_TISSUE_DDOF1,0.009288874367541939,-0.05742784627890879,0.06671672064645073,ANTIDEPRESSANTS_BROAD,Broad antidepressant and rapid-acting antidepressant context,CHRM3,Pons
CHRM3|EXACT_SINGLE_PROTEIN|HSAMP_13a552b6ffc4aac3b85a50ca|HUMAN_BIOGPS_GNF1H_GCRMA_77_TISSUE_DDOF1,1.2196470178369565,1.3671407908607218,-0.14749377302376532,ANTIDEPRESSANTS_BROAD,Broad antidepressant and rapid-acting antidepressant context,CHRM3,Amygdala
CHRM3|EXACT_SINGLE_PROTEIN|HSAMP_192dff4b8df5862a227b1163|HUMAN_BIOGPS_GNF1H_GCRMA_77_TISSUE_DDOF1,0.4242907316639165,0.4152047229991856,0.009086008664730916,ANTIDEPRESSANTS_BROAD,Broad antidepressant and rapid-acting antidepressant context,CHRM3,SubthalamicNucleus
CHRM3|EXACT_SINGLE_PROTEIN|HSAMP_20b60708f05d03c76f9fe702|HUMAN_BIOGPS_GNF1H_GCRMA_77_TISSUE_DDOF1,0.0754253984854567,0.034988023135770624,0.04043737534968607,ANTIDEPRESSANTS_BROAD,Broad antidepressant and rapid-acting antidepressant context,CHRM3,CerebellumPeduncles
CHRM3|EXACT_SINGLE_PROTEIN|HSAMP_374f872ebf1bbba2be514f9f|HUMAN_BIOGPS_GNF1H_GCRMA_77_TISSUE_DDOF1,-0.10402842305478566,-0.22594576224177199,0.12191733918698633,ANTIDEPRESSANTS_BROAD,Broad antidepressant and rapid-acting antidepressant context,CHRM3,GlobusPallidus
CHRM3|EXACT_SINGLE_PROTEIN|HSAMP_5c090f15f3e5194312a7e8ed|HUMAN_BIOGPS_GNF1H_GCRMA_77_TISSUE_DDOF1,0.3643441543381009,0.3202455522955843,0.04409860204251659,ANTIDEPRESSANTS_BROAD,Broad antidepressant and rapid-acting antidepressant context,CHRM3,MedullaOblongata
CHRM3|EXACT_SINGLE_PROTEIN|HSAMP_752ebc880edc13bb4e2b2de8|HUMAN_BIOGPS_GNF1H_GCRMA_77_TISSUE_DDOF1,2.6155934488421475,2.7616992368461806,-0.14610578800403307,ANTIDEPRESSANTS_BROAD,Broad antidepressant and rapid-acting antidepressant context,CHRM3,PrefrontalCortex
CHRM3|EXACT_SINGLE_PROTEIN|HSAMP_7725bb8a75064c4d7246d9ba|HUMAN_BIOGPS_GNF1H_GCRMA_77_TISSUE_DDOF1,0.7434044170757004,0.7792524181473751,-0.03584800107167474,ANTIDEPRESSANTS_BROAD,Broad antidepressant and rapid-acting antidepressant context,CHRM3,OccipitalLobe
CHRM3|EXACT_SINGLE_PROTEIN|HSAMP_8ed020260a1d25cf72324c8a|HUMAN_BIOGPS_GNF1H_GCRMA_77_TISSUE_DDOF1,0.07228204391287499,0.030447813340375447,0.04183423057249954,ANTIDEPRESSANTS_BROAD,Broad antidepressant and rapid-acting antidepressant context,CHRM3,Hypothalamus
CHRM3|EXACT_SINGLE_PROTEIN|HSAMP_936b77a4b11b5c19027de438|HUMAN_BIOGPS_GNF1H_GCRMA_77_TISSUE_DDOF1,0.04454906146442492,0.0011777396054783223,0.0433713218589466,ANTIDEPRESSANTS_BROAD,Broad antidepressant and rapid-acting antidepressant context,CHRM3,Spinalcord
CHRM3|EXACT_SINGLE_PROTEIN|HSAMP_9aa72e4fb1ff63e1792b1ec7|HUMAN_BIOGPS_GNF1H_GCRMA_77_TISSUE_DDOF1,-0.07721997063400048,-0.18249599976183836,0.10527602912783789,ANTIDEPRESSANTS_BROAD,Broad antidepressant and rapid-acting antidepressant context,CHRM3,Cerebellum
CHRM3|EXACT_SINGLE_PROTEIN|HSAMP_a32ce488a48b0df9b8c4c40a|HUMAN_BIOGPS_GNF1H_GCRMA_77_TISSUE_DDOF1,-0.022691925819512807,-0.10894033518819553,0.08624840936868272,ANTIDEPRESSANTS_BROAD,Broad antidepressant and rapid-acting antidepressant context,CHRM3,Caudatenucleus
CHRM3|EXACT_SINGLE_PROTEIN|HSAMP_d99ba5ea584363f8600ade55|HUMAN_BIOGPS_GNF1H_GCRMA_77_TISSUE_DDOF1,0.05521957840724115,0.01317747048262973,0.04204210792461142,ANTIDEPRESSANTS_BROAD,Broad antidepressant and rapid-acting antidepressant context,CHRM3,CingulateCortex
CHRM3|EXACT_SINGLE_PROTEIN|HSAMP_e75262fc0acfda69d976a6d3|HUMAN_BIOGPS_GNF1H_GCRMA_77_TISSUE_DDOF1,0.0754253984854567,0.034988023135770624,0.04043737534968607,ANTIDEPRESSANTS_BROAD,Broad antidepressant and rapid-acting antidepressant context,CHRM3,ParietalLobe
CHRM3|EXACT_SINGLE_PROTEIN|HSAMP_eb2587e74e2d6457032d4ae7|HUMAN_BIOGPS_GNF1H_GCRMA_77_TISSUE_DDOF1,0.0271444976889488,-0.022450726504319892,0.04959522419326869,ANTIDEPRESSANTS_BROAD,Broad antidepressant and rapid-acting antidepressant context,CHRM3,TemporalLobe
CHRM3|EXACT_SINGLE_PROTEIN|HSAMP_f43595f3557cf05e6a721aeb|HUMAN_BIOGPS_GNF1H_GCRMA_77_TISSUE_DDOF1,0.0271444976889488,-0.022450726504319892,0.04959522419326869,ANTIDEPRESSANTS_BROAD,Broad antidepressant and rapid-acting antidepressant context,CHRM3,Thalamus
CHRM3|EXACT_SINGLE_PROTEIN|HSAMP_ff841df7ecd9f2c8ea2660f5|HUMAN_BIOGPS_GNF1H_GCRMA_77_TISSUE_DDOF1,-0.08253096470530781,-0.2037698102015274,0.12123884549621959,ANTIDEPRESSANTS_BROAD,Broad antidepressant and rapid-acting antidepressant context,CHRM3,OlfactoryBulb
DRD1|EXACT_SINGLE_PROTEIN|HSAMP_06645e2e8409a5b743985cdd|HUMAN_BIOGPS_GNF1H_GCRMA_77_TISSUE_DDOF1,-1.0199319740352728,0.07315802398245347,-1.0930899980177262,ANTIDEPRESSANTS_BROAD,Broad antidepressant and rapid-acting antidepressant context,DRD1,Wholebrain
DRD1|EXACT_SINGLE_PROTEIN|HSAMP_0cb8b4d1db8c390eeeecca55|HUMAN_BIOGPS_GNF1H_GCRMA_77_TISSUE_DDOF1,2.0965443229637026,0.935627712607444,1.1609166103562587,ANTIDEPRESSANTS_BROAD,Broad antidepressant and rapid-acting antidepressant context,DRD1,Pons
DRD1|EXACT_SINGLE_PROTEIN|HSAMP_13a552b6ffc4aac3b85a50ca|HUMAN_BIOGPS_GNF1H_GCRMA_77_TISSUE_DDOF1,0.1952313227185618,0.4331549421569222,-0.23792361943836038,ANTIDEPRESSANTS_BROAD,Broad antidepressant and rapid-acting antidepressant context,DRD1,Amygdala
DRD1|EXACT_SINGLE_PROTEIN|HSAMP_192dff4b8df5862a227b1163|HUMAN_BIOGPS_GNF1H_GCRMA_77_TISSUE_DDOF1,-0.27756093309630286,0.20142294654575024,-0.47898387964205313,ANTIDEPRESSANTS_BROAD,Broad antidepressant and rapid-acting antidepressant context,DRD1,SubthalamicNucleus
DRD1|EXACT_SINGLE_PROTEIN|HSAMP_20b60708f05d03c76f9fe702|HUMAN_BIOGPS_GNF1H_GCRMA_77_TISSUE_DDOF1,1.1289154780131896,0.6416462748856281,0.4872692031275615,ANTIDEPRESSANTS_BROAD,Broad antidepressant and rapid-acting antidepressant context,DRD1,CerebellumPeduncles
DRD1|EXACT_SINGLE_PROTEIN|HSAMP_374f872ebf1bbba2be514f9f|HUMAN_BIOGPS_GNF1H_GCRMA_77_TISSUE_DDOF1,-1.176829333645712,0.04420814593286289,-1.221037479578575,ANTIDEPRESSANTS_BROAD,Broad antidepressant and rapid-acting antidepressant context,DRD1,GlobusPallidus
DRD1|EXACT_SINGLE_PROTEIN|HSAMP_5c090f15f3e5194312a7e8ed|HUMAN_BIOGPS_GNF1H_GCRMA_77_TISSUE_DDOF1,-0.7018660678791991,0.123891345640592,-0.8257574135197912,ANTIDEPRESSANTS_BROAD,Broad antidepressant and rapid-acting antidepressant context,DRD1,MedullaOblongata
DRD1|EXACT_SINGLE_PROTEIN|HSAMP_752ebc880edc13bb4e2b2de8|HUMAN_BIOGPS_GNF1H_GCRMA_77_TISSUE_DDOF1,1.2601358504247482,0.6753020028320598,0.5848338475926884,ANTIDEPRESSANTS_BROAD,Broad antidepressant and rapid-acting antidepressant context,DRD1,PrefrontalCortex
DRD1|EXACT_SINGLE_PROTEIN|HSAMP_7725bb8a75064c4d7246d9ba|HUMAN_BIOGPS_GNF1H_GCRMA_77_TISSUE_DDOF1,-0.27756093309630286,0.20142294654575024,-0.47898387964205313,ANTIDEPRESSANTS_BROAD,Broad antidepressant and rapid-acting antidepressant context,DRD1,OccipitalLobe
DRD1|EXACT_SINGLE_PROTEIN|HSAMP_8ed020260a1d25cf72324c8a|HUMAN_BIOGPS_GNF1H_GCRMA_77_TISSUE_DDOF1,0.5080833356324513,0.47887323637875073,0.029210099253700605,ANTIDEPRESSANTS_BROAD,Broad antidepressant and rapid-acting antidepressant context,DRD1,Hypothalamus
DRD1|EXACT_SINGLE_PROTEIN|HSAMP_936b77a4b11b5c19027de438|HUMAN_BIOGPS_GNF1H_GCRMA_77_TISSUE_DDOF1,0.5686601787062724,0.5001269280696699,0.06853325063660254,ANTIDEPRESSANTS_BROAD,Broad antidepressant and rapid-acting antidepressant context,DRD1,Spinalcord
DRD1|EXACT_SINGLE_PROTEIN|HSAMP_9aa72e4fb1ff63e1792b1ec7|HUMAN_BIOGPS_GNF1H_GCRMA_77_TISSUE_DDOF1,-1.1475531269509405,0.05066759907038357,-1.198220726021324,ANTIDEPRESSANTS_BROAD,Broad antidepressant and rapid-acting antidepressant context,DRD1,Cerebellum
DRD1|EXACT_SINGLE_PROTEIN|HSAMP_a32ce488a48b0df9b8c4c40a|HUMAN_BIOGPS_GNF1H_GCRMA_77_TISSUE_DDOF1,2.1236563043673424,0.9516977510868887,1.1719585532804537,ANTIDEPRESSANTS_BROAD,Broad antidepressant and rapid-acting antidepressant context,DRD1,Caudatenucleus
DRD1|EXACT_SINGLE_PROTEIN|HSAMP_d99ba5ea584363f8600ade55|HUMAN_BIOGPS_GNF1H_GCRMA_77_TISSUE_DDOF1,0.5392124659063131,0.48638267801808366,0.05282978788822945,ANTIDEPRESSANTS_BROAD,Broad antidepressant and rapid-acting antidepressant context,DRD1,CingulateCortex
DRD1|EXACT_SINGLE_PROTEIN|HSAMP_e75262fc0acfda69d976a6d3|HUMAN_BIOGPS_GNF1H_GCRMA_77_TISSUE_DDOF1,0.7378729950855282,0.5273194023663479,0.21055359271918028,ANTIDEPRESSANTS_BROAD,Broad antidepressant and rapid-acting antidepressant context,DRD1,ParietalLobe
DRD1|EXACT_SINGLE_PROTEIN|HSAMP_eb2587e74e2d6457032d4ae7|HUMAN_BIOGPS_GNF1H_GCRMA_77_TISSUE_DDOF1,-0.5598986653287035,0.15081044628514312,-0.7107091116138466,ANTIDEPRESSANTS_BROAD,Broad antidepressant and rapid-acting antidepressant context,DRD1,TemporalLobe
DRD1|EXACT_SINGLE_PROTEIN|HSAMP_f43595f3557cf05e6a721aeb|HUMAN_BIOGPS_GNF1H_GCRMA_77_TISSUE_DDOF1,0.3813597957078119,0.4641793453906704,-0.08281954968285848,ANTIDEPRESSANTS_BROAD,Broad antidepressant and rapid-acting antidepressant context,DRD1,Thalamus
DRD1|EXACT_SINGLE_PROTEIN|HSAMP_ff841df7ecd9f2c8ea2660f5|HUMAN_BIOGPS_GNF1H_GCRMA_77_TISSUE_DDOF1,-1.2633855524827133,0.026687088135995896,-1.2900726406187093,ANTIDEPRESSANTS_BROAD,Broad antidepressant and rapid-acting antidepressant context,DRD1,OlfactoryBulb
DRD2|EXACT_SINGLE_PROTEIN|HSAMP_06645e2e8409a5b743985cdd|HUMAN_BIOGPS_GNF1H_GCRMA_77_TISSUE_DDOF1,-1.1821473736323194,0.06645365774105622,-1.2486010313733755,ANTIDEPRESSANTS_BROAD,Broad antidepressant and rapid-acting antidepressant context,DRD2,Wholebrain
DRD2|EXACT_SINGLE_PROTEIN|HSAMP_0cb8b4d1db8c390eeeecca55|HUMAN_BIOGPS_GNF1H_GCRMA_77_TISSUE_DDOF1,1.0777228410380117,0.604665812520933,0.47305702851707876,ANTIDEPRESSANTS_BROAD,Broad antidepressant and rapid-acting antidepressant context,DRD2,Pons
DRD2|EXACT_SINGLE_PROTEIN|HSAMP_13a552b6ffc4aac3b85a50ca|HUMAN_BIOGPS_GNF1H_GCRMA_77_TISSUE_DDOF1,0.5519602954603179,0.4903239656057134,0.06163632985460449,ANTIDEPRESSANTS_BROAD,Broad antidepressant and rapid-acting antidepressant context,DRD2,Amygdala
DRD2|EXACT_SINGLE_PROTEIN|HSAMP_192dff4b8df5862a227b1163|HUMAN_BIOGPS_GNF1H_GCRMA_77_TISSUE_DDOF1,0.8392269062637512,0.5431809437984702,0.29604596246528103,ANTIDEPRESSANTS_BROAD,Broad antidepressant and rapid-acting antidepressant context,DRD2,SubthalamicNucleus
DRD2|EXACT_SINGLE_PROTEIN|HSAMP_20b60708f05d03c76f9fe702|HUMAN_BIOGPS_GNF1H_GCRMA_77_TISSUE_DDOF1,0.9520135263546999,0.5720117661544735,0.38000176020022647,ANTIDEPRESSANTS_BROAD,Broad antidepressant and rapid-acting antidepressant context,DRD2,CerebellumPeduncles
DRD2|EXACT_SINGLE_PROTEIN|HSAMP_374f872ebf1bbba2be514f9f|HUMAN_BIOGPS_GNF1H_GCRMA_77_TISSUE_DDOF1,-1.993788511289635,-0.1020786016636677,-1.8917099096259673,ANTIDEPRESSANTS_BROAD,Broad antidepressant and rapid-acting antidepressant context,DRD2,GlobusPallidus
DRD2|EXACT_SINGLE_PROTEIN|HSAMP_5c090f15f3e5194312a7e8ed|HUMAN_BIOGPS_GNF1H_GCRMA_77_TISSUE_DDOF1,1.0166286964608697,0.592205064983683,0.42442363147718676,ANTIDEPRESSANTS_BROAD,Broad antidepressant and rapid-acting antidepressant context,DRD2,MedullaOblongata
DRD2|EXACT_SINGLE_PROTEIN|HSAMP_752ebc880edc13bb4e2b2de8|HUMAN_BIOGPS_GNF1H_GCRMA_77_TISSUE_DDOF1,1.3168919284993814,0.6560870447322523,0.6608048837671291,ANTIDEPRESSANTS_BROAD,Broad antidepressant and rapid-acting antidepressant context,DRD2,PrefrontalCortex
DRD2|EXACT_SINGLE_PROTEIN|HSAMP_7725bb8a75064c4d7246d9ba|HUMAN_BIOGPS_GNF1H_GCRMA_77_TISSUE_DDOF1,-0.8939575297331432,0.11633934088038925,-1.0102968706135325,ANTIDEPRESSANTS_BROAD,Broad antidepressant and rapid-acting antidepressant context,DRD2,OccipitalLobe
DRD2|EXACT_SINGLE_PROTEIN|HSAMP_8ed020260a1d25cf72324c8a|HUMAN_BIOGPS_GNF1H_GCRMA_77_TISSUE_DDOF1,0.8392269062637512,0.5431809437984702,0.29604596246528103,ANTIDEPRESSANTS_BROAD,Broad antidepressant and rapid-acting antidepressant context,DRD2,Hypothalamus
DRD2|EXACT_SINGLE_PROTEIN|HSAMP_936b77a4b11b5c19027de438|HUMAN_BIOGPS_GNF1H_GCRMA_77_TISSUE_DDOF1,0.7322673193930682,0.5202010128947012,0.212066306498367,ANTIDEPRESSANTS_BROAD,Broad antidepressant and rapid-acting antidepressant context,DRD2,Spinalcord
DRD2|EXACT_SINGLE_PROTEIN|HSAMP_9aa72e4fb1ff63e1792b1ec7|HUMAN_BIOGPS_GNF1H_GCRMA_77_TISSUE_DDOF1,-1.4446799087147795,0.008866553155838577,-1.453546461870618,ANTIDEPRESSANTS_BROAD,Broad antidepressant and rapid-acting antidepressant context,DRD2,Cerebellum
DRD2|EXACT_SINGLE_PROTEIN|HSAMP_a32ce488a48b0df9b8c4c40a|HUMAN_BIOGPS_GNF1H_GCRMA_77_TISSUE_DDOF1,1.4868728122600303,0.6930920999301271,0.7937807123299032,ANTIDEPRESSANTS_BROAD,Broad antidepressant and rapid-acting antidepressant context,DRD2,Caudatenucleus
DRD2|EXACT_SINGLE_PROTEIN|HSAMP_d99ba5ea584363f8600ade55|HUMAN_BIOGPS_GNF1H_GCRMA_77_TISSUE_DDOF1,0.899493305183655,0.5549785335775792,0.3445147716060758,ANTIDEPRESSANTS_BROAD,Broad antidepressant and rapid-acting antidepressant context,DRD2,CingulateCortex
DRD2|EXACT_SINGLE_PROTEIN|HSAMP_e75262fc0acfda69d976a6d3|HUMAN_BIOGPS_GNF1H_GCRMA_77_TISSUE_DDOF1,0.6289768611493518,0.504413360722315,0.12456350042703679,ANTIDEPRESSANTS_BROAD,Broad antidepressant and rapid-acting antidepressant context,DRD2,ParietalLobe
DRD2|EXACT_SINGLE_PROTEIN|HSAMP_eb2587e74e2d6457032d4ae7|HUMAN_BIOGPS_GNF1H_GCRMA_77_TISSUE_DDOF1,-0.7735111971300326,0.1424984177801482,-0.9160096149101808,ANTIDEPRESSANTS_BROAD,Broad antidepressant and rapid-acting antidepressant context,DRD2,TemporalLobe
DRD2|EXACT_SINGLE_PROTEIN|HSAMP_f43595f3557cf05e6a721aeb|HUMAN_BIOGPS_GNF1H_GCRMA_77_TISSUE_DDOF1,0.6658465233539429,0.5116563289958099,0.15419019435813297,ANTIDEPRESSANTS_BROAD,Broad antidepressant and rapid-acting antidepressant context,DRD2,Thalamus
DRD2|EXACT_SINGLE_PROTEIN|HSAMP_ff841df7ecd9f2c8ea2660f5|HUMAN_BIOGPS_GNF1H_GCRMA_77_TISSUE_DDOF1,-1.5655491787396816,-0.010990231102208384,-1.5545589476374733,ANTIDEPRESSANTS_BROAD,Broad antidepressant and rapid-acting antidepressant context,DRD2,OlfactoryBulb
DRD3|EXACT_SINGLE_PROTEIN|HSAMP_06645e2e8409a5b743985cdd|HUMAN_BIOGPS_GNF1H_GCRMA_77_TISSUE_DDOF1,-1.2842121542417289,0.10514328924244509,-1.389355443484174,ANTIDEPRESSANTS_BROAD,Broad antidepressant and rapid-acting antidepressant context,DRD3,Wholebrain
DRD3|EXACT_SINGLE_PROTEIN|HSAMP_0cb8b4d1db8c390eeeecca55|HUMAN_BIOGPS_GNF1H_GCRMA_77_TISSUE_DDOF1,0.0023834309956057204,0.3673720041549847,-0.364988573159379,ANTIDEPRESSANTS_BROAD,Broad antidepressant and rapid-acting antidepressant context,DRD3,Pons
DRD3|EXACT_SINGLE_PROTEIN|HSAMP_13a552b6ffc4aac3b85a50ca|HUMAN_BIOGPS_GNF1H_GCRMA_77_TISSUE_DDOF1,0.030568438403599383,0.38382320166864625,-0.35325476326504684,ANTIDEPRESSANTS_BROAD,Broad antidepressant and rapid-acting antidepressant context,DRD3,Amygdala
DRD3|EXACT_SINGLE_PROTEIN|HSAMP_192dff4b8df5862a227b1163|HUMAN_BIOGPS_GNF1H_GCRMA_77_TISSUE_DDOF1,-0.08003462664942151,0.3377901602562843,-0.4178247869057058,ANTIDEPRESSANTS_BROAD,Broad antidepressant and rapid-acting antidepressant context,DRD3,SubthalamicNucleus
DRD3|EXACT_SINGLE_PROTEIN|HSAMP_20b60708f05d03c76f9fe702|HUMAN_BIOGPS_GNF1H_GCRMA_77_TISSUE_DDOF1,1.2866473345289737,0.6084670723777859,0.6781802621511879,ANTIDEPRESSANTS_BROAD,Broad antidepressant and rapid-acting antidepressant context,DRD3,CerebellumPeduncles
DRD3|EXACT_SINGLE_PROTEIN|HSAMP_374f872ebf1bbba2be514f9f|HUMAN_BIOGPS_GNF1H_GCRMA_77_TISSUE_DDOF1,-1.0748620696191764,0.1307461394251967,-1.2056082090443732,ANTIDEPRESSANTS_BROAD,Broad antidepressant and rapid-acting antidepressant context,DRD3,GlobusPallidus
DRD3|EXACT_SINGLE_PROTEIN|HSAMP_5c090f15f3e5194312a7e8ed|HUMAN_BIOGPS_GNF1H_GCRMA_77_TISSUE_DDOF1,-0.839299390925231,0.17134796549466513,-1.0106473564198961,ANTIDEPRESSANTS_BROAD,Broad antidepressant and rapid-acting antidepressant context,DRD3,MedullaOblongata
DRD3|EXACT_SINGLE_PROTEIN|HSAMP_752ebc880edc13bb4e2b2de8|HUMAN_BIOGPS_GNF1H_GCRMA_77_TISSUE_DDOF1,1.0490540983509957,0.5632735063497369,0.4857805920012588,ANTIDEPRESSANTS_BROAD,Broad antidepressant and rapid-acting antidepressant context,DRD3,PrefrontalCortex
DRD3|EXACT_SINGLE_PROTEIN|HSAMP_7725bb8a75064c4d7246d9ba|HUMAN_BIOGPS_GNF1H_GCRMA_77_TISSUE_DDOF1,-0.7362370849074823,0.18919502098519758,-0.9254321058926799,ANTIDEPRESSANTS_BROAD,Broad antidepressant and rapid-acting antidepressant context,DRD3,OccipitalLobe
DRD3|EXACT_SINGLE_PROTEIN|HSAMP_8ed020260a1d25cf72324c8a|HUMAN_BIOGPS_GNF1H_GCRMA_77_TISSUE_DDOF1,0.6563538384335851,0.5018442703521442,0.1545095680814409,ANTIDEPRESSANTS_BROAD,Broad antidepressant and rapid-acting antidepressant context,DRD3,Hypothalamus
DRD3|EXACT_SINGLE_PROTEIN|HSAMP_936b77a4b11b5c19027de438|HUMAN_BIOGPS_GNF1H_GCRMA_77_TISSUE_DDOF1,0.7451626111009189,0.5150448850703568,0.23011772603056202,ANTIDEPRESSANTS_BROAD,Broad antidepressant and rapid-acting antidepressant context,DRD3,Spinalcord
DRD3|EXACT_SINGLE_PROTEIN|HSAMP_9aa72e4fb1ff63e1792b1ec7|HUMAN_BIOGPS_GNF1H_GCRMA_77_TISSUE_DDOF1,-1.2351547291729417,0.11120979812672258,-1.3463645272996643,ANTIDEPRESSANTS_BROAD,Broad antidepressant and rapid-acting antidepressant context,DRD3,Cerebellum
DRD3|EXACT_SINGLE_PROTEIN|HSAMP_a32ce488a48b0df9b8c4c40a|HUMAN_BIOGPS_GNF1H_GCRMA_77_TISSUE_DDOF1,-0.7592120109312279,0.18334783793794496,-0.9425598488691729,ANTIDEPRESSANTS_BROAD,Broad antidepressant and rapid-acting antidepressant context,DRD3,Caudatenucleus
DRD3|EXACT_SINGLE_PROTEIN|HSAMP_d99ba5ea584363f8600ade55|HUMAN_BIOGPS_GNF1H_GCRMA_77_TISSUE_DDOF1,0.48383712564449033,0.4732572870145334,0.010579838629956928,ANTIDEPRESSANTS_BROAD,Broad antidepressant and rapid-acting antidepressant context,DRD3,CingulateCortex
DRD3|EXACT_SINGLE_PROTEIN|HSAMP_e75262fc0acfda69d976a6d3|HUMAN_BIOGPS_GNF1H_GCRMA_77_TISSUE_DDOF1,0.8685906746985917,0.5309410937118506,0.33764958098674114,ANTIDEPRESSANTS_BROAD,Broad antidepressant and rapid-acting antidepressant context,DRD3,ParietalLobe
DRD3|EXACT_SINGLE_PROTEIN|HSAMP_eb2587e74e2d6457032d4ae7|HUMAN_BIOGPS_GNF1H_GCRMA_77_TISSUE_DDOF1,-0.5738641542024093,0.21693285849335148,-0.7907970126957609,ANTIDEPRESSANTS_BROAD,Broad antidepressant and rapid-acting antidepressant context,DRD3,TemporalLobe
DRD3|EXACT_SINGLE_PROTEIN|HSAMP_f43595f3557cf05e6a721aeb|HUMAN_BIOGPS_GNF1H_GCRMA_77_TISSUE_DDOF1,0.5240810981462861,0.47922750717486334,0.044853590971422774,ANTIDEPRESSANTS_BROAD,Broad antidepressant and rapid-acting antidepressant context,DRD3,Thalamus
DRD3|EXACT_SINGLE_PROTEIN|HSAMP_ff841df7ecd9f2c8ea2660f5|HUMAN_BIOGPS_GNF1H_GCRMA_77_TISSUE_DDOF1,-1.3752266954158143,0.09904393220823478,-1.4742706276240491,ANTIDEPRESSANTS_BROAD,Broad antidepressant and rapid-acting antidepressant context,DRD3,OlfactoryBulb
HRH1|EXACT_SINGLE_PROTEIN|HSAMP_06645e2e8409a5b743985cdd|HUMAN_BIOGPS_GNF1H_GCRMA_77_TISSUE_DDOF1,-1.1095455805079992,-0.5577814897691824,-0.5517640907388168,ANTIDEPRESSANTS_BROAD,Broad antidepressant and rapid-acting antidepressant context,HRH1,Wholebrain
HRH1|EXACT_SINGLE_PROTEIN|HSAMP_0cb8b4d1db8c390eeeecca55|HUMAN_BIOGPS_GNF1H_GCRMA_77_TISSUE_DDOF1,-0.4069665813435382,-0.08824021826854123,-0.31872636307499697,ANTIDEPRESSANTS_BROAD,Broad antidepressant and rapid-acting antidepressant context,HRH1,Pons
HRH1|EXACT_SINGLE_PROTEIN|HSAMP_13a552b6ffc4aac3b85a50ca|HUMAN_BIOGPS_GNF1H_GCRMA_77_TISSUE_DDOF1,0.8066860352749088,0.6833297803400384,0.12335625493487035,ANTIDEPRESSANTS_BROAD,Broad antidepressant and rapid-acting antidepressant context,HRH1,Amygdala
HRH1|EXACT_SINGLE_PROTEIN|HSAMP_192dff4b8df5862a227b1163|HUMAN_BIOGPS_GNF1H_GCRMA_77_TISSUE_DDOF1,-0.5267059096251675,-0.15877846755931596,-0.36792744206585154,ANTIDEPRESSANTS_BROAD,Broad antidepressant and rapid-acting antidepressant context,HRH1,SubthalamicNucleus
HRH1|EXACT_SINGLE_PROTEIN|HSAMP_20b60708f05d03c76f9fe702|HUMAN_BIOGPS_GNF1H_GCRMA_77_TISSUE_DDOF1,0.825224067399588,0.6914496211064299,0.13377444629315804,ANTIDEPRESSANTS_BROAD,Broad antidepressant and rapid-acting antidepressant context,HRH1,CerebellumPeduncles
HRH1|EXACT_SINGLE_PROTEIN|HSAMP_374f872ebf1bbba2be514f9f|HUMAN_BIOGPS_GNF1H_GCRMA_77_TISSUE_DDOF1,-1.149155340482987,-0.5969009103581588,-0.5522544301248282,ANTIDEPRESSANTS_BROAD,Broad antidepressant and rapid-acting antidepressant context,HRH1,GlobusPallidus
HRH1|EXACT_SINGLE_PROTEIN|HSAMP_5c090f15f3e5194312a7e8ed|HUMAN_BIOGPS_GNF1H_GCRMA_77_TISSUE_DDOF1,0.7948154050603815,0.6738470920687702,0.12096831299161126,ANTIDEPRESSANTS_BROAD,Broad antidepressant and rapid-acting antidepressant context,HRH1,MedullaOblongata
HRH1|EXACT_SINGLE_PROTEIN|HSAMP_752ebc880edc13bb4e2b2de8|HUMAN_BIOGPS_GNF1H_GCRMA_77_TISSUE_DDOF1,1.3680622891810272,1.024079753527259,0.34398253565376824,ANTIDEPRESSANTS_BROAD,Broad antidepressant and rapid-acting antidepressant context,HRH1,PrefrontalCortex
HRH1|EXACT_SINGLE_PROTEIN|HSAMP_7725bb8a75064c4d7246d9ba|HUMAN_BIOGPS_GNF1H_GCRMA_77_TISSUE_DDOF1,-0.8232697206603634,-0.36778501822902426,-0.45548470243133915,ANTIDEPRESSANTS_BROAD,Broad antidepressant and rapid-acting antidepressant context,HRH1,OccipitalLobe
HRH1|EXACT_SINGLE_PROTEIN|HSAMP_8ed020260a1d25cf72324c8a|HUMAN_BIOGPS_GNF1H_GCRMA_77_TISSUE_DDOF1,0.5591731547488072,0.5242182957984194,0.03495485895038786,ANTIDEPRESSANTS_BROAD,Broad antidepressant and rapid-acting antidepressant context,HRH1,Hypothalamus
HRH1|EXACT_SINGLE_PROTEIN|HSAMP_936b77a4b11b5c19027de438|HUMAN_BIOGPS_GNF1H_GCRMA_77_TISSUE_DDOF1,0.5328947606229455,0.5095825706962362,0.023312189926709248,ANTIDEPRESSANTS_BROAD,Broad antidepressant and rapid-acting antidepressant context,HRH1,Spinalcord
HRH1|EXACT_SINGLE_PROTEIN|HSAMP_9aa72e4fb1ff63e1792b1ec7|HUMAN_BIOGPS_GNF1H_GCRMA_77_TISSUE_DDOF1,-1.194185433796494,-0.6350021318263754,-0.5591833019701185,ANTIDEPRESSANTS_BROAD,Broad antidepressant and rapid-acting antidepressant context,HRH1,Cerebellum
HRH1|EXACT_SINGLE_PROTEIN|HSAMP_a32ce488a48b0df9b8c4c40a|HUMAN_BIOGPS_GNF1H_GCRMA_77_TISSUE_DDOF1,-0.8823718421604713,-0.39168874463372366,-0.4906830975267476,ANTIDEPRESSANTS_BROAD,Broad antidepressant and rapid-acting antidepressant context,HRH1,Caudatenucleus
HRH1|EXACT_SINGLE_PROTEIN|HSAMP_d99ba5ea584363f8600ade55|HUMAN_BIOGPS_GNF1H_GCRMA_77_TISSUE_DDOF1,0.6441544693789119,0.5789335474528883,0.06522092192602358,ANTIDEPRESSANTS_BROAD,Broad antidepressant and rapid-acting antidepressant context,HRH1,CingulateCortex
HRH1|EXACT_SINGLE_PROTEIN|HSAMP_e75262fc0acfda69d976a6d3|HUMAN_BIOGPS_GNF1H_GCRMA_77_TISSUE_DDOF1,0.6140082925950555,0.5632626780414369,0.05074561455361859,ANTIDEPRESSANTS_BROAD,Broad antidepressant and rapid-acting antidepressant context,HRH1,ParietalLobe
HRH1|EXACT_SINGLE_PROTEIN|HSAMP_eb2587e74e2d6457032d4ae7|HUMAN_BIOGPS_GNF1H_GCRMA_77_TISSUE_DDOF1,-0.6895196608949238,-0.2788722862058042,-0.4106473746891196,ANTIDEPRESSANTS_BROAD,Broad antidepressant and rapid-acting antidepressant context,HRH1,TemporalLobe
HRH1|EXACT_SINGLE_PROTEIN|HSAMP_f43595f3557cf05e6a721aeb|HUMAN_BIOGPS_GNF1H_GCRMA_77_TISSUE_DDOF1,0.01727729262442284,0.1989631875305991,-0.18168589490617626,ANTIDEPRESSANTS_BROAD,Broad antidepressant and rapid-acting antidepressant context,HRH1,Thalamus
HRH1|EXACT_SINGLE_PROTEIN|HSAMP_ff841df7ecd9f2c8ea2660f5|HUMAN_BIOGPS_GNF1H_GCRMA_77_TISSUE_DDOF1,-1.3254271532431554,-0.7241116299640965,-0.6013155232790589,ANTIDEPRESSANTS_BROAD,Broad antidepressant and rapid-acting antidepressant context,HRH1,OlfactoryBulb
HRH3|EXACT_SINGLE_PROTEIN|HSAMP_06645e2e8409a5b743985cdd|HUMAN_BIOGPS_GNF1H_GCRMA_77_TISSUE_DDOF1,-0.6006161550639517,-0.18042461729637496,-0.4201915377675768,ANTIDEPRESSANTS_BROAD,Broad antidepressant and rapid-acting antidepressant context,HRH3,Wholebrain
HRH3|EXACT_SINGLE_PROTEIN|HSAMP_0cb8b4d1db8c390eeeecca55|HUMAN_BIOGPS_GNF1H_GCRMA_77_TISSUE_DDOF1,1.692248372544127,1.1806015203170106,0.5116468522271165,ANTIDEPRESSANTS_BROAD,Broad antidepressant and rapid-acting antidepressant context,HRH3,Pons
HRH3|EXACT_SINGLE_PROTEIN|HSAMP_13a552b6ffc4aac3b85a50ca|HUMAN_BIOGPS_GNF1H_GCRMA_77_TISSUE_DDOF1,1.2527025925413384,0.9457654995489304,0.306937092992408,ANTIDEPRESSANTS_BROAD,Broad antidepressant and rapid-acting antidepressant context,HRH3,Amygdala
HRH3|EXACT_SINGLE_PROTEIN|HSAMP_192dff4b8df5862a227b1163|HUMAN_BIOGPS_GNF1H_GCRMA_77_TISSUE_DDOF1,-0.2944374804881566,0.00032936094979765795,-0.2947668414379543,ANTIDEPRESSANTS_BROAD,Broad antidepressant and rapid-acting antidepressant context,HRH3,SubthalamicNucleus
HRH3|EXACT_SINGLE_PROTEIN|HSAMP_20b60708f05d03c76f9fe702|HUMAN_BIOGPS_GNF1H_GCRMA_77_TISSUE_DDOF1,1.3879524819067366,1.0121137364739403,0.3758387454327963,ANTIDEPRESSANTS_BROAD,Broad antidepressant and rapid-acting antidepressant context,HRH3,CerebellumPeduncles
HRH3|EXACT_SINGLE_PROTEIN|HSAMP_374f872ebf1bbba2be514f9f|HUMAN_BIOGPS_GNF1H_GCRMA_77_TISSUE_DDOF1,-0.2944374804881566,0.00032936094979765795,-0.2947668414379543,ANTIDEPRESSANTS_BROAD,Broad antidepressant and rapid-acting antidepressant context,HRH3,GlobusPallidus
HRH3|EXACT_SINGLE_PROTEIN|HSAMP_5c090f15f3e5194312a7e8ed|HUMAN_BIOGPS_GNF1H_GCRMA_77_TISSUE_DDOF1,-0.579486871939126,-0.16686080719960442,-0.41262606473952157,ANTIDEPRESSANTS_BROAD,Broad antidepressant and rapid-acting antidepressant context,HRH3,MedullaOblongata
HRH3|EXACT_SINGLE_PROTEIN|HSAMP_752ebc880edc13bb4e2b2de8|HUMAN_BIOGPS_GNF1H_GCRMA_77_TISSUE_DDOF1,0.9161777783021304,0.738863680709005,0.17731409759312544,ANTIDEPRESSANTS_BROAD,Broad antidepressant and rapid-acting antidepressant context,HRH3,PrefrontalCortex
HRH3|EXACT_SINGLE_PROTEIN|HSAMP_7725bb8a75064c4d7246d9ba|HUMAN_BIOGPS_GNF1H_GCRMA_77_TISSUE_DDOF1,-0.752466582207291,-0.285287376709639,-0.467179205497652,ANTIDEPRESSANTS_BROAD,Broad antidepressant and rapid-acting antidepressant context,HRH3,OccipitalLobe
HRH3|EXACT_SINGLE_PROTEIN|HSAMP_8ed020260a1d25cf72324c8a|HUMAN_BIOGPS_GNF1H_GCRMA_77_TISSUE_DDOF1,0.6529275844741798,0.5792223505039676,0.07370523397021211,ANTIDEPRESSANTS_BROAD,Broad antidepressant and rapid-acting antidepressant context,HRH3,Hypothalamus
HRH3|EXACT_SINGLE_PROTEIN|HSAMP_936b77a4b11b5c19027de438|HUMAN_BIOGPS_GNF1H_GCRMA_77_TISSUE_DDOF1,0.11925842600217923,0.2743951965865419,-0.15513677058436265,ANTIDEPRESSANTS_BROAD,Broad antidepressant and rapid-acting antidepressant context,HRH3,Spinalcord
HRH3|EXACT_SINGLE_PROTEIN|HSAMP_9aa72e4fb1ff63e1792b1ec7|HUMAN_BIOGPS_GNF1H_GCRMA_77_TISSUE_DDOF1,0.11925842600217923,0.27427396937093873,-0.1550155433687595,ANTIDEPRESSANTS_BROAD,Broad antidepressant and rapid-acting antidepressant context,HRH3,Cerebellum
HRH3|EXACT_SINGLE_PROTEIN|HSAMP_a32ce488a48b0df9b8c4c40a|HUMAN_BIOGPS_GNF1H_GCRMA_77_TISSUE_DDOF1,1.778882154850171,1.2362969987139598,0.5425851561362112,ANTIDEPRESSANTS_BROAD,Broad antidepressant and rapid-acting antidepressant context,HRH3,Caudatenucleus
HRH3|EXACT_SINGLE_PROTEIN|HSAMP_d99ba5ea584363f8600ade55|HUMAN_BIOGPS_GNF1H_GCRMA_77_TISSUE_DDOF1,0.9001439685126971,0.72784472255057,0.1722992459621271,ANTIDEPRESSANTS_BROAD,Broad antidepressant and rapid-acting antidepressant context,HRH3,CingulateCortex
HRH3|EXACT_SINGLE_PROTEIN|HSAMP_e75262fc0acfda69d976a6d3|HUMAN_BIOGPS_GNF1H_GCRMA_77_TISSUE_DDOF1,0.7409271833660481,0.6306217375905199,0.11030544577552825,ANTIDEPRESSANTS_BROAD,Broad antidepressant and rapid-acting antidepressant context,HRH3,ParietalLobe
HRH3|EXACT_SINGLE_PROTEIN|HSAMP_eb2587e74e2d6457032d4ae7|HUMAN_BIOGPS_GNF1H_GCRMA_77_TISSUE_DDOF1,1.5656611786996053,1.109621948038534,0.4560392306610712,ANTIDEPRESSANTS_BROAD,Broad antidepressant and rapid-acting antidepressant context,HRH3,TemporalLobe
HRH3|EXACT_SINGLE_PROTEIN|HSAMP_f43595f3557cf05e6a721aeb|HUMAN_BIOGPS_GNF1H_GCRMA_77_TISSUE_DDOF1,1.8513203098129016,1.2709204432876449,0.5803998665252568,ANTIDEPRESSANTS_BROAD,Broad antidepressant and rapid-acting antidepressant context,HRH3,Thalamus
HRH3|EXACT_SINGLE_PROTEIN|HSAMP_ff841df7ecd9f2c8ea2660f5|HUMAN_BIOGPS_GNF1H_GCRMA_77_TISSUE_DDOF1,-1.2842121542417289,-0.6634392017903686,-0.6207729524513602,ANTIDEPRESSANTS_BROAD,Broad antidepressant and rapid-acting antidepressant context,HRH3,OlfactoryBulb
HTR1A|EXACT_SINGLE_PROTEIN|HSAMP_06645e2e8409a5b743985cdd|HUMAN_BIOGPS_GNF1H_GCRMA_77_TISSUE_DDOF1,-0.5957660949253106,0.18117767021677547,-0.7769437651420861,ANTIDEPRESSANTS_BROAD,Broad antidepressant and rapid-acting antidepressant context,HTR1A,Wholebrain
HTR1A|EXACT_SINGLE_PROTEIN|HSAMP_0cb8b4d1db8c390eeeecca55|HUMAN_BIOGPS_GNF1H_GCRMA_77_TISSUE_DDOF1,-0.07343873567882814,0.3011630997042076,-0.37460183538303576,ANTIDEPRESSANTS_BROAD,Broad antidepressant and rapid-acting antidepressant context,HTR1A,Pons
HTR1A|EXACT_SINGLE_PROTEIN|HSAMP_13a552b6ffc4aac3b85a50ca|HUMAN_BIOGPS_GNF1H_GCRMA_77_TISSUE_DDOF1,0.5992580300558955,0.5009161305563952,0.09834189949950034,ANTIDEPRESSANTS_BROAD,Broad antidepressant and rapid-acting antidepressant context,HTR1A,Amygdala
HTR1A|EXACT_SINGLE_PROTEIN|HSAMP_192dff4b8df5862a227b1163|HUMAN_BIOGPS_GNF1H_GCRMA_77_TISSUE_DDOF1,-0.46981645046688625,0.20692105860485716,-0.6767375090717433,ANTIDEPRESSANTS_BROAD,Broad antidepressant and rapid-acting antidepressant context,HTR1A,SubthalamicNucleus
HTR1A|EXACT_SINGLE_PROTEIN|HSAMP_20b60708f05d03c76f9fe702|HUMAN_BIOGPS_GNF1H_GCRMA_77_TISSUE_DDOF1,0.8380957814805369,0.5432252124669331,0.29487056901360376,ANTIDEPRESSANTS_BROAD,Broad antidepressant and rapid-acting antidepressant context,HTR1A,CerebellumPeduncles
HTR1A|EXACT_SINGLE_PROTEIN|HSAMP_374f872ebf1bbba2be514f9f|HUMAN_BIOGPS_GNF1H_GCRMA_77_TISSUE_DDOF1,-1.1424650971158654,0.06487927866015183,-1.2073443757760172,ANTIDEPRESSANTS_BROAD,Broad antidepressant and rapid-acting antidepressant context,HTR1A,GlobusPallidus
HTR1A|EXACT_SINGLE_PROTEIN|HSAMP_5c090f15f3e5194312a7e8ed|HUMAN_BIOGPS_GNF1H_GCRMA_77_TISSUE_DDOF1,-0.3789744887206786,0.22479564220121065,-0.6037701309218892,ANTIDEPRESSANTS_BROAD,Broad antidepressant and rapid-acting antidepressant context,HTR1A,MedullaOblongata
HTR1A|EXACT_SINGLE_PROTEIN|HSAMP_752ebc880edc13bb4e2b2de8|HUMAN_BIOGPS_GNF1H_GCRMA_77_TISSUE_DDOF1,1.1245399538714471,0.619642585930875,0.5048973679405722,ANTIDEPRESSANTS_BROAD,Broad antidepressant and rapid-acting antidepressant context,HTR1A,PrefrontalCortex
HTR1A|EXACT_SINGLE_PROTEIN|HSAMP_7725bb8a75064c4d7246d9ba|HUMAN_BIOGPS_GNF1H_GCRMA_77_TISSUE_DDOF1,-0.46981645046688625,0.20692105860485716,-0.6767375090717433,ANTIDEPRESSANTS_BROAD,Broad antidepressant and rapid-acting antidepressant context,HTR1A,OccipitalLobe
HTR1A|EXACT_SINGLE_PROTEIN|HSAMP_8ed020260a1d25cf72324c8a|HUMAN_BIOGPS_GNF1H_GCRMA_77_TISSUE_DDOF1,0.7780412977138788,0.5322234926784772,0.24581780503540152,ANTIDEPRESSANTS_BROAD,Broad antidepressant and rapid-acting antidepressant context,HTR1A,Hypothalamus
HTR1A|EXACT_SINGLE_PROTEIN|HSAMP_936b77a4b11b5c19027de438|HUMAN_BIOGPS_GNF1H_GCRMA_77_TISSUE_DDOF1,0.6595350719470643,0.5092361876933655,0.15029888425369875,ANTIDEPRESSANTS_BROAD,Broad antidepressant and rapid-acting antidepressant context,HTR1A,Spinalcord
HTR1A|EXACT_SINGLE_PROTEIN|HSAMP_9aa72e4fb1ff63e1792b1ec7|HUMAN_BIOGPS_GNF1H_GCRMA_77_TISSUE_DDOF1,-0.8647156225397274,0.12397162084577142,-0.9886872433854988,ANTIDEPRESSANTS_BROAD,Broad antidepressant and rapid-acting antidepressant context,HTR1A,Cerebellum
HTR1A|EXACT_SINGLE_PROTEIN|HSAMP_a32ce488a48b0df9b8c4c40a|HUMAN_BIOGPS_GNF1H_GCRMA_77_TISSUE_DDOF1,-0.46981645046688625,0.20692105860485716,-0.6767375090717433,ANTIDEPRESSANTS_BROAD,Broad antidepressant and rapid-acting antidepressant context,HTR1A,Caudatenucleus
HTR1A|EXACT_SINGLE_PROTEIN|HSAMP_d99ba5ea584363f8600ade55|HUMAN_BIOGPS_GNF1H_GCRMA_77_TISSUE_DDOF1,0.5992580300558955,0.5009161305563952,0.09834189949950034,ANTIDEPRESSANTS_BROAD,Broad antidepressant and rapid-acting antidepressant context,HTR1A,CingulateCortex
HTR1A|EXACT_SINGLE_PROTEIN|HSAMP_e75262fc0acfda69d976a6d3|HUMAN_BIOGPS_GNF1H_GCRMA_77_TISSUE_DDOF1,0.5992580300558955,0.5009161305563952,0.09834189949950034,ANTIDEPRESSANTS_BROAD,Broad antidepressant and rapid-acting antidepressant context,HTR1A,ParietalLobe
HTR1A|EXACT_SINGLE_PROTEIN|HSAMP_eb2587e74e2d6457032d4ae7|HUMAN_BIOGPS_GNF1H_GCRMA_77_TISSUE_DDOF1,-0.07343873567882814,0.3011630997042076,-0.37460183538303576,ANTIDEPRESSANTS_BROAD,Broad antidepressant and rapid-acting antidepressant context,HTR1A,TemporalLobe
HTR1A|EXACT_SINGLE_PROTEIN|HSAMP_f43595f3557cf05e6a721aeb|HUMAN_BIOGPS_GNF1H_GCRMA_77_TISSUE_DDOF1,0.4891503870061959,0.4750079804860303,0.014142406520165574,ANTIDEPRESSANTS_BROAD,Broad antidepressant and rapid-acting antidepressant context,HTR1A,Thalamus
HTR1A|EXACT_SINGLE_PROTEIN|HSAMP_ff841df7ecd9f2c8ea2660f5|HUMAN_BIOGPS_GNF1H_GCRMA_77_TISSUE_DDOF1,-0.918925401217871,0.1090818556362137,-1.0280072568540848,ANTIDEPRESSANTS_BROAD,Broad antidepressant and rapid-acting antidepressant context,HTR1A,OlfactoryBulb
HTR2A|EXACT_SINGLE_PROTEIN|HSAMP_06645e2e8409a5b743985cdd|HUMAN_BIOGPS_GNF1H_GCRMA_77_TISSUE_DDOF1,-0.501889385623247,-0.1308164396692682,-0.3710729459539788,ANTIDEPRESSANTS_BROAD,Broad antidepressant and rapid-acting antidepressant context,HTR2A,Wholebrain
HTR2A|EXACT_SINGLE_PROTEIN|HSAMP_0cb8b4d1db8c390eeeecca55|HUMAN_BIOGPS_GNF1H_GCRMA_77_TISSUE_DDOF1,0.7550862876365918,0.6594031389742209,0.09568314866237093,ANTIDEPRESSANTS_BROAD,Broad antidepressant and rapid-acting antidepressant context,HTR2A,Pons
HTR2A|EXACT_SINGLE_PROTEIN|HSAMP_13a552b6ffc4aac3b85a50ca|HUMAN_BIOGPS_GNF1H_GCRMA_77_TISSUE_DDOF1,-0.0010801883095069333,0.09784642375909408,-0.09892661206860101,ANTIDEPRESSANTS_BROAD,Broad antidepressant and rapid-acting antidepressant context,HTR2A,Amygdala
HTR2A|EXACT_SINGLE_PROTEIN|HSAMP_192dff4b8df5862a227b1163|HUMAN_BIOGPS_GNF1H_GCRMA_77_TISSUE_DDOF1,1.8248712253216783,1.4451436742920731,0.3797275510296052,ANTIDEPRESSANTS_BROAD,Broad antidepressant and rapid-acting antidepressant context,HTR2A,SubthalamicNucleus
HTR2A|EXACT_SINGLE_PROTEIN|HSAMP_20b60708f05d03c76f9fe702|HUMAN_BIOGPS_GNF1H_GCRMA_77_TISSUE_DDOF1,0.15542914123537316,0.22955840765957491,-0.07412926642420176,ANTIDEPRESSANTS_BROAD,Broad antidepressant and rapid-acting antidepressant context,HTR2A,CerebellumPeduncles
HTR2A|EXACT_SINGLE_PROTEIN|HSAMP_374f872ebf1bbba2be514f9f|HUMAN_BIOGPS_GNF1H_GCRMA_77_TISSUE_DDOF1,0.7873574784129308,0.6911967098568064,0.09616076855612443,ANTIDEPRESSANTS_BROAD,Broad antidepressant and rapid-acting antidepressant context,HTR2A,GlobusPallidus
HTR2A|EXACT_SINGLE_PROTEIN|HSAMP_5c090f15f3e5194312a7e8ed|HUMAN_BIOGPS_GNF1H_GCRMA_77_TISSUE_DDOF1,0.9983355707971303,0.8500577380876645,0.14827783270946582,ANTIDEPRESSANTS_BROAD,Broad antidepressant and rapid-acting antidepressant context,HTR2A,MedullaOblongata
HTR2A|EXACT_SINGLE_PROTEIN|HSAMP_752ebc880edc13bb4e2b2de8|HUMAN_BIOGPS_GNF1H_GCRMA_77_TISSUE_DDOF1,2.5178271736327495,2.1187141713096005,0.39911300232314906,ANTIDEPRESSANTS_BROAD,Broad antidepressant and rapid-acting antidepressant context,HTR2A,PrefrontalCortex
HTR2A|EXACT_SINGLE_PROTEIN|HSAMP_7725bb8a75064c4d7246d9ba|HUMAN_BIOGPS_GNF1H_GCRMA_77_TISSUE_DDOF1,1.9189228621609054,1.5632512374856093,0.355671624675296,ANTIDEPRESSANTS_BROAD,Broad antidepressant and rapid-acting antidepressant context,HTR2A,OccipitalLobe
HTR2A|EXACT_SINGLE_PROTEIN|HSAMP_8ed020260a1d25cf72324c8a|HUMAN_BIOGPS_GNF1H_GCRMA_77_TISSUE_DDOF1,0.10269010257251229,0.15658505911760165,-0.053894956545089356,ANTIDEPRESSANTS_BROAD,Broad antidepressant and rapid-acting antidepressant context,HTR2A,Hypothalamus
HTR2A|EXACT_SINGLE_PROTEIN|HSAMP_936b77a4b11b5c19027de438|HUMAN_BIOGPS_GNF1H_GCRMA_77_TISSUE_DDOF1,0.01848317484977023,0.1149613441111017,-0.09647816926133147,ANTIDEPRESSANTS_BROAD,Broad antidepressant and rapid-acting antidepressant context,HTR2A,Spinalcord
HTR2A|EXACT_SINGLE_PROTEIN|HSAMP_9aa72e4fb1ff63e1792b1ec7|HUMAN_BIOGPS_GNF1H_GCRMA_77_TISSUE_DDOF1,-0.6576786000974707,-0.2943827306587738,-0.3632958694386969,ANTIDEPRESSANTS_BROAD,Broad antidepressant and rapid-acting antidepressant context,HTR2A,Cerebellum
HTR2A|EXACT_SINGLE_PROTEIN|HSAMP_a32ce488a48b0df9b8c4c40a|HUMAN_BIOGPS_GNF1H_GCRMA_77_TISSUE_DDOF1,-0.501889385623247,-0.1308164396692682,-0.3710729459539788,ANTIDEPRESSANTS_BROAD,Broad antidepressant and rapid-acting antidepressant context,HTR2A,Caudatenucleus
HTR2A|EXACT_SINGLE_PROTEIN|HSAMP_d99ba5ea584363f8600ade55|HUMAN_BIOGPS_GNF1H_GCRMA_77_TISSUE_DDOF1,1.4832047216785647,1.1301303832905116,0.353074338388053,ANTIDEPRESSANTS_BROAD,Broad antidepressant and rapid-acting antidepressant context,HTR2A,CingulateCortex
HTR2A|EXACT_SINGLE_PROTEIN|HSAMP_e75262fc0acfda69d976a6d3|HUMAN_BIOGPS_GNF1H_GCRMA_77_TISSUE_DDOF1,1.4195828780719864,1.0783497030565525,0.3412331750154338,ANTIDEPRESSANTS_BROAD,Broad antidepressant and rapid-acting antidepressant context,HTR2A,ParietalLobe
HTR2A|EXACT_SINGLE_PROTEIN|HSAMP_eb2587e74e2d6457032d4ae7|HUMAN_BIOGPS_GNF1H_GCRMA_77_TISSUE_DDOF1,1.2527025925413384,0.9915439836794757,0.2611586088618627,ANTIDEPRESSANTS_BROAD,Broad antidepressant and rapid-acting antidepressant context,HTR2A,TemporalLobe
HTR2A|EXACT_SINGLE_PROTEIN|HSAMP_f43595f3557cf05e6a721aeb|HUMAN_BIOGPS_GNF1H_GCRMA_77_TISSUE_DDOF1,-0.11666409904318278,0.0529103173091816,-0.1695744163523644,ANTIDEPRESSANTS_BROAD,Broad antidepressant and rapid-acting antidepressant context,HTR2A,Thalamus
HTR2A|EXACT_SINGLE_PROTEIN|HSAMP_ff841df7ecd9f2c8ea2660f5|HUMAN_BIOGPS_GNF1H_GCRMA_77_TISSUE_DDOF1,-0.6923974874967989,-0.3274730196484188,-0.36492446784838006,ANTIDEPRESSANTS_BROAD,Broad antidepressant and rapid-acting antidepressant context,HTR2A,OlfactoryBulb
HTR2B|EXACT_SINGLE_PROTEIN|HSAMP_06645e2e8409a5b743985cdd|HUMAN_BIOGPS_GNF1H_GCRMA_77_TISSUE_DDOF1,-1.0334111776743673,0.09038888696130609,-1.1238000646356734,ANTIDEPRESSANTS_BROAD,Broad antidepressant and rapid-acting antidepressant context,HTR2B,Wholebrain
HTR2B|EXACT_SINGLE_PROTEIN|HSAMP_0cb8b4d1db8c390eeeecca55|HUMAN_BIOGPS_GNF1H_GCRMA_77_TISSUE_DDOF1,-0.3101525274680148,0.2059457886765172,-0.516098316144532,ANTIDEPRESSANTS_BROAD,Broad antidepressant and rapid-acting antidepressant context,HTR2B,Pons
HTR2B|EXACT_SINGLE_PROTEIN|HSAMP_13a552b6ffc4aac3b85a50ca|HUMAN_BIOGPS_GNF1H_GCRMA_77_TISSUE_DDOF1,0.18107465613939241,0.43416948962561064,-0.2530948334862182,ANTIDEPRESSANTS_BROAD,Broad antidepressant and rapid-acting antidepressant context,HTR2B,Amygdala
HTR2B|EXACT_SINGLE_PROTEIN|HSAMP_192dff4b8df5862a227b1163|HUMAN_BIOGPS_GNF1H_GCRMA_77_TISSUE_DDOF1,-0.5404392638990756,0.16416321651130794,-0.7046024804103835,ANTIDEPRESSANTS_BROAD,Broad antidepressant and rapid-acting antidepressant context,HTR2B,SubthalamicNucleus
HTR2B|EXACT_SINGLE_PROTEIN|HSAMP_20b60708f05d03c76f9fe702|HUMAN_BIOGPS_GNF1H_GCRMA_77_TISSUE_DDOF1,0.8946254119794056,0.5552036956485868,0.33942171633081875,ANTIDEPRESSANTS_BROAD,Broad antidepressant and rapid-acting antidepressant context,HTR2B,CerebellumPeduncles
HTR2B|EXACT_SINGLE_PROTEIN|HSAMP_374f872ebf1bbba2be514f9f|HUMAN_BIOGPS_GNF1H_GCRMA_77_TISSUE_DDOF1,-1.3347395406665359,0.03933901512893631,-1.3740785557954722,ANTIDEPRESSANTS_BROAD,Broad antidepressant and rapid-acting antidepressant context,HTR2B,GlobusPallidus
HTR2B|EXACT_SINGLE_PROTEIN|HSAMP_5c090f15f3e5194312a7e8ed|HUMAN_BIOGPS_GNF1H_GCRMA_77_TISSUE_DDOF1,-0.6387511578710472,0.14768499480884895,-0.7864361526798962,ANTIDEPRESSANTS_BROAD,Broad antidepressant and rapid-acting antidepressant context,HTR2B,MedullaOblongata
HTR2B|EXACT_SINGLE_PROTEIN|HSAMP_752ebc880edc13bb4e2b2de8|HUMAN_BIOGPS_GNF1H_GCRMA_77_TISSUE_DDOF1,1.0464163659167245,0.5976677127192598,0.4487486531974647,ANTIDEPRESSANTS_BROAD,Broad antidepressant and rapid-acting antidepressant context,HTR2B,PrefrontalCortex
HTR2B|EXACT_SINGLE_PROTEIN|HSAMP_7725bb8a75064c4d7246d9ba|HUMAN_BIOGPS_GNF1H_GCRMA_77_TISSUE_DDOF1,-0.7317658218873848,0.13490631988948504,-0.8666721417768699,ANTIDEPRESSANTS_BROAD,Broad antidepressant and rapid-acting antidepressant context,HTR2B,OccipitalLobe
HTR2B|EXACT_SINGLE_PROTEIN|HSAMP_8ed020260a1d25cf72324c8a|HUMAN_BIOGPS_GNF1H_GCRMA_77_TISSUE_DDOF1,0.616731591469423,0.5074361409702344,0.10929545049918865,ANTIDEPRESSANTS_BROAD,Broad antidepressant and rapid-acting antidepressant context,HTR2B,Hypothalamus
HTR2B|EXACT_SINGLE_PROTEIN|HSAMP_936b77a4b11b5c19027de438|HUMAN_BIOGPS_GNF1H_GCRMA_77_TISSUE_DDOF1,0.616731591469423,0.5074361409702344,0.10929545049918865,ANTIDEPRESSANTS_BROAD,Broad antidepressant and rapid-acting antidepressant context,HTR2B,Spinalcord
HTR2B|EXACT_SINGLE_PROTEIN|HSAMP_9aa72e4fb1ff63e1792b1ec7|HUMAN_BIOGPS_GNF1H_GCRMA_77_TISSUE_DDOF1,-1.0334111776743673,0.09038888696130609,-1.1238000646356734,ANTIDEPRESSANTS_BROAD,Broad antidepressant and rapid-acting antidepressant context,HTR2B,Cerebellum
HTR2B|EXACT_SINGLE_PROTEIN|HSAMP_a32ce488a48b0df9b8c4c40a|HUMAN_BIOGPS_GNF1H_GCRMA_77_TISSUE_DDOF1,-0.6794752792208592,0.13983291982363913,-0.8193081990444983,ANTIDEPRESSANTS_BROAD,Broad antidepressant and rapid-acting antidepressant context,HTR2B,Caudatenucleus
HTR2B|EXACT_SINGLE_PROTEIN|HSAMP_d99ba5ea584363f8600ade55|HUMAN_BIOGPS_GNF1H_GCRMA_77_TISSUE_DDOF1,0.4245875814465141,0.4672925870867224,-0.04270500564020829,ANTIDEPRESSANTS_BROAD,Broad antidepressant and rapid-acting antidepressant context,HTR2B,CingulateCortex
HTR2B|EXACT_SINGLE_PROTEIN|HSAMP_e75262fc0acfda69d976a6d3|HUMAN_BIOGPS_GNF1H_GCRMA_77_TISSUE_DDOF1,0.7144229674830372,0.5204032100080775,0.1940197574749597,ANTIDEPRESSANTS_BROAD,Broad antidepressant and rapid-acting antidepressant context,HTR2B,ParietalLobe
HTR2B|EXACT_SINGLE_PROTEIN|HSAMP_eb2587e74e2d6457032d4ae7|HUMAN_BIOGPS_GNF1H_GCRMA_77_TISSUE_DDOF1,-0.47798387534273784,0.17490067225680994,-0.6528845475995477,ANTIDEPRESSANTS_BROAD,Broad antidepressant and rapid-acting antidepressant context,HTR2B,TemporalLobe
HTR2B|EXACT_SINGLE_PROTEIN|HSAMP_f43595f3557cf05e6a721aeb|HUMAN_BIOGPS_GNF1H_GCRMA_77_TISSUE_DDOF1,0.18107465613939241,0.43416948962561064,-0.2530948334862182,ANTIDEPRESSANTS_BROAD,Broad antidepressant and rapid-acting antidepressant context,HTR2B,Thalamus
HTR2B|EXACT_SINGLE_PROTEIN|HSAMP_ff841df7ecd9f2c8ea2660f5|HUMAN_BIOGPS_GNF1H_GCRMA_77_TISSUE_DDOF1,-1.194185433796494,0.058205197639237,-1.252390631435731,ANTIDEPRESSANTS_BROAD,Broad antidepressant and rapid-acting antidepressant context,HTR2B,OlfactoryBulb
HTR2C|EXACT_SINGLE_PROTEIN|HSAMP_06645e2e8409a5b743985cdd|HUMAN_BIOGPS_GNF1H_GCRMA_77_TISSUE_DDOF1,-0.16416783623614478,0.12025542306872965,-0.28442325930487444,ANTIDEPRESSANTS_BROAD,Broad antidepressant and rapid-acting antidepressant context,HTR2C,Wholebrain
HTR2C|EXACT_SINGLE_PROTEIN|HSAMP_0cb8b4d1db8c390eeeecca55|HUMAN_BIOGPS_GNF1H_GCRMA_77_TISSUE_DDOF1,-0.05803169638664834,0.1450977215802336,-0.20312941796688194,ANTIDEPRESSANTS_BROAD,Broad antidepressant and rapid-acting antidepressant context,HTR2C,Pons
HTR2C|EXACT_SINGLE_PROTEIN|HSAMP_13a552b6ffc4aac3b85a50ca|HUMAN_BIOGPS_GNF1H_GCRMA_77_TISSUE_DDOF1,1.4450285494855648,0.9019704948129359,0.5430580546726289,ANTIDEPRESSANTS_BROAD,Broad antidepressant and rapid-acting antidepressant context,HTR2C,Amygdala
HTR2C|EXACT_SINGLE_PROTEIN|HSAMP_192dff4b8df5862a227b1163|HUMAN_BIOGPS_GNF1H_GCRMA_77_TISSUE_DDOF1,-0.09682379681683796,0.1366478994240411,-0.23347169624087905,ANTIDEPRESSANTS_BROAD,Broad antidepressant and rapid-acting antidepressant context,HTR2C,SubthalamicNucleus
HTR2C|EXACT_SINGLE_PROTEIN|HSAMP_20b60708f05d03c76f9fe702|HUMAN_BIOGPS_GNF1H_GCRMA_77_TISSUE_DDOF1,0.04454906146442492,0.1765842017542542,-0.1320351402898293,ANTIDEPRESSANTS_BROAD,Broad antidepressant and rapid-acting antidepressant context,HTR2C,CerebellumPeduncles
HTR2C|EXACT_SINGLE_PROTEIN|HSAMP_374f872ebf1bbba2be514f9f|HUMAN_BIOGPS_GNF1H_GCRMA_77_TISSUE_DDOF1,-0.22356263192545178,0.114636369961483,-0.3381990018869348,ANTIDEPRESSANTS_BROAD,Broad antidepressant and rapid-acting antidepressant context,HTR2C,GlobusPallidus
HTR2C|EXACT_SINGLE_PROTEIN|HSAMP_5c090f15f3e5194312a7e8ed|HUMAN_BIOGPS_GNF1H_GCRMA_77_TISSUE_DDOF1,0.13761647969175556,0.2778794594230622,-0.14026297973130664,ANTIDEPRESSANTS_BROAD,Broad antidepressant and rapid-acting antidepressant context,HTR2C,MedullaOblongata
HTR2C|EXACT_SINGLE_PROTEIN|HSAMP_752ebc880edc13bb4e2b2de8|HUMAN_BIOGPS_GNF1H_GCRMA_77_TISSUE_DDOF1,0.05497807421463483,0.18611992927313892,-0.1311418550585041,ANTIDEPRESSANTS_BROAD,Broad antidepressant and rapid-acting antidepressant context,HTR2C,PrefrontalCortex
HTR2C|EXACT_SINGLE_PROTEIN|HSAMP_7725bb8a75064c4d7246d9ba|HUMAN_BIOGPS_GNF1H_GCRMA_77_TISSUE_DDOF1,-0.13851778771955958,0.12358456097041863,-0.2621023486899782,ANTIDEPRESSANTS_BROAD,Broad antidepressant and rapid-acting antidepressant context,HTR2C,OccipitalLobe
HTR2C|EXACT_SINGLE_PROTEIN|HSAMP_8ed020260a1d25cf72324c8a|HUMAN_BIOGPS_GNF1H_GCRMA_77_TISSUE_DDOF1,1.9574004412324757,1.2029970499896252,0.7544033912428505,ANTIDEPRESSANTS_BROAD,Broad antidepressant and rapid-acting antidepressant context,HTR2C,Hypothalamus
HTR2C|EXACT_SINGLE_PROTEIN|HSAMP_936b77a4b11b5c19027de438|HUMAN_BIOGPS_GNF1H_GCRMA_77_TISSUE_DDOF1,-0.01142305945911525,0.15218307869859496,-0.16360613815771022,ANTIDEPRESSANTS_BROAD,Broad antidepressant and rapid-acting antidepressant context,HTR2C,Spinalcord
HTR2C|EXACT_SINGLE_PROTEIN|HSAMP_9aa72e4fb1ff63e1792b1ec7|HUMAN_BIOGPS_GNF1H_GCRMA_77_TISSUE_DDOF1,-0.18623638692149827,0.11888380241948691,-0.30512018934098517,ANTIDEPRESSANTS_BROAD,Broad antidepressant and rapid-acting antidepressant context,HTR2C,Cerebellum
HTR2C|EXACT_SINGLE_PROTEIN|HSAMP_a32ce488a48b0df9b8c4c40a|HUMAN_BIOGPS_GNF1H_GCRMA_77_TISSUE_DDOF1,2.533933170791423,1.7714633165228164,0.7624698542686066,ANTIDEPRESSANTS_BROAD,Broad antidepressant and rapid-acting antidepressant context,HTR2C,Caudatenucleus
HTR2C|EXACT_SINGLE_PROTEIN|HSAMP_d99ba5ea584363f8600ade55|HUMAN_BIOGPS_GNF1H_GCRMA_77_TISSUE_DDOF1,-0.022691925819512807,0.15102973586334076,-0.17372166168285358,ANTIDEPRESSANTS_BROAD,Broad antidepressant and rapid-acting antidepressant context,HTR2C,CingulateCortex
HTR2C|EXACT_SINGLE_PROTEIN|HSAMP_e75262fc0acfda69d976a6d3|HUMAN_BIOGPS_GNF1H_GCRMA_77_TISSUE_DDOF1,0.004312545155705039,0.16133065487538564,-0.1570181097196806,ANTIDEPRESSANTS_BROAD,Broad antidepressant and rapid-acting antidepressant context,HTR2C,ParietalLobe
HTR2C|EXACT_SINGLE_PROTEIN|HSAMP_eb2587e74e2d6457032d4ae7|HUMAN_BIOGPS_GNF1H_GCRMA_77_TISSUE_DDOF1,-0.10140595068348542,0.136026720664878,-0.23743267134836343,ANTIDEPRESSANTS_BROAD,Broad antidepressant and rapid-acting antidepressant context,HTR2C,TemporalLobe
HTR2C|EXACT_SINGLE_PROTEIN|HSAMP_f43595f3557cf05e6a721aeb|HUMAN_BIOGPS_GNF1H_GCRMA_77_TISSUE_DDOF1,-0.00472467592650918,0.1532176657421492,-0.1579423416686584,ANTIDEPRESSANTS_BROAD,Broad antidepressant and rapid-acting antidepressant context,HTR2C,Thalamus
HTR2C|EXACT_SINGLE_PROTEIN|HSAMP_ff841df7ecd9f2c8ea2660f5|HUMAN_BIOGPS_GNF1H_GCRMA_77_TISSUE_DDOF1,-0.22109091370694864,0.11531035919212443,-0.33640127289907307,ANTIDEPRESSANTS_BROAD,Broad antidepressant and rapid-acting antidepressant context,HTR2C,OlfactoryBulb
KCNH2|EXACT_SINGLE_PROTEIN|HSAMP_06645e2e8409a5b743985cdd|HUMAN_BIOGPS_GNF1H_GCRMA_77_TISSUE_DDOF1,0.6721433940176287,0.6032301694374673,0.06891322458016136,ANTIDEPRESSANTS_BROAD,Broad antidepressant and rapid-acting antidepressant context,KCNH2,Wholebrain
KCNH2|EXACT_SINGLE_PROTEIN|HSAMP_0cb8b4d1db8c390eeeecca55|HUMAN_BIOGPS_GNF1H_GCRMA_77_TISSUE_DDOF1,-0.5097769944378396,-0.20936041163348657,-0.30041658280435307,ANTIDEPRESSANTS_BROAD,Broad antidepressant and rapid-acting antidepressant context,KCNH2,Pons
KCNH2|EXACT_SINGLE_PROTEIN|HSAMP_13a552b6ffc4aac3b85a50ca|HUMAN_BIOGPS_GNF1H_GCRMA_77_TISSUE_DDOF1,-0.5953865481483204,-0.25251405358029055,-0.3428724945680298,ANTIDEPRESSANTS_BROAD,Broad antidepressant and rapid-acting antidepressant context,KCNH2,Amygdala
KCNH2|EXACT_SINGLE_PROTEIN|HSAMP_192dff4b8df5862a227b1163|HUMAN_BIOGPS_GNF1H_GCRMA_77_TISSUE_DDOF1,-0.32329295097347915,-0.11005898102506856,-0.2132339699484106,ANTIDEPRESSANTS_BROAD,Broad antidepressant and rapid-acting antidepressant context,KCNH2,SubthalamicNucleus
KCNH2|EXACT_SINGLE_PROTEIN|HSAMP_20b60708f05d03c76f9fe702|HUMAN_BIOGPS_GNF1H_GCRMA_77_TISSUE_DDOF1,0.7780412977138788,0.6639238104477129,0.11411748726616588,ANTIDEPRESSANTS_BROAD,Broad antidepressant and rapid-acting antidepressant context,KCNH2,CerebellumPeduncles
KCNH2|EXACT_SINGLE_PROTEIN|HSAMP_374f872ebf1bbba2be514f9f|HUMAN_BIOGPS_GNF1H_GCRMA_77_TISSUE_DDOF1,-0.5296294324364784,-0.22031680211156152,-0.3093126303249169,ANTIDEPRESSANTS_BROAD,Broad antidepressant and rapid-acting antidepressant context,KCNH2,GlobusPallidus
KCNH2|EXACT_SINGLE_PROTEIN|HSAMP_5c090f15f3e5194312a7e8ed|HUMAN_BIOGPS_GNF1H_GCRMA_77_TISSUE_DDOF1,-0.5296294324364784,-0.22031680211156152,-0.3093126303249169,ANTIDEPRESSANTS_BROAD,Broad antidepressant and rapid-acting antidepressant context,KCNH2,MedullaOblongata
KCNH2|EXACT_SINGLE_PROTEIN|HSAMP_752ebc880edc13bb4e2b2de8|HUMAN_BIOGPS_GNF1H_GCRMA_77_TISSUE_DDOF1,0.9306272020005141,0.7620002654773241,0.16862693652318994,ANTIDEPRESSANTS_BROAD,Broad antidepressant and rapid-acting antidepressant context,KCNH2,PrefrontalCortex
KCNH2|EXACT_SINGLE_PROTEIN|HSAMP_7725bb8a75064c4d7246d9ba|HUMAN_BIOGPS_GNF1H_GCRMA_77_TISSUE_DDOF1,-0.4927973877239192,-0.1973707701823139,-0.29542661754160526,ANTIDEPRESSANTS_BROAD,Broad antidepressant and rapid-acting antidepressant context,KCNH2,OccipitalLobe
KCNH2|EXACT_SINGLE_PROTEIN|HSAMP_8ed020260a1d25cf72324c8a|HUMAN_BIOGPS_GNF1H_GCRMA_77_TISSUE_DDOF1,-0.4927973877239192,-0.19765166232302622,-0.29514572540089296,ANTIDEPRESSANTS_BROAD,Broad antidepressant and rapid-acting antidepressant context,KCNH2,Hypothalamus
KCNH2|EXACT_SINGLE_PROTEIN|HSAMP_936b77a4b11b5c19027de438|HUMAN_BIOGPS_GNF1H_GCRMA_77_TISSUE_DDOF1,-0.011083252746525038,0.10840018112527865,-0.11948343387180368,ANTIDEPRESSANTS_BROAD,Broad antidepressant and rapid-acting antidepressant context,KCNH2,Spinalcord
KCNH2|EXACT_SINGLE_PROTEIN|HSAMP_9aa72e4fb1ff63e1792b1ec7|HUMAN_BIOGPS_GNF1H_GCRMA_77_TISSUE_DDOF1,0.56404460735885,0.5335402141101493,0.03050439324870069,ANTIDEPRESSANTS_BROAD,Broad antidepressant and rapid-acting antidepressant context,KCNH2,Cerebellum
KCNH2|EXACT_SINGLE_PROTEIN|HSAMP_a32ce488a48b0df9b8c4c40a|HUMAN_BIOGPS_GNF1H_GCRMA_77_TISSUE_DDOF1,-0.47787329317090727,-0.192308720446289,-0.28556457272461827,ANTIDEPRESSANTS_BROAD,Broad antidepressant and rapid-acting antidepressant context,KCNH2,Caudatenucleus
KCNH2|EXACT_SINGLE_PROTEIN|HSAMP_d99ba5ea584363f8600ade55|HUMAN_BIOGPS_GNF1H_GCRMA_77_TISSUE_DDOF1,-0.07848428987787703,0.056678636188465456,-0.1351629260663425,ANTIDEPRESSANTS_BROAD,Broad antidepressant and rapid-acting antidepressant context,KCNH2,CingulateCortex
KCNH2|EXACT_SINGLE_PROTEIN|HSAMP_e75262fc0acfda69d976a6d3|HUMAN_BIOGPS_GNF1H_GCRMA_77_TISSUE_DDOF1,-0.47787329317090727,-0.192308720446289,-0.28556457272461827,ANTIDEPRESSANTS_BROAD,Broad antidepressant and rapid-acting antidepressant context,KCNH2,ParietalLobe
KCNH2|EXACT_SINGLE_PROTEIN|HSAMP_eb2587e74e2d6457032d4ae7|HUMAN_BIOGPS_GNF1H_GCRMA_77_TISSUE_DDOF1,-0.5296294324364784,-0.22031680211156152,-0.3093126303249169,ANTIDEPRESSANTS_BROAD,Broad antidepressant and rapid-acting antidepressant context,KCNH2,TemporalLobe
KCNH2|EXACT_SINGLE_PROTEIN|HSAMP_f43595f3557cf05e6a721aeb|HUMAN_BIOGPS_GNF1H_GCRMA_77_TISSUE_DDOF1,0.5683767457770087,0.5372405269253249,0.031136218851683828,ANTIDEPRESSANTS_BROAD,Broad antidepressant and rapid-acting antidepressant context,KCNH2,Thalamus
KCNH2|EXACT_SINGLE_PROTEIN|HSAMP_ff841df7ecd9f2c8ea2660f5|HUMAN_BIOGPS_GNF1H_GCRMA_77_TISSUE_DDOF1,-0.40154289381541125,-0.15085594120118406,-0.2506869526142272,ANTIDEPRESSANTS_BROAD,Broad antidepressant and rapid-acting antidepressant context,KCNH2,OlfactoryBulb
OPRK1|EXACT_SINGLE_PROTEIN|HSAMP_06645e2e8409a5b743985cdd|HUMAN_BIOGPS_GNF1H_GCRMA_77_TISSUE_DDOF1,-1.0563266320899458,-0.09236848549243738,-0.9639581465975084,ANTIDEPRESSANTS_BROAD,Broad antidepressant and rapid-acting antidepressant context,OPRK1,Wholebrain
OPRK1|EXACT_SINGLE_PROTEIN|HSAMP_0cb8b4d1db8c390eeeecca55|HUMAN_BIOGPS_GNF1H_GCRMA_77_TISSUE_DDOF1,0.036968827855691416,0.22486106912379483,-0.18789224126810342,ANTIDEPRESSANTS_BROAD,Broad antidepressant and rapid-acting antidepressant context,OPRK1,Pons
OPRK1|EXACT_SINGLE_PROTEIN|HSAMP_13a552b6ffc4aac3b85a50ca|HUMAN_BIOGPS_GNF1H_GCRMA_77_TISSUE_DDOF1,0.9020982492605245,0.628659464055391,0.27343878520513354,ANTIDEPRESSANTS_BROAD,Broad antidepressant and rapid-acting antidepressant context,OPRK1,Amygdala
OPRK1|EXACT_SINGLE_PROTEIN|HSAMP_192dff4b8df5862a227b1163|HUMAN_BIOGPS_GNF1H_GCRMA_77_TISSUE_DDOF1,-0.6797238247320325,0.052475030669945376,-0.7321988554019779,ANTIDEPRESSANTS_BROAD,Broad antidepressant and rapid-acting antidepressant context,OPRK1,SubthalamicNucleus
OPRK1|EXACT_SINGLE_PROTEIN|HSAMP_20b60708f05d03c76f9fe702|HUMAN_BIOGPS_GNF1H_GCRMA_77_TISSUE_DDOF1,1.2039892604636027,0.7626392744557202,0.44134998600788244,ANTIDEPRESSANTS_BROAD,Broad antidepressant and rapid-acting antidepressant context,OPRK1,CerebellumPeduncles
OPRK1|EXACT_SINGLE_PROTEIN|HSAMP_374f872ebf1bbba2be514f9f|HUMAN_BIOGPS_GNF1H_GCRMA_77_TISSUE_DDOF1,-1.696023134305084,-0.4020229443888566,-1.2940001899162275,ANTIDEPRESSANTS_BROAD,Broad antidepressant and rapid-acting antidepressant context,OPRK1,GlobusPallidus
OPRK1|EXACT_SINGLE_PROTEIN|HSAMP_5c090f15f3e5194312a7e8ed|HUMAN_BIOGPS_GNF1H_GCRMA_77_TISSUE_DDOF1,0.036968827855691416,0.22486106912379483,-0.18789224126810342,ANTIDEPRESSANTS_BROAD,Broad antidepressant and rapid-acting antidepressant context,OPRK1,MedullaOblongata
OPRK1|EXACT_SINGLE_PROTEIN|HSAMP_752ebc880edc13bb4e2b2de8|HUMAN_BIOGPS_GNF1H_GCRMA_77_TISSUE_DDOF1,1.5403699585599027,0.8680707185781535,0.6722992399817491,ANTIDEPRESSANTS_BROAD,Broad antidepressant and rapid-acting antidepressant context,OPRK1,PrefrontalCortex
OPRK1|EXACT_SINGLE_PROTEIN|HSAMP_7725bb8a75064c4d7246d9ba|HUMAN_BIOGPS_GNF1H_GCRMA_77_TISSUE_DDOF1,-0.6797238247320325,0.052475030669945376,-0.7321988554019779,ANTIDEPRESSANTS_BROAD,Broad antidepressant and rapid-acting antidepressant context,OPRK1,OccipitalLobe
OPRK1|EXACT_SINGLE_PROTEIN|HSAMP_8ed020260a1d25cf72324c8a|HUMAN_BIOGPS_GNF1H_GCRMA_77_TISSUE_DDOF1,0.9020982492605245,0.628659464055391,0.27343878520513354,ANTIDEPRESSANTS_BROAD,Broad antidepressant and rapid-acting antidepressant context,OPRK1,Hypothalamus
OPRK1|EXACT_SINGLE_PROTEIN|HSAMP_936b77a4b11b5c19027de438|HUMAN_BIOGPS_GNF1H_GCRMA_77_TISSUE_DDOF1,0.8087303750901438,0.5802002927613821,0.2285300823287617,ANTIDEPRESSANTS_BROAD,Broad antidepressant and rapid-acting antidepressant context,OPRK1,Spinalcord
OPRK1|EXACT_SINGLE_PROTEIN|HSAMP_9aa72e4fb1ff63e1792b1ec7|HUMAN_BIOGPS_GNF1H_GCRMA_77_TISSUE_DDOF1,-1.2719778309776335,-0.21598200498121248,-1.055995825996421,ANTIDEPRESSANTS_BROAD,Broad antidepressant and rapid-acting antidepressant context,OPRK1,Cerebellum
OPRK1|EXACT_SINGLE_PROTEIN|HSAMP_a32ce488a48b0df9b8c4c40a|HUMAN_BIOGPS_GNF1H_GCRMA_77_TISSUE_DDOF1,-0.7631746919002458,0.027055864070639705,-0.7902305559708855,ANTIDEPRESSANTS_BROAD,Broad antidepressant and rapid-acting antidepressant context,OPRK1,Caudatenucleus
OPRK1|EXACT_SINGLE_PROTEIN|HSAMP_d99ba5ea584363f8600ade55|HUMAN_BIOGPS_GNF1H_GCRMA_77_TISSUE_DDOF1,0.6441544693789119,0.5274015373882216,0.11675293199069026,ANTIDEPRESSANTS_BROAD,Broad antidepressant and rapid-acting antidepressant context,OPRK1,CingulateCortex
OPRK1|EXACT_SINGLE_PROTEIN|HSAMP_e75262fc0acfda69d976a6d3|HUMAN_BIOGPS_GNF1H_GCRMA_77_TISSUE_DDOF1,0.8648327126640044,0.6068372242749479,0.2579954883890565,ANTIDEPRESSANTS_BROAD,Broad antidepressant and rapid-acting antidepressant context,OPRK1,ParietalLobe
OPRK1|EXACT_SINGLE_PROTEIN|HSAMP_eb2587e74e2d6457032d4ae7|HUMAN_BIOGPS_GNF1H_GCRMA_77_TISSUE_DDOF1,-0.6017139619223004,0.07398404660207275,-0.6756980085243731,ANTIDEPRESSANTS_BROAD,Broad antidepressant and rapid-acting antidepressant context,OPRK1,TemporalLobe
OPRK1|EXACT_SINGLE_PROTEIN|HSAMP_f43595f3557cf05e6a721aeb|HUMAN_BIOGPS_GNF1H_GCRMA_77_TISSUE_DDOF1,0.5575245454714622,0.5084224453322772,0.049102100139185034,ANTIDEPRESSANTS_BROAD,Broad antidepressant and rapid-acting antidepressant context,OPRK1,Thalamus
OPRK1|EXACT_SINGLE_PROTEIN|HSAMP_ff841df7ecd9f2c8ea2660f5|HUMAN_BIOGPS_GNF1H_GCRMA_77_TISSUE_DDOF1,-1.5539701975614002,-0.3237405608772765,-1.2302296366841237,ANTIDEPRESSANTS_BROAD,Broad antidepressant and rapid-acting antidepressant context,OPRK1,OlfactoryBulb
OPRM1|EXACT_SINGLE_PROTEIN|HSAMP_06645e2e8409a5b743985cdd|HUMAN_BIOGPS_GNF1H_GCRMA_77_TISSUE_DDOF1,-0.7965723889941071,0.16549734087656173,-0.9620697298706689,ANTIDEPRESSANTS_BROAD,Broad antidepressant and rapid-acting antidepressant context,OPRM1,Wholebrain
OPRM1|EXACT_SINGLE_PROTEIN|HSAMP_0cb8b4d1db8c390eeeecca55|HUMAN_BIOGPS_GNF1H_GCRMA_77_TISSUE_DDOF1,1.716808020032496,0.6983361292168134,1.0184718908156825,ANTIDEPRESSANTS_BROAD,Broad antidepressant and rapid-acting antidepressant context,OPRM1,Pons
OPRM1|EXACT_SINGLE_PROTEIN|HSAMP_13a552b6ffc4aac3b85a50ca|HUMAN_BIOGPS_GNF1H_GCRMA_77_TISSUE_DDOF1,-0.22356263192545178,0.28763806175120277,-0.5112006936766545,ANTIDEPRESSANTS_BROAD,Broad antidepressant and rapid-acting antidepressant context,OPRM1,Amygdala
OPRM1|EXACT_SINGLE_PROTEIN|HSAMP_192dff4b8df5862a227b1163|HUMAN_BIOGPS_GNF1H_GCRMA_77_TISSUE_DDOF1,-0.5616367314853511,0.2206012744999349,-0.782238005985286,ANTIDEPRESSANTS_BROAD,Broad antidepressant and rapid-acting antidepressant context,OPRM1,SubthalamicNucleus
OPRM1|EXACT_SINGLE_PROTEIN|HSAMP_20b60708f05d03c76f9fe702|HUMAN_BIOGPS_GNF1H_GCRMA_77_TISSUE_DDOF1,0.48101672315406374,0.4724233637361742,0.008593359417889523,ANTIDEPRESSANTS_BROAD,Broad antidepressant and rapid-acting antidepressant context,OPRM1,CerebellumPeduncles
OPRM1|EXACT_SINGLE_PROTEIN|HSAMP_374f872ebf1bbba2be514f9f|HUMAN_BIOGPS_GNF1H_GCRMA_77_TISSUE_DDOF1,-0.9276542412143662,0.15166061523653437,-1.0793148564509005,ANTIDEPRESSANTS_BROAD,Broad antidepressant and rapid-acting antidepressant context,OPRM1,GlobusPallidus
OPRM1|EXACT_SINGLE_PROTEIN|HSAMP_5c090f15f3e5194312a7e8ed|HUMAN_BIOGPS_GNF1H_GCRMA_77_TISSUE_DDOF1,1.3621070345288713,0.6135940377623947,0.7485129967664765,ANTIDEPRESSANTS_BROAD,Broad antidepressant and rapid-acting antidepressant context,OPRM1,MedullaOblongata
OPRM1|EXACT_SINGLE_PROTEIN|HSAMP_752ebc880edc13bb4e2b2de8|HUMAN_BIOGPS_GNF1H_GCRMA_77_TISSUE_DDOF1,0.5692864698202704,0.4864656658087298,0.08282080401154063,ANTIDEPRESSANTS_BROAD,Broad antidepressant and rapid-acting antidepressant context,OPRM1,PrefrontalCortex
OPRM1|EXACT_SINGLE_PROTEIN|HSAMP_7725bb8a75064c4d7246d9ba|HUMAN_BIOGPS_GNF1H_GCRMA_77_TISSUE_DDOF1,-0.6314667820514213,0.20496533294848582,-0.8364321149999071,ANTIDEPRESSANTS_BROAD,Broad antidepressant and rapid-acting antidepressant context,OPRM1,OccipitalLobe
OPRM1|EXACT_SINGLE_PROTEIN|HSAMP_8ed020260a1d25cf72324c8a|HUMAN_BIOGPS_GNF1H_GCRMA_77_TISSUE_DDOF1,0.0028657084236432275,0.3846513560477866,-0.38178564762414335,ANTIDEPRESSANTS_BROAD,Broad antidepressant and rapid-acting antidepressant context,OPRM1,Hypothalamus
OPRM1|EXACT_SINGLE_PROTEIN|HSAMP_936b77a4b11b5c19027de438|HUMAN_BIOGPS_GNF1H_GCRMA_77_TISSUE_DDOF1,-0.022691925819512807,0.37117482368543303,-0.3938667495049458,ANTIDEPRESSANTS_BROAD,Broad antidepressant and rapid-acting antidepressant context,OPRM1,Spinalcord
OPRM1|EXACT_SINGLE_PROTEIN|HSAMP_9aa72e4fb1ff63e1792b1ec7|HUMAN_BIOGPS_GNF1H_GCRMA_77_TISSUE_DDOF1,0.05316689399923939,0.4085193169411534,-0.355352422941914,ANTIDEPRESSANTS_BROAD,Broad antidepressant and rapid-acting antidepressant context,OPRM1,Cerebellum
OPRM1|EXACT_SINGLE_PROTEIN|HSAMP_a32ce488a48b0df9b8c4c40a|HUMAN_BIOGPS_GNF1H_GCRMA_77_TISSUE_DDOF1,-0.604580083085179,0.21040781770480357,-0.8149879007899825,ANTIDEPRESSANTS_BROAD,Broad antidepressant and rapid-acting antidepressant context,OPRM1,Caudatenucleus
OPRM1|EXACT_SINGLE_PROTEIN|HSAMP_d99ba5ea584363f8600ade55|HUMAN_BIOGPS_GNF1H_GCRMA_77_TISSUE_DDOF1,-0.13768784990688981,0.31708146233178325,-0.45476931223867306,ANTIDEPRESSANTS_BROAD,Broad antidepressant and rapid-acting antidepressant context,OPRM1,CingulateCortex
OPRM1|EXACT_SINGLE_PROTEIN|HSAMP_e75262fc0acfda69d976a6d3|HUMAN_BIOGPS_GNF1H_GCRMA_77_TISSUE_DDOF1,0.10269010257251229,0.4244548493024714,-0.32176474672995914,ANTIDEPRESSANTS_BROAD,Broad antidepressant and rapid-acting antidepressant context,OPRM1,ParietalLobe
OPRM1|EXACT_SINGLE_PROTEIN|HSAMP_eb2587e74e2d6457032d4ae7|HUMAN_BIOGPS_GNF1H_GCRMA_77_TISSUE_DDOF1,0.8130366679122062,0.5248923192898322,0.28814434862237404,ANTIDEPRESSANTS_BROAD,Broad antidepressant and rapid-acting antidepressant context,OPRM1,TemporalLobe
OPRM1|EXACT_SINGLE_PROTEIN|HSAMP_f43595f3557cf05e6a721aeb|HUMAN_BIOGPS_GNF1H_GCRMA_77_TISSUE_DDOF1,-0.17815121178694848,0.3029146062606189,-0.4810658180475674,ANTIDEPRESSANTS_BROAD,Broad antidepressant and rapid-acting antidepressant context,OPRM1,Thalamus
OPRM1|EXACT_SINGLE_PROTEIN|HSAMP_ff841df7ecd9f2c8ea2660f5|HUMAN_BIOGPS_GNF1H_GCRMA_77_TISSUE_DDOF1,-0.8624398965518474,0.1567795496216456,-1.019219446173493,ANTIDEPRESSANTS_BROAD,Broad antidepressant and rapid-acting antidepressant context,OPRM1,OlfactoryBulb
SLC6A2|EXACT_SINGLE_PROTEIN|HSAMP_06645e2e8409a5b743985cdd|HUMAN_BIOGPS_GNF1H_GCRMA_77_TISSUE_DDOF1,-1.132738967762656,-1.5948275788779582,0.4620886111153022,ANTIDEPRESSANTS_BROAD,Broad antidepressant and rapid-acting antidepressant context,SLC6A2,Wholebrain
SLC6A2|EXACT_SINGLE_PROTEIN|HSAMP_0cb8b4d1db8c390eeeecca55|HUMAN_BIOGPS_GNF1H_GCRMA_77_TISSUE_DDOF1,0.0271444976889488,-0.07824241046680097,0.10538690815574978,ANTIDEPRESSANTS_BROAD,Broad antidepressant and rapid-acting antidepressant context,SLC6A2,Pons
SLC6A2|EXACT_SINGLE_PROTEIN|HSAMP_13a552b6ffc4aac3b85a50ca|HUMAN_BIOGPS_GNF1H_GCRMA_77_TISSUE_DDOF1,0.2164813869506129,0.16440558450584206,0.052075802444770836,ANTIDEPRESSANTS_BROAD,Broad antidepressant and rapid-acting antidepressant context,SLC6A2,Amygdala
SLC6A2|EXACT_SINGLE_PROTEIN|HSAMP_192dff4b8df5862a227b1163|HUMAN_BIOGPS_GNF1H_GCRMA_77_TISSUE_DDOF1,0.6721433940176287,0.7346892796267795,-0.06254588560915086,ANTIDEPRESSANTS_BROAD,Broad antidepressant and rapid-acting antidepressant context,SLC6A2,SubthalamicNucleus
SLC6A2|EXACT_SINGLE_PROTEIN|HSAMP_20b60708f05d03c76f9fe702|HUMAN_BIOGPS_GNF1H_GCRMA_77_TISSUE_DDOF1,1.6263504990310644,1.857375954116528,-0.23102545508546357,ANTIDEPRESSANTS_BROAD,Broad antidepressant and rapid-acting antidepressant context,SLC6A2,CerebellumPeduncles
SLC6A2|EXACT_SINGLE_PROTEIN|HSAMP_374f872ebf1bbba2be514f9f|HUMAN_BIOGPS_GNF1H_GCRMA_77_TISSUE_DDOF1,-1.2460582398972329,-1.8096770529562636,0.5636188130590307,ANTIDEPRESSANTS_BROAD,Broad antidepressant and rapid-acting antidepressant context,SLC6A2,GlobusPallidus
SLC6A2|EXACT_SINGLE_PROTEIN|HSAMP_5c090f15f3e5194312a7e8ed|HUMAN_BIOGPS_GNF1H_GCRMA_77_TISSUE_DDOF1,-0.7579259018644592,-1.0315620660671525,0.2736361642026933,ANTIDEPRESSANTS_BROAD,Broad antidepressant and rapid-acting antidepressant context,SLC6A2,MedullaOblongata
SLC6A2|EXACT_SINGLE_PROTEIN|HSAMP_752ebc880edc13bb4e2b2de8|HUMAN_BIOGPS_GNF1H_GCRMA_77_TISSUE_DDOF1,1.0010182958870433,1.1588108390794274,-0.15779254319238412,ANTIDEPRESSANTS_BROAD,Broad antidepressant and rapid-acting antidepressant context,SLC6A2,PrefrontalCortex
SLC6A2|EXACT_SINGLE_PROTEIN|HSAMP_7725bb8a75064c4d7246d9ba|HUMAN_BIOGPS_GNF1H_GCRMA_77_TISSUE_DDOF1,-0.7579259018644592,-1.0315620660671525,0.2736361642026933,ANTIDEPRESSANTS_BROAD,Broad antidepressant and rapid-acting antidepressant context,SLC6A2,OccipitalLobe
SLC6A2|EXACT_SINGLE_PROTEIN|HSAMP_8ed020260a1d25cf72324c8a|HUMAN_BIOGPS_GNF1H_GCRMA_77_TISSUE_DDOF1,0.6721433940176287,0.7346892796267795,-0.06254588560915086,ANTIDEPRESSANTS_BROAD,Broad antidepressant and rapid-acting antidepressant context,SLC6A2,Hypothalamus
SLC6A2|EXACT_SINGLE_PROTEIN|HSAMP_936b77a4b11b5c19027de438|HUMAN_BIOGPS_GNF1H_GCRMA_77_TISSUE_DDOF1,0.5325821191587664,0.5474657865219453,-0.01488366736317892,ANTIDEPRESSANTS_BROAD,Broad antidepressant and rapid-acting antidepressant context,SLC6A2,Spinalcord
SLC6A2|EXACT_SINGLE_PROTEIN|HSAMP_9aa72e4fb1ff63e1792b1ec7|HUMAN_BIOGPS_GNF1H_GCRMA_77_TISSUE_DDOF1,-0.9755002670030188,-1.321375121048187,0.34587485404516816,ANTIDEPRESSANTS_BROAD,Broad antidepressant and rapid-acting antidepressant context,SLC6A2,Cerebellum
SLC6A2|EXACT_SINGLE_PROTEIN|HSAMP_a32ce488a48b0df9b8c4c40a|HUMAN_BIOGPS_GNF1H_GCRMA_77_TISSUE_DDOF1,-0.8043186044715439,-1.081445739237552,0.27712713476600814,ANTIDEPRESSANTS_BROAD,Broad antidepressant and rapid-acting antidepressant context,SLC6A2,Caudatenucleus
SLC6A2|EXACT_SINGLE_PROTEIN|HSAMP_d99ba5ea584363f8600ade55|HUMAN_BIOGPS_GNF1H_GCRMA_77_TISSUE_DDOF1,0.2164813869506129,0.16440558450584206,0.052075802444770836,ANTIDEPRESSANTS_BROAD,Broad antidepressant and rapid-acting antidepressant context,SLC6A2,CingulateCortex
SLC6A2|EXACT_SINGLE_PROTEIN|HSAMP_e75262fc0acfda69d976a6d3|HUMAN_BIOGPS_GNF1H_GCRMA_77_TISSUE_DDOF1,0.7752997142902357,0.8465694971834045,-0.07126978289316876,ANTIDEPRESSANTS_BROAD,Broad antidepressant and rapid-acting antidepressant context,SLC6A2,ParietalLobe
SLC6A2|EXACT_SINGLE_PROTEIN|HSAMP_eb2587e74e2d6457032d4ae7|HUMAN_BIOGPS_GNF1H_GCRMA_77_TISSUE_DDOF1,-0.6175198957580689,-0.862789717359335,0.2452698216012661,ANTIDEPRESSANTS_BROAD,Broad antidepressant and rapid-acting antidepressant context,SLC6A2,TemporalLobe
SLC6A2|EXACT_SINGLE_PROTEIN|HSAMP_f43595f3557cf05e6a721aeb|HUMAN_BIOGPS_GNF1H_GCRMA_77_TISSUE_DDOF1,0.0793133115119636,0.015347932590477694,0.0639653789214859,ANTIDEPRESSANTS_BROAD,Broad antidepressant and rapid-acting antidepressant context,SLC6A2,Thalamus
SLC6A2|EXACT_SINGLE_PROTEIN|HSAMP_ff841df7ecd9f2c8ea2660f5|HUMAN_BIOGPS_GNF1H_GCRMA_77_TISSUE_DDOF1,-0.7579259018644592,-1.0315620660671525,0.2736361642026933,ANTIDEPRESSANTS_BROAD,Broad antidepressant and rapid-acting antidepressant context,SLC6A2,OlfactoryBulb
SLC6A3|EXACT_SINGLE_PROTEIN|HSAMP_06645e2e8409a5b743985cdd|HUMAN_BIOGPS_GNF1H_GCRMA_77_TISSUE_DDOF1,-0.9036593764170809,-1.1084306059047477,0.2047712294876668,ANTIDEPRESSANTS_BROAD,Broad antidepressant and rapid-acting antidepressant context,SLC6A3,Wholebrain
SLC6A3|EXACT_SINGLE_PROTEIN|HSAMP_0cb8b4d1db8c390eeeecca55|HUMAN_BIOGPS_GNF1H_GCRMA_77_TISSUE_DDOF1,0.01727729262442284,-0.05419485419830785,0.07147214682273069,ANTIDEPRESSANTS_BROAD,Broad antidepressant and rapid-acting antidepressant context,SLC6A3,Pons
SLC6A3|EXACT_SINGLE_PROTEIN|HSAMP_13a552b6ffc4aac3b85a50ca|HUMAN_BIOGPS_GNF1H_GCRMA_77_TISSUE_DDOF1,0.5666983409912103,0.5905058786015197,-0.023807537610309404,ANTIDEPRESSANTS_BROAD,Broad antidepressant and rapid-acting antidepressant context,SLC6A3,Amygdala
SLC6A3|EXACT_SINGLE_PROTEIN|HSAMP_192dff4b8df5862a227b1163|HUMAN_BIOGPS_GNF1H_GCRMA_77_TISSUE_DDOF1,-0.221832286669166,-0.38601472052423613,0.16418243385507014,ANTIDEPRESSANTS_BROAD,Broad antidepressant and rapid-acting antidepressant context,SLC6A3,SubthalamicNucleus
SLC6A3|EXACT_SINGLE_PROTEIN|HSAMP_20b60708f05d03c76f9fe702|HUMAN_BIOGPS_GNF1H_GCRMA_77_TISSUE_DDOF1,1.1641254681508675,1.3212085057956093,-0.15708303764474185,ANTIDEPRESSANTS_BROAD,Broad antidepressant and rapid-acting antidepressant context,SLC6A3,CerebellumPeduncles
SLC6A3|EXACT_SINGLE_PROTEIN|HSAMP_374f872ebf1bbba2be514f9f|HUMAN_BIOGPS_GNF1H_GCRMA_77_TISSUE_DDOF1,-1.51085260287073,-1.9066723248349953,0.3958197219642652,ANTIDEPRESSANTS_BROAD,Broad antidepressant and rapid-acting antidepressant context,SLC6A3,GlobusPallidus
SLC6A3|EXACT_SINGLE_PROTEIN|HSAMP_5c090f15f3e5194312a7e8ed|HUMAN_BIOGPS_GNF1H_GCRMA_77_TISSUE_DDOF1,-0.6317076260451668,-0.791209842603163,0.15950221655799612,ANTIDEPRESSANTS_BROAD,Broad antidepressant and rapid-acting antidepressant context,SLC6A3,MedullaOblongata
SLC6A3|EXACT_SINGLE_PROTEIN|HSAMP_752ebc880edc13bb4e2b2de8|HUMAN_BIOGPS_GNF1H_GCRMA_77_TISSUE_DDOF1,1.139175773015892,1.2751309716948969,-0.13595519867900485,ANTIDEPRESSANTS_BROAD,Broad antidepressant and rapid-acting antidepressant context,SLC6A3,PrefrontalCortex
SLC6A3|EXACT_SINGLE_PROTEIN|HSAMP_7725bb8a75064c4d7246d9ba|HUMAN_BIOGPS_GNF1H_GCRMA_77_TISSUE_DDOF1,-0.6317076260451668,-0.791209842603163,0.15950221655799612,ANTIDEPRESSANTS_BROAD,Broad antidepressant and rapid-acting antidepressant context,SLC6A3,OccipitalLobe
SLC6A3|EXACT_SINGLE_PROTEIN|HSAMP_8ed020260a1d25cf72324c8a|HUMAN_BIOGPS_GNF1H_GCRMA_77_TISSUE_DDOF1,2.182869350941762,2.3389341265262447,-0.15606477558448262,ANTIDEPRESSANTS_BROAD,Broad antidepressant and rapid-acting antidepressant context,SLC6A3,Hypothalamus
SLC6A3|EXACT_SINGLE_PROTEIN|HSAMP_936b77a4b11b5c19027de438|HUMAN_BIOGPS_GNF1H_GCRMA_77_TISSUE_DDOF1,0.6456219738069149,0.6843412979424806,-0.03871932413556567,ANTIDEPRESSANTS_BROAD,Broad antidepressant and rapid-acting antidepressant context,SLC6A3,Spinalcord
SLC6A3|EXACT_SINGLE_PROTEIN|HSAMP_9aa72e4fb1ff63e1792b1ec7|HUMAN_BIOGPS_GNF1H_GCRMA_77_TISSUE_DDOF1,-1.1424650971158654,-1.4457076579552646,0.30324256083939916,ANTIDEPRESSANTS_BROAD,Broad antidepressant and rapid-acting antidepressant context,SLC6A3,Cerebellum
SLC6A3|EXACT_SINGLE_PROTEIN|HSAMP_a32ce488a48b0df9b8c4c40a|HUMAN_BIOGPS_GNF1H_GCRMA_77_TISSUE_DDOF1,-0.69464193733049,-0.882549807758908,0.18790787042841806,ANTIDEPRESSANTS_BROAD,Broad antidepressant and rapid-acting antidepressant context,SLC6A3,Caudatenucleus
SLC6A3|EXACT_SINGLE_PROTEIN|HSAMP_d99ba5ea584363f8600ade55|HUMAN_BIOGPS_GNF1H_GCRMA_77_TISSUE_DDOF1,0.5666983409912103,0.5905058786015197,-0.023807537610309404,ANTIDEPRESSANTS_BROAD,Broad antidepressant and rapid-acting antidepressant context,SLC6A3,CingulateCortex
SLC6A3|EXACT_SINGLE_PROTEIN|HSAMP_e75262fc0acfda69d976a6d3|HUMAN_BIOGPS_GNF1H_GCRMA_77_TISSUE_DDOF1,0.6456219738069149,0.6843412979424806,-0.03871932413556567,ANTIDEPRESSANTS_BROAD,Broad antidepressant and rapid-acting antidepressant context,SLC6A3,ParietalLobe
SLC6A3|EXACT_SINGLE_PROTEIN|HSAMP_eb2587e74e2d6457032d4ae7|HUMAN_BIOGPS_GNF1H_GCRMA_77_TISSUE_DDOF1,-0.6317076260451668,-0.791209842603163,0.15950221655799612,ANTIDEPRESSANTS_BROAD,Broad antidepressant and rapid-acting antidepressant context,SLC6A3,TemporalLobe
SLC6A3|EXACT_SINGLE_PROTEIN|HSAMP_f43595f3557cf05e6a721aeb|HUMAN_BIOGPS_GNF1H_GCRMA_77_TISSUE_DDOF1,0.5666983409912103,0.5905058786015197,-0.023807537610309404,ANTIDEPRESSANTS_BROAD,Broad antidepressant and rapid-acting antidepressant context,SLC6A3,Thalamus
SLC6A3|EXACT_SINGLE_PROTEIN|HSAMP_ff841df7ecd9f2c8ea2660f5|HUMAN_BIOGPS_GNF1H_GCRMA_77_TISSUE_DDOF1,-1.1424650971158654,-1.4457076579552646,0.30324256083939916,ANTIDEPRESSANTS_BROAD,Broad antidepressant and rapid-acting antidepressant context,SLC6A3,OlfactoryBulb
SLC6A4|EXACT_SINGLE_PROTEIN|HSAMP_06645e2e8409a5b743985cdd|HUMAN_BIOGPS_GNF1H_GCRMA_77_TISSUE_DDOF1,-0.25135445637222936,-0.6862424478761481,0.4348879915039187,ANTIDEPRESSANTS_BROAD,Broad antidepressant and rapid-acting antidepressant context,SLC6A4,Wholebrain
SLC6A4|EXACT_SINGLE_PROTEIN|HSAMP_0cb8b4d1db8c390eeeecca55|HUMAN_BIOGPS_GNF1H_GCRMA_77_TISSUE_DDOF1,0.07188917544024263,-0.12295677503410603,0.19484595047434866,ANTIDEPRESSANTS_BROAD,Broad antidepressant and rapid-acting antidepressant context,SLC6A4,Pons
SLC6A4|EXACT_SINGLE_PROTEIN|HSAMP_13a552b6ffc4aac3b85a50ca|HUMAN_BIOGPS_GNF1H_GCRMA_77_TISSUE_DDOF1,0.0271444976889488,-0.2558367797443219,0.2829812774332707,ANTIDEPRESSANTS_BROAD,Broad antidepressant and rapid-acting antidepressant context,SLC6A4,Amygdala
SLC6A4|EXACT_SINGLE_PROTEIN|HSAMP_192dff4b8df5862a227b1163|HUMAN_BIOGPS_GNF1H_GCRMA_77_TISSUE_DDOF1,-0.1367075388384357,-0.5678718329495078,0.43116429411107215,ANTIDEPRESSANTS_BROAD,Broad antidepressant and rapid-acting antidepressant context,SLC6A4,SubthalamicNucleus
SLC6A4|EXACT_SINGLE_PROTEIN|HSAMP_20b60708f05d03c76f9fe702|HUMAN_BIOGPS_GNF1H_GCRMA_77_TISSUE_DDOF1,0.1102442582911983,-0.0072851686554107975,0.1175294269466091,ANTIDEPRESSANTS_BROAD,Broad antidepressant and rapid-acting antidepressant context,SLC6A4,CerebellumPeduncles
SLC6A4|EXACT_SINGLE_PROTEIN|HSAMP_374f872ebf1bbba2be514f9f|HUMAN_BIOGPS_GNF1H_GCRMA_77_TISSUE_DDOF1,-0.4371859824980134,-0.8893821823420391,0.45219619984402576,ANTIDEPRESSANTS_BROAD,Broad antidepressant and rapid-acting antidepressant context,SLC6A4,GlobusPallidus
SLC6A4|EXACT_SINGLE_PROTEIN|HSAMP_5c090f15f3e5194312a7e8ed|HUMAN_BIOGPS_GNF1H_GCRMA_77_TISSUE_DDOF1,-0.054655890656651725,-0.4605465498771497,0.405890659220498,ANTIDEPRESSANTS_BROAD,Broad antidepressant and rapid-acting antidepressant context,SLC6A4,MedullaOblongata
SLC6A4|EXACT_SINGLE_PROTEIN|HSAMP_752ebc880edc13bb4e2b2de8|HUMAN_BIOGPS_GNF1H_GCRMA_77_TISSUE_DDOF1,0.2907949004382928,0.19788641051484754,0.09290848992344528,ANTIDEPRESSANTS_BROAD,Broad antidepressant and rapid-acting antidepressant context,SLC6A4,PrefrontalCortex
SLC6A4|EXACT_SINGLE_PROTEIN|HSAMP_7725bb8a75064c4d7246d9ba|HUMAN_BIOGPS_GNF1H_GCRMA_77_TISSUE_DDOF1,-0.17884169477383446,-0.6218228915142869,0.44298119674045244,ANTIDEPRESSANTS_BROAD,Broad antidepressant and rapid-acting antidepressant context,SLC6A4,OccipitalLobe
SLC6A4|EXACT_SINGLE_PROTEIN|HSAMP_8ed020260a1d25cf72324c8a|HUMAN_BIOGPS_GNF1H_GCRMA_77_TISSUE_DDOF1,0.0271444976889488,-0.2558367797443219,0.2829812774332707,ANTIDEPRESSANTS_BROAD,Broad antidepressant and rapid-acting antidepressant context,SLC6A4,Hypothalamus
SLC6A4|EXACT_SINGLE_PROTEIN|HSAMP_936b77a4b11b5c19027de438|HUMAN_BIOGPS_GNF1H_GCRMA_77_TISSUE_DDOF1,0.05055470938774039,-0.18844504838099738,0.23899975776873777,ANTIDEPRESSANTS_BROAD,Broad antidepressant and rapid-acting antidepressant context,SLC6A4,Spinalcord
SLC6A4|EXACT_SINGLE_PROTEIN|HSAMP_9aa72e4fb1ff63e1792b1ec7|HUMAN_BIOGPS_GNF1H_GCRMA_77_TISSUE_DDOF1,0.9355939929881446,1.1969371327248586,-0.26134313973671397,ANTIDEPRESSANTS_BROAD,Broad antidepressant and rapid-acting antidepressant context,SLC6A4,Cerebellum
SLC6A4|EXACT_SINGLE_PROTEIN|HSAMP_a32ce488a48b0df9b8c4c40a|HUMAN_BIOGPS_GNF1H_GCRMA_77_TISSUE_DDOF1,0.09786726621788498,-0.03408815185787961,0.1319554180757646,ANTIDEPRESSANTS_BROAD,Broad antidepressant and rapid-acting antidepressant context,SLC6A4,Caudatenucleus
SLC6A4|EXACT_SINGLE_PROTEIN|HSAMP_d99ba5ea584363f8600ade55|HUMAN_BIOGPS_GNF1H_GCRMA_77_TISSUE_DDOF1,-0.0003896569041729336,-0.3425725357194122,0.3421828788152393,ANTIDEPRESSANTS_BROAD,Broad antidepressant and rapid-acting antidepressant context,SLC6A4,CingulateCortex
SLC6A4|EXACT_SINGLE_PROTEIN|HSAMP_e75262fc0acfda69d976a6d3|HUMAN_BIOGPS_GNF1H_GCRMA_77_TISSUE_DDOF1,0.09786726621788498,-0.03408815185787961,0.1319554180757646,ANTIDEPRESSANTS_BROAD,Broad antidepressant and rapid-acting antidepressant context,SLC6A4,ParietalLobe
SLC6A4|EXACT_SINGLE_PROTEIN|HSAMP_eb2587e74e2d6457032d4ae7|HUMAN_BIOGPS_GNF1H_GCRMA_77_TISSUE_DDOF1,-0.17884169477383446,-0.6218228915142869,0.44298119674045244,ANTIDEPRESSANTS_BROAD,Broad antidepressant and rapid-acting antidepressant context,SLC6A4,TemporalLobe
SLC6A4|EXACT_SINGLE_PROTEIN|HSAMP_f43595f3557cf05e6a721aeb|HUMAN_BIOGPS_GNF1H_GCRMA_77_TISSUE_DDOF1,-0.011083252746525038,-0.3803998751488848,0.36931662240235974,ANTIDEPRESSANTS_BROAD,Broad antidepressant and rapid-acting antidepressant context,SLC6A4,Thalamus
SLC6A4|EXACT_SINGLE_PROTEIN|HSAMP_ff841df7ecd9f2c8ea2660f5|HUMAN_BIOGPS_GNF1H_GCRMA_77_TISSUE_DDOF1,-0.36220970206270436,-0.8028199722460936,0.4406102701833892,ANTIDEPRESSANTS_BROAD,Broad antidepressant and rapid-acting antidepressant context,SLC6A4,OlfactoryBulb
ADRA1A|EXACT_SINGLE_PROTEIN|HSAMP_06645e2e8409a5b743985cdd|HUMAN_BIOGPS_GNF1H_GCRMA_77_TISSUE_DDOF1,-1.5437279671639712,-0.8104500132392628,-0.7332779539247084,ANTIPSYCHOTICS_BROAD,Broad antipsychotic reference set,ADRA1A,Wholebrain
ADRA1A|EXACT_SINGLE_PROTEIN|HSAMP_0cb8b4d1db8c390eeeecca55|HUMAN_BIOGPS_GNF1H_GCRMA_77_TISSUE_DDOF1,1.4195828780719864,1.0164383073308518,0.4031445707411345,ANTIPSYCHOTICS_BROAD,Broad antipsychotic reference set,ADRA1A,Pons
ADRA1A|EXACT_SINGLE_PROTEIN|HSAMP_13a552b6ffc4aac3b85a50ca|HUMAN_BIOGPS_GNF1H_GCRMA_77_TISSUE_DDOF1,0.01727729262442284,0.12367478032107235,-0.1063974876966495,ANTIPSYCHOTICS_BROAD,Broad antipsychotic reference set,ADRA1A,Amygdala
ADRA1A|EXACT_SINGLE_PROTEIN|HSAMP_192dff4b8df5862a227b1163|HUMAN_BIOGPS_GNF1H_GCRMA_77_TISSUE_DDOF1,-0.17327345734461072,0.06063015606471906,-0.23390361340932977,ANTIPSYCHOTICS_BROAD,Broad antipsychotic reference set,ADRA1A,SubthalamicNucleus
ADRA1A|EXACT_SINGLE_PROTEIN|HSAMP_20b60708f05d03c76f9fe702|HUMAN_BIOGPS_GNF1H_GCRMA_77_TISSUE_DDOF1,1.2202698721222003,0.9375136028866817,0.28275626923551855,ANTIPSYCHOTICS_BROAD,Broad antipsychotic reference set,ADRA1A,CerebellumPeduncles
ADRA1A|EXACT_SINGLE_PROTEIN|HSAMP_374f872ebf1bbba2be514f9f|HUMAN_BIOGPS_GNF1H_GCRMA_77_TISSUE_DDOF1,-1.0125913122842531,-0.5335239539247425,-0.47906735835951064,ANTIPSYCHOTICS_BROAD,Broad antipsychotic reference set,ADRA1A,GlobusPallidus
ADRA1A|EXACT_SINGLE_PROTEIN|HSAMP_5c090f15f3e5194312a7e8ed|HUMAN_BIOGPS_GNF1H_GCRMA_77_TISSUE_DDOF1,-0.7142836231329676,-0.25925413362751504,-0.4550294895054525,ANTIPSYCHOTICS_BROAD,Broad antipsychotic reference set,ADRA1A,MedullaOblongata
ADRA1A|EXACT_SINGLE_PROTEIN|HSAMP_752ebc880edc13bb4e2b2de8|HUMAN_BIOGPS_GNF1H_GCRMA_77_TISSUE_DDOF1,1.0330401383418797,0.8379262965123158,0.19511384182956393,ANTIPSYCHOTICS_BROAD,Broad antipsychotic reference set,ADRA1A,PrefrontalCortex
ADRA1A|EXACT_SINGLE_PROTEIN|HSAMP_7725bb8a75064c4d7246d9ba|HUMAN_BIOGPS_GNF1H_GCRMA_77_TISSUE_DDOF1,-0.7735111971300326,-0.31333331417329835,-0.46017788295673423,ANTIPSYCHOTICS_BROAD,Broad antipsychotic reference set,ADRA1A,OccipitalLobe
ADRA1A|EXACT_SINGLE_PROTEIN|HSAMP_8ed020260a1d25cf72324c8a|HUMAN_BIOGPS_GNF1H_GCRMA_77_TISSUE_DDOF1,0.48383712564449033,0.4796054871926049,0.0042316384518854555,ANTIPSYCHOTICS_BROAD,Broad antipsychotic reference set,ADRA1A,Hypothalamus
ADRA1A|EXACT_SINGLE_PROTEIN|HSAMP_936b77a4b11b5c19027de438|HUMAN_BIOGPS_GNF1H_GCRMA_77_TISSUE_DDOF1,0.6803833642951119,0.5742177612009168,0.1061656030941951,ANTIPSYCHOTICS_BROAD,Broad antipsychotic reference set,ADRA1A,Spinalcord
ADRA1A|EXACT_SINGLE_PROTEIN|HSAMP_9aa72e4fb1ff63e1792b1ec7|HUMAN_BIOGPS_GNF1H_GCRMA_77_TISSUE_DDOF1,-1.176829333645712,-0.6342219574046606,-0.5426073762410515,ANTIPSYCHOTICS_BROAD,Broad antipsychotic reference set,ADRA1A,Cerebellum
ADRA1A|EXACT_SINGLE_PROTEIN|HSAMP_a32ce488a48b0df9b8c4c40a|HUMAN_BIOGPS_GNF1H_GCRMA_77_TISSUE_DDOF1,-0.7735111971300326,-0.31333331417329835,-0.46017788295673423,ANTIPSYCHOTICS_BROAD,Broad antipsychotic reference set,ADRA1A,Caudatenucleus
ADRA1A|EXACT_SINGLE_PROTEIN|HSAMP_d99ba5ea584363f8600ade55|HUMAN_BIOGPS_GNF1H_GCRMA_77_TISSUE_DDOF1,0.5697969462378093,0.532755097351263,0.03704184888654627,ANTIPSYCHOTICS_BROAD,Broad antipsychotic reference set,ADRA1A,CingulateCortex
ADRA1A|EXACT_SINGLE_PROTEIN|HSAMP_e75262fc0acfda69d976a6d3|HUMAN_BIOGPS_GNF1H_GCRMA_77_TISSUE_DDOF1,0.7908831192896955,0.6700253057877772,0.12085781350191827,ANTIPSYCHOTICS_BROAD,Broad antipsychotic reference set,ADRA1A,ParietalLobe
ADRA1A|EXACT_SINGLE_PROTEIN|HSAMP_eb2587e74e2d6457032d4ae7|HUMAN_BIOGPS_GNF1H_GCRMA_77_TISSUE_DDOF1,-0.47438680247321735,-0.05058618872144448,-0.42380061375177286,ANTIPSYCHOTICS_BROAD,Broad antipsychotic reference set,ADRA1A,TemporalLobe
ADRA1A|EXACT_SINGLE_PROTEIN|HSAMP_f43595f3557cf05e6a721aeb|HUMAN_BIOGPS_GNF1H_GCRMA_77_TISSUE_DDOF1,0.2937959716720335,0.4085503634690872,-0.11475439179705371,ANTIPSYCHOTICS_BROAD,Broad antipsychotic reference set,ADRA1A,Thalamus
ADRA1A|EXACT_SINGLE_PROTEIN|HSAMP_ff841df7ecd9f2c8ea2660f5|HUMAN_BIOGPS_GNF1H_GCRMA_77_TISSUE_DDOF1,-1.3916941247707881,-0.7472780409413222,-0.6444160838294659,ANTIPSYCHOTICS_BROAD,Broad antipsychotic reference set,ADRA1A,OlfactoryBulb
ADRA2A|EXACT_SINGLE_PROTEIN|HSAMP_06645e2e8409a5b743985cdd|HUMAN_BIOGPS_GNF1H_GCRMA_77_TISSUE_DDOF1,1.3256712318464634,0.7840041619746835,0.5416670698717799,ANTIPSYCHOTICS_BROAD,Broad antipsychotic reference set,ADRA2A,Wholebrain
ADRA2A|EXACT_SINGLE_PROTEIN|HSAMP_0cb8b4d1db8c390eeeecca55|HUMAN_BIOGPS_GNF1H_GCRMA_77_TISSUE_DDOF1,-0.5044395774634475,0.10505659630638645,-0.6094961737698339,ANTIPSYCHOTICS_BROAD,Broad antipsychotic reference set,ADRA2A,Pons
ADRA2A|EXACT_SINGLE_PROTEIN|HSAMP_13a552b6ffc4aac3b85a50ca|HUMAN_BIOGPS_GNF1H_GCRMA_77_TISSUE_DDOF1,0.5741290899637739,0.5150675294478337,0.05906156051594014,ANTIPSYCHOTICS_BROAD,Broad antipsychotic reference set,ADRA2A,Amygdala
ADRA2A|EXACT_SINGLE_PROTEIN|HSAMP_192dff4b8df5862a227b1163|HUMAN_BIOGPS_GNF1H_GCRMA_77_TISSUE_DDOF1,-0.6732064603943135,0.06246826085693884,-0.7356747212512523,ANTIPSYCHOTICS_BROAD,Broad antipsychotic reference set,ADRA2A,SubthalamicNucleus
ADRA2A|EXACT_SINGLE_PROTEIN|HSAMP_20b60708f05d03c76f9fe702|HUMAN_BIOGPS_GNF1H_GCRMA_77_TISSUE_DDOF1,0.5992580300558955,0.5193462319484163,0.07991179810747917,ANTIPSYCHOTICS_BROAD,Broad antipsychotic reference set,ADRA2A,CerebellumPeduncles
ADRA2A|EXACT_SINGLE_PROTEIN|HSAMP_374f872ebf1bbba2be514f9f|HUMAN_BIOGPS_GNF1H_GCRMA_77_TISSUE_DDOF1,-1.129932837769179,-0.10115041933647032,-1.0287824184327088,ANTIPSYCHOTICS_BROAD,Broad antipsychotic reference set,ADRA2A,GlobusPallidus
ADRA2A|EXACT_SINGLE_PROTEIN|HSAMP_5c090f15f3e5194312a7e8ed|HUMAN_BIOGPS_GNF1H_GCRMA_77_TISSUE_DDOF1,-0.7142836231329676,0.051869721965873486,-0.766153345098841,ANTIPSYCHOTICS_BROAD,Broad antipsychotic reference set,ADRA2A,MedullaOblongata
ADRA2A|EXACT_SINGLE_PROTEIN|HSAMP_752ebc880edc13bb4e2b2de8|HUMAN_BIOGPS_GNF1H_GCRMA_77_TISSUE_DDOF1,0.6639939006317417,0.5300332927386646,0.13396060789307707,ANTIPSYCHOTICS_BROAD,Broad antipsychotic reference set,ADRA2A,PrefrontalCortex
ADRA2A|EXACT_SINGLE_PROTEIN|HSAMP_7725bb8a75064c4d7246d9ba|HUMAN_BIOGPS_GNF1H_GCRMA_77_TISSUE_DDOF1,-0.6732064603943135,0.06246826085693884,-0.7356747212512523,ANTIPSYCHOTICS_BROAD,Broad antipsychotic reference set,ADRA2A,OccipitalLobe
ADRA2A|EXACT_SINGLE_PROTEIN|HSAMP_8ed020260a1d25cf72324c8a|HUMAN_BIOGPS_GNF1H_GCRMA_77_TISSUE_DDOF1,0.22956957141467732,0.4253208375361245,-0.19575126612144716,ANTIPSYCHOTICS_BROAD,Broad antipsychotic reference set,ADRA2A,Hypothalamus
ADRA2A|EXACT_SINGLE_PROTEIN|HSAMP_936b77a4b11b5c19027de438|HUMAN_BIOGPS_GNF1H_GCRMA_77_TISSUE_DDOF1,-0.047357446085577085,0.187177359890226,-0.23453480597580306,ANTIPSYCHOTICS_BROAD,Broad antipsychotic reference set,ADRA2A,Spinalcord
ADRA2A|EXACT_SINGLE_PROTEIN|HSAMP_9aa72e4fb1ff63e1792b1ec7|HUMAN_BIOGPS_GNF1H_GCRMA_77_TISSUE_DDOF1,-0.8108793577649526,0.02611916524721219,-0.8369985230121647,ANTIPSYCHOTICS_BROAD,Broad antipsychotic reference set,ADRA2A,Cerebellum
ADRA2A|EXACT_SINGLE_PROTEIN|HSAMP_a32ce488a48b0df9b8c4c40a|HUMAN_BIOGPS_GNF1H_GCRMA_77_TISSUE_DDOF1,-0.733236447782707,0.0484778907686043,-0.7817143385513113,ANTIPSYCHOTICS_BROAD,Broad antipsychotic reference set,ADRA2A,Caudatenucleus
ADRA2A|EXACT_SINGLE_PROTEIN|HSAMP_d99ba5ea584363f8600ade55|HUMAN_BIOGPS_GNF1H_GCRMA_77_TISSUE_DDOF1,-0.2634322811930612,0.14171136780700883,-0.40514364900007005,ANTIPSYCHOTICS_BROAD,Broad antipsychotic reference set,ADRA2A,CingulateCortex
ADRA2A|EXACT_SINGLE_PROTEIN|HSAMP_e75262fc0acfda69d976a6d3|HUMAN_BIOGPS_GNF1H_GCRMA_77_TISSUE_DDOF1,0.055922154422395114,0.2425174292038873,-0.18659527478149218,ANTIPSYCHOTICS_BROAD,Broad antipsychotic reference set,ADRA2A,ParietalLobe
ADRA2A|EXACT_SINGLE_PROTEIN|HSAMP_eb2587e74e2d6457032d4ae7|HUMAN_BIOGPS_GNF1H_GCRMA_77_TISSUE_DDOF1,-0.5955305040679503,0.08701824190866883,-0.6825487459766191,ANTIPSYCHOTICS_BROAD,Broad antipsychotic reference set,ADRA2A,TemporalLobe
ADRA2A|EXACT_SINGLE_PROTEIN|HSAMP_f43595f3557cf05e6a721aeb|HUMAN_BIOGPS_GNF1H_GCRMA_77_TISSUE_DDOF1,-0.2634322811930612,0.14171136780700883,-0.40514364900007005,ANTIPSYCHOTICS_BROAD,Broad antipsychotic reference set,ADRA2A,Thalamus
ADRA2A|EXACT_SINGLE_PROTEIN|HSAMP_ff841df7ecd9f2c8ea2660f5|HUMAN_BIOGPS_GNF1H_GCRMA_77_TISSUE_DDOF1,-1.0157075272297438,-0.050452950465007855,-0.9652545767647359,ANTIPSYCHOTICS_BROAD,Broad antipsychotic reference set,ADRA2A,OlfactoryBulb
ADRA2B|EXACT_SINGLE_PROTEIN|HSAMP_06645e2e8409a5b743985cdd|HUMAN_BIOGPS_GNF1H_GCRMA_77_TISSUE_DDOF1,-1.081013102938054,-0.11999216089355622,-0.9610209420444978,ANTIPSYCHOTICS_BROAD,Broad antipsychotic reference set,ADRA2B,Wholebrain
ADRA2B|EXACT_SINGLE_PROTEIN|HSAMP_0cb8b4d1db8c390eeeecca55|HUMAN_BIOGPS_GNF1H_GCRMA_77_TISSUE_DDOF1,-0.19085554650662634,0.14739388283873456,-0.3382494293453609,ANTIPSYCHOTICS_BROAD,Broad antipsychotic reference set,ADRA2B,Pons
ADRA2B|EXACT_SINGLE_PROTEIN|HSAMP_13a552b6ffc4aac3b85a50ca|HUMAN_BIOGPS_GNF1H_GCRMA_77_TISSUE_DDOF1,0.8015037237186955,0.5765858879484055,0.22491783577029,ANTIPSYCHOTICS_BROAD,Broad antipsychotic reference set,ADRA2B,Amygdala
ADRA2B|EXACT_SINGLE_PROTEIN|HSAMP_192dff4b8df5862a227b1163|HUMAN_BIOGPS_GNF1H_GCRMA_77_TISSUE_DDOF1,-0.5960540842206639,0.07094789411591854,-0.6670019783365824,ANTIPSYCHOTICS_BROAD,Broad antipsychotic reference set,ADRA2B,SubthalamicNucleus
ADRA2B|EXACT_SINGLE_PROTEIN|HSAMP_20b60708f05d03c76f9fe702|HUMAN_BIOGPS_GNF1H_GCRMA_77_TISSUE_DDOF1,1.0999181395371558,0.7304173746186913,0.3695007649184645,ANTIPSYCHOTICS_BROAD,Broad antipsychotic reference set,ADRA2B,CerebellumPeduncles
ADRA2B|EXACT_SINGLE_PROTEIN|HSAMP_374f872ebf1bbba2be514f9f|HUMAN_BIOGPS_GNF1H_GCRMA_77_TISSUE_DDOF1,-1.7950706659821885,-0.4474253694534775,-1.347645296528711,ANTIPSYCHOTICS_BROAD,Broad antipsychotic reference set,ADRA2B,GlobusPallidus
ADRA2B|EXACT_SINGLE_PROTEIN|HSAMP_5c090f15f3e5194312a7e8ed|HUMAN_BIOGPS_GNF1H_GCRMA_77_TISSUE_DDOF1,-0.5960540842206639,0.07094789411591854,-0.6670019783365824,ANTIPSYCHOTICS_BROAD,Broad antipsychotic reference set,ADRA2B,MedullaOblongata
ADRA2B|EXACT_SINGLE_PROTEIN|HSAMP_752ebc880edc13bb4e2b2de8|HUMAN_BIOGPS_GNF1H_GCRMA_77_TISSUE_DDOF1,1.4747756920705977,0.8475348429890642,0.6272408490815334,ANTIPSYCHOTICS_BROAD,Broad antipsychotic reference set,ADRA2B,PrefrontalCortex
ADRA2B|EXACT_SINGLE_PROTEIN|HSAMP_7725bb8a75064c4d7246d9ba|HUMAN_BIOGPS_GNF1H_GCRMA_77_TISSUE_DDOF1,-0.6793234109591311,0.04487166742131097,-0.7241950783804421,ANTIPSYCHOTICS_BROAD,Broad antipsychotic reference set,ADRA2B,OccipitalLobe
ADRA2B|EXACT_SINGLE_PROTEIN|HSAMP_8ed020260a1d25cf72324c8a|HUMAN_BIOGPS_GNF1H_GCRMA_77_TISSUE_DDOF1,0.9398984229482849,0.6528827994838529,0.287015623464432,ANTIPSYCHOTICS_BROAD,Broad antipsychotic reference set,ADRA2B,Hypothalamus
ADRA2B|EXACT_SINGLE_PROTEIN|HSAMP_936b77a4b11b5c19027de438|HUMAN_BIOGPS_GNF1H_GCRMA_77_TISSUE_DDOF1,0.8943310695375521,0.6308121947781727,0.2635188747593794,ANTIPSYCHOTICS_BROAD,Broad antipsychotic reference set,ADRA2B,Spinalcord
ADRA2B|EXACT_SINGLE_PROTEIN|HSAMP_9aa72e4fb1ff63e1792b1ec7|HUMAN_BIOGPS_GNF1H_GCRMA_77_TISSUE_DDOF1,-1.3071910274498197,-0.24909148613901877,-1.058099541310801,ANTIPSYCHOTICS_BROAD,Broad antipsychotic reference set,ADRA2B,Cerebellum
ADRA2B|EXACT_SINGLE_PROTEIN|HSAMP_a32ce488a48b0df9b8c4c40a|HUMAN_BIOGPS_GNF1H_GCRMA_77_TISSUE_DDOF1,-0.6793234109591311,0.04487166742131097,-0.7241950783804421,ANTIPSYCHOTICS_BROAD,Broad antipsychotic reference set,ADRA2B,Caudatenucleus
ADRA2B|EXACT_SINGLE_PROTEIN|HSAMP_d99ba5ea584363f8600ade55|HUMAN_BIOGPS_GNF1H_GCRMA_77_TISSUE_DDOF1,0.6885996288359957,0.537327718703461,0.15127191013253471,ANTIPSYCHOTICS_BROAD,Broad antipsychotic reference set,ADRA2B,CingulateCortex
ADRA2B|EXACT_SINGLE_PROTEIN|HSAMP_e75262fc0acfda69d976a6d3|HUMAN_BIOGPS_GNF1H_GCRMA_77_TISSUE_DDOF1,0.8015037237186955,0.5765858879484055,0.22491783577029,ANTIPSYCHOTICS_BROAD,Broad antipsychotic reference set,ADRA2B,ParietalLobe
ADRA2B|EXACT_SINGLE_PROTEIN|HSAMP_eb2587e74e2d6457032d4ae7|HUMAN_BIOGPS_GNF1H_GCRMA_77_TISSUE_DDOF1,-0.5960540842206639,0.07094789411591854,-0.6670019783365824,ANTIPSYCHOTICS_BROAD,Broad antipsychotic reference set,ADRA2B,TemporalLobe
ADRA2B|EXACT_SINGLE_PROTEIN|HSAMP_f43595f3557cf05e6a721aeb|HUMAN_BIOGPS_GNF1H_GCRMA_77_TISSUE_DDOF1,0.5957988184928056,0.5207963363479451,0.0750024821448605,ANTIPSYCHOTICS_BROAD,Broad antipsychotic reference set,ADRA2B,Thalamus
ADRA2B|EXACT_SINGLE_PROTEIN|HSAMP_ff841df7ecd9f2c8ea2660f5|HUMAN_BIOGPS_GNF1H_GCRMA_77_TISSUE_DDOF1,-1.4188882087327248,-0.2828923411167904,-1.1359958676159345,ANTIPSYCHOTICS_BROAD,Broad antipsychotic reference set,ADRA2B,OlfactoryBulb
ADRA2C|EXACT_SINGLE_PROTEIN|HSAMP_06645e2e8409a5b743985cdd|HUMAN_BIOGPS_GNF1H_GCRMA_77_TISSUE_DDOF1,-1.0157075272297438,-0.1441711656293238,-0.8715363616004199,ANTIPSYCHOTICS_BROAD,Broad antipsychotic reference set,ADRA2C,Wholebrain
ADRA2C|EXACT_SINGLE_PROTEIN|HSAMP_0cb8b4d1db8c390eeeecca55|HUMAN_BIOGPS_GNF1H_GCRMA_77_TISSUE_DDOF1,1.1871452865866186,0.7833213158056602,0.40382397078095833,ANTIPSYCHOTICS_BROAD,Broad antipsychotic reference set,ADRA2C,Pons
ADRA2C|EXACT_SINGLE_PROTEIN|HSAMP_13a552b6ffc4aac3b85a50ca|HUMAN_BIOGPS_GNF1H_GCRMA_77_TISSUE_DDOF1,0.422807042795757,0.4540904919875435,-0.031283449191786494,ANTIPSYCHOTICS_BROAD,Broad antipsychotic reference set,ADRA2C,Amygdala
ADRA2C|EXACT_SINGLE_PROTEIN|HSAMP_192dff4b8df5862a227b1163|HUMAN_BIOGPS_GNF1H_GCRMA_77_TISSUE_DDOF1,-0.5848132215317517,0.05462670481023287,-0.6394399263419847,ANTIPSYCHOTICS_BROAD,Broad antipsychotic reference set,ADRA2C,SubthalamicNucleus
ADRA2C|EXACT_SINGLE_PROTEIN|HSAMP_20b60708f05d03c76f9fe702|HUMAN_BIOGPS_GNF1H_GCRMA_77_TISSUE_DDOF1,1.2527025925413384,0.7993335542382244,0.45336903830311404,ANTIPSYCHOTICS_BROAD,Broad antipsychotic reference set,ADRA2C,CerebellumPeduncles
ADRA2C|EXACT_SINGLE_PROTEIN|HSAMP_374f872ebf1bbba2be514f9f|HUMAN_BIOGPS_GNF1H_GCRMA_77_TISSUE_DDOF1,0.8881172637591862,0.6440886281807305,0.24402863557845567,ANTIPSYCHOTICS_BROAD,Broad antipsychotic reference set,ADRA2C,GlobusPallidus
ADRA2C|EXACT_SINGLE_PROTEIN|HSAMP_5c090f15f3e5194312a7e8ed|HUMAN_BIOGPS_GNF1H_GCRMA_77_TISSUE_DDOF1,-0.5483840564311945,0.06534611810345559,-0.6137301745346501,ANTIPSYCHOTICS_BROAD,Broad antipsychotic reference set,ADRA2C,MedullaOblongata
ADRA2C|EXACT_SINGLE_PROTEIN|HSAMP_752ebc880edc13bb4e2b2de8|HUMAN_BIOGPS_GNF1H_GCRMA_77_TISSUE_DDOF1,0.8685906746985917,0.6314554904316481,0.2371351842669437,ANTIPSYCHOTICS_BROAD,Broad antipsychotic reference set,ADRA2C,PrefrontalCortex
ADRA2C|EXACT_SINGLE_PROTEIN|HSAMP_7725bb8a75064c4d7246d9ba|HUMAN_BIOGPS_GNF1H_GCRMA_77_TISSUE_DDOF1,-0.4668564817714058,0.08614512199146675,-0.5530016037628726,ANTIPSYCHOTICS_BROAD,Broad antipsychotic reference set,ADRA2C,OccipitalLobe
ADRA2C|EXACT_SINGLE_PROTEIN|HSAMP_8ed020260a1d25cf72324c8a|HUMAN_BIOGPS_GNF1H_GCRMA_77_TISSUE_DDOF1,-0.29018208286083713,0.11885665149643715,-0.4090387343572743,ANTIPSYCHOTICS_BROAD,Broad antipsychotic reference set,ADRA2C,Hypothalamus
ADRA2C|EXACT_SINGLE_PROTEIN|HSAMP_936b77a4b11b5c19027de438|HUMAN_BIOGPS_GNF1H_GCRMA_77_TISSUE_DDOF1,0.07252381466825766,0.22908284738164458,-0.15655903271338692,ANTIPSYCHOTICS_BROAD,Broad antipsychotic reference set,ADRA2C,Spinalcord
ADRA2C|EXACT_SINGLE_PROTEIN|HSAMP_9aa72e4fb1ff63e1792b1ec7|HUMAN_BIOGPS_GNF1H_GCRMA_77_TISSUE_DDOF1,-0.974213409077616,-0.10721554090711649,-0.8669978681704995,ANTIPSYCHOTICS_BROAD,Broad antipsychotic reference set,ADRA2C,Cerebellum
ADRA2C|EXACT_SINGLE_PROTEIN|HSAMP_a32ce488a48b0df9b8c4c40a|HUMAN_BIOGPS_GNF1H_GCRMA_77_TISSUE_DDOF1,1.2402225586858004,0.7961491944840271,0.44407336420177335,ANTIPSYCHOTICS_BROAD,Broad antipsychotic reference set,ADRA2C,Caudatenucleus
ADRA2C|EXACT_SINGLE_PROTEIN|HSAMP_d99ba5ea584363f8600ade55|HUMAN_BIOGPS_GNF1H_GCRMA_77_TISSUE_DDOF1,0.933270355461989,0.6660505498786918,0.26721980558329717,ANTIPSYCHOTICS_BROAD,Broad antipsychotic reference set,ADRA2C,CingulateCortex
ADRA2C|EXACT_SINGLE_PROTEIN|HSAMP_e75262fc0acfda69d976a6d3|HUMAN_BIOGPS_GNF1H_GCRMA_77_TISSUE_DDOF1,0.18156492528368454,0.3947653556601965,-0.21320043037651196,ANTIPSYCHOTICS_BROAD,Broad antipsychotic reference set,ADRA2C,ParietalLobe
ADRA2C|EXACT_SINGLE_PROTEIN|HSAMP_eb2587e74e2d6457032d4ae7|HUMAN_BIOGPS_GNF1H_GCRMA_77_TISSUE_DDOF1,-0.0750434307571286,0.1537830050178001,-0.2288264357749287,ANTIPSYCHOTICS_BROAD,Broad antipsychotic reference set,ADRA2C,TemporalLobe
ADRA2C|EXACT_SINGLE_PROTEIN|HSAMP_f43595f3557cf05e6a721aeb|HUMAN_BIOGPS_GNF1H_GCRMA_77_TISSUE_DDOF1,0.8099409524234332,0.6005644596090065,0.20937649281442672,ANTIPSYCHOTICS_BROAD,Broad antipsychotic reference set,ADRA2C,Thalamus
ADRA2C|EXACT_SINGLE_PROTEIN|HSAMP_ff841df7ecd9f2c8ea2660f5|HUMAN_BIOGPS_GNF1H_GCRMA_77_TISSUE_DDOF1,-1.051608640108919,-0.1671434970150705,-0.8844651430938486,ANTIPSYCHOTICS_BROAD,Broad antipsychotic reference set,ADRA2C,OlfactoryBulb
ADRB1|EXACT_SINGLE_PROTEIN|HSAMP_06645e2e8409a5b743985cdd|HUMAN_BIOGPS_GNF1H_GCRMA_77_TISSUE_DDOF1,-0.7141563155466898,0.1638143946968426,-0.8779707102435323,ANTIPSYCHOTICS_BROAD,Broad antipsychotic reference set,ADRB1,Wholebrain
ADRB1|EXACT_SINGLE_PROTEIN|HSAMP_0cb8b4d1db8c390eeeecca55|HUMAN_BIOGPS_GNF1H_GCRMA_77_TISSUE_DDOF1,0.2837272094134519,0.45234917075180003,-0.16862196133834811,ANTIPSYCHOTICS_BROAD,Broad antipsychotic reference set,ADRB1,Pons
ADRB1|EXACT_SINGLE_PROTEIN|HSAMP_13a552b6ffc4aac3b85a50ca|HUMAN_BIOGPS_GNF1H_GCRMA_77_TISSUE_DDOF1,-0.08144219107044,0.2971749701012786,-0.37861716117171856,ANTIPSYCHOTICS_BROAD,Broad antipsychotic reference set,ADRB1,Amygdala
ADRB1|EXACT_SINGLE_PROTEIN|HSAMP_192dff4b8df5862a227b1163|HUMAN_BIOGPS_GNF1H_GCRMA_77_TISSUE_DDOF1,0.5839908564331898,0.4985948990248245,0.08539595740836531,ANTIPSYCHOTICS_BROAD,Broad antipsychotic reference set,ADRB1,SubthalamicNucleus
ADRB1|EXACT_SINGLE_PROTEIN|HSAMP_20b60708f05d03c76f9fe702|HUMAN_BIOGPS_GNF1H_GCRMA_77_TISSUE_DDOF1,0.7393416021604018,0.5219950485169136,0.2173465536434882,ANTIPSYCHOTICS_BROAD,Broad antipsychotic reference set,ADRB1,CerebellumPeduncles
ADRB1|EXACT_SINGLE_PROTEIN|HSAMP_374f872ebf1bbba2be514f9f|HUMAN_BIOGPS_GNF1H_GCRMA_77_TISSUE_DDOF1,-0.4668564817714058,0.2239383105076907,-0.6907947922790965,ANTIPSYCHOTICS_BROAD,Broad antipsychotic reference set,ADRB1,GlobusPallidus
ADRB1|EXACT_SINGLE_PROTEIN|HSAMP_5c090f15f3e5194312a7e8ed|HUMAN_BIOGPS_GNF1H_GCRMA_77_TISSUE_DDOF1,-0.4821694168786324,0.21997540404258537,-0.7021448209212178,ANTIPSYCHOTICS_BROAD,Broad antipsychotic reference set,ADRB1,MedullaOblongata
ADRB1|EXACT_SINGLE_PROTEIN|HSAMP_752ebc880edc13bb4e2b2de8|HUMAN_BIOGPS_GNF1H_GCRMA_77_TISSUE_DDOF1,0.569170473143565,0.49595132713645074,0.07321914600711421,ANTIPSYCHOTICS_BROAD,Broad antipsychotic reference set,ADRB1,PrefrontalCortex
ADRB1|EXACT_SINGLE_PROTEIN|HSAMP_7725bb8a75064c4d7246d9ba|HUMAN_BIOGPS_GNF1H_GCRMA_77_TISSUE_DDOF1,-0.5461687686101482,0.20871417311845847,-0.7548829417286067,ANTIPSYCHOTICS_BROAD,Broad antipsychotic reference set,ADRB1,OccipitalLobe
ADRB1|EXACT_SINGLE_PROTEIN|HSAMP_8ed020260a1d25cf72324c8a|HUMAN_BIOGPS_GNF1H_GCRMA_77_TISSUE_DDOF1,0.08728974070777511,0.36223102493322634,-0.2749412842254512,ANTIPSYCHOTICS_BROAD,Broad antipsychotic reference set,ADRB1,Hypothalamus
ADRB1|EXACT_SINGLE_PROTEIN|HSAMP_936b77a4b11b5c19027de438|HUMAN_BIOGPS_GNF1H_GCRMA_77_TISSUE_DDOF1,0.08728974070777511,0.36223102493322634,-0.2749412842254512,ANTIPSYCHOTICS_BROAD,Broad antipsychotic reference set,ADRB1,Spinalcord
ADRB1|EXACT_SINGLE_PROTEIN|HSAMP_9aa72e4fb1ff63e1792b1ec7|HUMAN_BIOGPS_GNF1H_GCRMA_77_TISSUE_DDOF1,-0.6925507239086541,0.16683948115624367,-0.8593902050648978,ANTIPSYCHOTICS_BROAD,Broad antipsychotic reference set,ADRB1,Cerebellum
ADRB1|EXACT_SINGLE_PROTEIN|HSAMP_a32ce488a48b0df9b8c4c40a|HUMAN_BIOGPS_GNF1H_GCRMA_77_TISSUE_DDOF1,-0.5461687686101482,0.20871417311845847,-0.7548829417286067,ANTIPSYCHOTICS_BROAD,Broad antipsychotic reference set,ADRB1,Caudatenucleus
ADRB1|EXACT_SINGLE_PROTEIN|HSAMP_d99ba5ea584363f8600ade55|HUMAN_BIOGPS_GNF1H_GCRMA_77_TISSUE_DDOF1,0.652683436201902,0.506526686458059,0.14615674974384296,ANTIPSYCHOTICS_BROAD,Broad antipsychotic reference set,ADRB1,CingulateCortex
ADRB1|EXACT_SINGLE_PROTEIN|HSAMP_e75262fc0acfda69d976a6d3|HUMAN_BIOGPS_GNF1H_GCRMA_77_TISSUE_DDOF1,0.8690862670857428,0.5544178325140103,0.31466843457173244,ANTIPSYCHOTICS_BROAD,Broad antipsychotic reference set,ADRB1,ParietalLobe
ADRB1|EXACT_SINGLE_PROTEIN|HSAMP_eb2587e74e2d6457032d4ae7|HUMAN_BIOGPS_GNF1H_GCRMA_77_TISSUE_DDOF1,-0.3574888479226209,0.2476863092081737,-0.6051751571307946,ANTIPSYCHOTICS_BROAD,Broad antipsychotic reference set,ADRB1,TemporalLobe
ADRB1|EXACT_SINGLE_PROTEIN|HSAMP_f43595f3557cf05e6a721aeb|HUMAN_BIOGPS_GNF1H_GCRMA_77_TISSUE_DDOF1,0.036968827855691416,0.3365895351281497,-0.29962070727245826,ANTIPSYCHOTICS_BROAD,Broad antipsychotic reference set,ADRB1,Thalamus
ADRB1|EXACT_SINGLE_PROTEIN|HSAMP_ff841df7ecd9f2c8ea2660f5|HUMAN_BIOGPS_GNF1H_GCRMA_77_TISSUE_DDOF1,-0.8232697206603634,0.13921247223139993,-0.9624821928917633,ANTIPSYCHOTICS_BROAD,Broad antipsychotic reference set,ADRB1,OlfactoryBulb
ADRB2|EXACT_SINGLE_PROTEIN|HSAMP_06645e2e8409a5b743985cdd|HUMAN_BIOGPS_GNF1H_GCRMA_77_TISSUE_DDOF1,-0.24281573163512865,0.27764047162747785,-0.5204562032626066,ANTIPSYCHOTICS_BROAD,Broad antipsychotic reference set,ADRB2,Wholebrain
ADRB2|EXACT_SINGLE_PROTEIN|HSAMP_0cb8b4d1db8c390eeeecca55|HUMAN_BIOGPS_GNF1H_GCRMA_77_TISSUE_DDOF1,-0.2060532562546954,0.28509276542794215,-0.49114602168263755,ANTIPSYCHOTICS_BROAD,Broad antipsychotic reference set,ADRB2,Pons
ADRB2|EXACT_SINGLE_PROTEIN|HSAMP_13a552b6ffc4aac3b85a50ca|HUMAN_BIOGPS_GNF1H_GCRMA_77_TISSUE_DDOF1,-0.17884169477383446,0.29298058977867203,-0.4718222845525065,ANTIPSYCHOTICS_BROAD,Broad antipsychotic reference set,ADRB2,Amygdala
ADRB2|EXACT_SINGLE_PROTEIN|HSAMP_192dff4b8df5862a227b1163|HUMAN_BIOGPS_GNF1H_GCRMA_77_TISSUE_DDOF1,-0.23101982438360044,0.2813884576736748,-0.5124082820572753,ANTIPSYCHOTICS_BROAD,Broad antipsychotic reference set,ADRB2,SubthalamicNucleus
ADRB2|EXACT_SINGLE_PROTEIN|HSAMP_20b60708f05d03c76f9fe702|HUMAN_BIOGPS_GNF1H_GCRMA_77_TISSUE_DDOF1,-0.1562118715068632,0.3001210403746461,-0.45633291188150926,ANTIPSYCHOTICS_BROAD,Broad antipsychotic reference set,ADRB2,CerebellumPeduncles
ADRB2|EXACT_SINGLE_PROTEIN|HSAMP_374f872ebf1bbba2be514f9f|HUMAN_BIOGPS_GNF1H_GCRMA_77_TISSUE_DDOF1,-0.2675662805664238,0.2722494764851742,-0.539815757051598,ANTIPSYCHOTICS_BROAD,Broad antipsychotic reference set,ADRB2,GlobusPallidus
ADRB2|EXACT_SINGLE_PROTEIN|HSAMP_5c090f15f3e5194312a7e8ed|HUMAN_BIOGPS_GNF1H_GCRMA_77_TISSUE_DDOF1,-0.21665643288106112,0.28429000864725656,-0.5009464415283177,ANTIPSYCHOTICS_BROAD,Broad antipsychotic reference set,ADRB2,MedullaOblongata
ADRB2|EXACT_SINGLE_PROTEIN|HSAMP_752ebc880edc13bb4e2b2de8|HUMAN_BIOGPS_GNF1H_GCRMA_77_TISSUE_DDOF1,-0.11969944710468484,0.30907290962507605,-0.4287723567297609,ANTIPSYCHOTICS_BROAD,Broad antipsychotic reference set,ADRB2,PrefrontalCortex
ADRB2|EXACT_SINGLE_PROTEIN|HSAMP_7725bb8a75064c4d7246d9ba|HUMAN_BIOGPS_GNF1H_GCRMA_77_TISSUE_DDOF1,-0.23307813868906513,0.2812577884032173,-0.5143359270922825,ANTIPSYCHOTICS_BROAD,Broad antipsychotic reference set,ADRB2,OccipitalLobe
ADRB2|EXACT_SINGLE_PROTEIN|HSAMP_8ed020260a1d25cf72324c8a|HUMAN_BIOGPS_GNF1H_GCRMA_77_TISSUE_DDOF1,-0.17815121178694848,0.29366014031740295,-0.47181135210435143,ANTIPSYCHOTICS_BROAD,Broad antipsychotic reference set,ADRB2,Hypothalamus
ADRB2|EXACT_SINGLE_PROTEIN|HSAMP_936b77a4b11b5c19027de438|HUMAN_BIOGPS_GNF1H_GCRMA_77_TISSUE_DDOF1,-0.17327345734461072,0.2979246897977822,-0.47119814714239294,ANTIPSYCHOTICS_BROAD,Broad antipsychotic reference set,ADRB2,Spinalcord
ADRB2|EXACT_SINGLE_PROTEIN|HSAMP_9aa72e4fb1ff63e1792b1ec7|HUMAN_BIOGPS_GNF1H_GCRMA_77_TISSUE_DDOF1,-0.25920189374970876,0.275387859283834,-0.5345897530335428,ANTIPSYCHOTICS_BROAD,Broad antipsychotic reference set,ADRB2,Cerebellum
ADRB2|EXACT_SINGLE_PROTEIN|HSAMP_a32ce488a48b0df9b8c4c40a|HUMAN_BIOGPS_GNF1H_GCRMA_77_TISSUE_DDOF1,-0.23307813868906513,0.2812577884032173,-0.5143359270922825,ANTIPSYCHOTICS_BROAD,Broad antipsychotic reference set,ADRB2,Caudatenucleus
ADRB2|EXACT_SINGLE_PROTEIN|HSAMP_d99ba5ea584363f8600ade55|HUMAN_BIOGPS_GNF1H_GCRMA_77_TISSUE_DDOF1,-0.19535588872305867,0.28739931707467087,-0.48275520579772957,ANTIPSYCHOTICS_BROAD,Broad antipsychotic reference set,ADRB2,CingulateCortex
ADRB2|EXACT_SINGLE_PROTEIN|HSAMP_e75262fc0acfda69d976a6d3|HUMAN_BIOGPS_GNF1H_GCRMA_77_TISSUE_DDOF1,-0.17327345734461072,0.2979246897977822,-0.47119814714239294,ANTIPSYCHOTICS_BROAD,Broad antipsychotic reference set,ADRB2,ParietalLobe
ADRB2|EXACT_SINGLE_PROTEIN|HSAMP_eb2587e74e2d6457032d4ae7|HUMAN_BIOGPS_GNF1H_GCRMA_77_TISSUE_DDOF1,-0.23101982438360044,0.2813884576736748,-0.5124082820572753,ANTIPSYCHOTICS_BROAD,Broad antipsychotic reference set,ADRB2,TemporalLobe
ADRB2|EXACT_SINGLE_PROTEIN|HSAMP_f43595f3557cf05e6a721aeb|HUMAN_BIOGPS_GNF1H_GCRMA_77_TISSUE_DDOF1,-0.19535588872305867,0.28739931707467087,-0.48275520579772957,ANTIPSYCHOTICS_BROAD,Broad antipsychotic reference set,ADRB2,Thalamus
ADRB2|EXACT_SINGLE_PROTEIN|HSAMP_ff841df7ecd9f2c8ea2660f5|HUMAN_BIOGPS_GNF1H_GCRMA_77_TISSUE_DDOF1,-0.2349661700369612,0.27968297615399296,-0.5146491461909541,ANTIPSYCHOTICS_BROAD,Broad antipsychotic reference set,ADRB2,OlfactoryBulb
CHRM2|EXACT_SINGLE_PROTEIN|HSAMP_06645e2e8409a5b743985cdd|HUMAN_BIOGPS_GNF1H_GCRMA_77_TISSUE_DDOF1,-0.7574001275804327,0.09272821209652946,-0.8501283396769622,ANTIPSYCHOTICS_BROAD,Broad antipsychotic reference set,CHRM2,Wholebrain
CHRM2|EXACT_SINGLE_PROTEIN|HSAMP_0cb8b4d1db8c390eeeecca55|HUMAN_BIOGPS_GNF1H_GCRMA_77_TISSUE_DDOF1,-0.3653832947616556,0.15530873267418094,-0.5206920274358365,ANTIPSYCHOTICS_BROAD,Broad antipsychotic reference set,CHRM2,Pons
CHRM2|EXACT_SINGLE_PROTEIN|HSAMP_13a552b6ffc4aac3b85a50ca|HUMAN_BIOGPS_GNF1H_GCRMA_77_TISSUE_DDOF1,0.5258989545917097,0.4843122166142151,0.04158673797749457,ANTIPSYCHOTICS_BROAD,Broad antipsychotic reference set,CHRM2,Amygdala
CHRM2|EXACT_SINGLE_PROTEIN|HSAMP_192dff4b8df5862a227b1163|HUMAN_BIOGPS_GNF1H_GCRMA_77_TISSUE_DDOF1,-0.5598986653287035,0.12959337797053697,-0.6894920432992404,ANTIPSYCHOTICS_BROAD,Broad antipsychotic reference set,CHRM2,SubthalamicNucleus
CHRM2|EXACT_SINGLE_PROTEIN|HSAMP_20b60708f05d03c76f9fe702|HUMAN_BIOGPS_GNF1H_GCRMA_77_TISSUE_DDOF1,0.7569183516842588,0.5367793890231765,0.22013896266108235,ANTIPSYCHOTICS_BROAD,Broad antipsychotic reference set,CHRM2,CerebellumPeduncles
CHRM2|EXACT_SINGLE_PROTEIN|HSAMP_374f872ebf1bbba2be514f9f|HUMAN_BIOGPS_GNF1H_GCRMA_77_TISSUE_DDOF1,-0.7574001275804327,0.09272821209652946,-0.8501283396769622,ANTIPSYCHOTICS_BROAD,Broad antipsychotic reference set,CHRM2,GlobusPallidus
CHRM2|EXACT_SINGLE_PROTEIN|HSAMP_5c090f15f3e5194312a7e8ed|HUMAN_BIOGPS_GNF1H_GCRMA_77_TISSUE_DDOF1,-0.47798387534273784,0.14566597800032333,-0.6236498533430612,ANTIPSYCHOTICS_BROAD,Broad antipsychotic reference set,CHRM2,MedullaOblongata
CHRM2|EXACT_SINGLE_PROTEIN|HSAMP_752ebc880edc13bb4e2b2de8|HUMAN_BIOGPS_GNF1H_GCRMA_77_TISSUE_DDOF1,1.0145542963360945,0.6296256935785558,0.3849286027575387,ANTIPSYCHOTICS_BROAD,Broad antipsychotic reference set,CHRM2,PrefrontalCortex
CHRM2|EXACT_SINGLE_PROTEIN|HSAMP_7725bb8a75064c4d7246d9ba|HUMAN_BIOGPS_GNF1H_GCRMA_77_TISSUE_DDOF1,-0.5598986653287035,0.12959337797053697,-0.6894920432992404,ANTIPSYCHOTICS_BROAD,Broad antipsychotic reference set,CHRM2,OccipitalLobe
CHRM2|EXACT_SINGLE_PROTEIN|HSAMP_8ed020260a1d25cf72324c8a|HUMAN_BIOGPS_GNF1H_GCRMA_77_TISSUE_DDOF1,0.6535991930171212,0.5201122622025116,0.1334869308146096,ANTIPSYCHOTICS_BROAD,Broad antipsychotic reference set,CHRM2,Hypothalamus
CHRM2|EXACT_SINGLE_PROTEIN|HSAMP_936b77a4b11b5c19027de438|HUMAN_BIOGPS_GNF1H_GCRMA_77_TISSUE_DDOF1,0.5798966045664208,0.5083890329862375,0.07150757158018328,ANTIPSYCHOTICS_BROAD,Broad antipsychotic reference set,CHRM2,Spinalcord
CHRM2|EXACT_SINGLE_PROTEIN|HSAMP_9aa72e4fb1ff63e1792b1ec7|HUMAN_BIOGPS_GNF1H_GCRMA_77_TISSUE_DDOF1,-0.6306909781843474,0.11920652276577601,-0.7498975009501234,ANTIPSYCHOTICS_BROAD,Broad antipsychotic reference set,CHRM2,Cerebellum
CHRM2|EXACT_SINGLE_PROTEIN|HSAMP_a32ce488a48b0df9b8c4c40a|HUMAN_BIOGPS_GNF1H_GCRMA_77_TISSUE_DDOF1,-0.6306909781843474,0.11920652276577601,-0.7498975009501234,ANTIPSYCHOTICS_BROAD,Broad antipsychotic reference set,CHRM2,Caudatenucleus
CHRM2|EXACT_SINGLE_PROTEIN|HSAMP_d99ba5ea584363f8600ade55|HUMAN_BIOGPS_GNF1H_GCRMA_77_TISSUE_DDOF1,0.13577879871956952,0.395189051421452,-0.25941025270188245,ANTIPSYCHOTICS_BROAD,Broad antipsychotic reference set,CHRM2,CingulateCortex
CHRM2|EXACT_SINGLE_PROTEIN|HSAMP_e75262fc0acfda69d976a6d3|HUMAN_BIOGPS_GNF1H_GCRMA_77_TISSUE_DDOF1,0.8281086162368785,0.5612277592741118,0.26688085696276664,ANTIPSYCHOTICS_BROAD,Broad antipsychotic reference set,CHRM2,ParietalLobe
CHRM2|EXACT_SINGLE_PROTEIN|HSAMP_eb2587e74e2d6457032d4ae7|HUMAN_BIOGPS_GNF1H_GCRMA_77_TISSUE_DDOF1,-0.01142305945911525,0.23982270606285913,-0.25124576552197436,ANTIPSYCHOTICS_BROAD,Broad antipsychotic reference set,CHRM2,TemporalLobe
CHRM2|EXACT_SINGLE_PROTEIN|HSAMP_f43595f3557cf05e6a721aeb|HUMAN_BIOGPS_GNF1H_GCRMA_77_TISSUE_DDOF1,0.13577879871956952,0.395189051421452,-0.25941025270188245,ANTIPSYCHOTICS_BROAD,Broad antipsychotic reference set,CHRM2,Thalamus
CHRM2|EXACT_SINGLE_PROTEIN|HSAMP_ff841df7ecd9f2c8ea2660f5|HUMAN_BIOGPS_GNF1H_GCRMA_77_TISSUE_DDOF1,-0.9473566328514829,0.05524268925399033,-1.0025993221054732,ANTIPSYCHOTICS_BROAD,Broad antipsychotic reference set,CHRM2,OlfactoryBulb
CHRM3|EXACT_SINGLE_PROTEIN|HSAMP_06645e2e8409a5b743985cdd|HUMAN_BIOGPS_GNF1H_GCRMA_77_TISSUE_DDOF1,1.12499387306454,1.0560972479124586,0.06889662515208128,ANTIPSYCHOTICS_BROAD,Broad antipsychotic reference set,CHRM3,Wholebrain
CHRM3|EXACT_SINGLE_PROTEIN|HSAMP_0cb8b4d1db8c390eeeecca55|HUMAN_BIOGPS_GNF1H_GCRMA_77_TISSUE_DDOF1,0.009288874367541939,0.018336631854136226,-0.009047757486594287,ANTIPSYCHOTICS_BROAD,Broad antipsychotic reference set,CHRM3,Pons
CHRM3|EXACT_SINGLE_PROTEIN|HSAMP_13a552b6ffc4aac3b85a50ca|HUMAN_BIOGPS_GNF1H_GCRMA_77_TISSUE_DDOF1,1.2196470178369565,1.1342078495519288,0.08543916828502773,ANTIPSYCHOTICS_BROAD,Broad antipsychotic reference set,CHRM3,Amygdala
CHRM3|EXACT_SINGLE_PROTEIN|HSAMP_192dff4b8df5862a227b1163|HUMAN_BIOGPS_GNF1H_GCRMA_77_TISSUE_DDOF1,0.4242907316639165,0.43061297261728404,-0.0063222409533675306,ANTIPSYCHOTICS_BROAD,Broad antipsychotic reference set,CHRM3,SubthalamicNucleus
CHRM3|EXACT_SINGLE_PROTEIN|HSAMP_20b60708f05d03c76f9fe702|HUMAN_BIOGPS_GNF1H_GCRMA_77_TISSUE_DDOF1,0.0754253984854567,0.11930491131359716,-0.04387951282814047,ANTIPSYCHOTICS_BROAD,Broad antipsychotic reference set,CHRM3,CerebellumPeduncles
CHRM3|EXACT_SINGLE_PROTEIN|HSAMP_374f872ebf1bbba2be514f9f|HUMAN_BIOGPS_GNF1H_GCRMA_77_TISSUE_DDOF1,-0.10402842305478566,-0.09548168419919849,-0.008546738855587169,ANTIPSYCHOTICS_BROAD,Broad antipsychotic reference set,CHRM3,GlobusPallidus
CHRM3|EXACT_SINGLE_PROTEIN|HSAMP_5c090f15f3e5194312a7e8ed|HUMAN_BIOGPS_GNF1H_GCRMA_77_TISSUE_DDOF1,0.3643441543381009,0.36267960438566704,0.0016645499524338692,ANTIPSYCHOTICS_BROAD,Broad antipsychotic reference set,CHRM3,MedullaOblongata
CHRM3|EXACT_SINGLE_PROTEIN|HSAMP_752ebc880edc13bb4e2b2de8|HUMAN_BIOGPS_GNF1H_GCRMA_77_TISSUE_DDOF1,2.6155934488421475,2.304000509711234,0.31159293913091357,ANTIPSYCHOTICS_BROAD,Broad antipsychotic reference set,CHRM3,PrefrontalCortex
CHRM3|EXACT_SINGLE_PROTEIN|HSAMP_7725bb8a75064c4d7246d9ba|HUMAN_BIOGPS_GNF1H_GCRMA_77_TISSUE_DDOF1,0.7434044170757004,0.6849842610490894,0.05842015602661099,ANTIPSYCHOTICS_BROAD,Broad antipsychotic reference set,CHRM3,OccipitalLobe
CHRM3|EXACT_SINGLE_PROTEIN|HSAMP_8ed020260a1d25cf72324c8a|HUMAN_BIOGPS_GNF1H_GCRMA_77_TISSUE_DDOF1,0.07228204391287499,0.11479557551726266,-0.04251353160438767,ANTIPSYCHOTICS_BROAD,Broad antipsychotic reference set,CHRM3,Hypothalamus
CHRM3|EXACT_SINGLE_PROTEIN|HSAMP_936b77a4b11b5c19027de438|HUMAN_BIOGPS_GNF1H_GCRMA_77_TISSUE_DDOF1,0.04454906146442492,0.07854803117201214,-0.03399896970758722,ANTIPSYCHOTICS_BROAD,Broad antipsychotic reference set,CHRM3,Spinalcord
CHRM3|EXACT_SINGLE_PROTEIN|HSAMP_9aa72e4fb1ff63e1792b1ec7|HUMAN_BIOGPS_GNF1H_GCRMA_77_TISSUE_DDOF1,-0.07721997063400048,-0.07134619580638545,-0.00587377482761503,ANTIPSYCHOTICS_BROAD,Broad antipsychotic reference set,CHRM3,Cerebellum
CHRM3|EXACT_SINGLE_PROTEIN|HSAMP_a32ce488a48b0df9b8c4c40a|HUMAN_BIOGPS_GNF1H_GCRMA_77_TISSUE_DDOF1,-0.022691925819512807,-0.026165541536469647,0.0034736157169568405,ANTIPSYCHOTICS_BROAD,Broad antipsychotic reference set,CHRM3,Caudatenucleus
CHRM3|EXACT_SINGLE_PROTEIN|HSAMP_d99ba5ea584363f8600ade55|HUMAN_BIOGPS_GNF1H_GCRMA_77_TISSUE_DDOF1,0.05521957840724115,0.08879809917696294,-0.03357852076972179,ANTIPSYCHOTICS_BROAD,Broad antipsychotic reference set,CHRM3,CingulateCortex
CHRM3|EXACT_SINGLE_PROTEIN|HSAMP_e75262fc0acfda69d976a6d3|HUMAN_BIOGPS_GNF1H_GCRMA_77_TISSUE_DDOF1,0.0754253984854567,0.11930491131359716,-0.04387951282814047,ANTIPSYCHOTICS_BROAD,Broad antipsychotic reference set,CHRM3,ParietalLobe
CHRM3|EXACT_SINGLE_PROTEIN|HSAMP_eb2587e74e2d6457032d4ae7|HUMAN_BIOGPS_GNF1H_GCRMA_77_TISSUE_DDOF1,0.0271444976889488,0.05256289496945716,-0.02541839728050836,ANTIPSYCHOTICS_BROAD,Broad antipsychotic reference set,CHRM3,TemporalLobe
CHRM3|EXACT_SINGLE_PROTEIN|HSAMP_f43595f3557cf05e6a721aeb|HUMAN_BIOGPS_GNF1H_GCRMA_77_TISSUE_DDOF1,0.0271444976889488,0.05256289496945716,-0.02541839728050836,ANTIPSYCHOTICS_BROAD,Broad antipsychotic reference set,CHRM3,Thalamus
CHRM3|EXACT_SINGLE_PROTEIN|HSAMP_ff841df7ecd9f2c8ea2660f5|HUMAN_BIOGPS_GNF1H_GCRMA_77_TISSUE_DDOF1,-0.08253096470530781,-0.08252356560397005,-7.399101337762781e-06,ANTIPSYCHOTICS_BROAD,Broad antipsychotic reference set,CHRM3,OlfactoryBulb
DRD1|EXACT_SINGLE_PROTEIN|HSAMP_06645e2e8409a5b743985cdd|HUMAN_BIOGPS_GNF1H_GCRMA_77_TISSUE_DDOF1,-1.0199319740352728,-0.3483032545561907,-0.6716287194790821,ANTIPSYCHOTICS_BROAD,Broad antipsychotic reference set,DRD1,Wholebrain
DRD1|EXACT_SINGLE_PROTEIN|HSAMP_0cb8b4d1db8c390eeeecca55|HUMAN_BIOGPS_GNF1H_GCRMA_77_TISSUE_DDOF1,2.0965443229637026,1.4575208673047615,0.6390234556589411,ANTIPSYCHOTICS_BROAD,Broad antipsychotic reference set,DRD1,Pons
DRD1|EXACT_SINGLE_PROTEIN|HSAMP_13a552b6ffc4aac3b85a50ca|HUMAN_BIOGPS_GNF1H_GCRMA_77_TISSUE_DDOF1,0.1952313227185618,0.35398825872783124,-0.15875693600926943,ANTIPSYCHOTICS_BROAD,Broad antipsychotic reference set,DRD1,Amygdala
DRD1|EXACT_SINGLE_PROTEIN|HSAMP_192dff4b8df5862a227b1163|HUMAN_BIOGPS_GNF1H_GCRMA_77_TISSUE_DDOF1,-0.27756093309630286,0.07640218490806955,-0.3539631180043724,ANTIPSYCHOTICS_BROAD,Broad antipsychotic reference set,DRD1,SubthalamicNucleus
DRD1|EXACT_SINGLE_PROTEIN|HSAMP_20b60708f05d03c76f9fe702|HUMAN_BIOGPS_GNF1H_GCRMA_77_TISSUE_DDOF1,1.1289154780131896,0.8172622737512478,0.31165320426194176,ANTIPSYCHOTICS_BROAD,Broad antipsychotic reference set,DRD1,CerebellumPeduncles
DRD1|EXACT_SINGLE_PROTEIN|HSAMP_374f872ebf1bbba2be514f9f|HUMAN_BIOGPS_GNF1H_GCRMA_77_TISSUE_DDOF1,-1.176829333645712,-0.4648505404700221,-0.71197879317569,ANTIPSYCHOTICS_BROAD,Broad antipsychotic reference set,DRD1,GlobusPallidus
DRD1|EXACT_SINGLE_PROTEIN|HSAMP_5c090f15f3e5194312a7e8ed|HUMAN_BIOGPS_GNF1H_GCRMA_77_TISSUE_DDOF1,-0.7018660678791991,-0.08787700628898606,-0.613989061590213,ANTIPSYCHOTICS_BROAD,Broad antipsychotic reference set,DRD1,MedullaOblongata
DRD1|EXACT_SINGLE_PROTEIN|HSAMP_752ebc880edc13bb4e2b2de8|HUMAN_BIOGPS_GNF1H_GCRMA_77_TISSUE_DDOF1,1.2601358504247482,0.87969337382894,0.3804424765958082,ANTIPSYCHOTICS_BROAD,Broad antipsychotic reference set,DRD1,PrefrontalCortex
DRD1|EXACT_SINGLE_PROTEIN|HSAMP_7725bb8a75064c4d7246d9ba|HUMAN_BIOGPS_GNF1H_GCRMA_77_TISSUE_DDOF1,-0.27756093309630286,0.07640218490806955,-0.3539631180043724,ANTIPSYCHOTICS_BROAD,Broad antipsychotic reference set,DRD1,OccipitalLobe
DRD1|EXACT_SINGLE_PROTEIN|HSAMP_8ed020260a1d25cf72324c8a|HUMAN_BIOGPS_GNF1H_GCRMA_77_TISSUE_DDOF1,0.5080833356324513,0.4851918943954445,0.022891441237006815,ANTIPSYCHOTICS_BROAD,Broad antipsychotic reference set,DRD1,Hypothalamus
DRD1|EXACT_SINGLE_PROTEIN|HSAMP_936b77a4b11b5c19027de438|HUMAN_BIOGPS_GNF1H_GCRMA_77_TISSUE_DDOF1,0.5686601787062724,0.5247559792837235,0.04390419942254886,ANTIPSYCHOTICS_BROAD,Broad antipsychotic reference set,DRD1,Spinalcord
DRD1|EXACT_SINGLE_PROTEIN|HSAMP_9aa72e4fb1ff63e1792b1ec7|HUMAN_BIOGPS_GNF1H_GCRMA_77_TISSUE_DDOF1,-1.1475531269509405,-0.4485857000190804,-0.6989674269318601,ANTIPSYCHOTICS_BROAD,Broad antipsychotic reference set,DRD1,Cerebellum
DRD1|EXACT_SINGLE_PROTEIN|HSAMP_a32ce488a48b0df9b8c4c40a|HUMAN_BIOGPS_GNF1H_GCRMA_77_TISSUE_DDOF1,2.1236563043673424,1.4952019272989348,0.6284543770684077,ANTIPSYCHOTICS_BROAD,Broad antipsychotic reference set,DRD1,Caudatenucleus
DRD1|EXACT_SINGLE_PROTEIN|HSAMP_d99ba5ea584363f8600ade55|HUMAN_BIOGPS_GNF1H_GCRMA_77_TISSUE_DDOF1,0.5392124659063131,0.512912632125476,0.026299833780837112,ANTIPSYCHOTICS_BROAD,Broad antipsychotic reference set,DRD1,CingulateCortex
DRD1|EXACT_SINGLE_PROTEIN|HSAMP_e75262fc0acfda69d976a6d3|HUMAN_BIOGPS_GNF1H_GCRMA_77_TISSUE_DDOF1,0.7378729950855282,0.5834123005857101,0.15446069449981803,ANTIPSYCHOTICS_BROAD,Broad antipsychotic reference set,DRD1,ParietalLobe
DRD1|EXACT_SINGLE_PROTEIN|HSAMP_eb2587e74e2d6457032d4ae7|HUMAN_BIOGPS_GNF1H_GCRMA_77_TISSUE_DDOF1,-0.5598986653287035,-0.0017622246381612328,-0.5581364406905422,ANTIPSYCHOTICS_BROAD,Broad antipsychotic reference set,DRD1,TemporalLobe
DRD1|EXACT_SINGLE_PROTEIN|HSAMP_f43595f3557cf05e6a721aeb|HUMAN_BIOGPS_GNF1H_GCRMA_77_TISSUE_DDOF1,0.3813597957078119,0.43528221742777595,-0.05392242171996403,ANTIPSYCHOTICS_BROAD,Broad antipsychotic reference set,DRD1,Thalamus
DRD1|EXACT_SINGLE_PROTEIN|HSAMP_ff841df7ecd9f2c8ea2660f5|HUMAN_BIOGPS_GNF1H_GCRMA_77_TISSUE_DDOF1,-1.2633855524827133,-0.520393439474643,-0.7429921130080703,ANTIPSYCHOTICS_BROAD,Broad antipsychotic reference set,DRD1,OlfactoryBulb
DRD2|EXACT_SINGLE_PROTEIN|HSAMP_06645e2e8409a5b743985cdd|HUMAN_BIOGPS_GNF1H_GCRMA_77_TISSUE_DDOF1,-1.1821473736323194,-1.2899112615342483,0.10776388790192892,ANTIPSYCHOTICS_BROAD,Broad antipsychotic reference set,DRD2,Wholebrain
DRD2|EXACT_SINGLE_PROTEIN|HSAMP_0cb8b4d1db8c390eeeecca55|HUMAN_BIOGPS_GNF1H_GCRMA_77_TISSUE_DDOF1,1.0777228410380117,1.126572016077714,-0.04884917503970221,ANTIPSYCHOTICS_BROAD,Broad antipsychotic reference set,DRD2,Pons
DRD2|EXACT_SINGLE_PROTEIN|HSAMP_13a552b6ffc4aac3b85a50ca|HUMAN_BIOGPS_GNF1H_GCRMA_77_TISSUE_DDOF1,0.5519602954603179,0.55968086645065,-0.007720570990332076,ANTIPSYCHOTICS_BROAD,Broad antipsychotic reference set,DRD2,Amygdala
DRD2|EXACT_SINGLE_PROTEIN|HSAMP_192dff4b8df5862a227b1163|HUMAN_BIOGPS_GNF1H_GCRMA_77_TISSUE_DDOF1,0.8392269062637512,0.8681715748557679,-0.02894466859201672,ANTIPSYCHOTICS_BROAD,Broad antipsychotic reference set,DRD2,SubthalamicNucleus
DRD2|EXACT_SINGLE_PROTEIN|HSAMP_20b60708f05d03c76f9fe702|HUMAN_BIOGPS_GNF1H_GCRMA_77_TISSUE_DDOF1,0.9520135263546999,0.9805170937002928,-0.028503567345592895,ANTIPSYCHOTICS_BROAD,Broad antipsychotic reference set,DRD2,CerebellumPeduncles
DRD2|EXACT_SINGLE_PROTEIN|HSAMP_374f872ebf1bbba2be514f9f|HUMAN_BIOGPS_GNF1H_GCRMA_77_TISSUE_DDOF1,-1.993788511289635,-2.1870921154436123,0.1933036041539773,ANTIPSYCHOTICS_BROAD,Broad antipsychotic reference set,DRD2,GlobusPallidus
DRD2|EXACT_SINGLE_PROTEIN|HSAMP_5c090f15f3e5194312a7e8ed|HUMAN_BIOGPS_GNF1H_GCRMA_77_TISSUE_DDOF1,1.0166286964608697,1.0566584592218176,-0.04002976276094783,ANTIPSYCHOTICS_BROAD,Broad antipsychotic reference set,DRD2,MedullaOblongata
DRD2|EXACT_SINGLE_PROTEIN|HSAMP_752ebc880edc13bb4e2b2de8|HUMAN_BIOGPS_GNF1H_GCRMA_77_TISSUE_DDOF1,1.3168919284993814,1.4094828923141565,-0.09259096381477505,ANTIPSYCHOTICS_BROAD,Broad antipsychotic reference set,DRD2,PrefrontalCortex
DRD2|EXACT_SINGLE_PROTEIN|HSAMP_7725bb8a75064c4d7246d9ba|HUMAN_BIOGPS_GNF1H_GCRMA_77_TISSUE_DDOF1,-0.8939575297331432,-0.9750476364638871,0.0810901067307439,ANTIPSYCHOTICS_BROAD,Broad antipsychotic reference set,DRD2,OccipitalLobe
DRD2|EXACT_SINGLE_PROTEIN|HSAMP_8ed020260a1d25cf72324c8a|HUMAN_BIOGPS_GNF1H_GCRMA_77_TISSUE_DDOF1,0.8392269062637512,0.8681715748557677,-0.028944668592016498,ANTIPSYCHOTICS_BROAD,Broad antipsychotic reference set,DRD2,Hypothalamus
DRD2|EXACT_SINGLE_PROTEIN|HSAMP_936b77a4b11b5c19027de438|HUMAN_BIOGPS_GNF1H_GCRMA_77_TISSUE_DDOF1,0.7322673193930682,0.7526968353642571,-0.020429515971188916,ANTIPSYCHOTICS_BROAD,Broad antipsychotic reference set,DRD2,Spinalcord
DRD2|EXACT_SINGLE_PROTEIN|HSAMP_9aa72e4fb1ff63e1792b1ec7|HUMAN_BIOGPS_GNF1H_GCRMA_77_TISSUE_DDOF1,-1.4446799087147795,-1.608927203667875,0.16424729495309554,ANTIPSYCHOTICS_BROAD,Broad antipsychotic reference set,DRD2,Cerebellum
DRD2|EXACT_SINGLE_PROTEIN|HSAMP_a32ce488a48b0df9b8c4c40a|HUMAN_BIOGPS_GNF1H_GCRMA_77_TISSUE_DDOF1,1.4868728122600303,1.5619332986847452,-0.07506048642471486,ANTIPSYCHOTICS_BROAD,Broad antipsychotic reference set,DRD2,Caudatenucleus
DRD2|EXACT_SINGLE_PROTEIN|HSAMP_d99ba5ea584363f8600ade55|HUMAN_BIOGPS_GNF1H_GCRMA_77_TISSUE_DDOF1,0.899493305183655,0.9305662385815047,-0.031072933397849667,ANTIPSYCHOTICS_BROAD,Broad antipsychotic reference set,DRD2,CingulateCortex
DRD2|EXACT_SINGLE_PROTEIN|HSAMP_e75262fc0acfda69d976a6d3|HUMAN_BIOGPS_GNF1H_GCRMA_77_TISSUE_DDOF1,0.6289768611493518,0.6462398477154911,-0.017262986566139338,ANTIPSYCHOTICS_BROAD,Broad antipsychotic reference set,DRD2,ParietalLobe
DRD2|EXACT_SINGLE_PROTEIN|HSAMP_eb2587e74e2d6457032d4ae7|HUMAN_BIOGPS_GNF1H_GCRMA_77_TISSUE_DDOF1,-0.7735111971300326,-0.8568471425887447,0.08333594545871215,ANTIPSYCHOTICS_BROAD,Broad antipsychotic reference set,DRD2,TemporalLobe
DRD2|EXACT_SINGLE_PROTEIN|HSAMP_f43595f3557cf05e6a721aeb|HUMAN_BIOGPS_GNF1H_GCRMA_77_TISSUE_DDOF1,0.6658465233539429,0.6862700834202456,-0.02042356006630275,ANTIPSYCHOTICS_BROAD,Broad antipsychotic reference set,DRD2,Thalamus
DRD2|EXACT_SINGLE_PROTEIN|HSAMP_ff841df7ecd9f2c8ea2660f5|HUMAN_BIOGPS_GNF1H_GCRMA_77_TISSUE_DDOF1,-1.5655491787396816,-1.7381444162055546,0.17259523746587302,ANTIPSYCHOTICS_BROAD,Broad antipsychotic reference set,DRD2,OlfactoryBulb
DRD3|EXACT_SINGLE_PROTEIN|HSAMP_06645e2e8409a5b743985cdd|HUMAN_BIOGPS_GNF1H_GCRMA_77_TISSUE_DDOF1,-1.2842121542417289,-1.2768244549300565,-0.00738769931167238,ANTIPSYCHOTICS_BROAD,Broad antipsychotic reference set,DRD3,Wholebrain
DRD3|EXACT_SINGLE_PROTEIN|HSAMP_0cb8b4d1db8c390eeeecca55|HUMAN_BIOGPS_GNF1H_GCRMA_77_TISSUE_DDOF1,0.0023834309956057204,0.005601694730287288,-0.0032182637346815676,ANTIPSYCHOTICS_BROAD,Broad antipsychotic reference set,DRD3,Pons
DRD3|EXACT_SINGLE_PROTEIN|HSAMP_13a552b6ffc4aac3b85a50ca|HUMAN_BIOGPS_GNF1H_GCRMA_77_TISSUE_DDOF1,0.030568438403599383,0.03162257366497402,-0.0010541352613746384,ANTIPSYCHOTICS_BROAD,Broad antipsychotic reference set,DRD3,Amygdala
DRD3|EXACT_SINGLE_PROTEIN|HSAMP_192dff4b8df5862a227b1163|HUMAN_BIOGPS_GNF1H_GCRMA_77_TISSUE_DDOF1,-0.08003462664942151,-0.07352884150687816,-0.006505785142543352,ANTIPSYCHOTICS_BROAD,Broad antipsychotic reference set,DRD3,SubthalamicNucleus
DRD3|EXACT_SINGLE_PROTEIN|HSAMP_20b60708f05d03c76f9fe702|HUMAN_BIOGPS_GNF1H_GCRMA_77_TISSUE_DDOF1,1.2866473345289737,1.2845654257153445,0.0020819088136292407,ANTIPSYCHOTICS_BROAD,Broad antipsychotic reference set,DRD3,CerebellumPeduncles
DRD3|EXACT_SINGLE_PROTEIN|HSAMP_374f872ebf1bbba2be514f9f|HUMAN_BIOGPS_GNF1H_GCRMA_77_TISSUE_DDOF1,-1.0748620696191764,-1.0673549682076646,-0.007507101411511785,ANTIPSYCHOTICS_BROAD,Broad antipsychotic reference set,DRD3,GlobusPallidus
DRD3|EXACT_SINGLE_PROTEIN|HSAMP_5c090f15f3e5194312a7e8ed|HUMAN_BIOGPS_GNF1H_GCRMA_77_TISSUE_DDOF1,-0.839299390925231,-0.8339696741416943,-0.005329716783536664,ANTIPSYCHOTICS_BROAD,Broad antipsychotic reference set,DRD3,MedullaOblongata
DRD3|EXACT_SINGLE_PROTEIN|HSAMP_752ebc880edc13bb4e2b2de8|HUMAN_BIOGPS_GNF1H_GCRMA_77_TISSUE_DDOF1,1.0490540983509957,1.0488010046150094,0.000253093735986365,ANTIPSYCHOTICS_BROAD,Broad antipsychotic reference set,DRD3,PrefrontalCortex
DRD3|EXACT_SINGLE_PROTEIN|HSAMP_7725bb8a75064c4d7246d9ba|HUMAN_BIOGPS_GNF1H_GCRMA_77_TISSUE_DDOF1,-0.7362370849074823,-0.7319548115108454,-0.004282273396636893,ANTIPSYCHOTICS_BROAD,Broad antipsychotic reference set,DRD3,OccipitalLobe
DRD3|EXACT_SINGLE_PROTEIN|HSAMP_8ed020260a1d25cf72324c8a|HUMAN_BIOGPS_GNF1H_GCRMA_77_TISSUE_DDOF1,0.6563538384335851,0.6560329348108968,0.00032090362268832884,ANTIPSYCHOTICS_BROAD,Broad antipsychotic reference set,DRD3,Hypothalamus
DRD3|EXACT_SINGLE_PROTEIN|HSAMP_936b77a4b11b5c19027de438|HUMAN_BIOGPS_GNF1H_GCRMA_77_TISSUE_DDOF1,0.7451626111009189,0.743376818754536,0.001785792346382875,ANTIPSYCHOTICS_BROAD,Broad antipsychotic reference set,DRD3,Spinalcord
DRD3|EXACT_SINGLE_PROTEIN|HSAMP_9aa72e4fb1ff63e1792b1ec7|HUMAN_BIOGPS_GNF1H_GCRMA_77_TISSUE_DDOF1,-1.2351547291729417,-1.2313854864340141,-0.0037692427389275363,ANTIPSYCHOTICS_BROAD,Broad antipsychotic reference set,DRD3,Cerebellum
DRD3|EXACT_SINGLE_PROTEIN|HSAMP_a32ce488a48b0df9b8c4c40a|HUMAN_BIOGPS_GNF1H_GCRMA_77_TISSUE_DDOF1,-0.7592120109312279,-0.7569710296201873,-0.0022409813110406684,ANTIPSYCHOTICS_BROAD,Broad antipsychotic reference set,DRD3,Caudatenucleus
DRD3|EXACT_SINGLE_PROTEIN|HSAMP_d99ba5ea584363f8600ade55|HUMAN_BIOGPS_GNF1H_GCRMA_77_TISSUE_DDOF1,0.48383712564449033,0.48419121562903134,-0.00035408998454100615,ANTIPSYCHOTICS_BROAD,Broad antipsychotic reference set,DRD3,CingulateCortex
DRD3|EXACT_SINGLE_PROTEIN|HSAMP_e75262fc0acfda69d976a6d3|HUMAN_BIOGPS_GNF1H_GCRMA_77_TISSUE_DDOF1,0.8685906746985917,0.8657521230043828,0.0028385516942089906,ANTIPSYCHOTICS_BROAD,Broad antipsychotic reference set,DRD3,ParietalLobe
DRD3|EXACT_SINGLE_PROTEIN|HSAMP_eb2587e74e2d6457032d4ae7|HUMAN_BIOGPS_GNF1H_GCRMA_77_TISSUE_DDOF1,-0.5738641542024093,-0.568667931066978,-0.005196223135431333,ANTIPSYCHOTICS_BROAD,Broad antipsychotic reference set,DRD3,TemporalLobe
DRD3|EXACT_SINGLE_PROTEIN|HSAMP_f43595f3557cf05e6a721aeb|HUMAN_BIOGPS_GNF1H_GCRMA_77_TISSUE_DDOF1,0.5240810981462861,0.5240939465561636,-1.2848409877475042e-05,ANTIPSYCHOTICS_BROAD,Broad antipsychotic reference set,DRD3,Thalamus
DRD3|EXACT_SINGLE_PROTEIN|HSAMP_ff841df7ecd9f2c8ea2660f5|HUMAN_BIOGPS_GNF1H_GCRMA_77_TISSUE_DDOF1,-1.3752266954158143,-1.3659777790635386,-0.00924891635227576,ANTIPSYCHOTICS_BROAD,Broad antipsychotic reference set,DRD3,OlfactoryBulb
HRH1|EXACT_SINGLE_PROTEIN|HSAMP_06645e2e8409a5b743985cdd|HUMAN_BIOGPS_GNF1H_GCRMA_77_TISSUE_DDOF1,-1.1095455805079992,-0.7482530492080921,-0.3612925312999071,ANTIPSYCHOTICS_BROAD,Broad antipsychotic reference set,HRH1,Wholebrain
HRH1|EXACT_SINGLE_PROTEIN|HSAMP_0cb8b4d1db8c390eeeecca55|HUMAN_BIOGPS_GNF1H_GCRMA_77_TISSUE_DDOF1,-0.4069665813435382,-0.12941153304357503,-0.27755504829996314,ANTIPSYCHOTICS_BROAD,Broad antipsychotic reference set,HRH1,Pons
HRH1|EXACT_SINGLE_PROTEIN|HSAMP_13a552b6ffc4aac3b85a50ca|HUMAN_BIOGPS_GNF1H_GCRMA_77_TISSUE_DDOF1,0.8066860352749088,0.724837770386922,0.0818482648879868,ANTIPSYCHOTICS_BROAD,Broad antipsychotic reference set,HRH1,Amygdala
HRH1|EXACT_SINGLE_PROTEIN|HSAMP_192dff4b8df5862a227b1163|HUMAN_BIOGPS_GNF1H_GCRMA_77_TISSUE_DDOF1,-0.5267059096251675,-0.22402177509656343,-0.3026841345286041,ANTIPSYCHOTICS_BROAD,Broad antipsychotic reference set,HRH1,SubthalamicNucleus
HRH1|EXACT_SINGLE_PROTEIN|HSAMP_20b60708f05d03c76f9fe702|HUMAN_BIOGPS_GNF1H_GCRMA_77_TISSUE_DDOF1,0.825224067399588,0.7364492300916432,0.08877483730794478,ANTIPSYCHOTICS_BROAD,Broad antipsychotic reference set,HRH1,CerebellumPeduncles
HRH1|EXACT_SINGLE_PROTEIN|HSAMP_374f872ebf1bbba2be514f9f|HUMAN_BIOGPS_GNF1H_GCRMA_77_TISSUE_DDOF1,-1.149155340482987,-0.776701024636272,-0.37245431584671507,ANTIPSYCHOTICS_BROAD,Broad antipsychotic reference set,HRH1,GlobusPallidus
HRH1|EXACT_SINGLE_PROTEIN|HSAMP_5c090f15f3e5194312a7e8ed|HUMAN_BIOGPS_GNF1H_GCRMA_77_TISSUE_DDOF1,0.7948154050603815,0.7126912065272721,0.08212419853310937,ANTIPSYCHOTICS_BROAD,Broad antipsychotic reference set,HRH1,MedullaOblongata
HRH1|EXACT_SINGLE_PROTEIN|HSAMP_752ebc880edc13bb4e2b2de8|HUMAN_BIOGPS_GNF1H_GCRMA_77_TISSUE_DDOF1,1.3680622891810272,1.1014489973174277,0.2666132918635995,ANTIPSYCHOTICS_BROAD,Broad antipsychotic reference set,HRH1,PrefrontalCortex
HRH1|EXACT_SINGLE_PROTEIN|HSAMP_7725bb8a75064c4d7246d9ba|HUMAN_BIOGPS_GNF1H_GCRMA_77_TISSUE_DDOF1,-0.8232697206603634,-0.4929321388806741,-0.3303375817796893,ANTIPSYCHOTICS_BROAD,Broad antipsychotic reference set,HRH1,OccipitalLobe
HRH1|EXACT_SINGLE_PROTEIN|HSAMP_8ed020260a1d25cf72324c8a|HUMAN_BIOGPS_GNF1H_GCRMA_77_TISSUE_DDOF1,0.5591731547488072,0.5341907841085051,0.024982370640302176,ANTIPSYCHOTICS_BROAD,Broad antipsychotic reference set,HRH1,Hypothalamus
HRH1|EXACT_SINGLE_PROTEIN|HSAMP_936b77a4b11b5c19027de438|HUMAN_BIOGPS_GNF1H_GCRMA_77_TISSUE_DDOF1,0.5328947606229455,0.5209169768017198,0.011977783821225718,ANTIPSYCHOTICS_BROAD,Broad antipsychotic reference set,HRH1,Spinalcord
HRH1|EXACT_SINGLE_PROTEIN|HSAMP_9aa72e4fb1ff63e1792b1ec7|HUMAN_BIOGPS_GNF1H_GCRMA_77_TISSUE_DDOF1,-1.194185433796494,-0.8055400062559797,-0.38864542754051423,ANTIPSYCHOTICS_BROAD,Broad antipsychotic reference set,HRH1,Cerebellum
HRH1|EXACT_SINGLE_PROTEIN|HSAMP_a32ce488a48b0df9b8c4c40a|HUMAN_BIOGPS_GNF1H_GCRMA_77_TISSUE_DDOF1,-0.8823718421604713,-0.5397233147873343,-0.342648527373137,ANTIPSYCHOTICS_BROAD,Broad antipsychotic reference set,HRH1,Caudatenucleus
HRH1|EXACT_SINGLE_PROTEIN|HSAMP_d99ba5ea584363f8600ade55|HUMAN_BIOGPS_GNF1H_GCRMA_77_TISSUE_DDOF1,0.6441544693789119,0.5869452706028293,0.05720919877608255,ANTIPSYCHOTICS_BROAD,Broad antipsychotic reference set,HRH1,CingulateCortex
HRH1|EXACT_SINGLE_PROTEIN|HSAMP_e75262fc0acfda69d976a6d3|HUMAN_BIOGPS_GNF1H_GCRMA_77_TISSUE_DDOF1,0.6140082925950555,0.5654363983275159,0.048571894267539606,ANTIPSYCHOTICS_BROAD,Broad antipsychotic reference set,HRH1,ParietalLobe
HRH1|EXACT_SINGLE_PROTEIN|HSAMP_eb2587e74e2d6457032d4ae7|HUMAN_BIOGPS_GNF1H_GCRMA_77_TISSUE_DDOF1,-0.6895196608949238,-0.37829738663551293,-0.31122227425941085,ANTIPSYCHOTICS_BROAD,Broad antipsychotic reference set,HRH1,TemporalLobe
HRH1|EXACT_SINGLE_PROTEIN|HSAMP_f43595f3557cf05e6a721aeb|HUMAN_BIOGPS_GNF1H_GCRMA_77_TISSUE_DDOF1,0.01727729262442284,0.09601278630691157,-0.07873549368248872,ANTIPSYCHOTICS_BROAD,Broad antipsychotic reference set,HRH1,Thalamus
HRH1|EXACT_SINGLE_PROTEIN|HSAMP_ff841df7ecd9f2c8ea2660f5|HUMAN_BIOGPS_GNF1H_GCRMA_77_TISSUE_DDOF1,-1.3254271532431554,-0.8875262984325198,-0.43790085481063556,ANTIPSYCHOTICS_BROAD,Broad antipsychotic reference set,HRH1,OlfactoryBulb
HRH2|EXACT_SINGLE_PROTEIN|HSAMP_06645e2e8409a5b743985cdd|HUMAN_BIOGPS_GNF1H_GCRMA_77_TISSUE_DDOF1,-0.69464193733049,0.05644337066861274,-0.7510853079991027,ANTIPSYCHOTICS_BROAD,Broad antipsychotic reference set,HRH2,Wholebrain
HRH2|EXACT_SINGLE_PROTEIN|HSAMP_0cb8b4d1db8c390eeeecca55|HUMAN_BIOGPS_GNF1H_GCRMA_77_TISSUE_DDOF1,-0.32988980043348387,0.13118721670061845,-0.4610770171341023,ANTIPSYCHOTICS_BROAD,Broad antipsychotic reference set,HRH2,Pons
HRH2|EXACT_SINGLE_PROTEIN|HSAMP_13a552b6ffc4aac3b85a50ca|HUMAN_BIOGPS_GNF1H_GCRMA_77_TISSUE_DDOF1,0.6236957598103152,0.5238164693910061,0.0998792904193091,ANTIPSYCHOTICS_BROAD,Broad antipsychotic reference set,HRH2,Amygdala
HRH2|EXACT_SINGLE_PROTEIN|HSAMP_192dff4b8df5862a227b1163|HUMAN_BIOGPS_GNF1H_GCRMA_77_TISSUE_DDOF1,-0.6147502572061241,0.07662164845727687,-0.6913719056634009,ANTIPSYCHOTICS_BROAD,Broad antipsychotic reference set,HRH2,SubthalamicNucleus
HRH2|EXACT_SINGLE_PROTEIN|HSAMP_20b60708f05d03c76f9fe702|HUMAN_BIOGPS_GNF1H_GCRMA_77_TISSUE_DDOF1,0.7849239795659405,0.5652067660663733,0.2197172134995672,ANTIPSYCHOTICS_BROAD,Broad antipsychotic reference set,HRH2,CerebellumPeduncles
HRH2|EXACT_SINGLE_PROTEIN|HSAMP_374f872ebf1bbba2be514f9f|HUMAN_BIOGPS_GNF1H_GCRMA_77_TISSUE_DDOF1,-1.2460582398972329,-0.16402285276574835,-1.0820353871314845,ANTIPSYCHOTICS_BROAD,Broad antipsychotic reference set,HRH2,GlobusPallidus
HRH2|EXACT_SINGLE_PROTEIN|HSAMP_5c090f15f3e5194312a7e8ed|HUMAN_BIOGPS_GNF1H_GCRMA_77_TISSUE_DDOF1,-0.40796698400623327,0.12060084444173269,-0.528567828447966,ANTIPSYCHOTICS_BROAD,Broad antipsychotic reference set,HRH2,MedullaOblongata
HRH2|EXACT_SINGLE_PROTEIN|HSAMP_752ebc880edc13bb4e2b2de8|HUMAN_BIOGPS_GNF1H_GCRMA_77_TISSUE_DDOF1,0.9724259447294552,0.6585647677152313,0.3138611770142239,ANTIPSYCHOTICS_BROAD,Broad antipsychotic reference set,HRH2,PrefrontalCortex
HRH2|EXACT_SINGLE_PROTEIN|HSAMP_7725bb8a75064c4d7246d9ba|HUMAN_BIOGPS_GNF1H_GCRMA_77_TISSUE_DDOF1,-0.5287594645081605,0.10084067106413427,-0.6296001355722948,ANTIPSYCHOTICS_BROAD,Broad antipsychotic reference set,HRH2,OccipitalLobe
HRH2|EXACT_SINGLE_PROTEIN|HSAMP_8ed020260a1d25cf72324c8a|HUMAN_BIOGPS_GNF1H_GCRMA_77_TISSUE_DDOF1,0.5730954222822335,0.5155126836586583,0.057582738623575214,ANTIPSYCHOTICS_BROAD,Broad antipsychotic reference set,HRH2,Hypothalamus
HRH2|EXACT_SINGLE_PROTEIN|HSAMP_936b77a4b11b5c19027de438|HUMAN_BIOGPS_GNF1H_GCRMA_77_TISSUE_DDOF1,0.5402217412152431,0.5014163554060449,0.038805385809198234,ANTIPSYCHOTICS_BROAD,Broad antipsychotic reference set,HRH2,Spinalcord
HRH2|EXACT_SINGLE_PROTEIN|HSAMP_9aa72e4fb1ff63e1792b1ec7|HUMAN_BIOGPS_GNF1H_GCRMA_77_TISSUE_DDOF1,-0.8624398965518474,0.012034804132438022,-0.8744747006842855,ANTIPSYCHOTICS_BROAD,Broad antipsychotic reference set,HRH2,Cerebellum
HRH2|EXACT_SINGLE_PROTEIN|HSAMP_a32ce488a48b0df9b8c4c40a|HUMAN_BIOGPS_GNF1H_GCRMA_77_TISSUE_DDOF1,-0.5757415442072893,0.08785660711012017,-0.6635981513174094,ANTIPSYCHOTICS_BROAD,Broad antipsychotic reference set,HRH2,Caudatenucleus
HRH2|EXACT_SINGLE_PROTEIN|HSAMP_d99ba5ea584363f8600ade55|HUMAN_BIOGPS_GNF1H_GCRMA_77_TISSUE_DDOF1,0.11882129155482958,0.30518734210793386,-0.1863660505531043,ANTIPSYCHOTICS_BROAD,Broad antipsychotic reference set,HRH2,CingulateCortex
HRH2|EXACT_SINGLE_PROTEIN|HSAMP_e75262fc0acfda69d976a6d3|HUMAN_BIOGPS_GNF1H_GCRMA_77_TISSUE_DDOF1,0.2912477238662155,0.4366992476939756,-0.1454515238277601,ANTIPSYCHOTICS_BROAD,Broad antipsychotic reference set,HRH2,ParietalLobe
HRH2|EXACT_SINGLE_PROTEIN|HSAMP_eb2587e74e2d6457032d4ae7|HUMAN_BIOGPS_GNF1H_GCRMA_77_TISSUE_DDOF1,-0.6147502572061241,0.07662164845727687,-0.6913719056634009,ANTIPSYCHOTICS_BROAD,Broad antipsychotic reference set,HRH2,TemporalLobe
HRH2|EXACT_SINGLE_PROTEIN|HSAMP_f43595f3557cf05e6a721aeb|HUMAN_BIOGPS_GNF1H_GCRMA_77_TISSUE_DDOF1,0.16293091698469325,0.39540021542538034,-0.2324692984406871,ANTIPSYCHOTICS_BROAD,Broad antipsychotic reference set,HRH2,Thalamus
HRH2|EXACT_SINGLE_PROTEIN|HSAMP_ff841df7ecd9f2c8ea2660f5|HUMAN_BIOGPS_GNF1H_GCRMA_77_TISSUE_DDOF1,-1.111824416274675,-0.09388239162323704,-1.0179420246514381,ANTIPSYCHOTICS_BROAD,Broad antipsychotic reference set,HRH2,OlfactoryBulb
HRH3|EXACT_SINGLE_PROTEIN|HSAMP_06645e2e8409a5b743985cdd|HUMAN_BIOGPS_GNF1H_GCRMA_77_TISSUE_DDOF1,-0.6006161550639517,0.1477051903405798,-0.7483213454045315,ANTIPSYCHOTICS_BROAD,Broad antipsychotic reference set,HRH3,Wholebrain
HRH3|EXACT_SINGLE_PROTEIN|HSAMP_0cb8b4d1db8c390eeeecca55|HUMAN_BIOGPS_GNF1H_GCRMA_77_TISSUE_DDOF1,1.692248372544127,0.7828359312010404,0.9094124413430866,ANTIPSYCHOTICS_BROAD,Broad antipsychotic reference set,HRH3,Pons
HRH3|EXACT_SINGLE_PROTEIN|HSAMP_13a552b6ffc4aac3b85a50ca|HUMAN_BIOGPS_GNF1H_GCRMA_77_TISSUE_DDOF1,1.2527025925413384,0.6688533820986625,0.5838492104426759,ANTIPSYCHOTICS_BROAD,Broad antipsychotic reference set,HRH3,Amygdala
HRH3|EXACT_SINGLE_PROTEIN|HSAMP_192dff4b8df5862a227b1163|HUMAN_BIOGPS_GNF1H_GCRMA_77_TISSUE_DDOF1,-0.2944374804881566,0.20007178984225965,-0.49450927033041625,ANTIPSYCHOTICS_BROAD,Broad antipsychotic reference set,HRH3,SubthalamicNucleus
HRH3|EXACT_SINGLE_PROTEIN|HSAMP_20b60708f05d03c76f9fe702|HUMAN_BIOGPS_GNF1H_GCRMA_77_TISSUE_DDOF1,1.3879524819067366,0.7004902339534262,0.6874622479533103,ANTIPSYCHOTICS_BROAD,Broad antipsychotic reference set,HRH3,CerebellumPeduncles
HRH3|EXACT_SINGLE_PROTEIN|HSAMP_374f872ebf1bbba2be514f9f|HUMAN_BIOGPS_GNF1H_GCRMA_77_TISSUE_DDOF1,-0.2944374804881566,0.20007178984225965,-0.49450927033041625,ANTIPSYCHOTICS_BROAD,Broad antipsychotic reference set,HRH3,GlobusPallidus
HRH3|EXACT_SINGLE_PROTEIN|HSAMP_5c090f15f3e5194312a7e8ed|HUMAN_BIOGPS_GNF1H_GCRMA_77_TISSUE_DDOF1,-0.579486871939126,0.15039213965371478,-0.7298790115928407,ANTIPSYCHOTICS_BROAD,Broad antipsychotic reference set,HRH3,MedullaOblongata
HRH3|EXACT_SINGLE_PROTEIN|HSAMP_752ebc880edc13bb4e2b2de8|HUMAN_BIOGPS_GNF1H_GCRMA_77_TISSUE_DDOF1,0.9161777783021304,0.5668697440220354,0.34930803428009505,ANTIPSYCHOTICS_BROAD,Broad antipsychotic reference set,HRH3,PrefrontalCortex
HRH3|EXACT_SINGLE_PROTEIN|HSAMP_7725bb8a75064c4d7246d9ba|HUMAN_BIOGPS_GNF1H_GCRMA_77_TISSUE_DDOF1,-0.752466582207291,0.12217905656425396,-0.874645638771545,ANTIPSYCHOTICS_BROAD,Broad antipsychotic reference set,HRH3,OccipitalLobe
HRH3|EXACT_SINGLE_PROTEIN|HSAMP_8ed020260a1d25cf72324c8a|HUMAN_BIOGPS_GNF1H_GCRMA_77_TISSUE_DDOF1,0.6529275844741798,0.515638813396912,0.13728877107726778,ANTIPSYCHOTICS_BROAD,Broad antipsychotic reference set,HRH3,Hypothalamus
HRH3|EXACT_SINGLE_PROTEIN|HSAMP_936b77a4b11b5c19027de438|HUMAN_BIOGPS_GNF1H_GCRMA_77_TISSUE_DDOF1,0.11925842600217923,0.40517679016835306,-0.28591836416617383,ANTIPSYCHOTICS_BROAD,Broad antipsychotic reference set,HRH3,Spinalcord
HRH3|EXACT_SINGLE_PROTEIN|HSAMP_9aa72e4fb1ff63e1792b1ec7|HUMAN_BIOGPS_GNF1H_GCRMA_77_TISSUE_DDOF1,0.11925842600217923,0.40517679016835195,-0.2859183641661727,ANTIPSYCHOTICS_BROAD,Broad antipsychotic reference set,HRH3,Cerebellum
HRH3|EXACT_SINGLE_PROTEIN|HSAMP_a32ce488a48b0df9b8c4c40a|HUMAN_BIOGPS_GNF1H_GCRMA_77_TISSUE_DDOF1,1.778882154850171,0.8034221094081928,0.9754600454419782,ANTIPSYCHOTICS_BROAD,Broad antipsychotic reference set,HRH3,Caudatenucleus
HRH3|EXACT_SINGLE_PROTEIN|HSAMP_d99ba5ea584363f8600ade55|HUMAN_BIOGPS_GNF1H_GCRMA_77_TISSUE_DDOF1,0.9001439685126971,0.5635308852424693,0.33661308327022776,ANTIPSYCHOTICS_BROAD,Broad antipsychotic reference set,HRH3,CingulateCortex
HRH3|EXACT_SINGLE_PROTEIN|HSAMP_e75262fc0acfda69d976a6d3|HUMAN_BIOGPS_GNF1H_GCRMA_77_TISSUE_DDOF1,0.7409271833660481,0.5266623971253283,0.21426478624071987,ANTIPSYCHOTICS_BROAD,Broad antipsychotic reference set,HRH3,ParietalLobe
HRH3|EXACT_SINGLE_PROTEIN|HSAMP_eb2587e74e2d6457032d4ae7|HUMAN_BIOGPS_GNF1H_GCRMA_77_TISSUE_DDOF1,1.5656611786996053,0.748045910041823,0.8176152686577823,ANTIPSYCHOTICS_BROAD,Broad antipsychotic reference set,HRH3,TemporalLobe
HRH3|EXACT_SINGLE_PROTEIN|HSAMP_f43595f3557cf05e6a721aeb|HUMAN_BIOGPS_GNF1H_GCRMA_77_TISSUE_DDOF1,1.8513203098129016,0.8254467902151155,1.0258735195977862,ANTIPSYCHOTICS_BROAD,Broad antipsychotic reference set,HRH3,Thalamus
HRH3|EXACT_SINGLE_PROTEIN|HSAMP_ff841df7ecd9f2c8ea2660f5|HUMAN_BIOGPS_GNF1H_GCRMA_77_TISSUE_DDOF1,-1.2842121542417289,0.02827797190716306,-1.312490126148892,ANTIPSYCHOTICS_BROAD,Broad antipsychotic reference set,HRH3,OlfactoryBulb
HTR1A|EXACT_SINGLE_PROTEIN|HSAMP_06645e2e8409a5b743985cdd|HUMAN_BIOGPS_GNF1H_GCRMA_77_TISSUE_DDOF1,-0.5957660949253106,-0.18401653235077953,-0.4117495625745311,ANTIPSYCHOTICS_BROAD,Broad antipsychotic reference set,HTR1A,Wholebrain
HTR1A|EXACT_SINGLE_PROTEIN|HSAMP_0cb8b4d1db8c390eeeecca55|HUMAN_BIOGPS_GNF1H_GCRMA_77_TISSUE_DDOF1,-0.07343873567882814,0.08488769556974138,-0.15832643124856952,ANTIPSYCHOTICS_BROAD,Broad antipsychotic reference set,HTR1A,Pons
HTR1A|EXACT_SINGLE_PROTEIN|HSAMP_13a552b6ffc4aac3b85a50ca|HUMAN_BIOGPS_GNF1H_GCRMA_77_TISSUE_DDOF1,0.5992580300558955,0.5465733154554109,0.05268471460048463,ANTIPSYCHOTICS_BROAD,Broad antipsychotic reference set,HTR1A,Amygdala
HTR1A|EXACT_SINGLE_PROTEIN|HSAMP_192dff4b8df5862a227b1163|HUMAN_BIOGPS_GNF1H_GCRMA_77_TISSUE_DDOF1,-0.46981645046688625,-0.09333461249265587,-0.3764818379742304,ANTIPSYCHOTICS_BROAD,Broad antipsychotic reference set,HTR1A,SubthalamicNucleus
HTR1A|EXACT_SINGLE_PROTEIN|HSAMP_20b60708f05d03c76f9fe702|HUMAN_BIOGPS_GNF1H_GCRMA_77_TISSUE_DDOF1,0.8380957814805369,0.6899854505764205,0.1481103309041164,ANTIPSYCHOTICS_BROAD,Broad antipsychotic reference set,HTR1A,CerebellumPeduncles
HTR1A|EXACT_SINGLE_PROTEIN|HSAMP_374f872ebf1bbba2be514f9f|HUMAN_BIOGPS_GNF1H_GCRMA_77_TISSUE_DDOF1,-1.1424650971158654,-0.544536440448676,-0.5979286566671894,ANTIPSYCHOTICS_BROAD,Broad antipsychotic reference set,HTR1A,GlobusPallidus
HTR1A|EXACT_SINGLE_PROTEIN|HSAMP_5c090f15f3e5194312a7e8ed|HUMAN_BIOGPS_GNF1H_GCRMA_77_TISSUE_DDOF1,-0.3789744887206786,-0.054230994407086223,-0.3247434943135924,ANTIPSYCHOTICS_BROAD,Broad antipsychotic reference set,HTR1A,MedullaOblongata
HTR1A|EXACT_SINGLE_PROTEIN|HSAMP_752ebc880edc13bb4e2b2de8|HUMAN_BIOGPS_GNF1H_GCRMA_77_TISSUE_DDOF1,1.1245399538714471,0.8753749680361086,0.24916498583533853,ANTIPSYCHOTICS_BROAD,Broad antipsychotic reference set,HTR1A,PrefrontalCortex
HTR1A|EXACT_SINGLE_PROTEIN|HSAMP_7725bb8a75064c4d7246d9ba|HUMAN_BIOGPS_GNF1H_GCRMA_77_TISSUE_DDOF1,-0.46981645046688625,-0.09333461249265587,-0.3764818379742304,ANTIPSYCHOTICS_BROAD,Broad antipsychotic reference set,HTR1A,OccipitalLobe
HTR1A|EXACT_SINGLE_PROTEIN|HSAMP_8ed020260a1d25cf72324c8a|HUMAN_BIOGPS_GNF1H_GCRMA_77_TISSUE_DDOF1,0.7780412977138788,0.6524705315524997,0.12557076616137908,ANTIPSYCHOTICS_BROAD,Broad antipsychotic reference set,HTR1A,Hypothalamus
HTR1A|EXACT_SINGLE_PROTEIN|HSAMP_936b77a4b11b5c19027de438|HUMAN_BIOGPS_GNF1H_GCRMA_77_TISSUE_DDOF1,0.6595350719470643,0.5767020036660456,0.08283306828101866,ANTIPSYCHOTICS_BROAD,Broad antipsychotic reference set,HTR1A,Spinalcord
HTR1A|EXACT_SINGLE_PROTEIN|HSAMP_9aa72e4fb1ff63e1792b1ec7|HUMAN_BIOGPS_GNF1H_GCRMA_77_TISSUE_DDOF1,-0.8647156225397274,-0.34667154543580436,-0.5180440771039231,ANTIPSYCHOTICS_BROAD,Broad antipsychotic reference set,HTR1A,Cerebellum
HTR1A|EXACT_SINGLE_PROTEIN|HSAMP_a32ce488a48b0df9b8c4c40a|HUMAN_BIOGPS_GNF1H_GCRMA_77_TISSUE_DDOF1,-0.46981645046688625,-0.09333461249265587,-0.3764818379742304,ANTIPSYCHOTICS_BROAD,Broad antipsychotic reference set,HTR1A,Caudatenucleus
HTR1A|EXACT_SINGLE_PROTEIN|HSAMP_d99ba5ea584363f8600ade55|HUMAN_BIOGPS_GNF1H_GCRMA_77_TISSUE_DDOF1,0.5992580300558955,0.5465733154554109,0.05268471460048463,ANTIPSYCHOTICS_BROAD,Broad antipsychotic reference set,HTR1A,CingulateCortex
HTR1A|EXACT_SINGLE_PROTEIN|HSAMP_e75262fc0acfda69d976a6d3|HUMAN_BIOGPS_GNF1H_GCRMA_77_TISSUE_DDOF1,0.5992580300558955,0.5465733154554109,0.05268471460048463,ANTIPSYCHOTICS_BROAD,Broad antipsychotic reference set,HTR1A,ParietalLobe
HTR1A|EXACT_SINGLE_PROTEIN|HSAMP_eb2587e74e2d6457032d4ae7|HUMAN_BIOGPS_GNF1H_GCRMA_77_TISSUE_DDOF1,-0.07343873567882814,0.08488769556974138,-0.15832643124856952,ANTIPSYCHOTICS_BROAD,Broad antipsychotic reference set,HTR1A,TemporalLobe
HTR1A|EXACT_SINGLE_PROTEIN|HSAMP_f43595f3557cf05e6a721aeb|HUMAN_BIOGPS_GNF1H_GCRMA_77_TISSUE_DDOF1,0.4891503870061959,0.4819209850445303,0.007229401961665605,ANTIPSYCHOTICS_BROAD,Broad antipsychotic reference set,HTR1A,Thalamus
HTR1A|EXACT_SINGLE_PROTEIN|HSAMP_ff841df7ecd9f2c8ea2660f5|HUMAN_BIOGPS_GNF1H_GCRMA_77_TISSUE_DDOF1,-0.918925401217871,-0.3771253352066859,-0.5418000660111851,ANTIPSYCHOTICS_BROAD,Broad antipsychotic reference set,HTR1A,OlfactoryBulb
HTR2A|EXACT_SINGLE_PROTEIN|HSAMP_06645e2e8409a5b743985cdd|HUMAN_BIOGPS_GNF1H_GCRMA_77_TISSUE_DDOF1,-0.501889385623247,-0.5691171313286603,0.06722774570541323,ANTIPSYCHOTICS_BROAD,Broad antipsychotic reference set,HTR2A,Wholebrain
HTR2A|EXACT_SINGLE_PROTEIN|HSAMP_0cb8b4d1db8c390eeeecca55|HUMAN_BIOGPS_GNF1H_GCRMA_77_TISSUE_DDOF1,0.7550862876365918,0.7754598531357451,-0.020373565499153257,ANTIPSYCHOTICS_BROAD,Broad antipsychotic reference set,HTR2A,Pons
HTR2A|EXACT_SINGLE_PROTEIN|HSAMP_13a552b6ffc4aac3b85a50ca|HUMAN_BIOGPS_GNF1H_GCRMA_77_TISSUE_DDOF1,-0.0010801883095069333,-0.04415280934580017,0.04307262103629324,ANTIPSYCHOTICS_BROAD,Broad antipsychotic reference set,HTR2A,Amygdala
HTR2A|EXACT_SINGLE_PROTEIN|HSAMP_192dff4b8df5862a227b1163|HUMAN_BIOGPS_GNF1H_GCRMA_77_TISSUE_DDOF1,1.8248712253216783,1.8836890358299145,-0.0588178105082362,ANTIPSYCHOTICS_BROAD,Broad antipsychotic reference set,HTR2A,SubthalamicNucleus
HTR2A|EXACT_SINGLE_PROTEIN|HSAMP_20b60708f05d03c76f9fe702|HUMAN_BIOGPS_GNF1H_GCRMA_77_TISSUE_DDOF1,0.15542914123537316,0.14801205252618532,0.007417088709187836,ANTIPSYCHOTICS_BROAD,Broad antipsychotic reference set,HTR2A,CerebellumPeduncles
HTR2A|EXACT_SINGLE_PROTEIN|HSAMP_374f872ebf1bbba2be514f9f|HUMAN_BIOGPS_GNF1H_GCRMA_77_TISSUE_DDOF1,0.7873574784129308,0.8058926543606658,-0.018535175947735016,ANTIPSYCHOTICS_BROAD,Broad antipsychotic reference set,HTR2A,GlobusPallidus
HTR2A|EXACT_SINGLE_PROTEIN|HSAMP_5c090f15f3e5194312a7e8ed|HUMAN_BIOGPS_GNF1H_GCRMA_77_TISSUE_DDOF1,0.9983355707971303,1.044213252147431,-0.04587768135030068,ANTIPSYCHOTICS_BROAD,Broad antipsychotic reference set,HTR2A,MedullaOblongata
HTR2A|EXACT_SINGLE_PROTEIN|HSAMP_752ebc880edc13bb4e2b2de8|HUMAN_BIOGPS_GNF1H_GCRMA_77_TISSUE_DDOF1,2.5178271736327495,2.5951974001054094,-0.0773702264726599,ANTIPSYCHOTICS_BROAD,Broad antipsychotic reference set,HTR2A,PrefrontalCortex
HTR2A|EXACT_SINGLE_PROTEIN|HSAMP_7725bb8a75064c4d7246d9ba|HUMAN_BIOGPS_GNF1H_GCRMA_77_TISSUE_DDOF1,1.9189228621609054,1.980114841107752,-0.06119197894684669,ANTIPSYCHOTICS_BROAD,Broad antipsychotic reference set,HTR2A,OccipitalLobe
HTR2A|EXACT_SINGLE_PROTEIN|HSAMP_8ed020260a1d25cf72324c8a|HUMAN_BIOGPS_GNF1H_GCRMA_77_TISSUE_DDOF1,0.10269010257251229,0.0840807078295766,0.018609394742935687,ANTIPSYCHOTICS_BROAD,Broad antipsychotic reference set,HTR2A,Hypothalamus
HTR2A|EXACT_SINGLE_PROTEIN|HSAMP_936b77a4b11b5c19027de438|HUMAN_BIOGPS_GNF1H_GCRMA_77_TISSUE_DDOF1,0.01848317484977023,-0.003166721418721232,0.021649896268491464,ANTIPSYCHOTICS_BROAD,Broad antipsychotic reference set,HTR2A,Spinalcord
HTR2A|EXACT_SINGLE_PROTEIN|HSAMP_9aa72e4fb1ff63e1792b1ec7|HUMAN_BIOGPS_GNF1H_GCRMA_77_TISSUE_DDOF1,-0.6576786000974707,-0.7411288294815772,0.08345022938410651,ANTIPSYCHOTICS_BROAD,Broad antipsychotic reference set,HTR2A,Cerebellum
HTR2A|EXACT_SINGLE_PROTEIN|HSAMP_a32ce488a48b0df9b8c4c40a|HUMAN_BIOGPS_GNF1H_GCRMA_77_TISSUE_DDOF1,-0.501889385623247,-0.5691171313286603,0.06722774570541323,ANTIPSYCHOTICS_BROAD,Broad antipsychotic reference set,HTR2A,Caudatenucleus
HTR2A|EXACT_SINGLE_PROTEIN|HSAMP_d99ba5ea584363f8600ade55|HUMAN_BIOGPS_GNF1H_GCRMA_77_TISSUE_DDOF1,1.4832047216785647,1.5608970186014026,-0.07769229692283797,ANTIPSYCHOTICS_BROAD,Broad antipsychotic reference set,HTR2A,CingulateCortex
HTR2A|EXACT_SINGLE_PROTEIN|HSAMP_e75262fc0acfda69d976a6d3|HUMAN_BIOGPS_GNF1H_GCRMA_77_TISSUE_DDOF1,1.4195828780719864,1.4870950181009932,-0.06751214002900685,ANTIPSYCHOTICS_BROAD,Broad antipsychotic reference set,HTR2A,ParietalLobe
HTR2A|EXACT_SINGLE_PROTEIN|HSAMP_eb2587e74e2d6457032d4ae7|HUMAN_BIOGPS_GNF1H_GCRMA_77_TISSUE_DDOF1,1.2527025925413384,1.343599437621441,-0.09089684508010265,ANTIPSYCHOTICS_BROAD,Broad antipsychotic reference set,HTR2A,TemporalLobe
HTR2A|EXACT_SINGLE_PROTEIN|HSAMP_f43595f3557cf05e6a721aeb|HUMAN_BIOGPS_GNF1H_GCRMA_77_TISSUE_DDOF1,-0.11666409904318278,-0.18116308142229656,0.06449898237911378,ANTIPSYCHOTICS_BROAD,Broad antipsychotic reference set,HTR2A,Thalamus
HTR2A|EXACT_SINGLE_PROTEIN|HSAMP_ff841df7ecd9f2c8ea2660f5|HUMAN_BIOGPS_GNF1H_GCRMA_77_TISSUE_DDOF1,-0.6923974874967989,-0.767827813511759,0.07543032601496014,ANTIPSYCHOTICS_BROAD,Broad antipsychotic reference set,HTR2A,OlfactoryBulb
HTR2B|EXACT_SINGLE_PROTEIN|HSAMP_06645e2e8409a5b743985cdd|HUMAN_BIOGPS_GNF1H_GCRMA_77_TISSUE_DDOF1,-1.0334111776743673,-0.631108540175676,-0.40230263749869133,ANTIPSYCHOTICS_BROAD,Broad antipsychotic reference set,HTR2B,Wholebrain
HTR2B|EXACT_SINGLE_PROTEIN|HSAMP_0cb8b4d1db8c390eeeecca55|HUMAN_BIOGPS_GNF1H_GCRMA_77_TISSUE_DDOF1,-0.3101525274680148,-0.025891058726856285,-0.28426146874115854,ANTIPSYCHOTICS_BROAD,Broad antipsychotic reference set,HTR2B,Pons
HTR2B|EXACT_SINGLE_PROTEIN|HSAMP_13a552b6ffc4aac3b85a50ca|HUMAN_BIOGPS_GNF1H_GCRMA_77_TISSUE_DDOF1,0.18107465613939241,0.26105048512097206,-0.07997582898157965,ANTIPSYCHOTICS_BROAD,Broad antipsychotic reference set,HTR2B,Amygdala
HTR2B|EXACT_SINGLE_PROTEIN|HSAMP_192dff4b8df5862a227b1163|HUMAN_BIOGPS_GNF1H_GCRMA_77_TISSUE_DDOF1,-0.5404392638990756,-0.1748962074524924,-0.3655430564465832,ANTIPSYCHOTICS_BROAD,Broad antipsychotic reference set,HTR2B,SubthalamicNucleus
HTR2B|EXACT_SINGLE_PROTEIN|HSAMP_20b60708f05d03c76f9fe702|HUMAN_BIOGPS_GNF1H_GCRMA_77_TISSUE_DDOF1,0.8946254119794056,0.7746508051081252,0.11997460687128036,ANTIPSYCHOTICS_BROAD,Broad antipsychotic reference set,HTR2B,CerebellumPeduncles
HTR2B|EXACT_SINGLE_PROTEIN|HSAMP_374f872ebf1bbba2be514f9f|HUMAN_BIOGPS_GNF1H_GCRMA_77_TISSUE_DDOF1,-1.3347395406665359,-0.828237203956983,-0.5065023367095529,ANTIPSYCHOTICS_BROAD,Broad antipsychotic reference set,HTR2B,GlobusPallidus
HTR2B|EXACT_SINGLE_PROTEIN|HSAMP_5c090f15f3e5194312a7e8ed|HUMAN_BIOGPS_GNF1H_GCRMA_77_TISSUE_DDOF1,-0.6387511578710472,-0.2800597182456702,-0.358691439625377,ANTIPSYCHOTICS_BROAD,Broad antipsychotic reference set,HTR2B,MedullaOblongata
HTR2B|EXACT_SINGLE_PROTEIN|HSAMP_752ebc880edc13bb4e2b2de8|HUMAN_BIOGPS_GNF1H_GCRMA_77_TISSUE_DDOF1,1.0464163659167245,0.8795413509177256,0.16687501499899893,ANTIPSYCHOTICS_BROAD,Broad antipsychotic reference set,HTR2B,PrefrontalCortex
HTR2B|EXACT_SINGLE_PROTEIN|HSAMP_7725bb8a75064c4d7246d9ba|HUMAN_BIOGPS_GNF1H_GCRMA_77_TISSUE_DDOF1,-0.7317658218873848,-0.36993022212860593,-0.3618355997587789,ANTIPSYCHOTICS_BROAD,Broad antipsychotic reference set,HTR2B,OccipitalLobe
HTR2B|EXACT_SINGLE_PROTEIN|HSAMP_8ed020260a1d25cf72324c8a|HUMAN_BIOGPS_GNF1H_GCRMA_77_TISSUE_DDOF1,0.616731591469423,0.5621161114798097,0.05461547998961336,ANTIPSYCHOTICS_BROAD,Broad antipsychotic reference set,HTR2B,Hypothalamus
HTR2B|EXACT_SINGLE_PROTEIN|HSAMP_936b77a4b11b5c19027de438|HUMAN_BIOGPS_GNF1H_GCRMA_77_TISSUE_DDOF1,0.616731591469423,0.5621161114798097,0.05461547998961336,ANTIPSYCHOTICS_BROAD,Broad antipsychotic reference set,HTR2B,Spinalcord
HTR2B|EXACT_SINGLE_PROTEIN|HSAMP_9aa72e4fb1ff63e1792b1ec7|HUMAN_BIOGPS_GNF1H_GCRMA_77_TISSUE_DDOF1,-1.0334111776743673,-0.631108540175676,-0.40230263749869133,ANTIPSYCHOTICS_BROAD,Broad antipsychotic reference set,HTR2B,Cerebellum
HTR2B|EXACT_SINGLE_PROTEIN|HSAMP_a32ce488a48b0df9b8c4c40a|HUMAN_BIOGPS_GNF1H_GCRMA_77_TISSUE_DDOF1,-0.6794752792208592,-0.33458433446893787,-0.3448909447519213,ANTIPSYCHOTICS_BROAD,Broad antipsychotic reference set,HTR2B,Caudatenucleus
HTR2B|EXACT_SINGLE_PROTEIN|HSAMP_d99ba5ea584363f8600ade55|HUMAN_BIOGPS_GNF1H_GCRMA_77_TISSUE_DDOF1,0.4245875814465141,0.43872336767207387,-0.014135786225559777,ANTIPSYCHOTICS_BROAD,Broad antipsychotic reference set,HTR2B,CingulateCortex
HTR2B|EXACT_SINGLE_PROTEIN|HSAMP_e75262fc0acfda69d976a6d3|HUMAN_BIOGPS_GNF1H_GCRMA_77_TISSUE_DDOF1,0.7144229674830372,0.6221084653318175,0.09231450215121972,ANTIPSYCHOTICS_BROAD,Broad antipsychotic reference set,HTR2B,ParietalLobe
HTR2B|EXACT_SINGLE_PROTEIN|HSAMP_eb2587e74e2d6457032d4ae7|HUMAN_BIOGPS_GNF1H_GCRMA_77_TISSUE_DDOF1,-0.47798387534273784,-0.12066187807006559,-0.3573219972726722,ANTIPSYCHOTICS_BROAD,Broad antipsychotic reference set,HTR2B,TemporalLobe
HTR2B|EXACT_SINGLE_PROTEIN|HSAMP_f43595f3557cf05e6a721aeb|HUMAN_BIOGPS_GNF1H_GCRMA_77_TISSUE_DDOF1,0.18107465613939241,0.26105048512097206,-0.07997582898157965,ANTIPSYCHOTICS_BROAD,Broad antipsychotic reference set,HTR2B,Thalamus
HTR2B|EXACT_SINGLE_PROTEIN|HSAMP_ff841df7ecd9f2c8ea2660f5|HUMAN_BIOGPS_GNF1H_GCRMA_77_TISSUE_DDOF1,-1.194185433796494,-0.7417297664448597,-0.4524556673516342,ANTIPSYCHOTICS_BROAD,Broad antipsychotic reference set,HTR2B,OlfactoryBulb
HTR2C|EXACT_SINGLE_PROTEIN|HSAMP_06645e2e8409a5b743985cdd|HUMAN_BIOGPS_GNF1H_GCRMA_77_TISSUE_DDOF1,-0.16416783623614478,-0.07789827145487999,-0.0862695647812648,ANTIPSYCHOTICS_BROAD,Broad antipsychotic reference set,HTR2C,Wholebrain
HTR2C|EXACT_SINGLE_PROTEIN|HSAMP_0cb8b4d1db8c390eeeecca55|HUMAN_BIOGPS_GNF1H_GCRMA_77_TISSUE_DDOF1,-0.05803169638664834,-0.0031033354108958335,-0.0549283609757525,ANTIPSYCHOTICS_BROAD,Broad antipsychotic reference set,HTR2C,Pons
HTR2C|EXACT_SINGLE_PROTEIN|HSAMP_13a552b6ffc4aac3b85a50ca|HUMAN_BIOGPS_GNF1H_GCRMA_77_TISSUE_DDOF1,1.4450285494855648,1.3146544385994643,0.1303741108861005,ANTIPSYCHOTICS_BROAD,Broad antipsychotic reference set,HTR2C,Amygdala
HTR2C|EXACT_SINGLE_PROTEIN|HSAMP_192dff4b8df5862a227b1163|HUMAN_BIOGPS_GNF1H_GCRMA_77_TISSUE_DDOF1,-0.09682379681683796,-0.0241186049637107,-0.07270519185312727,ANTIPSYCHOTICS_BROAD,Broad antipsychotic reference set,HTR2C,SubthalamicNucleus
HTR2C|EXACT_SINGLE_PROTEIN|HSAMP_20b60708f05d03c76f9fe702|HUMAN_BIOGPS_GNF1H_GCRMA_77_TISSUE_DDOF1,0.04454906146442492,0.07326887313083658,-0.028719811666411653,ANTIPSYCHOTICS_BROAD,Broad antipsychotic reference set,HTR2C,CerebellumPeduncles
HTR2C|EXACT_SINGLE_PROTEIN|HSAMP_374f872ebf1bbba2be514f9f|HUMAN_BIOGPS_GNF1H_GCRMA_77_TISSUE_DDOF1,-0.22356263192545178,-0.11902310323406375,-0.10453952869138804,ANTIPSYCHOTICS_BROAD,Broad antipsychotic reference set,HTR2C,GlobusPallidus
HTR2C|EXACT_SINGLE_PROTEIN|HSAMP_5c090f15f3e5194312a7e8ed|HUMAN_BIOGPS_GNF1H_GCRMA_77_TISSUE_DDOF1,0.13761647969175556,0.1551821648914936,-0.017565685199738057,ANTIPSYCHOTICS_BROAD,Broad antipsychotic reference set,HTR2C,MedullaOblongata
HTR2C|EXACT_SINGLE_PROTEIN|HSAMP_752ebc880edc13bb4e2b2de8|HUMAN_BIOGPS_GNF1H_GCRMA_77_TISSUE_DDOF1,0.05497807421463483,0.08447760933235757,-0.029499535117722735,ANTIPSYCHOTICS_BROAD,Broad antipsychotic reference set,HTR2C,PrefrontalCortex
HTR2C|EXACT_SINGLE_PROTEIN|HSAMP_7725bb8a75064c4d7246d9ba|HUMAN_BIOGPS_GNF1H_GCRMA_77_TISSUE_DDOF1,-0.13851778771955958,-0.05766205711773304,-0.08085573060182655,ANTIPSYCHOTICS_BROAD,Broad antipsychotic reference set,HTR2C,OccipitalLobe
HTR2C|EXACT_SINGLE_PROTEIN|HSAMP_8ed020260a1d25cf72324c8a|HUMAN_BIOGPS_GNF1H_GCRMA_77_TISSUE_DDOF1,1.9574004412324757,1.8434985870372658,0.11390185419520993,ANTIPSYCHOTICS_BROAD,Broad antipsychotic reference set,HTR2C,Hypothalamus
HTR2C|EXACT_SINGLE_PROTEIN|HSAMP_936b77a4b11b5c19027de438|HUMAN_BIOGPS_GNF1H_GCRMA_77_TISSUE_DDOF1,-0.01142305945911525,0.027170161836679547,-0.038593221295794795,ANTIPSYCHOTICS_BROAD,Broad antipsychotic reference set,HTR2C,Spinalcord
HTR2C|EXACT_SINGLE_PROTEIN|HSAMP_9aa72e4fb1ff63e1792b1ec7|HUMAN_BIOGPS_GNF1H_GCRMA_77_TISSUE_DDOF1,-0.18623638692149827,-0.09912804545213873,-0.08710834146935954,ANTIPSYCHOTICS_BROAD,Broad antipsychotic reference set,HTR2C,Cerebellum
HTR2C|EXACT_SINGLE_PROTEIN|HSAMP_a32ce488a48b0df9b8c4c40a|HUMAN_BIOGPS_GNF1H_GCRMA_77_TISSUE_DDOF1,2.533933170791423,2.3988359049936028,0.13509726579782022,ANTIPSYCHOTICS_BROAD,Broad antipsychotic reference set,HTR2C,Caudatenucleus
HTR2C|EXACT_SINGLE_PROTEIN|HSAMP_d99ba5ea584363f8600ade55|HUMAN_BIOGPS_GNF1H_GCRMA_77_TISSUE_DDOF1,-0.022691925819512807,0.021622641739288566,-0.04431456755880137,ANTIPSYCHOTICS_BROAD,Broad antipsychotic reference set,HTR2C,CingulateCortex
HTR2C|EXACT_SINGLE_PROTEIN|HSAMP_e75262fc0acfda69d976a6d3|HUMAN_BIOGPS_GNF1H_GCRMA_77_TISSUE_DDOF1,0.004312545155705039,0.04007584322915661,-0.03576329807345157,ANTIPSYCHOTICS_BROAD,Broad antipsychotic reference set,HTR2C,ParietalLobe
HTR2C|EXACT_SINGLE_PROTEIN|HSAMP_eb2587e74e2d6457032d4ae7|HUMAN_BIOGPS_GNF1H_GCRMA_77_TISSUE_DDOF1,-0.10140595068348542,-0.027947534657457584,-0.07345841602602783,ANTIPSYCHOTICS_BROAD,Broad antipsychotic reference set,HTR2C,TemporalLobe
HTR2C|EXACT_SINGLE_PROTEIN|HSAMP_f43595f3557cf05e6a721aeb|HUMAN_BIOGPS_GNF1H_GCRMA_77_TISSUE_DDOF1,-0.00472467592650918,0.033158182006205794,-0.037882857932714974,ANTIPSYCHOTICS_BROAD,Broad antipsychotic reference set,HTR2C,Thalamus
HTR2C|EXACT_SINGLE_PROTEIN|HSAMP_ff841df7ecd9f2c8ea2660f5|HUMAN_BIOGPS_GNF1H_GCRMA_77_TISSUE_DDOF1,-0.22109091370694864,-0.1150961125184773,-0.10599480118847134,ANTIPSYCHOTICS_BROAD,Broad antipsychotic reference set,HTR2C,OlfactoryBulb
KCNH2|EXACT_SINGLE_PROTEIN|HSAMP_06645e2e8409a5b743985cdd|HUMAN_BIOGPS_GNF1H_GCRMA_77_TISSUE_DDOF1,0.6721433940176287,0.5372000127978909,0.1349433812197378,ANTIPSYCHOTICS_BROAD,Broad antipsychotic reference set,KCNH2,Wholebrain
KCNH2|EXACT_SINGLE_PROTEIN|HSAMP_0cb8b4d1db8c390eeeecca55|HUMAN_BIOGPS_GNF1H_GCRMA_77_TISSUE_DDOF1,-0.5097769944378396,0.0803259634731508,-0.5901029579109904,ANTIPSYCHOTICS_BROAD,Broad antipsychotic reference set,KCNH2,Pons
KCNH2|EXACT_SINGLE_PROTEIN|HSAMP_13a552b6ffc4aac3b85a50ca|HUMAN_BIOGPS_GNF1H_GCRMA_77_TISSUE_DDOF1,-0.5953865481483204,0.05904970218571515,-0.6544362503340355,ANTIPSYCHOTICS_BROAD,Broad antipsychotic reference set,KCNH2,Amygdala
KCNH2|EXACT_SINGLE_PROTEIN|HSAMP_192dff4b8df5862a227b1163|HUMAN_BIOGPS_GNF1H_GCRMA_77_TISSUE_DDOF1,-0.32329295097347915,0.11610865464068443,-0.4394016056141636,ANTIPSYCHOTICS_BROAD,Broad antipsychotic reference set,KCNH2,SubthalamicNucleus
KCNH2|EXACT_SINGLE_PROTEIN|HSAMP_20b60708f05d03c76f9fe702|HUMAN_BIOGPS_GNF1H_GCRMA_77_TISSUE_DDOF1,0.7780412977138788,0.5723311494584571,0.20571014825542167,ANTIPSYCHOTICS_BROAD,Broad antipsychotic reference set,KCNH2,CerebellumPeduncles
KCNH2|EXACT_SINGLE_PROTEIN|HSAMP_374f872ebf1bbba2be514f9f|HUMAN_BIOGPS_GNF1H_GCRMA_77_TISSUE_DDOF1,-0.5296294324364784,0.07541493151163589,-0.6050443639481143,ANTIPSYCHOTICS_BROAD,Broad antipsychotic reference set,KCNH2,GlobusPallidus
KCNH2|EXACT_SINGLE_PROTEIN|HSAMP_5c090f15f3e5194312a7e8ed|HUMAN_BIOGPS_GNF1H_GCRMA_77_TISSUE_DDOF1,-0.5296294324364784,0.07541493151163589,-0.6050443639481143,ANTIPSYCHOTICS_BROAD,Broad antipsychotic reference set,KCNH2,MedullaOblongata
KCNH2|EXACT_SINGLE_PROTEIN|HSAMP_752ebc880edc13bb4e2b2de8|HUMAN_BIOGPS_GNF1H_GCRMA_77_TISSUE_DDOF1,0.9306272020005141,0.6598200474586242,0.27080715454188986,ANTIPSYCHOTICS_BROAD,Broad antipsychotic reference set,KCNH2,PrefrontalCortex
KCNH2|EXACT_SINGLE_PROTEIN|HSAMP_7725bb8a75064c4d7246d9ba|HUMAN_BIOGPS_GNF1H_GCRMA_77_TISSUE_DDOF1,-0.4927973877239192,0.08611096181366822,-0.5789083495375874,ANTIPSYCHOTICS_BROAD,Broad antipsychotic reference set,KCNH2,OccipitalLobe
KCNH2|EXACT_SINGLE_PROTEIN|HSAMP_8ed020260a1d25cf72324c8a|HUMAN_BIOGPS_GNF1H_GCRMA_77_TISSUE_DDOF1,-0.4927973877239192,0.08611096181366822,-0.5789083495375874,ANTIPSYCHOTICS_BROAD,Broad antipsychotic reference set,KCNH2,Hypothalamus
KCNH2|EXACT_SINGLE_PROTEIN|HSAMP_936b77a4b11b5c19027de438|HUMAN_BIOGPS_GNF1H_GCRMA_77_TISSUE_DDOF1,-0.011083252746525038,0.17338485903573583,-0.18446811178226086,ANTIPSYCHOTICS_BROAD,Broad antipsychotic reference set,KCNH2,Spinalcord
KCNH2|EXACT_SINGLE_PROTEIN|HSAMP_9aa72e4fb1ff63e1792b1ec7|HUMAN_BIOGPS_GNF1H_GCRMA_77_TISSUE_DDOF1,0.56404460735885,0.5143616092241591,0.0496829981346909,ANTIPSYCHOTICS_BROAD,Broad antipsychotic reference set,KCNH2,Cerebellum
KCNH2|EXACT_SINGLE_PROTEIN|HSAMP_a32ce488a48b0df9b8c4c40a|HUMAN_BIOGPS_GNF1H_GCRMA_77_TISSUE_DDOF1,-0.47787329317090727,0.08731614168512994,-0.5651894348560372,ANTIPSYCHOTICS_BROAD,Broad antipsychotic reference set,KCNH2,Caudatenucleus
KCNH2|EXACT_SINGLE_PROTEIN|HSAMP_d99ba5ea584363f8600ade55|HUMAN_BIOGPS_GNF1H_GCRMA_77_TISSUE_DDOF1,-0.07848428987787703,0.15720127963008465,-0.23568556950796168,ANTIPSYCHOTICS_BROAD,Broad antipsychotic reference set,KCNH2,CingulateCortex
KCNH2|EXACT_SINGLE_PROTEIN|HSAMP_e75262fc0acfda69d976a6d3|HUMAN_BIOGPS_GNF1H_GCRMA_77_TISSUE_DDOF1,-0.47787329317090727,0.08731614168512994,-0.5651894348560372,ANTIPSYCHOTICS_BROAD,Broad antipsychotic reference set,KCNH2,ParietalLobe
KCNH2|EXACT_SINGLE_PROTEIN|HSAMP_eb2587e74e2d6457032d4ae7|HUMAN_BIOGPS_GNF1H_GCRMA_77_TISSUE_DDOF1,-0.5296294324364784,0.07541493151163589,-0.6050443639481143,ANTIPSYCHOTICS_BROAD,Broad antipsychotic reference set,KCNH2,TemporalLobe
KCNH2|EXACT_SINGLE_PROTEIN|HSAMP_f43595f3557cf05e6a721aeb|HUMAN_BIOGPS_GNF1H_GCRMA_77_TISSUE_DDOF1,0.5683767457770087,0.5165029571120288,0.051873788664979936,ANTIPSYCHOTICS_BROAD,Broad antipsychotic reference set,KCNH2,Thalamus
KCNH2|EXACT_SINGLE_PROTEIN|HSAMP_ff841df7ecd9f2c8ea2660f5|HUMAN_BIOGPS_GNF1H_GCRMA_77_TISSUE_DDOF1,-0.40154289381541125,0.10575473133926494,-0.5072976251546761,ANTIPSYCHOTICS_BROAD,Broad antipsychotic reference set,KCNH2,OlfactoryBulb
OPRD1|EXACT_SINGLE_PROTEIN|HSAMP_06645e2e8409a5b743985cdd|HUMAN_BIOGPS_GNF1H_GCRMA_77_TISSUE_DDOF1,-0.9755002670030188,-0.9972635893209076,0.0217633223178888,ANTIPSYCHOTICS_BROAD,Broad antipsychotic reference set,OPRD1,Wholebrain
OPRD1|EXACT_SINGLE_PROTEIN|HSAMP_0cb8b4d1db8c390eeeecca55|HUMAN_BIOGPS_GNF1H_GCRMA_77_TISSUE_DDOF1,-0.11666409904318278,-0.13519749692154207,0.01853339787835928,ANTIPSYCHOTICS_BROAD,Broad antipsychotic reference set,OPRD1,Pons
OPRD1|EXACT_SINGLE_PROTEIN|HSAMP_13a552b6ffc4aac3b85a50ca|HUMAN_BIOGPS_GNF1H_GCRMA_77_TISSUE_DDOF1,0.7082266883898617,0.7112116657912593,-0.0029849774013975816,ANTIPSYCHOTICS_BROAD,Broad antipsychotic reference set,OPRD1,Amygdala
OPRD1|EXACT_SINGLE_PROTEIN|HSAMP_192dff4b8df5862a227b1163|HUMAN_BIOGPS_GNF1H_GCRMA_77_TISSUE_DDOF1,-0.6128844066753412,-0.6315871994688267,0.018702792793485523,ANTIPSYCHOTICS_BROAD,Broad antipsychotic reference set,OPRD1,SubthalamicNucleus
OPRD1|EXACT_SINGLE_PROTEIN|HSAMP_20b60708f05d03c76f9fe702|HUMAN_BIOGPS_GNF1H_GCRMA_77_TISSUE_DDOF1,1.0299986788998141,1.0398310882029744,-0.009832409303160317,ANTIPSYCHOTICS_BROAD,Broad antipsychotic reference set,OPRD1,CerebellumPeduncles
OPRD1|EXACT_SINGLE_PROTEIN|HSAMP_374f872ebf1bbba2be514f9f|HUMAN_BIOGPS_GNF1H_GCRMA_77_TISSUE_DDOF1,-1.56910542197197,-1.6140112313312045,0.044905809359234494,ANTIPSYCHOTICS_BROAD,Broad antipsychotic reference set,OPRD1,GlobusPallidus
OPRD1|EXACT_SINGLE_PROTEIN|HSAMP_5c090f15f3e5194312a7e8ed|HUMAN_BIOGPS_GNF1H_GCRMA_77_TISSUE_DDOF1,-0.5475434586021661,-0.5645779923612853,0.01703453375911912,ANTIPSYCHOTICS_BROAD,Broad antipsychotic reference set,OPRD1,MedullaOblongata
OPRD1|EXACT_SINGLE_PROTEIN|HSAMP_752ebc880edc13bb4e2b2de8|HUMAN_BIOGPS_GNF1H_GCRMA_77_TISSUE_DDOF1,1.2039892604636027,1.2267804737929802,-0.022791213329377502,ANTIPSYCHOTICS_BROAD,Broad antipsychotic reference set,OPRD1,PrefrontalCortex
OPRD1|EXACT_SINGLE_PROTEIN|HSAMP_7725bb8a75064c4d7246d9ba|HUMAN_BIOGPS_GNF1H_GCRMA_77_TISSUE_DDOF1,-0.6128844066753412,-0.6315871994688267,0.018702792793485523,ANTIPSYCHOTICS_BROAD,Broad antipsychotic reference set,OPRD1,OccipitalLobe
OPRD1|EXACT_SINGLE_PROTEIN|HSAMP_8ed020260a1d25cf72324c8a|HUMAN_BIOGPS_GNF1H_GCRMA_77_TISSUE_DDOF1,0.8881172637591862,0.8933178158565719,-0.00520055209738568,ANTIPSYCHOTICS_BROAD,Broad antipsychotic reference set,OPRD1,Hypothalamus
OPRD1|EXACT_SINGLE_PROTEIN|HSAMP_936b77a4b11b5c19027de438|HUMAN_BIOGPS_GNF1H_GCRMA_77_TISSUE_DDOF1,0.8560938582243547,0.8650478070529225,-0.008953948828567815,ANTIPSYCHOTICS_BROAD,Broad antipsychotic reference set,OPRD1,Spinalcord
OPRD1|EXACT_SINGLE_PROTEIN|HSAMP_9aa72e4fb1ff63e1792b1ec7|HUMAN_BIOGPS_GNF1H_GCRMA_77_TISSUE_DDOF1,-1.1867561982449253,-1.2191755781048395,0.032419379859914166,ANTIPSYCHOTICS_BROAD,Broad antipsychotic reference set,OPRD1,Cerebellum
OPRD1|EXACT_SINGLE_PROTEIN|HSAMP_a32ce488a48b0df9b8c4c40a|HUMAN_BIOGPS_GNF1H_GCRMA_77_TISSUE_DDOF1,0.5730954222822335,0.5734119179150156,-0.0003164956327820212,ANTIPSYCHOTICS_BROAD,Broad antipsychotic reference set,OPRD1,Caudatenucleus
OPRD1|EXACT_SINGLE_PROTEIN|HSAMP_d99ba5ea584363f8600ade55|HUMAN_BIOGPS_GNF1H_GCRMA_77_TISSUE_DDOF1,0.5730954222822335,0.5734119179150156,-0.0003164956327820212,ANTIPSYCHOTICS_BROAD,Broad antipsychotic reference set,OPRD1,CingulateCortex
OPRD1|EXACT_SINGLE_PROTEIN|HSAMP_e75262fc0acfda69d976a6d3|HUMAN_BIOGPS_GNF1H_GCRMA_77_TISSUE_DDOF1,0.8118840067070954,0.8234227834939787,-0.011538776786883309,ANTIPSYCHOTICS_BROAD,Broad antipsychotic reference set,OPRD1,ParietalLobe
OPRD1|EXACT_SINGLE_PROTEIN|HSAMP_eb2587e74e2d6457032d4ae7|HUMAN_BIOGPS_GNF1H_GCRMA_77_TISSUE_DDOF1,-0.5475434586021661,-0.5645779923612853,0.01703453375911912,ANTIPSYCHOTICS_BROAD,Broad antipsychotic reference set,OPRD1,TemporalLobe
OPRD1|EXACT_SINGLE_PROTEIN|HSAMP_f43595f3557cf05e6a721aeb|HUMAN_BIOGPS_GNF1H_GCRMA_77_TISSUE_DDOF1,2.2352327468752073,2.272699484131307,-0.0374667372560995,ANTIPSYCHOTICS_BROAD,Broad antipsychotic reference set,OPRD1,Thalamus
OPRD1|EXACT_SINGLE_PROTEIN|HSAMP_ff841df7ecd9f2c8ea2660f5|HUMAN_BIOGPS_GNF1H_GCRMA_77_TISSUE_DDOF1,-1.2926987646532486,-1.3397674578799728,0.047068693226724134,ANTIPSYCHOTICS_BROAD,Broad antipsychotic reference set,OPRD1,OlfactoryBulb
OPRK1|EXACT_SINGLE_PROTEIN|HSAMP_06645e2e8409a5b743985cdd|HUMAN_BIOGPS_GNF1H_GCRMA_77_TISSUE_DDOF1,-1.0563266320899458,0.014989709233363726,-1.0713163413233096,ANTIPSYCHOTICS_BROAD,Broad antipsychotic reference set,OPRK1,Wholebrain
OPRK1|EXACT_SINGLE_PROTEIN|HSAMP_0cb8b4d1db8c390eeeecca55|HUMAN_BIOGPS_GNF1H_GCRMA_77_TISSUE_DDOF1,0.036968827855691416,0.2673442956547071,-0.23037546779901566,ANTIPSYCHOTICS_BROAD,Broad antipsychotic reference set,OPRK1,Pons
OPRK1|EXACT_SINGLE_PROTEIN|HSAMP_13a552b6ffc4aac3b85a50ca|HUMAN_BIOGPS_GNF1H_GCRMA_77_TISSUE_DDOF1,0.9020982492605245,0.5833439200831928,0.3187543291773317,ANTIPSYCHOTICS_BROAD,Broad antipsychotic reference set,OPRK1,Amygdala
OPRK1|EXACT_SINGLE_PROTEIN|HSAMP_192dff4b8df5862a227b1163|HUMAN_BIOGPS_GNF1H_GCRMA_77_TISSUE_DDOF1,-0.6797238247320325,0.10282606781899206,-0.7825498925510246,ANTIPSYCHOTICS_BROAD,Broad antipsychotic reference set,OPRK1,SubthalamicNucleus
OPRK1|EXACT_SINGLE_PROTEIN|HSAMP_20b60708f05d03c76f9fe702|HUMAN_BIOGPS_GNF1H_GCRMA_77_TISSUE_DDOF1,1.2039892604636027,0.7104619382700936,0.49352732219350903,ANTIPSYCHOTICS_BROAD,Broad antipsychotic reference set,OPRK1,CerebellumPeduncles
OPRK1|EXACT_SINGLE_PROTEIN|HSAMP_374f872ebf1bbba2be514f9f|HUMAN_BIOGPS_GNF1H_GCRMA_77_TISSUE_DDOF1,-1.696023134305084,-0.18221482186833554,-1.5138083124367485,ANTIPSYCHOTICS_BROAD,Broad antipsychotic reference set,OPRK1,GlobusPallidus
OPRK1|EXACT_SINGLE_PROTEIN|HSAMP_5c090f15f3e5194312a7e8ed|HUMAN_BIOGPS_GNF1H_GCRMA_77_TISSUE_DDOF1,0.036968827855691416,0.2673442956547071,-0.23037546779901566,ANTIPSYCHOTICS_BROAD,Broad antipsychotic reference set,OPRK1,MedullaOblongata
OPRK1|EXACT_SINGLE_PROTEIN|HSAMP_752ebc880edc13bb4e2b2de8|HUMAN_BIOGPS_GNF1H_GCRMA_77_TISSUE_DDOF1,1.5403699585599027,0.7912350892717102,0.7491348692881925,ANTIPSYCHOTICS_BROAD,Broad antipsychotic reference set,OPRK1,PrefrontalCortex
OPRK1|EXACT_SINGLE_PROTEIN|HSAMP_7725bb8a75064c4d7246d9ba|HUMAN_BIOGPS_GNF1H_GCRMA_77_TISSUE_DDOF1,-0.6797238247320325,0.10282606781899206,-0.7825498925510246,ANTIPSYCHOTICS_BROAD,Broad antipsychotic reference set,OPRK1,OccipitalLobe
OPRK1|EXACT_SINGLE_PROTEIN|HSAMP_8ed020260a1d25cf72324c8a|HUMAN_BIOGPS_GNF1H_GCRMA_77_TISSUE_DDOF1,0.9020982492605245,0.5833439200831928,0.3187543291773317,ANTIPSYCHOTICS_BROAD,Broad antipsychotic reference set,OPRK1,Hypothalamus
OPRK1|EXACT_SINGLE_PROTEIN|HSAMP_936b77a4b11b5c19027de438|HUMAN_BIOGPS_GNF1H_GCRMA_77_TISSUE_DDOF1,0.8087303750901438,0.5600599137816625,0.24867046130848125,ANTIPSYCHOTICS_BROAD,Broad antipsychotic reference set,OPRK1,Spinalcord
OPRK1|EXACT_SINGLE_PROTEIN|HSAMP_9aa72e4fb1ff63e1792b1ec7|HUMAN_BIOGPS_GNF1H_GCRMA_77_TISSUE_DDOF1,-1.2719778309776335,-0.05050483788550213,-1.2214729930921313,ANTIPSYCHOTICS_BROAD,Broad antipsychotic reference set,OPRK1,Cerebellum
OPRK1|EXACT_SINGLE_PROTEIN|HSAMP_a32ce488a48b0df9b8c4c40a|HUMAN_BIOGPS_GNF1H_GCRMA_77_TISSUE_DDOF1,-0.7631746919002458,0.0835376620688566,-0.8467123539691024,ANTIPSYCHOTICS_BROAD,Broad antipsychotic reference set,OPRK1,Caudatenucleus
OPRK1|EXACT_SINGLE_PROTEIN|HSAMP_d99ba5ea584363f8600ade55|HUMAN_BIOGPS_GNF1H_GCRMA_77_TISSUE_DDOF1,0.6441544693789119,0.5193369809395832,0.1248174884393286,ANTIPSYCHOTICS_BROAD,Broad antipsychotic reference set,OPRK1,CingulateCortex
OPRK1|EXACT_SINGLE_PROTEIN|HSAMP_e75262fc0acfda69d976a6d3|HUMAN_BIOGPS_GNF1H_GCRMA_77_TISSUE_DDOF1,0.8648327126640044,0.5689354437902566,0.2958972688737478,ANTIPSYCHOTICS_BROAD,Broad antipsychotic reference set,OPRK1,ParietalLobe
OPRK1|EXACT_SINGLE_PROTEIN|HSAMP_eb2587e74e2d6457032d4ae7|HUMAN_BIOGPS_GNF1H_GCRMA_77_TISSUE_DDOF1,-0.6017139619223004,0.1189718570425862,-0.7206858189648866,ANTIPSYCHOTICS_BROAD,Broad antipsychotic reference set,OPRK1,TemporalLobe
OPRK1|EXACT_SINGLE_PROTEIN|HSAMP_f43595f3557cf05e6a721aeb|HUMAN_BIOGPS_GNF1H_GCRMA_77_TISSUE_DDOF1,0.5575245454714622,0.5019718161084654,0.05555272936299682,ANTIPSYCHOTICS_BROAD,Broad antipsychotic reference set,OPRK1,Thalamus
OPRK1|EXACT_SINGLE_PROTEIN|HSAMP_ff841df7ecd9f2c8ea2660f5|HUMAN_BIOGPS_GNF1H_GCRMA_77_TISSUE_DDOF1,-1.5539701975614002,-0.12846993604411022,-1.42550026151729,ANTIPSYCHOTICS_BROAD,Broad antipsychotic reference set,OPRK1,OlfactoryBulb
OPRM1|EXACT_SINGLE_PROTEIN|HSAMP_06645e2e8409a5b743985cdd|HUMAN_BIOGPS_GNF1H_GCRMA_77_TISSUE_DDOF1,-0.7965723889941071,0.09736463633602002,-0.8939370253301271,ANTIPSYCHOTICS_BROAD,Broad antipsychotic reference set,OPRM1,Wholebrain
OPRM1|EXACT_SINGLE_PROTEIN|HSAMP_0cb8b4d1db8c390eeeecca55|HUMAN_BIOGPS_GNF1H_GCRMA_77_TISSUE_DDOF1,1.716808020032496,0.8113449843817566,0.9054630356507394,ANTIPSYCHOTICS_BROAD,Broad antipsychotic reference set,OPRM1,Pons
OPRM1|EXACT_SINGLE_PROTEIN|HSAMP_13a552b6ffc4aac3b85a50ca|HUMAN_BIOGPS_GNF1H_GCRMA_77_TISSUE_DDOF1,-0.22356263192545178,0.187846666841972,-0.41140929876742377,ANTIPSYCHOTICS_BROAD,Broad antipsychotic reference set,OPRM1,Amygdala
OPRM1|EXACT_SINGLE_PROTEIN|HSAMP_192dff4b8df5862a227b1163|HUMAN_BIOGPS_GNF1H_GCRMA_77_TISSUE_DDOF1,-0.5616367314853511,0.13777123317358034,-0.6994079646589314,ANTIPSYCHOTICS_BROAD,Broad antipsychotic reference set,OPRM1,SubthalamicNucleus
OPRM1|EXACT_SINGLE_PROTEIN|HSAMP_20b60708f05d03c76f9fe702|HUMAN_BIOGPS_GNF1H_GCRMA_77_TISSUE_DDOF1,0.48101672315406374,0.4739451174002917,0.007071605753772026,ANTIPSYCHOTICS_BROAD,Broad antipsychotic reference set,OPRM1,CerebellumPeduncles
OPRM1|EXACT_SINGLE_PROTEIN|HSAMP_374f872ebf1bbba2be514f9f|HUMAN_BIOGPS_GNF1H_GCRMA_77_TISSUE_DDOF1,-0.9276542412143662,0.07371231517282804,-1.0013665563871943,ANTIPSYCHOTICS_BROAD,Broad antipsychotic reference set,OPRM1,GlobusPallidus
OPRM1|EXACT_SINGLE_PROTEIN|HSAMP_5c090f15f3e5194312a7e8ed|HUMAN_BIOGPS_GNF1H_GCRMA_77_TISSUE_DDOF1,1.3621070345288713,0.7225635530992099,0.6395434814296613,ANTIPSYCHOTICS_BROAD,Broad antipsychotic reference set,OPRM1,MedullaOblongata
OPRM1|EXACT_SINGLE_PROTEIN|HSAMP_752ebc880edc13bb4e2b2de8|HUMAN_BIOGPS_GNF1H_GCRMA_77_TISSUE_DDOF1,0.5692864698202704,0.5045405107756299,0.06474595904464053,ANTIPSYCHOTICS_BROAD,Broad antipsychotic reference set,OPRM1,PrefrontalCortex
OPRM1|EXACT_SINGLE_PROTEIN|HSAMP_7725bb8a75064c4d7246d9ba|HUMAN_BIOGPS_GNF1H_GCRMA_77_TISSUE_DDOF1,-0.6314667820514213,0.12374526791821187,-0.7552120499696331,ANTIPSYCHOTICS_BROAD,Broad antipsychotic reference set,OPRM1,OccipitalLobe
OPRM1|EXACT_SINGLE_PROTEIN|HSAMP_8ed020260a1d25cf72324c8a|HUMAN_BIOGPS_GNF1H_GCRMA_77_TISSUE_DDOF1,0.0028657084236432275,0.25986431367448065,-0.2569986052508374,ANTIPSYCHOTICS_BROAD,Broad antipsychotic reference set,OPRM1,Hypothalamus
OPRM1|EXACT_SINGLE_PROTEIN|HSAMP_936b77a4b11b5c19027de438|HUMAN_BIOGPS_GNF1H_GCRMA_77_TISSUE_DDOF1,-0.022691925819512807,0.24605565664486884,-0.26874758246438163,ANTIPSYCHOTICS_BROAD,Broad antipsychotic reference set,OPRM1,Spinalcord
OPRM1|EXACT_SINGLE_PROTEIN|HSAMP_9aa72e4fb1ff63e1792b1ec7|HUMAN_BIOGPS_GNF1H_GCRMA_77_TISSUE_DDOF1,0.05316689399923939,0.29896004952943683,-0.24579315553019743,ANTIPSYCHOTICS_BROAD,Broad antipsychotic reference set,OPRM1,Cerebellum
OPRM1|EXACT_SINGLE_PROTEIN|HSAMP_a32ce488a48b0df9b8c4c40a|HUMAN_BIOGPS_GNF1H_GCRMA_77_TISSUE_DDOF1,-0.604580083085179,0.1296257829308685,-0.7342058660160474,ANTIPSYCHOTICS_BROAD,Broad antipsychotic reference set,OPRM1,Caudatenucleus
OPRM1|EXACT_SINGLE_PROTEIN|HSAMP_d99ba5ea584363f8600ade55|HUMAN_BIOGPS_GNF1H_GCRMA_77_TISSUE_DDOF1,-0.13768784990688981,0.21662604031248342,-0.3543138902193732,ANTIPSYCHOTICS_BROAD,Broad antipsychotic reference set,OPRM1,CingulateCortex
OPRM1|EXACT_SINGLE_PROTEIN|HSAMP_e75262fc0acfda69d976a6d3|HUMAN_BIOGPS_GNF1H_GCRMA_77_TISSUE_DDOF1,0.10269010257251229,0.36358942439004627,-0.26089932181753395,ANTIPSYCHOTICS_BROAD,Broad antipsychotic reference set,OPRM1,ParietalLobe
OPRM1|EXACT_SINGLE_PROTEIN|HSAMP_eb2587e74e2d6457032d4ae7|HUMAN_BIOGPS_GNF1H_GCRMA_77_TISSUE_DDOF1,0.8130366679122062,0.5519601601326964,0.26107650777950975,ANTIPSYCHOTICS_BROAD,Broad antipsychotic reference set,OPRM1,TemporalLobe
OPRM1|EXACT_SINGLE_PROTEIN|HSAMP_f43595f3557cf05e6a721aeb|HUMAN_BIOGPS_GNF1H_GCRMA_77_TISSUE_DDOF1,-0.17815121178694848,0.2072812935316592,-0.3854325053186077,ANTIPSYCHOTICS_BROAD,Broad antipsychotic reference set,OPRM1,Thalamus
OPRM1|EXACT_SINGLE_PROTEIN|HSAMP_ff841df7ecd9f2c8ea2660f5|HUMAN_BIOGPS_GNF1H_GCRMA_77_TISSUE_DDOF1,-0.8624398965518474,0.08548173839473297,-0.9479216349465803,ANTIPSYCHOTICS_BROAD,Broad antipsychotic reference set,OPRM1,OlfactoryBulb
SLC6A2|EXACT_SINGLE_PROTEIN|HSAMP_06645e2e8409a5b743985cdd|HUMAN_BIOGPS_GNF1H_GCRMA_77_TISSUE_DDOF1,-1.132738967762656,-0.05323769969432537,-1.0795012680683307,ANTIPSYCHOTICS_BROAD,Broad antipsychotic reference set,SLC6A2,Wholebrain
SLC6A2|EXACT_SINGLE_PROTEIN|HSAMP_0cb8b4d1db8c390eeeecca55|HUMAN_BIOGPS_GNF1H_GCRMA_77_TISSUE_DDOF1,0.0271444976889488,0.24329407857565122,-0.2161495808867024,ANTIPSYCHOTICS_BROAD,Broad antipsychotic reference set,SLC6A2,Pons
SLC6A2|EXACT_SINGLE_PROTEIN|HSAMP_13a552b6ffc4aac3b85a50ca|HUMAN_BIOGPS_GNF1H_GCRMA_77_TISSUE_DDOF1,0.2164813869506129,0.4241364683506028,-0.20765508139998992,ANTIPSYCHOTICS_BROAD,Broad antipsychotic reference set,SLC6A2,Amygdala
SLC6A2|EXACT_SINGLE_PROTEIN|HSAMP_192dff4b8df5862a227b1163|HUMAN_BIOGPS_GNF1H_GCRMA_77_TISSUE_DDOF1,0.6721433940176287,0.5281532883128187,0.14399010570480997,ANTIPSYCHOTICS_BROAD,Broad antipsychotic reference set,SLC6A2,SubthalamicNucleus
SLC6A2|EXACT_SINGLE_PROTEIN|HSAMP_20b60708f05d03c76f9fe702|HUMAN_BIOGPS_GNF1H_GCRMA_77_TISSUE_DDOF1,1.6263504990310644,0.8459772444615024,0.7803732545695621,ANTIPSYCHOTICS_BROAD,Broad antipsychotic reference set,SLC6A2,CerebellumPeduncles
SLC6A2|EXACT_SINGLE_PROTEIN|HSAMP_374f872ebf1bbba2be514f9f|HUMAN_BIOGPS_GNF1H_GCRMA_77_TISSUE_DDOF1,-1.2460582398972329,-0.10120745486503491,-1.1448507850321978,ANTIPSYCHOTICS_BROAD,Broad antipsychotic reference set,SLC6A2,GlobusPallidus
SLC6A2|EXACT_SINGLE_PROTEIN|HSAMP_5c090f15f3e5194312a7e8ed|HUMAN_BIOGPS_GNF1H_GCRMA_77_TISSUE_DDOF1,-0.7579259018644592,0.06014866397234182,-0.818074565836801,ANTIPSYCHOTICS_BROAD,Broad antipsychotic reference set,SLC6A2,MedullaOblongata
SLC6A2|EXACT_SINGLE_PROTEIN|HSAMP_752ebc880edc13bb4e2b2de8|HUMAN_BIOGPS_GNF1H_GCRMA_77_TISSUE_DDOF1,1.0010182958870433,0.6540539824866274,0.3469643134004159,ANTIPSYCHOTICS_BROAD,Broad antipsychotic reference set,SLC6A2,PrefrontalCortex
SLC6A2|EXACT_SINGLE_PROTEIN|HSAMP_7725bb8a75064c4d7246d9ba|HUMAN_BIOGPS_GNF1H_GCRMA_77_TISSUE_DDOF1,-0.7579259018644592,0.06014866397234182,-0.818074565836801,ANTIPSYCHOTICS_BROAD,Broad antipsychotic reference set,SLC6A2,OccipitalLobe
SLC6A2|EXACT_SINGLE_PROTEIN|HSAMP_8ed020260a1d25cf72324c8a|HUMAN_BIOGPS_GNF1H_GCRMA_77_TISSUE_DDOF1,0.6721433940176287,0.5281532883128187,0.14399010570480997,ANTIPSYCHOTICS_BROAD,Broad antipsychotic reference set,SLC6A2,Hypothalamus
SLC6A2|EXACT_SINGLE_PROTEIN|HSAMP_936b77a4b11b5c19027de438|HUMAN_BIOGPS_GNF1H_GCRMA_77_TISSUE_DDOF1,0.5325821191587664,0.49275169165479327,0.03983042750397314,ANTIPSYCHOTICS_BROAD,Broad antipsychotic reference set,SLC6A2,Spinalcord
SLC6A2|EXACT_SINGLE_PROTEIN|HSAMP_9aa72e4fb1ff63e1792b1ec7|HUMAN_BIOGPS_GNF1H_GCRMA_77_TISSUE_DDOF1,-0.9755002670030188,0.00168998384429761,-0.9771902508473165,ANTIPSYCHOTICS_BROAD,Broad antipsychotic reference set,SLC6A2,Cerebellum
SLC6A2|EXACT_SINGLE_PROTEIN|HSAMP_a32ce488a48b0df9b8c4c40a|HUMAN_BIOGPS_GNF1H_GCRMA_77_TISSUE_DDOF1,-0.8043186044715439,0.05078201322158364,-0.8551006176931275,ANTIPSYCHOTICS_BROAD,Broad antipsychotic reference set,SLC6A2,Caudatenucleus
SLC6A2|EXACT_SINGLE_PROTEIN|HSAMP_d99ba5ea584363f8600ade55|HUMAN_BIOGPS_GNF1H_GCRMA_77_TISSUE_DDOF1,0.2164813869506129,0.4241364683506028,-0.20765508139998992,ANTIPSYCHOTICS_BROAD,Broad antipsychotic reference set,SLC6A2,CingulateCortex
SLC6A2|EXACT_SINGLE_PROTEIN|HSAMP_e75262fc0acfda69d976a6d3|HUMAN_BIOGPS_GNF1H_GCRMA_77_TISSUE_DDOF1,0.7752997142902357,0.5529285292330706,0.22237118505716513,ANTIPSYCHOTICS_BROAD,Broad antipsychotic reference set,SLC6A2,ParietalLobe
SLC6A2|EXACT_SINGLE_PROTEIN|HSAMP_eb2587e74e2d6457032d4ae7|HUMAN_BIOGPS_GNF1H_GCRMA_77_TISSUE_DDOF1,-0.6175198957580689,0.09636314267721996,-0.7138830384352888,ANTIPSYCHOTICS_BROAD,Broad antipsychotic reference set,SLC6A2,TemporalLobe
SLC6A2|EXACT_SINGLE_PROTEIN|HSAMP_f43595f3557cf05e6a721aeb|HUMAN_BIOGPS_GNF1H_GCRMA_77_TISSUE_DDOF1,0.0793133115119636,0.2865442656090844,-0.20723095409712083,ANTIPSYCHOTICS_BROAD,Broad antipsychotic reference set,SLC6A2,Thalamus
SLC6A2|EXACT_SINGLE_PROTEIN|HSAMP_ff841df7ecd9f2c8ea2660f5|HUMAN_BIOGPS_GNF1H_GCRMA_77_TISSUE_DDOF1,-0.7579259018644592,0.06014866397234182,-0.818074565836801,ANTIPSYCHOTICS_BROAD,Broad antipsychotic reference set,SLC6A2,OlfactoryBulb
SLC6A3|EXACT_SINGLE_PROTEIN|HSAMP_06645e2e8409a5b743985cdd|HUMAN_BIOGPS_GNF1H_GCRMA_77_TISSUE_DDOF1,-0.9036593764170809,0.015291193277820636,-0.9189505696949016,ANTIPSYCHOTICS_BROAD,Broad antipsychotic reference set,SLC6A3,Wholebrain
SLC6A3|EXACT_SINGLE_PROTEIN|HSAMP_0cb8b4d1db8c390eeeecca55|HUMAN_BIOGPS_GNF1H_GCRMA_77_TISSUE_DDOF1,0.01727729262442284,0.22728343590817654,-0.2100061432837537,ANTIPSYCHOTICS_BROAD,Broad antipsychotic reference set,SLC6A3,Pons
SLC6A3|EXACT_SINGLE_PROTEIN|HSAMP_13a552b6ffc4aac3b85a50ca|HUMAN_BIOGPS_GNF1H_GCRMA_77_TISSUE_DDOF1,0.5666983409912103,0.5096438218014697,0.05705451918974058,ANTIPSYCHOTICS_BROAD,Broad antipsychotic reference set,SLC6A3,Amygdala
SLC6A3|EXACT_SINGLE_PROTEIN|HSAMP_192dff4b8df5862a227b1163|HUMAN_BIOGPS_GNF1H_GCRMA_77_TISSUE_DDOF1,-0.221832286669166,0.15288605119001855,-0.3747183378591845,ANTIPSYCHOTICS_BROAD,Broad antipsychotic reference set,SLC6A3,SubthalamicNucleus
SLC6A3|EXACT_SINGLE_PROTEIN|HSAMP_20b60708f05d03c76f9fe702|HUMAN_BIOGPS_GNF1H_GCRMA_77_TISSUE_DDOF1,1.1641254681508675,0.7291424989895727,0.43498296916129475,ANTIPSYCHOTICS_BROAD,Broad antipsychotic reference set,SLC6A3,CerebellumPeduncles
SLC6A3|EXACT_SINGLE_PROTEIN|HSAMP_374f872ebf1bbba2be514f9f|HUMAN_BIOGPS_GNF1H_GCRMA_77_TISSUE_DDOF1,-1.51085260287073,-0.22365033654137229,-1.2872022663293579,ANTIPSYCHOTICS_BROAD,Broad antipsychotic reference set,SLC6A3,GlobusPallidus
SLC6A3|EXACT_SINGLE_PROTEIN|HSAMP_5c090f15f3e5194312a7e8ed|HUMAN_BIOGPS_GNF1H_GCRMA_77_TISSUE_DDOF1,-0.6317076260451668,0.08642657873584388,-0.7181342047810108,ANTIPSYCHOTICS_BROAD,Broad antipsychotic reference set,SLC6A3,MedullaOblongata
SLC6A3|EXACT_SINGLE_PROTEIN|HSAMP_752ebc880edc13bb4e2b2de8|HUMAN_BIOGPS_GNF1H_GCRMA_77_TISSUE_DDOF1,1.139175773015892,0.717029408599194,0.42214636441669806,ANTIPSYCHOTICS_BROAD,Broad antipsychotic reference set,SLC6A3,PrefrontalCortex
SLC6A3|EXACT_SINGLE_PROTEIN|HSAMP_7725bb8a75064c4d7246d9ba|HUMAN_BIOGPS_GNF1H_GCRMA_77_TISSUE_DDOF1,-0.6317076260451668,0.08642657873584388,-0.7181342047810108,ANTIPSYCHOTICS_BROAD,Broad antipsychotic reference set,SLC6A3,OccipitalLobe
SLC6A3|EXACT_SINGLE_PROTEIN|HSAMP_8ed020260a1d25cf72324c8a|HUMAN_BIOGPS_GNF1H_GCRMA_77_TISSUE_DDOF1,2.182869350941762,1.1614353475303159,1.0214340034114462,ANTIPSYCHOTICS_BROAD,Broad antipsychotic reference set,SLC6A3,Hypothalamus
SLC6A3|EXACT_SINGLE_PROTEIN|HSAMP_936b77a4b11b5c19027de438|HUMAN_BIOGPS_GNF1H_GCRMA_77_TISSUE_DDOF1,0.6456219738069149,0.5246426025121202,0.12097937129479464,ANTIPSYCHOTICS_BROAD,Broad antipsychotic reference set,SLC6A3,Spinalcord
SLC6A3|EXACT_SINGLE_PROTEIN|HSAMP_9aa72e4fb1ff63e1792b1ec7|HUMAN_BIOGPS_GNF1H_GCRMA_77_TISSUE_DDOF1,-1.1424650971158654,-0.07206998898007787,-1.0703951081357876,ANTIPSYCHOTICS_BROAD,Broad antipsychotic reference set,SLC6A3,Cerebellum
SLC6A3|EXACT_SINGLE_PROTEIN|HSAMP_a32ce488a48b0df9b8c4c40a|HUMAN_BIOGPS_GNF1H_GCRMA_77_TISSUE_DDOF1,-0.69464193733049,0.07204997815224104,-0.766691915482731,ANTIPSYCHOTICS_BROAD,Broad antipsychotic reference set,SLC6A3,Caudatenucleus
SLC6A3|EXACT_SINGLE_PROTEIN|HSAMP_d99ba5ea584363f8600ade55|HUMAN_BIOGPS_GNF1H_GCRMA_77_TISSUE_DDOF1,0.5666983409912103,0.5096438218014697,0.05705451918974058,ANTIPSYCHOTICS_BROAD,Broad antipsychotic reference set,SLC6A3,CingulateCortex
SLC6A3|EXACT_SINGLE_PROTEIN|HSAMP_e75262fc0acfda69d976a6d3|HUMAN_BIOGPS_GNF1H_GCRMA_77_TISSUE_DDOF1,0.6456219738069149,0.5246426025121202,0.12097937129479464,ANTIPSYCHOTICS_BROAD,Broad antipsychotic reference set,SLC6A3,ParietalLobe
SLC6A3|EXACT_SINGLE_PROTEIN|HSAMP_eb2587e74e2d6457032d4ae7|HUMAN_BIOGPS_GNF1H_GCRMA_77_TISSUE_DDOF1,-0.6317076260451668,0.08642657873584388,-0.7181342047810108,ANTIPSYCHOTICS_BROAD,Broad antipsychotic reference set,SLC6A3,TemporalLobe
SLC6A3|EXACT_SINGLE_PROTEIN|HSAMP_f43595f3557cf05e6a721aeb|HUMAN_BIOGPS_GNF1H_GCRMA_77_TISSUE_DDOF1,0.5666983409912103,0.5096438218014697,0.05705451918974058,ANTIPSYCHOTICS_BROAD,Broad antipsychotic reference set,SLC6A3,Thalamus
SLC6A3|EXACT_SINGLE_PROTEIN|HSAMP_ff841df7ecd9f2c8ea2660f5|HUMAN_BIOGPS_GNF1H_GCRMA_77_TISSUE_DDOF1,-1.1424650971158654,-0.07206998898007787,-1.0703951081357876,ANTIPSYCHOTICS_BROAD,Broad antipsychotic reference set,SLC6A3,OlfactoryBulb
SLC6A4|EXACT_SINGLE_PROTEIN|HSAMP_06645e2e8409a5b743985cdd|HUMAN_BIOGPS_GNF1H_GCRMA_77_TISSUE_DDOF1,-0.25135445637222936,0.1261166734024807,-0.3774711297747101,ANTIPSYCHOTICS_BROAD,Broad antipsychotic reference set,SLC6A4,Wholebrain
SLC6A4|EXACT_SINGLE_PROTEIN|HSAMP_0cb8b4d1db8c390eeeecca55|HUMAN_BIOGPS_GNF1H_GCRMA_77_TISSUE_DDOF1,0.07188917544024263,0.23269075689130084,-0.16080158145105822,ANTIPSYCHOTICS_BROAD,Broad antipsychotic reference set,SLC6A4,Pons
SLC6A4|EXACT_SINGLE_PROTEIN|HSAMP_13a552b6ffc4aac3b85a50ca|HUMAN_BIOGPS_GNF1H_GCRMA_77_TISSUE_DDOF1,0.0271444976889488,0.20593736099807652,-0.17879286330912772,ANTIPSYCHOTICS_BROAD,Broad antipsychotic reference set,SLC6A4,Amygdala
SLC6A4|EXACT_SINGLE_PROTEIN|HSAMP_192dff4b8df5862a227b1163|HUMAN_BIOGPS_GNF1H_GCRMA_77_TISSUE_DDOF1,-0.1367075388384357,0.14933421005906797,-0.28604174889750367,ANTIPSYCHOTICS_BROAD,Broad antipsychotic reference set,SLC6A4,SubthalamicNucleus
SLC6A4|EXACT_SINGLE_PROTEIN|HSAMP_20b60708f05d03c76f9fe702|HUMAN_BIOGPS_GNF1H_GCRMA_77_TISSUE_DDOF1,0.1102442582911983,0.269508283460406,-0.1592640251692077,ANTIPSYCHOTICS_BROAD,Broad antipsychotic reference set,SLC6A4,CerebellumPeduncles
SLC6A4|EXACT_SINGLE_PROTEIN|HSAMP_374f872ebf1bbba2be514f9f|HUMAN_BIOGPS_GNF1H_GCRMA_77_TISSUE_DDOF1,-0.4371859824980134,0.09748479700189724,-0.5346707794999106,ANTIPSYCHOTICS_BROAD,Broad antipsychotic reference set,SLC6A4,GlobusPallidus
SLC6A4|EXACT_SINGLE_PROTEIN|HSAMP_5c090f15f3e5194312a7e8ed|HUMAN_BIOGPS_GNF1H_GCRMA_77_TISSUE_DDOF1,-0.054655890656651725,0.16349167398744627,-0.21814756464409799,ANTIPSYCHOTICS_BROAD,Broad antipsychotic reference set,SLC6A4,MedullaOblongata
SLC6A4|EXACT_SINGLE_PROTEIN|HSAMP_752ebc880edc13bb4e2b2de8|HUMAN_BIOGPS_GNF1H_GCRMA_77_TISSUE_DDOF1,0.2907949004382928,0.43269911531994737,-0.14190421488165456,ANTIPSYCHOTICS_BROAD,Broad antipsychotic reference set,SLC6A4,PrefrontalCortex
SLC6A4|EXACT_SINGLE_PROTEIN|HSAMP_7725bb8a75064c4d7246d9ba|HUMAN_BIOGPS_GNF1H_GCRMA_77_TISSUE_DDOF1,-0.17884169477383446,0.13972069972831958,-0.31856239450215407,ANTIPSYCHOTICS_BROAD,Broad antipsychotic reference set,SLC6A4,OccipitalLobe
SLC6A4|EXACT_SINGLE_PROTEIN|HSAMP_8ed020260a1d25cf72324c8a|HUMAN_BIOGPS_GNF1H_GCRMA_77_TISSUE_DDOF1,0.0271444976889488,0.20593736099807652,-0.17879286330912772,ANTIPSYCHOTICS_BROAD,Broad antipsychotic reference set,SLC6A4,Hypothalamus
SLC6A4|EXACT_SINGLE_PROTEIN|HSAMP_936b77a4b11b5c19027de438|HUMAN_BIOGPS_GNF1H_GCRMA_77_TISSUE_DDOF1,0.05055470938774039,0.22060639934712908,-0.17005168995938869,ANTIPSYCHOTICS_BROAD,Broad antipsychotic reference set,SLC6A4,Spinalcord
SLC6A4|EXACT_SINGLE_PROTEIN|HSAMP_9aa72e4fb1ff63e1792b1ec7|HUMAN_BIOGPS_GNF1H_GCRMA_77_TISSUE_DDOF1,0.9355939929881446,0.6639393759311046,0.27165461705703997,ANTIPSYCHOTICS_BROAD,Broad antipsychotic reference set,SLC6A4,Cerebellum
SLC6A4|EXACT_SINGLE_PROTEIN|HSAMP_a32ce488a48b0df9b8c4c40a|HUMAN_BIOGPS_GNF1H_GCRMA_77_TISSUE_DDOF1,0.09786726621788498,0.2559156449011279,-0.1580483786832429,ANTIPSYCHOTICS_BROAD,Broad antipsychotic reference set,SLC6A4,Caudatenucleus
SLC6A4|EXACT_SINGLE_PROTEIN|HSAMP_d99ba5ea584363f8600ade55|HUMAN_BIOGPS_GNF1H_GCRMA_77_TISSUE_DDOF1,-0.0003896569041729336,0.17665954208406828,-0.17704919898824123,ANTIPSYCHOTICS_BROAD,Broad antipsychotic reference set,SLC6A4,CingulateCortex
SLC6A4|EXACT_SINGLE_PROTEIN|HSAMP_e75262fc0acfda69d976a6d3|HUMAN_BIOGPS_GNF1H_GCRMA_77_TISSUE_DDOF1,0.09786726621788498,0.2559156449011279,-0.1580483786832429,ANTIPSYCHOTICS_BROAD,Broad antipsychotic reference set,SLC6A4,ParietalLobe
SLC6A4|EXACT_SINGLE_PROTEIN|HSAMP_eb2587e74e2d6457032d4ae7|HUMAN_BIOGPS_GNF1H_GCRMA_77_TISSUE_DDOF1,-0.17884169477383446,0.13972069972831958,-0.31856239450215407,ANTIPSYCHOTICS_BROAD,Broad antipsychotic reference set,SLC6A4,TemporalLobe
SLC6A4|EXACT_SINGLE_PROTEIN|HSAMP_f43595f3557cf05e6a721aeb|HUMAN_BIOGPS_GNF1H_GCRMA_77_TISSUE_DDOF1,-0.011083252746525038,0.174373069570993,-0.18545632231751802,ANTIPSYCHOTICS_BROAD,Broad antipsychotic reference set,SLC6A4,Thalamus
SLC6A4|EXACT_SINGLE_PROTEIN|HSAMP_ff841df7ecd9f2c8ea2660f5|HUMAN_BIOGPS_GNF1H_GCRMA_77_TISSUE_DDOF1,-0.36220970206270436,0.11444726970071233,-0.4766569717634167,ANTIPSYCHOTICS_BROAD,Broad antipsychotic reference set,SLC6A4,OlfactoryBulb
ADRA1A|EXACT_SINGLE_PROTEIN|HSAMP_06645e2e8409a5b743985cdd|HUMAN_BIOGPS_GNF1H_GCRMA_77_TISSUE_DDOF1,-1.5437279671639712,-0.6972169367852794,-0.8465110303786918,ATYPICAL_ANTIPSYCHOTICS,Atypical antipsychotics,ADRA1A,Wholebrain
ADRA1A|EXACT_SINGLE_PROTEIN|HSAMP_0cb8b4d1db8c390eeeecca55|HUMAN_BIOGPS_GNF1H_GCRMA_77_TISSUE_DDOF1,1.4195828780719864,0.9611728987847126,0.4584099792872738,ATYPICAL_ANTIPSYCHOTICS,Atypical antipsychotics,ADRA1A,Pons
ADRA1A|EXACT_SINGLE_PROTEIN|HSAMP_13a552b6ffc4aac3b85a50ca|HUMAN_BIOGPS_GNF1H_GCRMA_77_TISSUE_DDOF1,0.01727729262442284,0.14116043098646253,-0.12388313836203968,ATYPICAL_ANTIPSYCHOTICS,Atypical antipsychotics,ADRA1A,Amygdala
ADRA1A|EXACT_SINGLE_PROTEIN|HSAMP_192dff4b8df5862a227b1163|HUMAN_BIOGPS_GNF1H_GCRMA_77_TISSUE_DDOF1,-0.17327345734461072,0.08677005702059795,-0.2600435143652087,ATYPICAL_ANTIPSYCHOTICS,Atypical antipsychotics,ADRA1A,SubthalamicNucleus
ADRA1A|EXACT_SINGLE_PROTEIN|HSAMP_20b60708f05d03c76f9fe702|HUMAN_BIOGPS_GNF1H_GCRMA_77_TISSUE_DDOF1,1.2202698721222003,0.8909387490279579,0.3293311230942424,ATYPICAL_ANTIPSYCHOTICS,Atypical antipsychotics,ADRA1A,CerebellumPeduncles
ADRA1A|EXACT_SINGLE_PROTEIN|HSAMP_374f872ebf1bbba2be514f9f|HUMAN_BIOGPS_GNF1H_GCRMA_77_TISSUE_DDOF1,-1.0125913122842531,-0.4123873634419223,-0.6002039488423309,ATYPICAL_ANTIPSYCHOTICS,Atypical antipsychotics,ADRA1A,GlobusPallidus
ADRA1A|EXACT_SINGLE_PROTEIN|HSAMP_5c090f15f3e5194312a7e8ed|HUMAN_BIOGPS_GNF1H_GCRMA_77_TISSUE_DDOF1,-0.7142836231329676,-0.15940148306678606,-0.5548821400661815,ATYPICAL_ANTIPSYCHOTICS,Atypical antipsychotics,ADRA1A,MedullaOblongata
ADRA1A|EXACT_SINGLE_PROTEIN|HSAMP_752ebc880edc13bb4e2b2de8|HUMAN_BIOGPS_GNF1H_GCRMA_77_TISSUE_DDOF1,1.0330401383418797,0.8023214784209574,0.23071865992092233,ATYPICAL_ANTIPSYCHOTICS,Atypical antipsychotics,ADRA1A,PrefrontalCortex
ADRA1A|EXACT_SINGLE_PROTEIN|HSAMP_7725bb8a75064c4d7246d9ba|HUMAN_BIOGPS_GNF1H_GCRMA_77_TISSUE_DDOF1,-0.7735111971300326,-0.21364638981607675,-0.5598648073139558,ATYPICAL_ANTIPSYCHOTICS,Atypical antipsychotics,ADRA1A,OccipitalLobe
ADRA1A|EXACT_SINGLE_PROTEIN|HSAMP_8ed020260a1d25cf72324c8a|HUMAN_BIOGPS_GNF1H_GCRMA_77_TISSUE_DDOF1,0.48383712564449033,0.4790582272252606,0.004778898419229738,ATYPICAL_ANTIPSYCHOTICS,Atypical antipsychotics,ADRA1A,Hypothalamus
ADRA1A|EXACT_SINGLE_PROTEIN|HSAMP_936b77a4b11b5c19027de438|HUMAN_BIOGPS_GNF1H_GCRMA_77_TISSUE_DDOF1,0.6803833642951119,0.5653332785324576,0.1150500857626543,ATYPICAL_ANTIPSYCHOTICS,Atypical antipsychotics,ADRA1A,Spinalcord
ADRA1A|EXACT_SINGLE_PROTEIN|HSAMP_9aa72e4fb1ff63e1792b1ec7|HUMAN_BIOGPS_GNF1H_GCRMA_77_TISSUE_DDOF1,-1.176829333645712,-0.5254063597894922,-0.6514229738562198,ATYPICAL_ANTIPSYCHOTICS,Atypical antipsychotics,ADRA1A,Cerebellum
ADRA1A|EXACT_SINGLE_PROTEIN|HSAMP_a32ce488a48b0df9b8c4c40a|HUMAN_BIOGPS_GNF1H_GCRMA_77_TISSUE_DDOF1,-0.7735111971300326,-0.21364638981607675,-0.5598648073139558,ATYPICAL_ANTIPSYCHOTICS,Atypical antipsychotics,ADRA1A,Caudatenucleus
ADRA1A|EXACT_SINGLE_PROTEIN|HSAMP_d99ba5ea584363f8600ade55|HUMAN_BIOGPS_GNF1H_GCRMA_77_TISSUE_DDOF1,0.5697969462378093,0.5282413898788569,0.04155555635895236,ATYPICAL_ANTIPSYCHOTICS,Atypical antipsychotics,ADRA1A,CingulateCortex
ADRA1A|EXACT_SINGLE_PROTEIN|HSAMP_e75262fc0acfda69d976a6d3|HUMAN_BIOGPS_GNF1H_GCRMA_77_TISSUE_DDOF1,0.7908831192896955,0.6437478010526605,0.14713531823703496,ATYPICAL_ANTIPSYCHOTICS,Atypical antipsychotics,ADRA1A,ParietalLobe
ADRA1A|EXACT_SINGLE_PROTEIN|HSAMP_eb2587e74e2d6457032d4ae7|HUMAN_BIOGPS_GNF1H_GCRMA_77_TISSUE_DDOF1,-0.47438680247321735,-0.004406743157149992,-0.46998005931606734,ATYPICAL_ANTIPSYCHOTICS,Atypical antipsychotics,ADRA1A,TemporalLobe
ADRA1A|EXACT_SINGLE_PROTEIN|HSAMP_f43595f3557cf05e6a721aeb|HUMAN_BIOGPS_GNF1H_GCRMA_77_TISSUE_DDOF1,0.2937959716720335,0.41686467753992007,-0.1230687058678866,ATYPICAL_ANTIPSYCHOTICS,Atypical antipsychotics,ADRA1A,Thalamus
ADRA1A|EXACT_SINGLE_PROTEIN|HSAMP_ff841df7ecd9f2c8ea2660f5|HUMAN_BIOGPS_GNF1H_GCRMA_77_TISSUE_DDOF1,-1.3916941247707881,-0.6409638285041184,-0.7507302962666698,ATYPICAL_ANTIPSYCHOTICS,Atypical antipsychotics,ADRA1A,OlfactoryBulb
ADRA2A|EXACT_SINGLE_PROTEIN|HSAMP_06645e2e8409a5b743985cdd|HUMAN_BIOGPS_GNF1H_GCRMA_77_TISSUE_DDOF1,1.3256712318464634,0.7840041619746835,0.5416670698717799,ATYPICAL_ANTIPSYCHOTICS,Atypical antipsychotics,ADRA2A,Wholebrain
ADRA2A|EXACT_SINGLE_PROTEIN|HSAMP_0cb8b4d1db8c390eeeecca55|HUMAN_BIOGPS_GNF1H_GCRMA_77_TISSUE_DDOF1,-0.5044395774634475,0.10505659630638645,-0.6094961737698339,ATYPICAL_ANTIPSYCHOTICS,Atypical antipsychotics,ADRA2A,Pons
ADRA2A|EXACT_SINGLE_PROTEIN|HSAMP_13a552b6ffc4aac3b85a50ca|HUMAN_BIOGPS_GNF1H_GCRMA_77_TISSUE_DDOF1,0.5741290899637739,0.5150675294478337,0.05906156051594014,ATYPICAL_ANTIPSYCHOTICS,Atypical antipsychotics,ADRA2A,Amygdala
ADRA2A|EXACT_SINGLE_PROTEIN|HSAMP_192dff4b8df5862a227b1163|HUMAN_BIOGPS_GNF1H_GCRMA_77_TISSUE_DDOF1,-0.6732064603943135,0.06246826085693884,-0.7356747212512523,ATYPICAL_ANTIPSYCHOTICS,Atypical antipsychotics,ADRA2A,SubthalamicNucleus
ADRA2A|EXACT_SINGLE_PROTEIN|HSAMP_20b60708f05d03c76f9fe702|HUMAN_BIOGPS_GNF1H_GCRMA_77_TISSUE_DDOF1,0.5992580300558955,0.5193462319484163,0.07991179810747917,ATYPICAL_ANTIPSYCHOTICS,Atypical antipsychotics,ADRA2A,CerebellumPeduncles
ADRA2A|EXACT_SINGLE_PROTEIN|HSAMP_374f872ebf1bbba2be514f9f|HUMAN_BIOGPS_GNF1H_GCRMA_77_TISSUE_DDOF1,-1.129932837769179,-0.10115041933647032,-1.0287824184327088,ATYPICAL_ANTIPSYCHOTICS,Atypical antipsychotics,ADRA2A,GlobusPallidus
ADRA2A|EXACT_SINGLE_PROTEIN|HSAMP_5c090f15f3e5194312a7e8ed|HUMAN_BIOGPS_GNF1H_GCRMA_77_TISSUE_DDOF1,-0.7142836231329676,0.051869721965873486,-0.766153345098841,ATYPICAL_ANTIPSYCHOTICS,Atypical antipsychotics,ADRA2A,MedullaOblongata
ADRA2A|EXACT_SINGLE_PROTEIN|HSAMP_752ebc880edc13bb4e2b2de8|HUMAN_BIOGPS_GNF1H_GCRMA_77_TISSUE_DDOF1,0.6639939006317417,0.5300332927386646,0.13396060789307707,ATYPICAL_ANTIPSYCHOTICS,Atypical antipsychotics,ADRA2A,PrefrontalCortex
ADRA2A|EXACT_SINGLE_PROTEIN|HSAMP_7725bb8a75064c4d7246d9ba|HUMAN_BIOGPS_GNF1H_GCRMA_77_TISSUE_DDOF1,-0.6732064603943135,0.06246826085693884,-0.7356747212512523,ATYPICAL_ANTIPSYCHOTICS,Atypical antipsychotics,ADRA2A,OccipitalLobe
ADRA2A|EXACT_SINGLE_PROTEIN|HSAMP_8ed020260a1d25cf72324c8a|HUMAN_BIOGPS_GNF1H_GCRMA_77_TISSUE_DDOF1,0.22956957141467732,0.4253208375361245,-0.19575126612144716,ATYPICAL_ANTIPSYCHOTICS,Atypical antipsychotics,ADRA2A,Hypothalamus
ADRA2A|EXACT_SINGLE_PROTEIN|HSAMP_936b77a4b11b5c19027de438|HUMAN_BIOGPS_GNF1H_GCRMA_77_TISSUE_DDOF1,-0.047357446085577085,0.187177359890226,-0.23453480597580306,ATYPICAL_ANTIPSYCHOTICS,Atypical antipsychotics,ADRA2A,Spinalcord
ADRA2A|EXACT_SINGLE_PROTEIN|HSAMP_9aa72e4fb1ff63e1792b1ec7|HUMAN_BIOGPS_GNF1H_GCRMA_77_TISSUE_DDOF1,-0.8108793577649526,0.02611916524721219,-0.8369985230121647,ATYPICAL_ANTIPSYCHOTICS,Atypical antipsychotics,ADRA2A,Cerebellum
ADRA2A|EXACT_SINGLE_PROTEIN|HSAMP_a32ce488a48b0df9b8c4c40a|HUMAN_BIOGPS_GNF1H_GCRMA_77_TISSUE_DDOF1,-0.733236447782707,0.0484778907686043,-0.7817143385513113,ATYPICAL_ANTIPSYCHOTICS,Atypical antipsychotics,ADRA2A,Caudatenucleus
ADRA2A|EXACT_SINGLE_PROTEIN|HSAMP_d99ba5ea584363f8600ade55|HUMAN_BIOGPS_GNF1H_GCRMA_77_TISSUE_DDOF1,-0.2634322811930612,0.14171136780700883,-0.40514364900007005,ATYPICAL_ANTIPSYCHOTICS,Atypical antipsychotics,ADRA2A,CingulateCortex
ADRA2A|EXACT_SINGLE_PROTEIN|HSAMP_e75262fc0acfda69d976a6d3|HUMAN_BIOGPS_GNF1H_GCRMA_77_TISSUE_DDOF1,0.055922154422395114,0.2425174292038873,-0.18659527478149218,ATYPICAL_ANTIPSYCHOTICS,Atypical antipsychotics,ADRA2A,ParietalLobe
ADRA2A|EXACT_SINGLE_PROTEIN|HSAMP_eb2587e74e2d6457032d4ae7|HUMAN_BIOGPS_GNF1H_GCRMA_77_TISSUE_DDOF1,-0.5955305040679503,0.08701824190866883,-0.6825487459766191,ATYPICAL_ANTIPSYCHOTICS,Atypical antipsychotics,ADRA2A,TemporalLobe
ADRA2A|EXACT_SINGLE_PROTEIN|HSAMP_f43595f3557cf05e6a721aeb|HUMAN_BIOGPS_GNF1H_GCRMA_77_TISSUE_DDOF1,-0.2634322811930612,0.14171136780700883,-0.40514364900007005,ATYPICAL_ANTIPSYCHOTICS,Atypical antipsychotics,ADRA2A,Thalamus
ADRA2A|EXACT_SINGLE_PROTEIN|HSAMP_ff841df7ecd9f2c8ea2660f5|HUMAN_BIOGPS_GNF1H_GCRMA_77_TISSUE_DDOF1,-1.0157075272297438,-0.050452950465007855,-0.9652545767647359,ATYPICAL_ANTIPSYCHOTICS,Atypical antipsychotics,ADRA2A,OlfactoryBulb
ADRA2B|EXACT_SINGLE_PROTEIN|HSAMP_06645e2e8409a5b743985cdd|HUMAN_BIOGPS_GNF1H_GCRMA_77_TISSUE_DDOF1,-1.081013102938054,-0.11999216089355622,-0.9610209420444978,ATYPICAL_ANTIPSYCHOTICS,Atypical antipsychotics,ADRA2B,Wholebrain
ADRA2B|EXACT_SINGLE_PROTEIN|HSAMP_0cb8b4d1db8c390eeeecca55|HUMAN_BIOGPS_GNF1H_GCRMA_77_TISSUE_DDOF1,-0.19085554650662634,0.14739388283873456,-0.3382494293453609,ATYPICAL_ANTIPSYCHOTICS,Atypical antipsychotics,ADRA2B,Pons
ADRA2B|EXACT_SINGLE_PROTEIN|HSAMP_13a552b6ffc4aac3b85a50ca|HUMAN_BIOGPS_GNF1H_GCRMA_77_TISSUE_DDOF1,0.8015037237186955,0.5765858879484055,0.22491783577029,ATYPICAL_ANTIPSYCHOTICS,Atypical antipsychotics,ADRA2B,Amygdala
ADRA2B|EXACT_SINGLE_PROTEIN|HSAMP_192dff4b8df5862a227b1163|HUMAN_BIOGPS_GNF1H_GCRMA_77_TISSUE_DDOF1,-0.5960540842206639,0.07094789411591854,-0.6670019783365824,ATYPICAL_ANTIPSYCHOTICS,Atypical antipsychotics,ADRA2B,SubthalamicNucleus
ADRA2B|EXACT_SINGLE_PROTEIN|HSAMP_20b60708f05d03c76f9fe702|HUMAN_BIOGPS_GNF1H_GCRMA_77_TISSUE_DDOF1,1.0999181395371558,0.7304173746186913,0.3695007649184645,ATYPICAL_ANTIPSYCHOTICS,Atypical antipsychotics,ADRA2B,CerebellumPeduncles
ADRA2B|EXACT_SINGLE_PROTEIN|HSAMP_374f872ebf1bbba2be514f9f|HUMAN_BIOGPS_GNF1H_GCRMA_77_TISSUE_DDOF1,-1.7950706659821885,-0.4474253694534775,-1.347645296528711,ATYPICAL_ANTIPSYCHOTICS,Atypical antipsychotics,ADRA2B,GlobusPallidus
ADRA2B|EXACT_SINGLE_PROTEIN|HSAMP_5c090f15f3e5194312a7e8ed|HUMAN_BIOGPS_GNF1H_GCRMA_77_TISSUE_DDOF1,-0.5960540842206639,0.07094789411591854,-0.6670019783365824,ATYPICAL_ANTIPSYCHOTICS,Atypical antipsychotics,ADRA2B,MedullaOblongata
ADRA2B|EXACT_SINGLE_PROTEIN|HSAMP_752ebc880edc13bb4e2b2de8|HUMAN_BIOGPS_GNF1H_GCRMA_77_TISSUE_DDOF1,1.4747756920705977,0.8475348429890642,0.6272408490815334,ATYPICAL_ANTIPSYCHOTICS,Atypical antipsychotics,ADRA2B,PrefrontalCortex
ADRA2B|EXACT_SINGLE_PROTEIN|HSAMP_7725bb8a75064c4d7246d9ba|HUMAN_BIOGPS_GNF1H_GCRMA_77_TISSUE_DDOF1,-0.6793234109591311,0.04487166742131097,-0.7241950783804421,ATYPICAL_ANTIPSYCHOTICS,Atypical antipsychotics,ADRA2B,OccipitalLobe
ADRA2B|EXACT_SINGLE_PROTEIN|HSAMP_8ed020260a1d25cf72324c8a|HUMAN_BIOGPS_GNF1H_GCRMA_77_TISSUE_DDOF1,0.9398984229482849,0.6528827994838529,0.287015623464432,ATYPICAL_ANTIPSYCHOTICS,Atypical antipsychotics,ADRA2B,Hypothalamus
ADRA2B|EXACT_SINGLE_PROTEIN|HSAMP_936b77a4b11b5c19027de438|HUMAN_BIOGPS_GNF1H_GCRMA_77_TISSUE_DDOF1,0.8943310695375521,0.6308121947781727,0.2635188747593794,ATYPICAL_ANTIPSYCHOTICS,Atypical antipsychotics,ADRA2B,Spinalcord
ADRA2B|EXACT_SINGLE_PROTEIN|HSAMP_9aa72e4fb1ff63e1792b1ec7|HUMAN_BIOGPS_GNF1H_GCRMA_77_TISSUE_DDOF1,-1.3071910274498197,-0.24909148613901877,-1.058099541310801,ATYPICAL_ANTIPSYCHOTICS,Atypical antipsychotics,ADRA2B,Cerebellum
ADRA2B|EXACT_SINGLE_PROTEIN|HSAMP_a32ce488a48b0df9b8c4c40a|HUMAN_BIOGPS_GNF1H_GCRMA_77_TISSUE_DDOF1,-0.6793234109591311,0.04487166742131097,-0.7241950783804421,ATYPICAL_ANTIPSYCHOTICS,Atypical antipsychotics,ADRA2B,Caudatenucleus
ADRA2B|EXACT_SINGLE_PROTEIN|HSAMP_d99ba5ea584363f8600ade55|HUMAN_BIOGPS_GNF1H_GCRMA_77_TISSUE_DDOF1,0.6885996288359957,0.537327718703461,0.15127191013253471,ATYPICAL_ANTIPSYCHOTICS,Atypical antipsychotics,ADRA2B,CingulateCortex
ADRA2B|EXACT_SINGLE_PROTEIN|HSAMP_e75262fc0acfda69d976a6d3|HUMAN_BIOGPS_GNF1H_GCRMA_77_TISSUE_DDOF1,0.8015037237186955,0.5765858879484055,0.22491783577029,ATYPICAL_ANTIPSYCHOTICS,Atypical antipsychotics,ADRA2B,ParietalLobe
ADRA2B|EXACT_SINGLE_PROTEIN|HSAMP_eb2587e74e2d6457032d4ae7|HUMAN_BIOGPS_GNF1H_GCRMA_77_TISSUE_DDOF1,-0.5960540842206639,0.07094789411591854,-0.6670019783365824,ATYPICAL_ANTIPSYCHOTICS,Atypical antipsychotics,ADRA2B,TemporalLobe
ADRA2B|EXACT_SINGLE_PROTEIN|HSAMP_f43595f3557cf05e6a721aeb|HUMAN_BIOGPS_GNF1H_GCRMA_77_TISSUE_DDOF1,0.5957988184928056,0.5207963363479451,0.0750024821448605,ATYPICAL_ANTIPSYCHOTICS,Atypical antipsychotics,ADRA2B,Thalamus
ADRA2B|EXACT_SINGLE_PROTEIN|HSAMP_ff841df7ecd9f2c8ea2660f5|HUMAN_BIOGPS_GNF1H_GCRMA_77_TISSUE_DDOF1,-1.4188882087327248,-0.2828923411167904,-1.1359958676159345,ATYPICAL_ANTIPSYCHOTICS,Atypical antipsychotics,ADRA2B,OlfactoryBulb
ADRA2C|EXACT_SINGLE_PROTEIN|HSAMP_06645e2e8409a5b743985cdd|HUMAN_BIOGPS_GNF1H_GCRMA_77_TISSUE_DDOF1,-1.0157075272297438,-0.1441711656293238,-0.8715363616004199,ATYPICAL_ANTIPSYCHOTICS,Atypical antipsychotics,ADRA2C,Wholebrain
ADRA2C|EXACT_SINGLE_PROTEIN|HSAMP_0cb8b4d1db8c390eeeecca55|HUMAN_BIOGPS_GNF1H_GCRMA_77_TISSUE_DDOF1,1.1871452865866186,0.7833213158056602,0.40382397078095833,ATYPICAL_ANTIPSYCHOTICS,Atypical antipsychotics,ADRA2C,Pons
ADRA2C|EXACT_SINGLE_PROTEIN|HSAMP_13a552b6ffc4aac3b85a50ca|HUMAN_BIOGPS_GNF1H_GCRMA_77_TISSUE_DDOF1,0.422807042795757,0.4540904919875435,-0.031283449191786494,ATYPICAL_ANTIPSYCHOTICS,Atypical antipsychotics,ADRA2C,Amygdala
ADRA2C|EXACT_SINGLE_PROTEIN|HSAMP_192dff4b8df5862a227b1163|HUMAN_BIOGPS_GNF1H_GCRMA_77_TISSUE_DDOF1,-0.5848132215317517,0.05462670481023287,-0.6394399263419847,ATYPICAL_ANTIPSYCHOTICS,Atypical antipsychotics,ADRA2C,SubthalamicNucleus
ADRA2C|EXACT_SINGLE_PROTEIN|HSAMP_20b60708f05d03c76f9fe702|HUMAN_BIOGPS_GNF1H_GCRMA_77_TISSUE_DDOF1,1.2527025925413384,0.7993335542382244,0.45336903830311404,ATYPICAL_ANTIPSYCHOTICS,Atypical antipsychotics,ADRA2C,CerebellumPeduncles
ADRA2C|EXACT_SINGLE_PROTEIN|HSAMP_374f872ebf1bbba2be514f9f|HUMAN_BIOGPS_GNF1H_GCRMA_77_TISSUE_DDOF1,0.8881172637591862,0.6440886281807305,0.24402863557845567,ATYPICAL_ANTIPSYCHOTICS,Atypical antipsychotics,ADRA2C,GlobusPallidus
ADRA2C|EXACT_SINGLE_PROTEIN|HSAMP_5c090f15f3e5194312a7e8ed|HUMAN_BIOGPS_GNF1H_GCRMA_77_TISSUE_DDOF1,-0.5483840564311945,0.06534611810345559,-0.6137301745346501,ATYPICAL_ANTIPSYCHOTICS,Atypical antipsychotics,ADRA2C,MedullaOblongata
ADRA2C|EXACT_SINGLE_PROTEIN|HSAMP_752ebc880edc13bb4e2b2de8|HUMAN_BIOGPS_GNF1H_GCRMA_77_TISSUE_DDOF1,0.8685906746985917,0.6314554904316481,0.2371351842669437,ATYPICAL_ANTIPSYCHOTICS,Atypical antipsychotics,ADRA2C,PrefrontalCortex
ADRA2C|EXACT_SINGLE_PROTEIN|HSAMP_7725bb8a75064c4d7246d9ba|HUMAN_BIOGPS_GNF1H_GCRMA_77_TISSUE_DDOF1,-0.4668564817714058,0.08614512199146675,-0.5530016037628726,ATYPICAL_ANTIPSYCHOTICS,Atypical antipsychotics,ADRA2C,OccipitalLobe
ADRA2C|EXACT_SINGLE_PROTEIN|HSAMP_8ed020260a1d25cf72324c8a|HUMAN_BIOGPS_GNF1H_GCRMA_77_TISSUE_DDOF1,-0.29018208286083713,0.11885665149643715,-0.4090387343572743,ATYPICAL_ANTIPSYCHOTICS,Atypical antipsychotics,ADRA2C,Hypothalamus
ADRA2C|EXACT_SINGLE_PROTEIN|HSAMP_936b77a4b11b5c19027de438|HUMAN_BIOGPS_GNF1H_GCRMA_77_TISSUE_DDOF1,0.07252381466825766,0.22908284738164458,-0.15655903271338692,ATYPICAL_ANTIPSYCHOTICS,Atypical antipsychotics,ADRA2C,Spinalcord
ADRA2C|EXACT_SINGLE_PROTEIN|HSAMP_9aa72e4fb1ff63e1792b1ec7|HUMAN_BIOGPS_GNF1H_GCRMA_77_TISSUE_DDOF1,-0.974213409077616,-0.10721554090711649,-0.8669978681704995,ATYPICAL_ANTIPSYCHOTICS,Atypical antipsychotics,ADRA2C,Cerebellum
ADRA2C|EXACT_SINGLE_PROTEIN|HSAMP_a32ce488a48b0df9b8c4c40a|HUMAN_BIOGPS_GNF1H_GCRMA_77_TISSUE_DDOF1,1.2402225586858004,0.7961491944840271,0.44407336420177335,ATYPICAL_ANTIPSYCHOTICS,Atypical antipsychotics,ADRA2C,Caudatenucleus
ADRA2C|EXACT_SINGLE_PROTEIN|HSAMP_d99ba5ea584363f8600ade55|HUMAN_BIOGPS_GNF1H_GCRMA_77_TISSUE_DDOF1,0.933270355461989,0.6660505498786918,0.26721980558329717,ATYPICAL_ANTIPSYCHOTICS,Atypical antipsychotics,ADRA2C,CingulateCortex
ADRA2C|EXACT_SINGLE_PROTEIN|HSAMP_e75262fc0acfda69d976a6d3|HUMAN_BIOGPS_GNF1H_GCRMA_77_TISSUE_DDOF1,0.18156492528368454,0.3947653556601965,-0.21320043037651196,ATYPICAL_ANTIPSYCHOTICS,Atypical antipsychotics,ADRA2C,ParietalLobe
ADRA2C|EXACT_SINGLE_PROTEIN|HSAMP_eb2587e74e2d6457032d4ae7|HUMAN_BIOGPS_GNF1H_GCRMA_77_TISSUE_DDOF1,-0.0750434307571286,0.1537830050178001,-0.2288264357749287,ATYPICAL_ANTIPSYCHOTICS,Atypical antipsychotics,ADRA2C,TemporalLobe
ADRA2C|EXACT_SINGLE_PROTEIN|HSAMP_f43595f3557cf05e6a721aeb|HUMAN_BIOGPS_GNF1H_GCRMA_77_TISSUE_DDOF1,0.8099409524234332,0.6005644596090065,0.20937649281442672,ATYPICAL_ANTIPSYCHOTICS,Atypical antipsychotics,ADRA2C,Thalamus
ADRA2C|EXACT_SINGLE_PROTEIN|HSAMP_ff841df7ecd9f2c8ea2660f5|HUMAN_BIOGPS_GNF1H_GCRMA_77_TISSUE_DDOF1,-1.051608640108919,-0.1671434970150705,-0.8844651430938486,ATYPICAL_ANTIPSYCHOTICS,Atypical antipsychotics,ADRA2C,OlfactoryBulb
ADRB1|EXACT_SINGLE_PROTEIN|HSAMP_06645e2e8409a5b743985cdd|HUMAN_BIOGPS_GNF1H_GCRMA_77_TISSUE_DDOF1,-0.7141563155466898,0.1638143946968426,-0.8779707102435323,ATYPICAL_ANTIPSYCHOTICS,Atypical antipsychotics,ADRB1,Wholebrain
ADRB1|EXACT_SINGLE_PROTEIN|HSAMP_0cb8b4d1db8c390eeeecca55|HUMAN_BIOGPS_GNF1H_GCRMA_77_TISSUE_DDOF1,0.2837272094134519,0.45234917075180003,-0.16862196133834811,ATYPICAL_ANTIPSYCHOTICS,Atypical antipsychotics,ADRB1,Pons
ADRB1|EXACT_SINGLE_PROTEIN|HSAMP_13a552b6ffc4aac3b85a50ca|HUMAN_BIOGPS_GNF1H_GCRMA_77_TISSUE_DDOF1,-0.08144219107044,0.2971749701012786,-0.37861716117171856,ATYPICAL_ANTIPSYCHOTICS,Atypical antipsychotics,ADRB1,Amygdala
ADRB1|EXACT_SINGLE_PROTEIN|HSAMP_192dff4b8df5862a227b1163|HUMAN_BIOGPS_GNF1H_GCRMA_77_TISSUE_DDOF1,0.5839908564331898,0.4985948990248245,0.08539595740836531,ATYPICAL_ANTIPSYCHOTICS,Atypical antipsychotics,ADRB1,SubthalamicNucleus
ADRB1|EXACT_SINGLE_PROTEIN|HSAMP_20b60708f05d03c76f9fe702|HUMAN_BIOGPS_GNF1H_GCRMA_77_TISSUE_DDOF1,0.7393416021604018,0.5219950485169136,0.2173465536434882,ATYPICAL_ANTIPSYCHOTICS,Atypical antipsychotics,ADRB1,CerebellumPeduncles
ADRB1|EXACT_SINGLE_PROTEIN|HSAMP_374f872ebf1bbba2be514f9f|HUMAN_BIOGPS_GNF1H_GCRMA_77_TISSUE_DDOF1,-0.4668564817714058,0.2239383105076907,-0.6907947922790965,ATYPICAL_ANTIPSYCHOTICS,Atypical antipsychotics,ADRB1,GlobusPallidus
ADRB1|EXACT_SINGLE_PROTEIN|HSAMP_5c090f15f3e5194312a7e8ed|HUMAN_BIOGPS_GNF1H_GCRMA_77_TISSUE_DDOF1,-0.4821694168786324,0.21997540404258537,-0.7021448209212178,ATYPICAL_ANTIPSYCHOTICS,Atypical antipsychotics,ADRB1,MedullaOblongata
ADRB1|EXACT_SINGLE_PROTEIN|HSAMP_752ebc880edc13bb4e2b2de8|HUMAN_BIOGPS_GNF1H_GCRMA_77_TISSUE_DDOF1,0.569170473143565,0.49595132713645074,0.07321914600711421,ATYPICAL_ANTIPSYCHOTICS,Atypical antipsychotics,ADRB1,PrefrontalCortex
ADRB1|EXACT_SINGLE_PROTEIN|HSAMP_7725bb8a75064c4d7246d9ba|HUMAN_BIOGPS_GNF1H_GCRMA_77_TISSUE_DDOF1,-0.5461687686101482,0.20871417311845847,-0.7548829417286067,ATYPICAL_ANTIPSYCHOTICS,Atypical antipsychotics,ADRB1,OccipitalLobe
ADRB1|EXACT_SINGLE_PROTEIN|HSAMP_8ed020260a1d25cf72324c8a|HUMAN_BIOGPS_GNF1H_GCRMA_77_TISSUE_DDOF1,0.08728974070777511,0.36223102493322634,-0.2749412842254512,ATYPICAL_ANTIPSYCHOTICS,Atypical antipsychotics,ADRB1,Hypothalamus
ADRB1|EXACT_SINGLE_PROTEIN|HSAMP_936b77a4b11b5c19027de438|HUMAN_BIOGPS_GNF1H_GCRMA_77_TISSUE_DDOF1,0.08728974070777511,0.36223102493322634,-0.2749412842254512,ATYPICAL_ANTIPSYCHOTICS,Atypical antipsychotics,ADRB1,Spinalcord
ADRB1|EXACT_SINGLE_PROTEIN|HSAMP_9aa72e4fb1ff63e1792b1ec7|HUMAN_BIOGPS_GNF1H_GCRMA_77_TISSUE_DDOF1,-0.6925507239086541,0.16683948115624367,-0.8593902050648978,ATYPICAL_ANTIPSYCHOTICS,Atypical antipsychotics,ADRB1,Cerebellum
ADRB1|EXACT_SINGLE_PROTEIN|HSAMP_a32ce488a48b0df9b8c4c40a|HUMAN_BIOGPS_GNF1H_GCRMA_77_TISSUE_DDOF1,-0.5461687686101482,0.20871417311845847,-0.7548829417286067,ATYPICAL_ANTIPSYCHOTICS,Atypical antipsychotics,ADRB1,Caudatenucleus
ADRB1|EXACT_SINGLE_PROTEIN|HSAMP_d99ba5ea584363f8600ade55|HUMAN_BIOGPS_GNF1H_GCRMA_77_TISSUE_DDOF1,0.652683436201902,0.506526686458059,0.14615674974384296,ATYPICAL_ANTIPSYCHOTICS,Atypical antipsychotics,ADRB1,CingulateCortex
ADRB1|EXACT_SINGLE_PROTEIN|HSAMP_e75262fc0acfda69d976a6d3|HUMAN_BIOGPS_GNF1H_GCRMA_77_TISSUE_DDOF1,0.8690862670857428,0.5544178325140103,0.31466843457173244,ATYPICAL_ANTIPSYCHOTICS,Atypical antipsychotics,ADRB1,ParietalLobe
ADRB1|EXACT_SINGLE_PROTEIN|HSAMP_eb2587e74e2d6457032d4ae7|HUMAN_BIOGPS_GNF1H_GCRMA_77_TISSUE_DDOF1,-0.3574888479226209,0.2476863092081737,-0.6051751571307946,ATYPICAL_ANTIPSYCHOTICS,Atypical antipsychotics,ADRB1,TemporalLobe
ADRB1|EXACT_SINGLE_PROTEIN|HSAMP_f43595f3557cf05e6a721aeb|HUMAN_BIOGPS_GNF1H_GCRMA_77_TISSUE_DDOF1,0.036968827855691416,0.3365895351281497,-0.29962070727245826,ATYPICAL_ANTIPSYCHOTICS,Atypical antipsychotics,ADRB1,Thalamus
ADRB1|EXACT_SINGLE_PROTEIN|HSAMP_ff841df7ecd9f2c8ea2660f5|HUMAN_BIOGPS_GNF1H_GCRMA_77_TISSUE_DDOF1,-0.8232697206603634,0.13921247223139993,-0.9624821928917633,ATYPICAL_ANTIPSYCHOTICS,Atypical antipsychotics,ADRB1,OlfactoryBulb
ADRB2|EXACT_SINGLE_PROTEIN|HSAMP_06645e2e8409a5b743985cdd|HUMAN_BIOGPS_GNF1H_GCRMA_77_TISSUE_DDOF1,-0.24281573163512865,0.17651571332554267,-0.4193314449606713,ATYPICAL_ANTIPSYCHOTICS,Atypical antipsychotics,ADRB2,Wholebrain
ADRB2|EXACT_SINGLE_PROTEIN|HSAMP_0cb8b4d1db8c390eeeecca55|HUMAN_BIOGPS_GNF1H_GCRMA_77_TISSUE_DDOF1,-0.2060532562546954,0.18618625768221495,-0.39223951393691037,ATYPICAL_ANTIPSYCHOTICS,Atypical antipsychotics,ADRB2,Pons
ADRB2|EXACT_SINGLE_PROTEIN|HSAMP_13a552b6ffc4aac3b85a50ca|HUMAN_BIOGPS_GNF1H_GCRMA_77_TISSUE_DDOF1,-0.17884169477383446,0.19493974074846546,-0.3737814355222999,ATYPICAL_ANTIPSYCHOTICS,Atypical antipsychotics,ADRB2,Amygdala
ADRB2|EXACT_SINGLE_PROTEIN|HSAMP_192dff4b8df5862a227b1163|HUMAN_BIOGPS_GNF1H_GCRMA_77_TISSUE_DDOF1,-0.23101982438360044,0.18162260332581567,-0.4126424277094161,ATYPICAL_ANTIPSYCHOTICS,Atypical antipsychotics,ADRB2,SubthalamicNucleus
ADRB2|EXACT_SINGLE_PROTEIN|HSAMP_20b60708f05d03c76f9fe702|HUMAN_BIOGPS_GNF1H_GCRMA_77_TISSUE_DDOF1,-0.1562118715068632,0.2053349984868106,-0.3615468699936738,ATYPICAL_ANTIPSYCHOTICS,Atypical antipsychotics,ADRB2,CerebellumPeduncles
ADRB2|EXACT_SINGLE_PROTEIN|HSAMP_374f872ebf1bbba2be514f9f|HUMAN_BIOGPS_GNF1H_GCRMA_77_TISSUE_DDOF1,-0.2675662805664238,0.17409730854990038,-0.4416635891163242,ATYPICAL_ANTIPSYCHOTICS,Atypical antipsychotics,ADRB2,GlobusPallidus
ADRB2|EXACT_SINGLE_PROTEIN|HSAMP_5c090f15f3e5194312a7e8ed|HUMAN_BIOGPS_GNF1H_GCRMA_77_TISSUE_DDOF1,-0.21665643288106112,0.18495472534875598,-0.4016111582298171,ATYPICAL_ANTIPSYCHOTICS,Atypical antipsychotics,ADRB2,MedullaOblongata
ADRB2|EXACT_SINGLE_PROTEIN|HSAMP_752ebc880edc13bb4e2b2de8|HUMAN_BIOGPS_GNF1H_GCRMA_77_TISSUE_DDOF1,-0.11969944710468484,0.21562359894836736,-0.3353230460530522,ATYPICAL_ANTIPSYCHOTICS,Atypical antipsychotics,ADRB2,PrefrontalCortex
ADRB2|EXACT_SINGLE_PROTEIN|HSAMP_7725bb8a75064c4d7246d9ba|HUMAN_BIOGPS_GNF1H_GCRMA_77_TISSUE_DDOF1,-0.23307813868906513,0.1814366263435038,-0.4145147650325689,ATYPICAL_ANTIPSYCHOTICS,Atypical antipsychotics,ADRB2,OccipitalLobe
ADRB2|EXACT_SINGLE_PROTEIN|HSAMP_8ed020260a1d25cf72324c8a|HUMAN_BIOGPS_GNF1H_GCRMA_77_TISSUE_DDOF1,-0.17815121178694848,0.19568233929226847,-0.37383355107921695,ATYPICAL_ANTIPSYCHOTICS,Atypical antipsychotics,ADRB2,Hypothalamus
ADRB2|EXACT_SINGLE_PROTEIN|HSAMP_936b77a4b11b5c19027de438|HUMAN_BIOGPS_GNF1H_GCRMA_77_TISSUE_DDOF1,-0.17327345734461072,0.20313421693990208,-0.3764076742845128,ATYPICAL_ANTIPSYCHOTICS,Atypical antipsychotics,ADRB2,Spinalcord
ADRB2|EXACT_SINGLE_PROTEIN|HSAMP_9aa72e4fb1ff63e1792b1ec7|HUMAN_BIOGPS_GNF1H_GCRMA_77_TISSUE_DDOF1,-0.25920189374970876,0.1762602382002566,-0.43546213194996536,ATYPICAL_ANTIPSYCHOTICS,Atypical antipsychotics,ADRB2,Cerebellum
ADRB2|EXACT_SINGLE_PROTEIN|HSAMP_a32ce488a48b0df9b8c4c40a|HUMAN_BIOGPS_GNF1H_GCRMA_77_TISSUE_DDOF1,-0.23307813868906513,0.1814366263435038,-0.4145147650325689,ATYPICAL_ANTIPSYCHOTICS,Atypical antipsychotics,ADRB2,Caudatenucleus
ADRB2|EXACT_SINGLE_PROTEIN|HSAMP_d99ba5ea584363f8600ade55|HUMAN_BIOGPS_GNF1H_GCRMA_77_TISSUE_DDOF1,-0.19535588872305867,0.18724996236963473,-0.3826058510926934,ATYPICAL_ANTIPSYCHOTICS,Atypical antipsychotics,ADRB2,CingulateCortex
ADRB2|EXACT_SINGLE_PROTEIN|HSAMP_e75262fc0acfda69d976a6d3|HUMAN_BIOGPS_GNF1H_GCRMA_77_TISSUE_DDOF1,-0.17327345734461072,0.20313421693990208,-0.3764076742845128,ATYPICAL_ANTIPSYCHOTICS,Atypical antipsychotics,ADRB2,ParietalLobe
ADRB2|EXACT_SINGLE_PROTEIN|HSAMP_eb2587e74e2d6457032d4ae7|HUMAN_BIOGPS_GNF1H_GCRMA_77_TISSUE_DDOF1,-0.23101982438360044,0.18162260332581567,-0.4126424277094161,ATYPICAL_ANTIPSYCHOTICS,Atypical antipsychotics,ADRB2,TemporalLobe
ADRB2|EXACT_SINGLE_PROTEIN|HSAMP_f43595f3557cf05e6a721aeb|HUMAN_BIOGPS_GNF1H_GCRMA_77_TISSUE_DDOF1,-0.19535588872305867,0.18724996236963473,-0.3826058510926934,ATYPICAL_ANTIPSYCHOTICS,Atypical antipsychotics,ADRB2,Thalamus
ADRB2|EXACT_SINGLE_PROTEIN|HSAMP_ff841df7ecd9f2c8ea2660f5|HUMAN_BIOGPS_GNF1H_GCRMA_77_TISSUE_DDOF1,-0.2349661700369612,0.1784377184701409,-0.4134038885071021,ATYPICAL_ANTIPSYCHOTICS,Atypical antipsychotics,ADRB2,OlfactoryBulb
CHRM2|EXACT_SINGLE_PROTEIN|HSAMP_06645e2e8409a5b743985cdd|HUMAN_BIOGPS_GNF1H_GCRMA_77_TISSUE_DDOF1,-0.7574001275804327,0.09272821209652946,-0.8501283396769622,ATYPICAL_ANTIPSYCHOTICS,Atypical antipsychotics,CHRM2,Wholebrain
CHRM2|EXACT_SINGLE_PROTEIN|HSAMP_0cb8b4d1db8c390eeeecca55|HUMAN_BIOGPS_GNF1H_GCRMA_77_TISSUE_DDOF1,-0.3653832947616556,0.15530873267418094,-0.5206920274358365,ATYPICAL_ANTIPSYCHOTICS,Atypical antipsychotics,CHRM2,Pons
CHRM2|EXACT_SINGLE_PROTEIN|HSAMP_13a552b6ffc4aac3b85a50ca|HUMAN_BIOGPS_GNF1H_GCRMA_77_TISSUE_DDOF1,0.5258989545917097,0.4843122166142151,0.04158673797749457,ATYPICAL_ANTIPSYCHOTICS,Atypical antipsychotics,CHRM2,Amygdala
CHRM2|EXACT_SINGLE_PROTEIN|HSAMP_192dff4b8df5862a227b1163|HUMAN_BIOGPS_GNF1H_GCRMA_77_TISSUE_DDOF1,-0.5598986653287035,0.12959337797053697,-0.6894920432992404,ATYPICAL_ANTIPSYCHOTICS,Atypical antipsychotics,CHRM2,SubthalamicNucleus
CHRM2|EXACT_SINGLE_PROTEIN|HSAMP_20b60708f05d03c76f9fe702|HUMAN_BIOGPS_GNF1H_GCRMA_77_TISSUE_DDOF1,0.7569183516842588,0.5367793890231765,0.22013896266108235,ATYPICAL_ANTIPSYCHOTICS,Atypical antipsychotics,CHRM2,CerebellumPeduncles
CHRM2|EXACT_SINGLE_PROTEIN|HSAMP_374f872ebf1bbba2be514f9f|HUMAN_BIOGPS_GNF1H_GCRMA_77_TISSUE_DDOF1,-0.7574001275804327,0.09272821209652946,-0.8501283396769622,ATYPICAL_ANTIPSYCHOTICS,Atypical antipsychotics,CHRM2,GlobusPallidus
CHRM2|EXACT_SINGLE_PROTEIN|HSAMP_5c090f15f3e5194312a7e8ed|HUMAN_BIOGPS_GNF1H_GCRMA_77_TISSUE_DDOF1,-0.47798387534273784,0.14566597800032333,-0.6236498533430612,ATYPICAL_ANTIPSYCHOTICS,Atypical antipsychotics,CHRM2,MedullaOblongata
CHRM2|EXACT_SINGLE_PROTEIN|HSAMP_752ebc880edc13bb4e2b2de8|HUMAN_BIOGPS_GNF1H_GCRMA_77_TISSUE_DDOF1,1.0145542963360945,0.6296256935785558,0.3849286027575387,ATYPICAL_ANTIPSYCHOTICS,Atypical antipsychotics,CHRM2,PrefrontalCortex
CHRM2|EXACT_SINGLE_PROTEIN|HSAMP_7725bb8a75064c4d7246d9ba|HUMAN_BIOGPS_GNF1H_GCRMA_77_TISSUE_DDOF1,-0.5598986653287035,0.12959337797053697,-0.6894920432992404,ATYPICAL_ANTIPSYCHOTICS,Atypical antipsychotics,CHRM2,OccipitalLobe
CHRM2|EXACT_SINGLE_PROTEIN|HSAMP_8ed020260a1d25cf72324c8a|HUMAN_BIOGPS_GNF1H_GCRMA_77_TISSUE_DDOF1,0.6535991930171212,0.5201122622025116,0.1334869308146096,ATYPICAL_ANTIPSYCHOTICS,Atypical antipsychotics,CHRM2,Hypothalamus
CHRM2|EXACT_SINGLE_PROTEIN|HSAMP_936b77a4b11b5c19027de438|HUMAN_BIOGPS_GNF1H_GCRMA_77_TISSUE_DDOF1,0.5798966045664208,0.5083890329862375,0.07150757158018328,ATYPICAL_ANTIPSYCHOTICS,Atypical antipsychotics,CHRM2,Spinalcord
CHRM2|EXACT_SINGLE_PROTEIN|HSAMP_9aa72e4fb1ff63e1792b1ec7|HUMAN_BIOGPS_GNF1H_GCRMA_77_TISSUE_DDOF1,-0.6306909781843474,0.11920652276577601,-0.7498975009501234,ATYPICAL_ANTIPSYCHOTICS,Atypical antipsychotics,CHRM2,Cerebellum
CHRM2|EXACT_SINGLE_PROTEIN|HSAMP_a32ce488a48b0df9b8c4c40a|HUMAN_BIOGPS_GNF1H_GCRMA_77_TISSUE_DDOF1,-0.6306909781843474,0.11920652276577601,-0.7498975009501234,ATYPICAL_ANTIPSYCHOTICS,Atypical antipsychotics,CHRM2,Caudatenucleus
CHRM2|EXACT_SINGLE_PROTEIN|HSAMP_d99ba5ea584363f8600ade55|HUMAN_BIOGPS_GNF1H_GCRMA_77_TISSUE_DDOF1,0.13577879871956952,0.395189051421452,-0.25941025270188245,ATYPICAL_ANTIPSYCHOTICS,Atypical antipsychotics,CHRM2,CingulateCortex
CHRM2|EXACT_SINGLE_PROTEIN|HSAMP_e75262fc0acfda69d976a6d3|HUMAN_BIOGPS_GNF1H_GCRMA_77_TISSUE_DDOF1,0.8281086162368785,0.5612277592741118,0.26688085696276664,ATYPICAL_ANTIPSYCHOTICS,Atypical antipsychotics,CHRM2,ParietalLobe
CHRM2|EXACT_SINGLE_PROTEIN|HSAMP_eb2587e74e2d6457032d4ae7|HUMAN_BIOGPS_GNF1H_GCRMA_77_TISSUE_DDOF1,-0.01142305945911525,0.23982270606285913,-0.25124576552197436,ATYPICAL_ANTIPSYCHOTICS,Atypical antipsychotics,CHRM2,TemporalLobe
CHRM2|EXACT_SINGLE_PROTEIN|HSAMP_f43595f3557cf05e6a721aeb|HUMAN_BIOGPS_GNF1H_GCRMA_77_TISSUE_DDOF1,0.13577879871956952,0.395189051421452,-0.25941025270188245,ATYPICAL_ANTIPSYCHOTICS,Atypical antipsychotics,CHRM2,Thalamus
CHRM2|EXACT_SINGLE_PROTEIN|HSAMP_ff841df7ecd9f2c8ea2660f5|HUMAN_BIOGPS_GNF1H_GCRMA_77_TISSUE_DDOF1,-0.9473566328514829,0.05524268925399033,-1.0025993221054732,ATYPICAL_ANTIPSYCHOTICS,Atypical antipsychotics,CHRM2,OlfactoryBulb
CHRM3|EXACT_SINGLE_PROTEIN|HSAMP_06645e2e8409a5b743985cdd|HUMAN_BIOGPS_GNF1H_GCRMA_77_TISSUE_DDOF1,1.12499387306454,0.7454861295125362,0.3795077435520037,ATYPICAL_ANTIPSYCHOTICS,Atypical antipsychotics,CHRM3,Wholebrain
CHRM3|EXACT_SINGLE_PROTEIN|HSAMP_0cb8b4d1db8c390eeeecca55|HUMAN_BIOGPS_GNF1H_GCRMA_77_TISSUE_DDOF1,0.009288874367541939,0.1862091577553393,-0.17692028338779736,ATYPICAL_ANTIPSYCHOTICS,Atypical antipsychotics,CHRM3,Pons
CHRM3|EXACT_SINGLE_PROTEIN|HSAMP_13a552b6ffc4aac3b85a50ca|HUMAN_BIOGPS_GNF1H_GCRMA_77_TISSUE_DDOF1,1.2196470178369565,0.7790220916562152,0.44062492618074134,ATYPICAL_ANTIPSYCHOTICS,Atypical antipsychotics,CHRM3,Amygdala
CHRM3|EXACT_SINGLE_PROTEIN|HSAMP_192dff4b8df5862a227b1163|HUMAN_BIOGPS_GNF1H_GCRMA_77_TISSUE_DDOF1,0.4242907316639165,0.4586046123544066,-0.03431388069049007,ATYPICAL_ANTIPSYCHOTICS,Atypical antipsychotics,CHRM3,SubthalamicNucleus
CHRM3|EXACT_SINGLE_PROTEIN|HSAMP_20b60708f05d03c76f9fe702|HUMAN_BIOGPS_GNF1H_GCRMA_77_TISSUE_DDOF1,0.0754253984854567,0.2394927162113043,-0.1640673177258476,ATYPICAL_ANTIPSYCHOTICS,Atypical antipsychotics,CHRM3,CerebellumPeduncles
CHRM3|EXACT_SINGLE_PROTEIN|HSAMP_374f872ebf1bbba2be514f9f|HUMAN_BIOGPS_GNF1H_GCRMA_77_TISSUE_DDOF1,-0.10402842305478566,0.1528124183410461,-0.25684084139583174,ATYPICAL_ANTIPSYCHOTICS,Atypical antipsychotics,CHRM3,GlobusPallidus
CHRM3|EXACT_SINGLE_PROTEIN|HSAMP_5c090f15f3e5194312a7e8ed|HUMAN_BIOGPS_GNF1H_GCRMA_77_TISSUE_DDOF1,0.3643441543381009,0.4425869700518411,-0.0782428157137402,ATYPICAL_ANTIPSYCHOTICS,Atypical antipsychotics,CHRM3,MedullaOblongata
CHRM3|EXACT_SINGLE_PROTEIN|HSAMP_752ebc880edc13bb4e2b2de8|HUMAN_BIOGPS_GNF1H_GCRMA_77_TISSUE_DDOF1,2.6155934488421475,1.750666908330689,0.8649265405114586,ATYPICAL_ANTIPSYCHOTICS,Atypical antipsychotics,CHRM3,PrefrontalCortex
CHRM3|EXACT_SINGLE_PROTEIN|HSAMP_7725bb8a75064c4d7246d9ba|HUMAN_BIOGPS_GNF1H_GCRMA_77_TISSUE_DDOF1,0.7434044170757004,0.5605676093706089,0.18283680770509148,ATYPICAL_ANTIPSYCHOTICS,Atypical antipsychotics,CHRM3,OccipitalLobe
CHRM3|EXACT_SINGLE_PROTEIN|HSAMP_8ed020260a1d25cf72324c8a|HUMAN_BIOGPS_GNF1H_GCRMA_77_TISSUE_DDOF1,0.07228204391287499,0.23550070764104156,-0.16321866372816657,ATYPICAL_ANTIPSYCHOTICS,Atypical antipsychotics,CHRM3,Hypothalamus
CHRM3|EXACT_SINGLE_PROTEIN|HSAMP_936b77a4b11b5c19027de438|HUMAN_BIOGPS_GNF1H_GCRMA_77_TISSUE_DDOF1,0.04454906146442492,0.21993737505547756,-0.17538831359105264,ATYPICAL_ANTIPSYCHOTICS,Atypical antipsychotics,CHRM3,Spinalcord
CHRM3|EXACT_SINGLE_PROTEIN|HSAMP_9aa72e4fb1ff63e1792b1ec7|HUMAN_BIOGPS_GNF1H_GCRMA_77_TISSUE_DDOF1,-0.07721997063400048,0.15793982987416208,-0.23515980050816254,ATYPICAL_ANTIPSYCHOTICS,Atypical antipsychotics,CHRM3,Cerebellum
CHRM3|EXACT_SINGLE_PROTEIN|HSAMP_a32ce488a48b0df9b8c4c40a|HUMAN_BIOGPS_GNF1H_GCRMA_77_TISSUE_DDOF1,-0.022691925819512807,0.17318742029033252,-0.1958793461098453,ATYPICAL_ANTIPSYCHOTICS,Atypical antipsychotics,CHRM3,Caudatenucleus
CHRM3|EXACT_SINGLE_PROTEIN|HSAMP_d99ba5ea584363f8600ade55|HUMAN_BIOGPS_GNF1H_GCRMA_77_TISSUE_DDOF1,0.05521957840724115,0.224706750888877,-0.16948717248163586,ATYPICAL_ANTIPSYCHOTICS,Atypical antipsychotics,CHRM3,CingulateCortex
CHRM3|EXACT_SINGLE_PROTEIN|HSAMP_e75262fc0acfda69d976a6d3|HUMAN_BIOGPS_GNF1H_GCRMA_77_TISSUE_DDOF1,0.0754253984854567,0.2394927162113043,-0.1640673177258476,ATYPICAL_ANTIPSYCHOTICS,Atypical antipsychotics,CHRM3,ParietalLobe
CHRM3|EXACT_SINGLE_PROTEIN|HSAMP_eb2587e74e2d6457032d4ae7|HUMAN_BIOGPS_GNF1H_GCRMA_77_TISSUE_DDOF1,0.0271444976889488,0.2090550309671387,-0.1819105332781899,ATYPICAL_ANTIPSYCHOTICS,Atypical antipsychotics,CHRM3,TemporalLobe
CHRM3|EXACT_SINGLE_PROTEIN|HSAMP_f43595f3557cf05e6a721aeb|HUMAN_BIOGPS_GNF1H_GCRMA_77_TISSUE_DDOF1,0.0271444976889488,0.2090550309671387,-0.1819105332781899,ATYPICAL_ANTIPSYCHOTICS,Atypical antipsychotics,CHRM3,Thalamus
CHRM3|EXACT_SINGLE_PROTEIN|HSAMP_ff841df7ecd9f2c8ea2660f5|HUMAN_BIOGPS_GNF1H_GCRMA_77_TISSUE_DDOF1,-0.08253096470530781,0.15666749447530862,-0.23919845918061644,ATYPICAL_ANTIPSYCHOTICS,Atypical antipsychotics,CHRM3,OlfactoryBulb
DRD1|EXACT_SINGLE_PROTEIN|HSAMP_06645e2e8409a5b743985cdd|HUMAN_BIOGPS_GNF1H_GCRMA_77_TISSUE_DDOF1,-1.0199319740352728,-0.19731380316967076,-0.8226181708656021,ATYPICAL_ANTIPSYCHOTICS,Atypical antipsychotics,DRD1,Wholebrain
DRD1|EXACT_SINGLE_PROTEIN|HSAMP_0cb8b4d1db8c390eeeecca55|HUMAN_BIOGPS_GNF1H_GCRMA_77_TISSUE_DDOF1,2.0965443229637026,1.2999383196266816,0.796606003337021,ATYPICAL_ANTIPSYCHOTICS,Atypical antipsychotics,DRD1,Pons
DRD1|EXACT_SINGLE_PROTEIN|HSAMP_13a552b6ffc4aac3b85a50ca|HUMAN_BIOGPS_GNF1H_GCRMA_77_TISSUE_DDOF1,0.1952313227185618,0.3886109790465092,-0.1933796563279474,ATYPICAL_ANTIPSYCHOTICS,Atypical antipsychotics,DRD1,Amygdala
DRD1|EXACT_SINGLE_PROTEIN|HSAMP_192dff4b8df5862a227b1163|HUMAN_BIOGPS_GNF1H_GCRMA_77_TISSUE_DDOF1,-0.27756093309630286,0.10619808351193338,-0.38375901660823625,ATYPICAL_ANTIPSYCHOTICS,Atypical antipsychotics,DRD1,SubthalamicNucleus
DRD1|EXACT_SINGLE_PROTEIN|HSAMP_20b60708f05d03c76f9fe702|HUMAN_BIOGPS_GNF1H_GCRMA_77_TISSUE_DDOF1,1.1289154780131896,0.7729380284733187,0.35597744953987087,ATYPICAL_ANTIPSYCHOTICS,Atypical antipsychotics,DRD1,CerebellumPeduncles
DRD1|EXACT_SINGLE_PROTEIN|HSAMP_374f872ebf1bbba2be514f9f|HUMAN_BIOGPS_GNF1H_GCRMA_77_TISSUE_DDOF1,-1.176829333645712,-0.30126689186464195,-0.8755624417810701,ATYPICAL_ANTIPSYCHOTICS,Atypical antipsychotics,DRD1,GlobusPallidus
DRD1|EXACT_SINGLE_PROTEIN|HSAMP_5c090f15f3e5194312a7e8ed|HUMAN_BIOGPS_GNF1H_GCRMA_77_TISSUE_DDOF1,-0.7018660678791991,-0.012201384125698028,-0.6896646837535011,ATYPICAL_ANTIPSYCHOTICS,Atypical antipsychotics,DRD1,MedullaOblongata
DRD1|EXACT_SINGLE_PROTEIN|HSAMP_752ebc880edc13bb4e2b2de8|HUMAN_BIOGPS_GNF1H_GCRMA_77_TISSUE_DDOF1,1.2601358504247482,0.8263277230351532,0.43380812738959496,ATYPICAL_ANTIPSYCHOTICS,Atypical antipsychotics,DRD1,PrefrontalCortex
DRD1|EXACT_SINGLE_PROTEIN|HSAMP_7725bb8a75064c4d7246d9ba|HUMAN_BIOGPS_GNF1H_GCRMA_77_TISSUE_DDOF1,-0.27756093309630286,0.10619808351193338,-0.38375901660823625,ATYPICAL_ANTIPSYCHOTICS,Atypical antipsychotics,DRD1,OccipitalLobe
DRD1|EXACT_SINGLE_PROTEIN|HSAMP_8ed020260a1d25cf72324c8a|HUMAN_BIOGPS_GNF1H_GCRMA_77_TISSUE_DDOF1,0.5080833356324513,0.48275099332184457,0.02533234231060677,ATYPICAL_ANTIPSYCHOTICS,Atypical antipsychotics,DRD1,Hypothalamus
DRD1|EXACT_SINGLE_PROTEIN|HSAMP_936b77a4b11b5c19027de438|HUMAN_BIOGPS_GNF1H_GCRMA_77_TISSUE_DDOF1,0.5686601787062724,0.519674426432327,0.048985752273945415,ATYPICAL_ANTIPSYCHOTICS,Atypical antipsychotics,DRD1,Spinalcord
DRD1|EXACT_SINGLE_PROTEIN|HSAMP_9aa72e4fb1ff63e1792b1ec7|HUMAN_BIOGPS_GNF1H_GCRMA_77_TISSUE_DDOF1,-1.1475531269509405,-0.28411389917174745,-0.863439227779193,ATYPICAL_ANTIPSYCHOTICS,Atypical antipsychotics,DRD1,Cerebellum
DRD1|EXACT_SINGLE_PROTEIN|HSAMP_a32ce488a48b0df9b8c4c40a|HUMAN_BIOGPS_GNF1H_GCRMA_77_TISSUE_DDOF1,2.1236563043673424,1.3340567811740955,0.7895995231932469,ATYPICAL_ANTIPSYCHOTICS,Atypical antipsychotics,DRD1,Caudatenucleus
DRD1|EXACT_SINGLE_PROTEIN|HSAMP_d99ba5ea584363f8600ade55|HUMAN_BIOGPS_GNF1H_GCRMA_77_TISSUE_DDOF1,0.5392124659063131,0.5070635285295866,0.03214893737672653,ATYPICAL_ANTIPSYCHOTICS,Atypical antipsychotics,DRD1,CingulateCortex
DRD1|EXACT_SINGLE_PROTEIN|HSAMP_e75262fc0acfda69d976a6d3|HUMAN_BIOGPS_GNF1H_GCRMA_77_TISSUE_DDOF1,0.7378729950855282,0.5649402212300212,0.17293277385550698,ATYPICAL_ANTIPSYCHOTICS,Atypical antipsychotics,DRD1,ParietalLobe
DRD1|EXACT_SINGLE_PROTEIN|HSAMP_eb2587e74e2d6457032d4ae7|HUMAN_BIOGPS_GNF1H_GCRMA_77_TISSUE_DDOF1,-0.5598986653287035,0.04484972302994772,-0.6047483883586512,ATYPICAL_ANTIPSYCHOTICS,Atypical antipsychotics,DRD1,TemporalLobe
DRD1|EXACT_SINGLE_PROTEIN|HSAMP_f43595f3557cf05e6a721aeb|HUMAN_BIOGPS_GNF1H_GCRMA_77_TISSUE_DDOF1,0.3813597957078119,0.440478659715991,-0.05911886400817906,ATYPICAL_ANTIPSYCHOTICS,Atypical antipsychotics,DRD1,Thalamus
DRD1|EXACT_SINGLE_PROTEIN|HSAMP_ff841df7ecd9f2c8ea2660f5|HUMAN_BIOGPS_GNF1H_GCRMA_77_TISSUE_DDOF1,-1.2633855524827133,-0.3607526301411263,-0.902632922341587,ATYPICAL_ANTIPSYCHOTICS,Atypical antipsychotics,DRD1,OlfactoryBulb
DRD2|EXACT_SINGLE_PROTEIN|HSAMP_06645e2e8409a5b743985cdd|HUMAN_BIOGPS_GNF1H_GCRMA_77_TISSUE_DDOF1,-1.1821473736323194,-1.185510443191601,0.003363069559281673,ATYPICAL_ANTIPSYCHOTICS,Atypical antipsychotics,DRD2,Wholebrain
DRD2|EXACT_SINGLE_PROTEIN|HSAMP_0cb8b4d1db8c390eeeecca55|HUMAN_BIOGPS_GNF1H_GCRMA_77_TISSUE_DDOF1,1.0777228410380117,1.078308017548036,-0.0005851765100242101,ATYPICAL_ANTIPSYCHOTICS,Atypical antipsychotics,DRD2,Pons
DRD2|EXACT_SINGLE_PROTEIN|HSAMP_13a552b6ffc4aac3b85a50ca|HUMAN_BIOGPS_GNF1H_GCRMA_77_TISSUE_DDOF1,0.5519602954603179,0.5514582109491752,0.000502084511142642,ATYPICAL_ANTIPSYCHOTICS,Atypical antipsychotics,DRD2,Amygdala
DRD2|EXACT_SINGLE_PROTEIN|HSAMP_192dff4b8df5862a227b1163|HUMAN_BIOGPS_GNF1H_GCRMA_77_TISSUE_DDOF1,0.8392269062637512,0.8393742817762189,-0.00014737551246768454,ATYPICAL_ANTIPSYCHOTICS,Atypical antipsychotics,DRD2,SubthalamicNucleus
DRD2|EXACT_SINGLE_PROTEIN|HSAMP_20b60708f05d03c76f9fe702|HUMAN_BIOGPS_GNF1H_GCRMA_77_TISSUE_DDOF1,0.9520135263546999,0.9530063068462284,-0.000992780491528511,ATYPICAL_ANTIPSYCHOTICS,Atypical antipsychotics,DRD2,CerebellumPeduncles
DRD2|EXACT_SINGLE_PROTEIN|HSAMP_374f872ebf1bbba2be514f9f|HUMAN_BIOGPS_GNF1H_GCRMA_77_TISSUE_DDOF1,-1.993788511289635,-1.9956737968910796,0.0018852856014446306,ATYPICAL_ANTIPSYCHOTICS,Atypical antipsychotics,DRD2,GlobusPallidus
DRD2|EXACT_SINGLE_PROTEIN|HSAMP_5c090f15f3e5194312a7e8ed|HUMAN_BIOGPS_GNF1H_GCRMA_77_TISSUE_DDOF1,1.0166286964608697,1.0212442094780274,-0.00461551301715768,ATYPICAL_ANTIPSYCHOTICS,Atypical antipsychotics,DRD2,MedullaOblongata
DRD2|EXACT_SINGLE_PROTEIN|HSAMP_752ebc880edc13bb4e2b2de8|HUMAN_BIOGPS_GNF1H_GCRMA_77_TISSUE_DDOF1,1.3168919284993814,1.3290185034074322,-0.012126574908050802,ATYPICAL_ANTIPSYCHOTICS,Atypical antipsychotics,DRD2,PrefrontalCortex
DRD2|EXACT_SINGLE_PROTEIN|HSAMP_7725bb8a75064c4d7246d9ba|HUMAN_BIOGPS_GNF1H_GCRMA_77_TISSUE_DDOF1,-0.8939575297331432,-0.894211754727132,0.00025422499398874976,ATYPICAL_ANTIPSYCHOTICS,Atypical antipsychotics,DRD2,OccipitalLobe
DRD2|EXACT_SINGLE_PROTEIN|HSAMP_8ed020260a1d25cf72324c8a|HUMAN_BIOGPS_GNF1H_GCRMA_77_TISSUE_DDOF1,0.8392269062637512,0.8393742817762155,-0.00014737551246435387,ATYPICAL_ANTIPSYCHOTICS,Atypical antipsychotics,DRD2,Hypothalamus
DRD2|EXACT_SINGLE_PROTEIN|HSAMP_936b77a4b11b5c19027de438|HUMAN_BIOGPS_GNF1H_GCRMA_77_TISSUE_DDOF1,0.7322673193930682,0.7337976260510716,-0.0015303066580033553,ATYPICAL_ANTIPSYCHOTICS,Atypical antipsychotics,DRD2,Spinalcord
DRD2|EXACT_SINGLE_PROTEIN|HSAMP_9aa72e4fb1ff63e1792b1ec7|HUMAN_BIOGPS_GNF1H_GCRMA_77_TISSUE_DDOF1,-1.4446799087147795,-1.4509797076652569,0.006299798950477387,ATYPICAL_ANTIPSYCHOTICS,Atypical antipsychotics,DRD2,Cerebellum
DRD2|EXACT_SINGLE_PROTEIN|HSAMP_a32ce488a48b0df9b8c4c40a|HUMAN_BIOGPS_GNF1H_GCRMA_77_TISSUE_DDOF1,1.4868728122600303,1.4949898013804983,-0.008116989120467988,ATYPICAL_ANTIPSYCHOTICS,Atypical antipsychotics,DRD2,Caudatenucleus
DRD2|EXACT_SINGLE_PROTEIN|HSAMP_d99ba5ea584363f8600ade55|HUMAN_BIOGPS_GNF1H_GCRMA_77_TISSUE_DDOF1,0.899493305183655,0.9017832357583397,-0.00228993057468474,ATYPICAL_ANTIPSYCHOTICS,Atypical antipsychotics,DRD2,CingulateCortex
DRD2|EXACT_SINGLE_PROTEIN|HSAMP_e75262fc0acfda69d976a6d3|HUMAN_BIOGPS_GNF1H_GCRMA_77_TISSUE_DDOF1,0.6289768611493518,0.6310010106221583,-0.0020241494728064913,ATYPICAL_ANTIPSYCHOTICS,Atypical antipsychotics,DRD2,ParietalLobe
DRD2|EXACT_SINGLE_PROTEIN|HSAMP_eb2587e74e2d6457032d4ae7|HUMAN_BIOGPS_GNF1H_GCRMA_77_TISSUE_DDOF1,-0.7735111971300326,-0.7843048374267554,0.010793640296722806,ATYPICAL_ANTIPSYCHOTICS,Atypical antipsychotics,DRD2,TemporalLobe
DRD2|EXACT_SINGLE_PROTEIN|HSAMP_f43595f3557cf05e6a721aeb|HUMAN_BIOGPS_GNF1H_GCRMA_77_TISSUE_DDOF1,0.6658465233539429,0.669466062743038,-0.0036195393890950944,ATYPICAL_ANTIPSYCHOTICS,Atypical antipsychotics,DRD2,Thalamus
DRD2|EXACT_SINGLE_PROTEIN|HSAMP_ff841df7ecd9f2c8ea2660f5|HUMAN_BIOGPS_GNF1H_GCRMA_77_TISSUE_DDOF1,-1.5655491787396816,-1.5734577498186555,0.007908571078973914,ATYPICAL_ANTIPSYCHOTICS,Atypical antipsychotics,DRD2,OlfactoryBulb
DRD3|EXACT_SINGLE_PROTEIN|HSAMP_06645e2e8409a5b743985cdd|HUMAN_BIOGPS_GNF1H_GCRMA_77_TISSUE_DDOF1,-1.2842121542417289,-1.1133172558999718,-0.17089489834175708,ATYPICAL_ANTIPSYCHOTICS,Atypical antipsychotics,DRD3,Wholebrain
DRD3|EXACT_SINGLE_PROTEIN|HSAMP_0cb8b4d1db8c390eeeecca55|HUMAN_BIOGPS_GNF1H_GCRMA_77_TISSUE_DDOF1,0.0023834309956057204,0.03910760715155324,-0.036724176155947516,ATYPICAL_ANTIPSYCHOTICS,Atypical antipsychotics,DRD3,Pons
DRD3|EXACT_SINGLE_PROTEIN|HSAMP_13a552b6ffc4aac3b85a50ca|HUMAN_BIOGPS_GNF1H_GCRMA_77_TISSUE_DDOF1,0.030568438403599383,0.06361582828221134,-0.03304738987861196,ATYPICAL_ANTIPSYCHOTICS,Atypical antipsychotics,DRD3,Amygdala
DRD3|EXACT_SINGLE_PROTEIN|HSAMP_192dff4b8df5862a227b1163|HUMAN_BIOGPS_GNF1H_GCRMA_77_TISSUE_DDOF1,-0.08003462664942151,-0.024078519733651424,-0.05595610691577009,ATYPICAL_ANTIPSYCHOTICS,Atypical antipsychotics,DRD3,SubthalamicNucleus
DRD3|EXACT_SINGLE_PROTEIN|HSAMP_20b60708f05d03c76f9fe702|HUMAN_BIOGPS_GNF1H_GCRMA_77_TISSUE_DDOF1,1.2866473345289737,1.1851355683159868,0.10151176621298696,ATYPICAL_ANTIPSYCHOTICS,Atypical antipsychotics,DRD3,CerebellumPeduncles
DRD3|EXACT_SINGLE_PROTEIN|HSAMP_374f872ebf1bbba2be514f9f|HUMAN_BIOGPS_GNF1H_GCRMA_77_TISSUE_DDOF1,-1.0748620696191764,-0.9209857002603031,-0.15387636935887328,ATYPICAL_ANTIPSYCHOTICS,Atypical antipsychotics,DRD3,GlobusPallidus
DRD3|EXACT_SINGLE_PROTEIN|HSAMP_5c090f15f3e5194312a7e8ed|HUMAN_BIOGPS_GNF1H_GCRMA_77_TISSUE_DDOF1,-0.839299390925231,-0.7115915363953487,-0.12770785452988231,ATYPICAL_ANTIPSYCHOTICS,Atypical antipsychotics,DRD3,MedullaOblongata
DRD3|EXACT_SINGLE_PROTEIN|HSAMP_752ebc880edc13bb4e2b2de8|HUMAN_BIOGPS_GNF1H_GCRMA_77_TISSUE_DDOF1,1.0490540983509957,0.9903534479712635,0.058700650379732267,ATYPICAL_ANTIPSYCHOTICS,Atypical antipsychotics,DRD3,PrefrontalCortex
DRD3|EXACT_SINGLE_PROTEIN|HSAMP_7725bb8a75064c4d7246d9ba|HUMAN_BIOGPS_GNF1H_GCRMA_77_TISSUE_DDOF1,-0.7362370849074823,-0.6220507674841416,-0.11418631742334073,ATYPICAL_ANTIPSYCHOTICS,Atypical antipsychotics,DRD3,OccipitalLobe
DRD3|EXACT_SINGLE_PROTEIN|HSAMP_8ed020260a1d25cf72324c8a|HUMAN_BIOGPS_GNF1H_GCRMA_77_TISSUE_DDOF1,0.6563538384335851,0.627494533905115,0.028859304528470076,ATYPICAL_ANTIPSYCHOTICS,Atypical antipsychotics,DRD3,Hypothalamus
DRD3|EXACT_SINGLE_PROTEIN|HSAMP_936b77a4b11b5c19027de438|HUMAN_BIOGPS_GNF1H_GCRMA_77_TISSUE_DDOF1,0.7451626111009189,0.7105246358618007,0.03463797523911816,ATYPICAL_ANTIPSYCHOTICS,Atypical antipsychotics,DRD3,Spinalcord
DRD3|EXACT_SINGLE_PROTEIN|HSAMP_9aa72e4fb1ff63e1792b1ec7|HUMAN_BIOGPS_GNF1H_GCRMA_77_TISSUE_DDOF1,-1.2351547291729417,-1.0706781157932,-0.16447661337974173,ATYPICAL_ANTIPSYCHOTICS,Atypical antipsychotics,DRD3,Cerebellum
DRD3|EXACT_SINGLE_PROTEIN|HSAMP_a32ce488a48b0df9b8c4c40a|HUMAN_BIOGPS_GNF1H_GCRMA_77_TISSUE_DDOF1,-0.7592120109312279,-0.6406786053815698,-0.11853340554965808,ATYPICAL_ANTIPSYCHOTICS,Atypical antipsychotics,DRD3,Caudatenucleus
DRD3|EXACT_SINGLE_PROTEIN|HSAMP_d99ba5ea584363f8600ade55|HUMAN_BIOGPS_GNF1H_GCRMA_77_TISSUE_DDOF1,0.48383712564449033,0.4826677987927207,0.0011693268517696254,ATYPICAL_ANTIPSYCHOTICS,Atypical antipsychotics,DRD3,CingulateCortex
DRD3|EXACT_SINGLE_PROTEIN|HSAMP_e75262fc0acfda69d976a6d3|HUMAN_BIOGPS_GNF1H_GCRMA_77_TISSUE_DDOF1,0.8685906746985917,0.8240432328292746,0.04454744186931714,ATYPICAL_ANTIPSYCHOTICS,Atypical antipsychotics,DRD3,ParietalLobe
DRD3|EXACT_SINGLE_PROTEIN|HSAMP_eb2587e74e2d6457032d4ae7|HUMAN_BIOGPS_GNF1H_GCRMA_77_TISSUE_DDOF1,-0.5738641542024093,-0.43734281898183347,-0.13652133522057586,ATYPICAL_ANTIPSYCHOTICS,Atypical antipsychotics,DRD3,TemporalLobe
DRD3|EXACT_SINGLE_PROTEIN|HSAMP_f43595f3557cf05e6a721aeb|HUMAN_BIOGPS_GNF1H_GCRMA_77_TISSUE_DDOF1,0.5240810981462861,0.5200902876637492,0.003990810482536911,ATYPICAL_ANTIPSYCHOTICS,Atypical antipsychotics,DRD3,Thalamus
DRD3|EXACT_SINGLE_PROTEIN|HSAMP_ff841df7ecd9f2c8ea2660f5|HUMAN_BIOGPS_GNF1H_GCRMA_77_TISSUE_DDOF1,-1.3752266954158143,-1.1835704113015166,-0.1916562841142977,ATYPICAL_ANTIPSYCHOTICS,Atypical antipsychotics,DRD3,OlfactoryBulb
HRH1|EXACT_SINGLE_PROTEIN|HSAMP_06645e2e8409a5b743985cdd|HUMAN_BIOGPS_GNF1H_GCRMA_77_TISSUE_DDOF1,-1.1095455805079992,-0.7482530492080921,-0.3612925312999071,ATYPICAL_ANTIPSYCHOTICS,Atypical antipsychotics,HRH1,Wholebrain
HRH1|EXACT_SINGLE_PROTEIN|HSAMP_0cb8b4d1db8c390eeeecca55|HUMAN_BIOGPS_GNF1H_GCRMA_77_TISSUE_DDOF1,-0.4069665813435382,-0.12941153304357503,-0.27755504829996314,ATYPICAL_ANTIPSYCHOTICS,Atypical antipsychotics,HRH1,Pons
HRH1|EXACT_SINGLE_PROTEIN|HSAMP_13a552b6ffc4aac3b85a50ca|HUMAN_BIOGPS_GNF1H_GCRMA_77_TISSUE_DDOF1,0.8066860352749088,0.724837770386922,0.0818482648879868,ATYPICAL_ANTIPSYCHOTICS,Atypical antipsychotics,HRH1,Amygdala
HRH1|EXACT_SINGLE_PROTEIN|HSAMP_192dff4b8df5862a227b1163|HUMAN_BIOGPS_GNF1H_GCRMA_77_TISSUE_DDOF1,-0.5267059096251675,-0.22402177509656343,-0.3026841345286041,ATYPICAL_ANTIPSYCHOTICS,Atypical antipsychotics,HRH1,SubthalamicNucleus
HRH1|EXACT_SINGLE_PROTEIN|HSAMP_20b60708f05d03c76f9fe702|HUMAN_BIOGPS_GNF1H_GCRMA_77_TISSUE_DDOF1,0.825224067399588,0.7364492300916432,0.08877483730794478,ATYPICAL_ANTIPSYCHOTICS,Atypical antipsychotics,HRH1,CerebellumPeduncles
HRH1|EXACT_SINGLE_PROTEIN|HSAMP_374f872ebf1bbba2be514f9f|HUMAN_BIOGPS_GNF1H_GCRMA_77_TISSUE_DDOF1,-1.149155340482987,-0.776701024636272,-0.37245431584671507,ATYPICAL_ANTIPSYCHOTICS,Atypical antipsychotics,HRH1,GlobusPallidus
HRH1|EXACT_SINGLE_PROTEIN|HSAMP_5c090f15f3e5194312a7e8ed|HUMAN_BIOGPS_GNF1H_GCRMA_77_TISSUE_DDOF1,0.7948154050603815,0.7126912065272721,0.08212419853310937,ATYPICAL_ANTIPSYCHOTICS,Atypical antipsychotics,HRH1,MedullaOblongata
HRH1|EXACT_SINGLE_PROTEIN|HSAMP_752ebc880edc13bb4e2b2de8|HUMAN_BIOGPS_GNF1H_GCRMA_77_TISSUE_DDOF1,1.3680622891810272,1.1014489973174277,0.2666132918635995,ATYPICAL_ANTIPSYCHOTICS,Atypical antipsychotics,HRH1,PrefrontalCortex
HRH1|EXACT_SINGLE_PROTEIN|HSAMP_7725bb8a75064c4d7246d9ba|HUMAN_BIOGPS_GNF1H_GCRMA_77_TISSUE_DDOF1,-0.8232697206603634,-0.4929321388806741,-0.3303375817796893,ATYPICAL_ANTIPSYCHOTICS,Atypical antipsychotics,HRH1,OccipitalLobe
HRH1|EXACT_SINGLE_PROTEIN|HSAMP_8ed020260a1d25cf72324c8a|HUMAN_BIOGPS_GNF1H_GCRMA_77_TISSUE_DDOF1,0.5591731547488072,0.5341907841085051,0.024982370640302176,ATYPICAL_ANTIPSYCHOTICS,Atypical antipsychotics,HRH1,Hypothalamus
HRH1|EXACT_SINGLE_PROTEIN|HSAMP_936b77a4b11b5c19027de438|HUMAN_BIOGPS_GNF1H_GCRMA_77_TISSUE_DDOF1,0.5328947606229455,0.5209169768017198,0.011977783821225718,ATYPICAL_ANTIPSYCHOTICS,Atypical antipsychotics,HRH1,Spinalcord
HRH1|EXACT_SINGLE_PROTEIN|HSAMP_9aa72e4fb1ff63e1792b1ec7|HUMAN_BIOGPS_GNF1H_GCRMA_77_TISSUE_DDOF1,-1.194185433796494,-0.8055400062559797,-0.38864542754051423,ATYPICAL_ANTIPSYCHOTICS,Atypical antipsychotics,HRH1,Cerebellum
HRH1|EXACT_SINGLE_PROTEIN|HSAMP_a32ce488a48b0df9b8c4c40a|HUMAN_BIOGPS_GNF1H_GCRMA_77_TISSUE_DDOF1,-0.8823718421604713,-0.5397233147873343,-0.342648527373137,ATYPICAL_ANTIPSYCHOTICS,Atypical antipsychotics,HRH1,Caudatenucleus
HRH1|EXACT_SINGLE_PROTEIN|HSAMP_d99ba5ea584363f8600ade55|HUMAN_BIOGPS_GNF1H_GCRMA_77_TISSUE_DDOF1,0.6441544693789119,0.5869452706028293,0.05720919877608255,ATYPICAL_ANTIPSYCHOTICS,Atypical antipsychotics,HRH1,CingulateCortex
HRH1|EXACT_SINGLE_PROTEIN|HSAMP_e75262fc0acfda69d976a6d3|HUMAN_BIOGPS_GNF1H_GCRMA_77_TISSUE_DDOF1,0.6140082925950555,0.5654363983275159,0.048571894267539606,ATYPICAL_ANTIPSYCHOTICS,Atypical antipsychotics,HRH1,ParietalLobe
HRH1|EXACT_SINGLE_PROTEIN|HSAMP_eb2587e74e2d6457032d4ae7|HUMAN_BIOGPS_GNF1H_GCRMA_77_TISSUE_DDOF1,-0.6895196608949238,-0.37829738663551293,-0.31122227425941085,ATYPICAL_ANTIPSYCHOTICS,Atypical antipsychotics,HRH1,TemporalLobe
HRH1|EXACT_SINGLE_PROTEIN|HSAMP_f43595f3557cf05e6a721aeb|HUMAN_BIOGPS_GNF1H_GCRMA_77_TISSUE_DDOF1,0.01727729262442284,0.09601278630691157,-0.07873549368248872,ATYPICAL_ANTIPSYCHOTICS,Atypical antipsychotics,HRH1,Thalamus
HRH1|EXACT_SINGLE_PROTEIN|HSAMP_ff841df7ecd9f2c8ea2660f5|HUMAN_BIOGPS_GNF1H_GCRMA_77_TISSUE_DDOF1,-1.3254271532431554,-0.8875262984325198,-0.43790085481063556,ATYPICAL_ANTIPSYCHOTICS,Atypical antipsychotics,HRH1,OlfactoryBulb
HRH2|EXACT_SINGLE_PROTEIN|HSAMP_06645e2e8409a5b743985cdd|HUMAN_BIOGPS_GNF1H_GCRMA_77_TISSUE_DDOF1,-0.69464193733049,0.05644337066861274,-0.7510853079991027,ATYPICAL_ANTIPSYCHOTICS,Atypical antipsychotics,HRH2,Wholebrain
HRH2|EXACT_SINGLE_PROTEIN|HSAMP_0cb8b4d1db8c390eeeecca55|HUMAN_BIOGPS_GNF1H_GCRMA_77_TISSUE_DDOF1,-0.32988980043348387,0.13118721670061845,-0.4610770171341023,ATYPICAL_ANTIPSYCHOTICS,Atypical antipsychotics,HRH2,Pons
HRH2|EXACT_SINGLE_PROTEIN|HSAMP_13a552b6ffc4aac3b85a50ca|HUMAN_BIOGPS_GNF1H_GCRMA_77_TISSUE_DDOF1,0.6236957598103152,0.5238164693910061,0.0998792904193091,ATYPICAL_ANTIPSYCHOTICS,Atypical antipsychotics,HRH2,Amygdala
HRH2|EXACT_SINGLE_PROTEIN|HSAMP_192dff4b8df5862a227b1163|HUMAN_BIOGPS_GNF1H_GCRMA_77_TISSUE_DDOF1,-0.6147502572061241,0.07662164845727687,-0.6913719056634009,ATYPICAL_ANTIPSYCHOTICS,Atypical antipsychotics,HRH2,SubthalamicNucleus
HRH2|EXACT_SINGLE_PROTEIN|HSAMP_20b60708f05d03c76f9fe702|HUMAN_BIOGPS_GNF1H_GCRMA_77_TISSUE_DDOF1,0.7849239795659405,0.5652067660663733,0.2197172134995672,ATYPICAL_ANTIPSYCHOTICS,Atypical antipsychotics,HRH2,CerebellumPeduncles
HRH2|EXACT_SINGLE_PROTEIN|HSAMP_374f872ebf1bbba2be514f9f|HUMAN_BIOGPS_GNF1H_GCRMA_77_TISSUE_DDOF1,-1.2460582398972329,-0.16402285276574835,-1.0820353871314845,ATYPICAL_ANTIPSYCHOTICS,Atypical antipsychotics,HRH2,GlobusPallidus
HRH2|EXACT_SINGLE_PROTEIN|HSAMP_5c090f15f3e5194312a7e8ed|HUMAN_BIOGPS_GNF1H_GCRMA_77_TISSUE_DDOF1,-0.40796698400623327,0.12060084444173269,-0.528567828447966,ATYPICAL_ANTIPSYCHOTICS,Atypical antipsychotics,HRH2,MedullaOblongata
HRH2|EXACT_SINGLE_PROTEIN|HSAMP_752ebc880edc13bb4e2b2de8|HUMAN_BIOGPS_GNF1H_GCRMA_77_TISSUE_DDOF1,0.9724259447294552,0.6585647677152313,0.3138611770142239,ATYPICAL_ANTIPSYCHOTICS,Atypical antipsychotics,HRH2,PrefrontalCortex
HRH2|EXACT_SINGLE_PROTEIN|HSAMP_7725bb8a75064c4d7246d9ba|HUMAN_BIOGPS_GNF1H_GCRMA_77_TISSUE_DDOF1,-0.5287594645081605,0.10084067106413427,-0.6296001355722948,ATYPICAL_ANTIPSYCHOTICS,Atypical antipsychotics,HRH2,OccipitalLobe
HRH2|EXACT_SINGLE_PROTEIN|HSAMP_8ed020260a1d25cf72324c8a|HUMAN_BIOGPS_GNF1H_GCRMA_77_TISSUE_DDOF1,0.5730954222822335,0.5155126836586583,0.057582738623575214,ATYPICAL_ANTIPSYCHOTICS,Atypical antipsychotics,HRH2,Hypothalamus
HRH2|EXACT_SINGLE_PROTEIN|HSAMP_936b77a4b11b5c19027de438|HUMAN_BIOGPS_GNF1H_GCRMA_77_TISSUE_DDOF1,0.5402217412152431,0.5014163554060449,0.038805385809198234,ATYPICAL_ANTIPSYCHOTICS,Atypical antipsychotics,HRH2,Spinalcord
HRH2|EXACT_SINGLE_PROTEIN|HSAMP_9aa72e4fb1ff63e1792b1ec7|HUMAN_BIOGPS_GNF1H_GCRMA_77_TISSUE_DDOF1,-0.8624398965518474,0.012034804132438022,-0.8744747006842855,ATYPICAL_ANTIPSYCHOTICS,Atypical antipsychotics,HRH2,Cerebellum
HRH2|EXACT_SINGLE_PROTEIN|HSAMP_a32ce488a48b0df9b8c4c40a|HUMAN_BIOGPS_GNF1H_GCRMA_77_TISSUE_DDOF1,-0.5757415442072893,0.08785660711012017,-0.6635981513174094,ATYPICAL_ANTIPSYCHOTICS,Atypical antipsychotics,HRH2,Caudatenucleus
HRH2|EXACT_SINGLE_PROTEIN|HSAMP_d99ba5ea584363f8600ade55|HUMAN_BIOGPS_GNF1H_GCRMA_77_TISSUE_DDOF1,0.11882129155482958,0.30518734210793386,-0.1863660505531043,ATYPICAL_ANTIPSYCHOTICS,Atypical antipsychotics,HRH2,CingulateCortex
HRH2|EXACT_SINGLE_PROTEIN|HSAMP_e75262fc0acfda69d976a6d3|HUMAN_BIOGPS_GNF1H_GCRMA_77_TISSUE_DDOF1,0.2912477238662155,0.4366992476939756,-0.1454515238277601,ATYPICAL_ANTIPSYCHOTICS,Atypical antipsychotics,HRH2,ParietalLobe
HRH2|EXACT_SINGLE_PROTEIN|HSAMP_eb2587e74e2d6457032d4ae7|HUMAN_BIOGPS_GNF1H_GCRMA_77_TISSUE_DDOF1,-0.6147502572061241,0.07662164845727687,-0.6913719056634009,ATYPICAL_ANTIPSYCHOTICS,Atypical antipsychotics,HRH2,TemporalLobe
HRH2|EXACT_SINGLE_PROTEIN|HSAMP_f43595f3557cf05e6a721aeb|HUMAN_BIOGPS_GNF1H_GCRMA_77_TISSUE_DDOF1,0.16293091698469325,0.39540021542538034,-0.2324692984406871,ATYPICAL_ANTIPSYCHOTICS,Atypical antipsychotics,HRH2,Thalamus
HRH2|EXACT_SINGLE_PROTEIN|HSAMP_ff841df7ecd9f2c8ea2660f5|HUMAN_BIOGPS_GNF1H_GCRMA_77_TISSUE_DDOF1,-1.111824416274675,-0.09388239162323704,-1.0179420246514381,ATYPICAL_ANTIPSYCHOTICS,Atypical antipsychotics,HRH2,OlfactoryBulb
HRH3|EXACT_SINGLE_PROTEIN|HSAMP_06645e2e8409a5b743985cdd|HUMAN_BIOGPS_GNF1H_GCRMA_77_TISSUE_DDOF1,-0.6006161550639517,0.1477051903405798,-0.7483213454045315,ATYPICAL_ANTIPSYCHOTICS,Atypical antipsychotics,HRH3,Wholebrain
HRH3|EXACT_SINGLE_PROTEIN|HSAMP_0cb8b4d1db8c390eeeecca55|HUMAN_BIOGPS_GNF1H_GCRMA_77_TISSUE_DDOF1,1.692248372544127,0.7828359312010404,0.9094124413430866,ATYPICAL_ANTIPSYCHOTICS,Atypical antipsychotics,HRH3,Pons
HRH3|EXACT_SINGLE_PROTEIN|HSAMP_13a552b6ffc4aac3b85a50ca|HUMAN_BIOGPS_GNF1H_GCRMA_77_TISSUE_DDOF1,1.2527025925413384,0.6688533820986625,0.5838492104426759,ATYPICAL_ANTIPSYCHOTICS,Atypical antipsychotics,HRH3,Amygdala
HRH3|EXACT_SINGLE_PROTEIN|HSAMP_192dff4b8df5862a227b1163|HUMAN_BIOGPS_GNF1H_GCRMA_77_TISSUE_DDOF1,-0.2944374804881566,0.20007178984225965,-0.49450927033041625,ATYPICAL_ANTIPSYCHOTICS,Atypical antipsychotics,HRH3,SubthalamicNucleus
HRH3|EXACT_SINGLE_PROTEIN|HSAMP_20b60708f05d03c76f9fe702|HUMAN_BIOGPS_GNF1H_GCRMA_77_TISSUE_DDOF1,1.3879524819067366,0.7004902339534262,0.6874622479533103,ATYPICAL_ANTIPSYCHOTICS,Atypical antipsychotics,HRH3,CerebellumPeduncles
HRH3|EXACT_SINGLE_PROTEIN|HSAMP_374f872ebf1bbba2be514f9f|HUMAN_BIOGPS_GNF1H_GCRMA_77_TISSUE_DDOF1,-0.2944374804881566,0.20007178984225965,-0.49450927033041625,ATYPICAL_ANTIPSYCHOTICS,Atypical antipsychotics,HRH3,GlobusPallidus
HRH3|EXACT_SINGLE_PROTEIN|HSAMP_5c090f15f3e5194312a7e8ed|HUMAN_BIOGPS_GNF1H_GCRMA_77_TISSUE_DDOF1,-0.579486871939126,0.15039213965371478,-0.7298790115928407,ATYPICAL_ANTIPSYCHOTICS,Atypical antipsychotics,HRH3,MedullaOblongata
HRH3|EXACT_SINGLE_PROTEIN|HSAMP_752ebc880edc13bb4e2b2de8|HUMAN_BIOGPS_GNF1H_GCRMA_77_TISSUE_DDOF1,0.9161777783021304,0.5668697440220354,0.34930803428009505,ATYPICAL_ANTIPSYCHOTICS,Atypical antipsychotics,HRH3,PrefrontalCortex
HRH3|EXACT_SINGLE_PROTEIN|HSAMP_7725bb8a75064c4d7246d9ba|HUMAN_BIOGPS_GNF1H_GCRMA_77_TISSUE_DDOF1,-0.752466582207291,0.12217905656425396,-0.874645638771545,ATYPICAL_ANTIPSYCHOTICS,Atypical antipsychotics,HRH3,OccipitalLobe
HRH3|EXACT_SINGLE_PROTEIN|HSAMP_8ed020260a1d25cf72324c8a|HUMAN_BIOGPS_GNF1H_GCRMA_77_TISSUE_DDOF1,0.6529275844741798,0.515638813396912,0.13728877107726778,ATYPICAL_ANTIPSYCHOTICS,Atypical antipsychotics,HRH3,Hypothalamus
HRH3|EXACT_SINGLE_PROTEIN|HSAMP_936b77a4b11b5c19027de438|HUMAN_BIOGPS_GNF1H_GCRMA_77_TISSUE_DDOF1,0.11925842600217923,0.40517679016835306,-0.28591836416617383,ATYPICAL_ANTIPSYCHOTICS,Atypical antipsychotics,HRH3,Spinalcord
HRH3|EXACT_SINGLE_PROTEIN|HSAMP_9aa72e4fb1ff63e1792b1ec7|HUMAN_BIOGPS_GNF1H_GCRMA_77_TISSUE_DDOF1,0.11925842600217923,0.40517679016835195,-0.2859183641661727,ATYPICAL_ANTIPSYCHOTICS,Atypical antipsychotics,HRH3,Cerebellum
HRH3|EXACT_SINGLE_PROTEIN|HSAMP_a32ce488a48b0df9b8c4c40a|HUMAN_BIOGPS_GNF1H_GCRMA_77_TISSUE_DDOF1,1.778882154850171,0.8034221094081928,0.9754600454419782,ATYPICAL_ANTIPSYCHOTICS,Atypical antipsychotics,HRH3,Caudatenucleus
HRH3|EXACT_SINGLE_PROTEIN|HSAMP_d99ba5ea584363f8600ade55|HUMAN_BIOGPS_GNF1H_GCRMA_77_TISSUE_DDOF1,0.9001439685126971,0.5635308852424693,0.33661308327022776,ATYPICAL_ANTIPSYCHOTICS,Atypical antipsychotics,HRH3,CingulateCortex
HRH3|EXACT_SINGLE_PROTEIN|HSAMP_e75262fc0acfda69d976a6d3|HUMAN_BIOGPS_GNF1H_GCRMA_77_TISSUE_DDOF1,0.7409271833660481,0.5266623971253283,0.21426478624071987,ATYPICAL_ANTIPSYCHOTICS,Atypical antipsychotics,HRH3,ParietalLobe
HRH3|EXACT_SINGLE_PROTEIN|HSAMP_eb2587e74e2d6457032d4ae7|HUMAN_BIOGPS_GNF1H_GCRMA_77_TISSUE_DDOF1,1.5656611786996053,0.748045910041823,0.8176152686577823,ATYPICAL_ANTIPSYCHOTICS,Atypical antipsychotics,HRH3,TemporalLobe
HRH3|EXACT_SINGLE_PROTEIN|HSAMP_f43595f3557cf05e6a721aeb|HUMAN_BIOGPS_GNF1H_GCRMA_77_TISSUE_DDOF1,1.8513203098129016,0.8254467902151155,1.0258735195977862,ATYPICAL_ANTIPSYCHOTICS,Atypical antipsychotics,HRH3,Thalamus
HRH3|EXACT_SINGLE_PROTEIN|HSAMP_ff841df7ecd9f2c8ea2660f5|HUMAN_BIOGPS_GNF1H_GCRMA_77_TISSUE_DDOF1,-1.2842121542417289,0.02827797190716306,-1.312490126148892,ATYPICAL_ANTIPSYCHOTICS,Atypical antipsychotics,HRH3,OlfactoryBulb
HTR1A|EXACT_SINGLE_PROTEIN|HSAMP_06645e2e8409a5b743985cdd|HUMAN_BIOGPS_GNF1H_GCRMA_77_TISSUE_DDOF1,-0.5957660949253106,-0.18401653235077953,-0.4117495625745311,ATYPICAL_ANTIPSYCHOTICS,Atypical antipsychotics,HTR1A,Wholebrain
HTR1A|EXACT_SINGLE_PROTEIN|HSAMP_0cb8b4d1db8c390eeeecca55|HUMAN_BIOGPS_GNF1H_GCRMA_77_TISSUE_DDOF1,-0.07343873567882814,0.08488769556974138,-0.15832643124856952,ATYPICAL_ANTIPSYCHOTICS,Atypical antipsychotics,HTR1A,Pons
HTR1A|EXACT_SINGLE_PROTEIN|HSAMP_13a552b6ffc4aac3b85a50ca|HUMAN_BIOGPS_GNF1H_GCRMA_77_TISSUE_DDOF1,0.5992580300558955,0.5465733154554109,0.05268471460048463,ATYPICAL_ANTIPSYCHOTICS,Atypical antipsychotics,HTR1A,Amygdala
HTR1A|EXACT_SINGLE_PROTEIN|HSAMP_192dff4b8df5862a227b1163|HUMAN_BIOGPS_GNF1H_GCRMA_77_TISSUE_DDOF1,-0.46981645046688625,-0.09333461249265587,-0.3764818379742304,ATYPICAL_ANTIPSYCHOTICS,Atypical antipsychotics,HTR1A,SubthalamicNucleus
HTR1A|EXACT_SINGLE_PROTEIN|HSAMP_20b60708f05d03c76f9fe702|HUMAN_BIOGPS_GNF1H_GCRMA_77_TISSUE_DDOF1,0.8380957814805369,0.6899854505764205,0.1481103309041164,ATYPICAL_ANTIPSYCHOTICS,Atypical antipsychotics,HTR1A,CerebellumPeduncles
HTR1A|EXACT_SINGLE_PROTEIN|HSAMP_374f872ebf1bbba2be514f9f|HUMAN_BIOGPS_GNF1H_GCRMA_77_TISSUE_DDOF1,-1.1424650971158654,-0.544536440448676,-0.5979286566671894,ATYPICAL_ANTIPSYCHOTICS,Atypical antipsychotics,HTR1A,GlobusPallidus
HTR1A|EXACT_SINGLE_PROTEIN|HSAMP_5c090f15f3e5194312a7e8ed|HUMAN_BIOGPS_GNF1H_GCRMA_77_TISSUE_DDOF1,-0.3789744887206786,-0.054230994407086223,-0.3247434943135924,ATYPICAL_ANTIPSYCHOTICS,Atypical antipsychotics,HTR1A,MedullaOblongata
HTR1A|EXACT_SINGLE_PROTEIN|HSAMP_752ebc880edc13bb4e2b2de8|HUMAN_BIOGPS_GNF1H_GCRMA_77_TISSUE_DDOF1,1.1245399538714471,0.8753749680361086,0.24916498583533853,ATYPICAL_ANTIPSYCHOTICS,Atypical antipsychotics,HTR1A,PrefrontalCortex
HTR1A|EXACT_SINGLE_PROTEIN|HSAMP_7725bb8a75064c4d7246d9ba|HUMAN_BIOGPS_GNF1H_GCRMA_77_TISSUE_DDOF1,-0.46981645046688625,-0.09333461249265587,-0.3764818379742304,ATYPICAL_ANTIPSYCHOTICS,Atypical antipsychotics,HTR1A,OccipitalLobe
HTR1A|EXACT_SINGLE_PROTEIN|HSAMP_8ed020260a1d25cf72324c8a|HUMAN_BIOGPS_GNF1H_GCRMA_77_TISSUE_DDOF1,0.7780412977138788,0.6524705315524997,0.12557076616137908,ATYPICAL_ANTIPSYCHOTICS,Atypical antipsychotics,HTR1A,Hypothalamus
HTR1A|EXACT_SINGLE_PROTEIN|HSAMP_936b77a4b11b5c19027de438|HUMAN_BIOGPS_GNF1H_GCRMA_77_TISSUE_DDOF1,0.6595350719470643,0.5767020036660456,0.08283306828101866,ATYPICAL_ANTIPSYCHOTICS,Atypical antipsychotics,HTR1A,Spinalcord
HTR1A|EXACT_SINGLE_PROTEIN|HSAMP_9aa72e4fb1ff63e1792b1ec7|HUMAN_BIOGPS_GNF1H_GCRMA_77_TISSUE_DDOF1,-0.8647156225397274,-0.34667154543580436,-0.5180440771039231,ATYPICAL_ANTIPSYCHOTICS,Atypical antipsychotics,HTR1A,Cerebellum
HTR1A|EXACT_SINGLE_PROTEIN|HSAMP_a32ce488a48b0df9b8c4c40a|HUMAN_BIOGPS_GNF1H_GCRMA_77_TISSUE_DDOF1,-0.46981645046688625,-0.09333461249265587,-0.3764818379742304,ATYPICAL_ANTIPSYCHOTICS,Atypical antipsychotics,HTR1A,Caudatenucleus
HTR1A|EXACT_SINGLE_PROTEIN|HSAMP_d99ba5ea584363f8600ade55|HUMAN_BIOGPS_GNF1H_GCRMA_77_TISSUE_DDOF1,0.5992580300558955,0.5465733154554109,0.05268471460048463,ATYPICAL_ANTIPSYCHOTICS,Atypical antipsychotics,HTR1A,CingulateCortex
HTR1A|EXACT_SINGLE_PROTEIN|HSAMP_e75262fc0acfda69d976a6d3|HUMAN_BIOGPS_GNF1H_GCRMA_77_TISSUE_DDOF1,0.5992580300558955,0.5465733154554109,0.05268471460048463,ATYPICAL_ANTIPSYCHOTICS,Atypical antipsychotics,HTR1A,ParietalLobe
HTR1A|EXACT_SINGLE_PROTEIN|HSAMP_eb2587e74e2d6457032d4ae7|HUMAN_BIOGPS_GNF1H_GCRMA_77_TISSUE_DDOF1,-0.07343873567882814,0.08488769556974138,-0.15832643124856952,ATYPICAL_ANTIPSYCHOTICS,Atypical antipsychotics,HTR1A,TemporalLobe
HTR1A|EXACT_SINGLE_PROTEIN|HSAMP_f43595f3557cf05e6a721aeb|HUMAN_BIOGPS_GNF1H_GCRMA_77_TISSUE_DDOF1,0.4891503870061959,0.4819209850445303,0.007229401961665605,ATYPICAL_ANTIPSYCHOTICS,Atypical antipsychotics,HTR1A,Thalamus
HTR1A|EXACT_SINGLE_PROTEIN|HSAMP_ff841df7ecd9f2c8ea2660f5|HUMAN_BIOGPS_GNF1H_GCRMA_77_TISSUE_DDOF1,-0.918925401217871,-0.3771253352066859,-0.5418000660111851,ATYPICAL_ANTIPSYCHOTICS,Atypical antipsychotics,HTR1A,OlfactoryBulb
HTR2A|EXACT_SINGLE_PROTEIN|HSAMP_06645e2e8409a5b743985cdd|HUMAN_BIOGPS_GNF1H_GCRMA_77_TISSUE_DDOF1,-0.501889385623247,-0.5691171313286603,0.06722774570541323,ATYPICAL_ANTIPSYCHOTICS,Atypical antipsychotics,HTR2A,Wholebrain
HTR2A|EXACT_SINGLE_PROTEIN|HSAMP_0cb8b4d1db8c390eeeecca55|HUMAN_BIOGPS_GNF1H_GCRMA_77_TISSUE_DDOF1,0.7550862876365918,0.7754598531357451,-0.020373565499153257,ATYPICAL_ANTIPSYCHOTICS,Atypical antipsychotics,HTR2A,Pons
HTR2A|EXACT_SINGLE_PROTEIN|HSAMP_13a552b6ffc4aac3b85a50ca|HUMAN_BIOGPS_GNF1H_GCRMA_77_TISSUE_DDOF1,-0.0010801883095069333,-0.04415280934580017,0.04307262103629324,ATYPICAL_ANTIPSYCHOTICS,Atypical antipsychotics,HTR2A,Amygdala
HTR2A|EXACT_SINGLE_PROTEIN|HSAMP_192dff4b8df5862a227b1163|HUMAN_BIOGPS_GNF1H_GCRMA_77_TISSUE_DDOF1,1.8248712253216783,1.8836890358299145,-0.0588178105082362,ATYPICAL_ANTIPSYCHOTICS,Atypical antipsychotics,HTR2A,SubthalamicNucleus
HTR2A|EXACT_SINGLE_PROTEIN|HSAMP_20b60708f05d03c76f9fe702|HUMAN_BIOGPS_GNF1H_GCRMA_77_TISSUE_DDOF1,0.15542914123537316,0.14801205252618532,0.007417088709187836,ATYPICAL_ANTIPSYCHOTICS,Atypical antipsychotics,HTR2A,CerebellumPeduncles
HTR2A|EXACT_SINGLE_PROTEIN|HSAMP_374f872ebf1bbba2be514f9f|HUMAN_BIOGPS_GNF1H_GCRMA_77_TISSUE_DDOF1,0.7873574784129308,0.8058926543606658,-0.018535175947735016,ATYPICAL_ANTIPSYCHOTICS,Atypical antipsychotics,HTR2A,GlobusPallidus
HTR2A|EXACT_SINGLE_PROTEIN|HSAMP_5c090f15f3e5194312a7e8ed|HUMAN_BIOGPS_GNF1H_GCRMA_77_TISSUE_DDOF1,0.9983355707971303,1.044213252147431,-0.04587768135030068,ATYPICAL_ANTIPSYCHOTICS,Atypical antipsychotics,HTR2A,MedullaOblongata
HTR2A|EXACT_SINGLE_PROTEIN|HSAMP_752ebc880edc13bb4e2b2de8|HUMAN_BIOGPS_GNF1H_GCRMA_77_TISSUE_DDOF1,2.5178271736327495,2.5951974001054094,-0.0773702264726599,ATYPICAL_ANTIPSYCHOTICS,Atypical antipsychotics,HTR2A,PrefrontalCortex
HTR2A|EXACT_SINGLE_PROTEIN|HSAMP_7725bb8a75064c4d7246d9ba|HUMAN_BIOGPS_GNF1H_GCRMA_77_TISSUE_DDOF1,1.9189228621609054,1.980114841107752,-0.06119197894684669,ATYPICAL_ANTIPSYCHOTICS,Atypical antipsychotics,HTR2A,OccipitalLobe
HTR2A|EXACT_SINGLE_PROTEIN|HSAMP_8ed020260a1d25cf72324c8a|HUMAN_BIOGPS_GNF1H_GCRMA_77_TISSUE_DDOF1,0.10269010257251229,0.0840807078295766,0.018609394742935687,ATYPICAL_ANTIPSYCHOTICS,Atypical antipsychotics,HTR2A,Hypothalamus
HTR2A|EXACT_SINGLE_PROTEIN|HSAMP_936b77a4b11b5c19027de438|HUMAN_BIOGPS_GNF1H_GCRMA_77_TISSUE_DDOF1,0.01848317484977023,-0.003166721418721232,0.021649896268491464,ATYPICAL_ANTIPSYCHOTICS,Atypical antipsychotics,HTR2A,Spinalcord
HTR2A|EXACT_SINGLE_PROTEIN|HSAMP_9aa72e4fb1ff63e1792b1ec7|HUMAN_BIOGPS_GNF1H_GCRMA_77_TISSUE_DDOF1,-0.6576786000974707,-0.7411288294815772,0.08345022938410651,ATYPICAL_ANTIPSYCHOTICS,Atypical antipsychotics,HTR2A,Cerebellum
HTR2A|EXACT_SINGLE_PROTEIN|HSAMP_a32ce488a48b0df9b8c4c40a|HUMAN_BIOGPS_GNF1H_GCRMA_77_TISSUE_DDOF1,-0.501889385623247,-0.5691171313286603,0.06722774570541323,ATYPICAL_ANTIPSYCHOTICS,Atypical antipsychotics,HTR2A,Caudatenucleus
HTR2A|EXACT_SINGLE_PROTEIN|HSAMP_d99ba5ea584363f8600ade55|HUMAN_BIOGPS_GNF1H_GCRMA_77_TISSUE_DDOF1,1.4832047216785647,1.5608970186014026,-0.07769229692283797,ATYPICAL_ANTIPSYCHOTICS,Atypical antipsychotics,HTR2A,CingulateCortex
HTR2A|EXACT_SINGLE_PROTEIN|HSAMP_e75262fc0acfda69d976a6d3|HUMAN_BIOGPS_GNF1H_GCRMA_77_TISSUE_DDOF1,1.4195828780719864,1.4870950181009932,-0.06751214002900685,ATYPICAL_ANTIPSYCHOTICS,Atypical antipsychotics,HTR2A,ParietalLobe
HTR2A|EXACT_SINGLE_PROTEIN|HSAMP_eb2587e74e2d6457032d4ae7|HUMAN_BIOGPS_GNF1H_GCRMA_77_TISSUE_DDOF1,1.2527025925413384,1.343599437621441,-0.09089684508010265,ATYPICAL_ANTIPSYCHOTICS,Atypical antipsychotics,HTR2A,TemporalLobe
HTR2A|EXACT_SINGLE_PROTEIN|HSAMP_f43595f3557cf05e6a721aeb|HUMAN_BIOGPS_GNF1H_GCRMA_77_TISSUE_DDOF1,-0.11666409904318278,-0.18116308142229656,0.06449898237911378,ATYPICAL_ANTIPSYCHOTICS,Atypical antipsychotics,HTR2A,Thalamus
HTR2A|EXACT_SINGLE_PROTEIN|HSAMP_ff841df7ecd9f2c8ea2660f5|HUMAN_BIOGPS_GNF1H_GCRMA_77_TISSUE_DDOF1,-0.6923974874967989,-0.767827813511759,0.07543032601496014,ATYPICAL_ANTIPSYCHOTICS,Atypical antipsychotics,HTR2A,OlfactoryBulb
HTR2B|EXACT_SINGLE_PROTEIN|HSAMP_06645e2e8409a5b743985cdd|HUMAN_BIOGPS_GNF1H_GCRMA_77_TISSUE_DDOF1,-1.0334111776743673,-0.631108540175676,-0.40230263749869133,ATYPICAL_ANTIPSYCHOTICS,Atypical antipsychotics,HTR2B,Wholebrain
HTR2B|EXACT_SINGLE_PROTEIN|HSAMP_0cb8b4d1db8c390eeeecca55|HUMAN_BIOGPS_GNF1H_GCRMA_77_TISSUE_DDOF1,-0.3101525274680148,-0.025891058726856285,-0.28426146874115854,ATYPICAL_ANTIPSYCHOTICS,Atypical antipsychotics,HTR2B,Pons
HTR2B|EXACT_SINGLE_PROTEIN|HSAMP_13a552b6ffc4aac3b85a50ca|HUMAN_BIOGPS_GNF1H_GCRMA_77_TISSUE_DDOF1,0.18107465613939241,0.26105048512097206,-0.07997582898157965,ATYPICAL_ANTIPSYCHOTICS,Atypical antipsychotics,HTR2B,Amygdala
HTR2B|EXACT_SINGLE_PROTEIN|HSAMP_192dff4b8df5862a227b1163|HUMAN_BIOGPS_GNF1H_GCRMA_77_TISSUE_DDOF1,-0.5404392638990756,-0.1748962074524924,-0.3655430564465832,ATYPICAL_ANTIPSYCHOTICS,Atypical antipsychotics,HTR2B,SubthalamicNucleus
HTR2B|EXACT_SINGLE_PROTEIN|HSAMP_20b60708f05d03c76f9fe702|HUMAN_BIOGPS_GNF1H_GCRMA_77_TISSUE_DDOF1,0.8946254119794056,0.7746508051081252,0.11997460687128036,ATYPICAL_ANTIPSYCHOTICS,Atypical antipsychotics,HTR2B,CerebellumPeduncles
HTR2B|EXACT_SINGLE_PROTEIN|HSAMP_374f872ebf1bbba2be514f9f|HUMAN_BIOGPS_GNF1H_GCRMA_77_TISSUE_DDOF1,-1.3347395406665359,-0.828237203956983,-0.5065023367095529,ATYPICAL_ANTIPSYCHOTICS,Atypical antipsychotics,HTR2B,GlobusPallidus
HTR2B|EXACT_SINGLE_PROTEIN|HSAMP_5c090f15f3e5194312a7e8ed|HUMAN_BIOGPS_GNF1H_GCRMA_77_TISSUE_DDOF1,-0.6387511578710472,-0.2800597182456702,-0.358691439625377,ATYPICAL_ANTIPSYCHOTICS,Atypical antipsychotics,HTR2B,MedullaOblongata
HTR2B|EXACT_SINGLE_PROTEIN|HSAMP_752ebc880edc13bb4e2b2de8|HUMAN_BIOGPS_GNF1H_GCRMA_77_TISSUE_DDOF1,1.0464163659167245,0.8795413509177256,0.16687501499899893,ATYPICAL_ANTIPSYCHOTICS,Atypical antipsychotics,HTR2B,PrefrontalCortex
HTR2B|EXACT_SINGLE_PROTEIN|HSAMP_7725bb8a75064c4d7246d9ba|HUMAN_BIOGPS_GNF1H_GCRMA_77_TISSUE_DDOF1,-0.7317658218873848,-0.36993022212860593,-0.3618355997587789,ATYPICAL_ANTIPSYCHOTICS,Atypical antipsychotics,HTR2B,OccipitalLobe
HTR2B|EXACT_SINGLE_PROTEIN|HSAMP_8ed020260a1d25cf72324c8a|HUMAN_BIOGPS_GNF1H_GCRMA_77_TISSUE_DDOF1,0.616731591469423,0.5621161114798097,0.05461547998961336,ATYPICAL_ANTIPSYCHOTICS,Atypical antipsychotics,HTR2B,Hypothalamus
HTR2B|EXACT_SINGLE_PROTEIN|HSAMP_936b77a4b11b5c19027de438|HUMAN_BIOGPS_GNF1H_GCRMA_77_TISSUE_DDOF1,0.616731591469423,0.5621161114798097,0.05461547998961336,ATYPICAL_ANTIPSYCHOTICS,Atypical antipsychotics,HTR2B,Spinalcord
HTR2B|EXACT_SINGLE_PROTEIN|HSAMP_9aa72e4fb1ff63e1792b1ec7|HUMAN_BIOGPS_GNF1H_GCRMA_77_TISSUE_DDOF1,-1.0334111776743673,-0.631108540175676,-0.40230263749869133,ATYPICAL_ANTIPSYCHOTICS,Atypical antipsychotics,HTR2B,Cerebellum
HTR2B|EXACT_SINGLE_PROTEIN|HSAMP_a32ce488a48b0df9b8c4c40a|HUMAN_BIOGPS_GNF1H_GCRMA_77_TISSUE_DDOF1,-0.6794752792208592,-0.33458433446893787,-0.3448909447519213,ATYPICAL_ANTIPSYCHOTICS,Atypical antipsychotics,HTR2B,Caudatenucleus
HTR2B|EXACT_SINGLE_PROTEIN|HSAMP_d99ba5ea584363f8600ade55|HUMAN_BIOGPS_GNF1H_GCRMA_77_TISSUE_DDOF1,0.4245875814465141,0.43872336767207387,-0.014135786225559777,ATYPICAL_ANTIPSYCHOTICS,Atypical antipsychotics,HTR2B,CingulateCortex
HTR2B|EXACT_SINGLE_PROTEIN|HSAMP_e75262fc0acfda69d976a6d3|HUMAN_BIOGPS_GNF1H_GCRMA_77_TISSUE_DDOF1,0.7144229674830372,0.6221084653318175,0.09231450215121972,ATYPICAL_ANTIPSYCHOTICS,Atypical antipsychotics,HTR2B,ParietalLobe
HTR2B|EXACT_SINGLE_PROTEIN|HSAMP_eb2587e74e2d6457032d4ae7|HUMAN_BIOGPS_GNF1H_GCRMA_77_TISSUE_DDOF1,-0.47798387534273784,-0.12066187807006559,-0.3573219972726722,ATYPICAL_ANTIPSYCHOTICS,Atypical antipsychotics,HTR2B,TemporalLobe
HTR2B|EXACT_SINGLE_PROTEIN|HSAMP_f43595f3557cf05e6a721aeb|HUMAN_BIOGPS_GNF1H_GCRMA_77_TISSUE_DDOF1,0.18107465613939241,0.26105048512097206,-0.07997582898157965,ATYPICAL_ANTIPSYCHOTICS,Atypical antipsychotics,HTR2B,Thalamus
HTR2B|EXACT_SINGLE_PROTEIN|HSAMP_ff841df7ecd9f2c8ea2660f5|HUMAN_BIOGPS_GNF1H_GCRMA_77_TISSUE_DDOF1,-1.194185433796494,-0.7417297664448597,-0.4524556673516342,ATYPICAL_ANTIPSYCHOTICS,Atypical antipsychotics,HTR2B,OlfactoryBulb
HTR2C|EXACT_SINGLE_PROTEIN|HSAMP_06645e2e8409a5b743985cdd|HUMAN_BIOGPS_GNF1H_GCRMA_77_TISSUE_DDOF1,-0.16416783623614478,-0.07789827145487999,-0.0862695647812648,ATYPICAL_ANTIPSYCHOTICS,Atypical antipsychotics,HTR2C,Wholebrain
HTR2C|EXACT_SINGLE_PROTEIN|HSAMP_0cb8b4d1db8c390eeeecca55|HUMAN_BIOGPS_GNF1H_GCRMA_77_TISSUE_DDOF1,-0.05803169638664834,-0.0031033354108958335,-0.0549283609757525,ATYPICAL_ANTIPSYCHOTICS,Atypical antipsychotics,HTR2C,Pons
HTR2C|EXACT_SINGLE_PROTEIN|HSAMP_13a552b6ffc4aac3b85a50ca|HUMAN_BIOGPS_GNF1H_GCRMA_77_TISSUE_DDOF1,1.4450285494855648,1.3146544385994643,0.1303741108861005,ATYPICAL_ANTIPSYCHOTICS,Atypical antipsychotics,HTR2C,Amygdala
HTR2C|EXACT_SINGLE_PROTEIN|HSAMP_192dff4b8df5862a227b1163|HUMAN_BIOGPS_GNF1H_GCRMA_77_TISSUE_DDOF1,-0.09682379681683796,-0.0241186049637107,-0.07270519185312727,ATYPICAL_ANTIPSYCHOTICS,Atypical antipsychotics,HTR2C,SubthalamicNucleus
HTR2C|EXACT_SINGLE_PROTEIN|HSAMP_20b60708f05d03c76f9fe702|HUMAN_BIOGPS_GNF1H_GCRMA_77_TISSUE_DDOF1,0.04454906146442492,0.07326887313083658,-0.028719811666411653,ATYPICAL_ANTIPSYCHOTICS,Atypical antipsychotics,HTR2C,CerebellumPeduncles
HTR2C|EXACT_SINGLE_PROTEIN|HSAMP_374f872ebf1bbba2be514f9f|HUMAN_BIOGPS_GNF1H_GCRMA_77_TISSUE_DDOF1,-0.22356263192545178,-0.11902310323406375,-0.10453952869138804,ATYPICAL_ANTIPSYCHOTICS,Atypical antipsychotics,HTR2C,GlobusPallidus
HTR2C|EXACT_SINGLE_PROTEIN|HSAMP_5c090f15f3e5194312a7e8ed|HUMAN_BIOGPS_GNF1H_GCRMA_77_TISSUE_DDOF1,0.13761647969175556,0.1551821648914936,-0.017565685199738057,ATYPICAL_ANTIPSYCHOTICS,Atypical antipsychotics,HTR2C,MedullaOblongata
HTR2C|EXACT_SINGLE_PROTEIN|HSAMP_752ebc880edc13bb4e2b2de8|HUMAN_BIOGPS_GNF1H_GCRMA_77_TISSUE_DDOF1,0.05497807421463483,0.08447760933235757,-0.029499535117722735,ATYPICAL_ANTIPSYCHOTICS,Atypical antipsychotics,HTR2C,PrefrontalCortex
HTR2C|EXACT_SINGLE_PROTEIN|HSAMP_7725bb8a75064c4d7246d9ba|HUMAN_BIOGPS_GNF1H_GCRMA_77_TISSUE_DDOF1,-0.13851778771955958,-0.05766205711773304,-0.08085573060182655,ATYPICAL_ANTIPSYCHOTICS,Atypical antipsychotics,HTR2C,OccipitalLobe
HTR2C|EXACT_SINGLE_PROTEIN|HSAMP_8ed020260a1d25cf72324c8a|HUMAN_BIOGPS_GNF1H_GCRMA_77_TISSUE_DDOF1,1.9574004412324757,1.8434985870372658,0.11390185419520993,ATYPICAL_ANTIPSYCHOTICS,Atypical antipsychotics,HTR2C,Hypothalamus
HTR2C|EXACT_SINGLE_PROTEIN|HSAMP_936b77a4b11b5c19027de438|HUMAN_BIOGPS_GNF1H_GCRMA_77_TISSUE_DDOF1,-0.01142305945911525,0.027170161836679547,-0.038593221295794795,ATYPICAL_ANTIPSYCHOTICS,Atypical antipsychotics,HTR2C,Spinalcord
HTR2C|EXACT_SINGLE_PROTEIN|HSAMP_9aa72e4fb1ff63e1792b1ec7|HUMAN_BIOGPS_GNF1H_GCRMA_77_TISSUE_DDOF1,-0.18623638692149827,-0.09912804545213873,-0.08710834146935954,ATYPICAL_ANTIPSYCHOTICS,Atypical antipsychotics,HTR2C,Cerebellum
HTR2C|EXACT_SINGLE_PROTEIN|HSAMP_a32ce488a48b0df9b8c4c40a|HUMAN_BIOGPS_GNF1H_GCRMA_77_TISSUE_DDOF1,2.533933170791423,2.3988359049936028,0.13509726579782022,ATYPICAL_ANTIPSYCHOTICS,Atypical antipsychotics,HTR2C,Caudatenucleus
HTR2C|EXACT_SINGLE_PROTEIN|HSAMP_d99ba5ea584363f8600ade55|HUMAN_BIOGPS_GNF1H_GCRMA_77_TISSUE_DDOF1,-0.022691925819512807,0.021622641739288566,-0.04431456755880137,ATYPICAL_ANTIPSYCHOTICS,Atypical antipsychotics,HTR2C,CingulateCortex
HTR2C|EXACT_SINGLE_PROTEIN|HSAMP_e75262fc0acfda69d976a6d3|HUMAN_BIOGPS_GNF1H_GCRMA_77_TISSUE_DDOF1,0.004312545155705039,0.04007584322915661,-0.03576329807345157,ATYPICAL_ANTIPSYCHOTICS,Atypical antipsychotics,HTR2C,ParietalLobe
HTR2C|EXACT_SINGLE_PROTEIN|HSAMP_eb2587e74e2d6457032d4ae7|HUMAN_BIOGPS_GNF1H_GCRMA_77_TISSUE_DDOF1,-0.10140595068348542,-0.027947534657457584,-0.07345841602602783,ATYPICAL_ANTIPSYCHOTICS,Atypical antipsychotics,HTR2C,TemporalLobe
HTR2C|EXACT_SINGLE_PROTEIN|HSAMP_f43595f3557cf05e6a721aeb|HUMAN_BIOGPS_GNF1H_GCRMA_77_TISSUE_DDOF1,-0.00472467592650918,0.033158182006205794,-0.037882857932714974,ATYPICAL_ANTIPSYCHOTICS,Atypical antipsychotics,HTR2C,Thalamus
HTR2C|EXACT_SINGLE_PROTEIN|HSAMP_ff841df7ecd9f2c8ea2660f5|HUMAN_BIOGPS_GNF1H_GCRMA_77_TISSUE_DDOF1,-0.22109091370694864,-0.1150961125184773,-0.10599480118847134,ATYPICAL_ANTIPSYCHOTICS,Atypical antipsychotics,HTR2C,OlfactoryBulb
KCNH2|EXACT_SINGLE_PROTEIN|HSAMP_06645e2e8409a5b743985cdd|HUMAN_BIOGPS_GNF1H_GCRMA_77_TISSUE_DDOF1,0.6721433940176287,0.530823885848505,0.14131950816912364,ATYPICAL_ANTIPSYCHOTICS,Atypical antipsychotics,KCNH2,Wholebrain
KCNH2|EXACT_SINGLE_PROTEIN|HSAMP_0cb8b4d1db8c390eeeecca55|HUMAN_BIOGPS_GNF1H_GCRMA_77_TISSUE_DDOF1,-0.5097769944378396,0.10361097065852862,-0.6133879650963683,ATYPICAL_ANTIPSYCHOTICS,Atypical antipsychotics,KCNH2,Pons
KCNH2|EXACT_SINGLE_PROTEIN|HSAMP_13a552b6ffc4aac3b85a50ca|HUMAN_BIOGPS_GNF1H_GCRMA_77_TISSUE_DDOF1,-0.5953865481483204,0.08558740032638015,-0.6809739484747005,ATYPICAL_ANTIPSYCHOTICS,Atypical antipsychotics,KCNH2,Amygdala
KCNH2|EXACT_SINGLE_PROTEIN|HSAMP_192dff4b8df5862a227b1163|HUMAN_BIOGPS_GNF1H_GCRMA_77_TISSUE_DDOF1,-0.32329295097347915,0.13390331868398841,-0.45719626965746757,ATYPICAL_ANTIPSYCHOTICS,Atypical antipsychotics,KCNH2,SubthalamicNucleus
KCNH2|EXACT_SINGLE_PROTEIN|HSAMP_20b60708f05d03c76f9fe702|HUMAN_BIOGPS_GNF1H_GCRMA_77_TISSUE_DDOF1,0.7780412977138788,0.5629648076412666,0.2150764900726122,ATYPICAL_ANTIPSYCHOTICS,Atypical antipsychotics,KCNH2,CerebellumPeduncles
KCNH2|EXACT_SINGLE_PROTEIN|HSAMP_374f872ebf1bbba2be514f9f|HUMAN_BIOGPS_GNF1H_GCRMA_77_TISSUE_DDOF1,-0.5296294324364784,0.10176760234784649,-0.631397034784325,ATYPICAL_ANTIPSYCHOTICS,Atypical antipsychotics,KCNH2,GlobusPallidus
KCNH2|EXACT_SINGLE_PROTEIN|HSAMP_5c090f15f3e5194312a7e8ed|HUMAN_BIOGPS_GNF1H_GCRMA_77_TISSUE_DDOF1,-0.5296294324364784,0.10176760234784649,-0.631397034784325,ATYPICAL_ANTIPSYCHOTICS,Atypical antipsychotics,KCNH2,MedullaOblongata
KCNH2|EXACT_SINGLE_PROTEIN|HSAMP_752ebc880edc13bb4e2b2de8|HUMAN_BIOGPS_GNF1H_GCRMA_77_TISSUE_DDOF1,0.9306272020005141,0.6332534376831911,0.297373764317323,ATYPICAL_ANTIPSYCHOTICS,Atypical antipsychotics,KCNH2,PrefrontalCortex
KCNH2|EXACT_SINGLE_PROTEIN|HSAMP_7725bb8a75064c4d7246d9ba|HUMAN_BIOGPS_GNF1H_GCRMA_77_TISSUE_DDOF1,-0.4927973877239192,0.10830687746820356,-0.6011042651921228,ATYPICAL_ANTIPSYCHOTICS,Atypical antipsychotics,KCNH2,OccipitalLobe
KCNH2|EXACT_SINGLE_PROTEIN|HSAMP_8ed020260a1d25cf72324c8a|HUMAN_BIOGPS_GNF1H_GCRMA_77_TISSUE_DDOF1,-0.4927973877239192,0.10830687746820356,-0.6011042651921228,ATYPICAL_ANTIPSYCHOTICS,Atypical antipsychotics,KCNH2,Hypothalamus
KCNH2|EXACT_SINGLE_PROTEIN|HSAMP_936b77a4b11b5c19027de438|HUMAN_BIOGPS_GNF1H_GCRMA_77_TISSUE_DDOF1,-0.011083252746525038,0.19878379336633592,-0.20986704611286094,ATYPICAL_ANTIPSYCHOTICS,Atypical antipsychotics,KCNH2,Spinalcord
KCNH2|EXACT_SINGLE_PROTEIN|HSAMP_9aa72e4fb1ff63e1792b1ec7|HUMAN_BIOGPS_GNF1H_GCRMA_77_TISSUE_DDOF1,0.56404460735885,0.5096508904449826,0.05439371691386741,ATYPICAL_ANTIPSYCHOTICS,Atypical antipsychotics,KCNH2,Cerebellum
KCNH2|EXACT_SINGLE_PROTEIN|HSAMP_a32ce488a48b0df9b8c4c40a|HUMAN_BIOGPS_GNF1H_GCRMA_77_TISSUE_DDOF1,-0.47787329317090727,0.10971959593875286,-0.5875928891096601,ATYPICAL_ANTIPSYCHOTICS,Atypical antipsychotics,KCNH2,Caudatenucleus
KCNH2|EXACT_SINGLE_PROTEIN|HSAMP_d99ba5ea584363f8600ade55|HUMAN_BIOGPS_GNF1H_GCRMA_77_TISSUE_DDOF1,-0.07848428987787703,0.17395009438583275,-0.2524343842637098,ATYPICAL_ANTIPSYCHOTICS,Atypical antipsychotics,KCNH2,CingulateCortex
KCNH2|EXACT_SINGLE_PROTEIN|HSAMP_e75262fc0acfda69d976a6d3|HUMAN_BIOGPS_GNF1H_GCRMA_77_TISSUE_DDOF1,-0.47787329317090727,0.10971959593875286,-0.5875928891096601,ATYPICAL_ANTIPSYCHOTICS,Atypical antipsychotics,KCNH2,ParietalLobe
KCNH2|EXACT_SINGLE_PROTEIN|HSAMP_eb2587e74e2d6457032d4ae7|HUMAN_BIOGPS_GNF1H_GCRMA_77_TISSUE_DDOF1,-0.5296294324364784,0.10176760234784649,-0.631397034784325,ATYPICAL_ANTIPSYCHOTICS,Atypical antipsychotics,KCNH2,TemporalLobe
KCNH2|EXACT_SINGLE_PROTEIN|HSAMP_f43595f3557cf05e6a721aeb|HUMAN_BIOGPS_GNF1H_GCRMA_77_TISSUE_DDOF1,0.5683767457770087,0.5126797423374769,0.05569700343953177,ATYPICAL_ANTIPSYCHOTICS,Atypical antipsychotics,KCNH2,Thalamus
KCNH2|EXACT_SINGLE_PROTEIN|HSAMP_ff841df7ecd9f2c8ea2660f5|HUMAN_BIOGPS_GNF1H_GCRMA_77_TISSUE_DDOF1,-0.40154289381541125,0.12642133741001513,-0.5279642312254264,ATYPICAL_ANTIPSYCHOTICS,Atypical antipsychotics,KCNH2,OlfactoryBulb
OPRK1|EXACT_SINGLE_PROTEIN|HSAMP_06645e2e8409a5b743985cdd|HUMAN_BIOGPS_GNF1H_GCRMA_77_TISSUE_DDOF1,-1.0563266320899458,0.08410674130880245,-1.1404333733987482,ATYPICAL_ANTIPSYCHOTICS,Atypical antipsychotics,OPRK1,Wholebrain
OPRK1|EXACT_SINGLE_PROTEIN|HSAMP_0cb8b4d1db8c390eeeecca55|HUMAN_BIOGPS_GNF1H_GCRMA_77_TISSUE_DDOF1,0.036968827855691416,0.34282405226494905,-0.3058552244092576,ATYPICAL_ANTIPSYCHOTICS,Atypical antipsychotics,OPRK1,Pons
OPRK1|EXACT_SINGLE_PROTEIN|HSAMP_13a552b6ffc4aac3b85a50ca|HUMAN_BIOGPS_GNF1H_GCRMA_77_TISSUE_DDOF1,0.9020982492605245,0.5553900018006096,0.3467082474599149,ATYPICAL_ANTIPSYCHOTICS,Atypical antipsychotics,OPRK1,Amygdala
OPRK1|EXACT_SINGLE_PROTEIN|HSAMP_192dff4b8df5862a227b1163|HUMAN_BIOGPS_GNF1H_GCRMA_77_TISSUE_DDOF1,-0.6797238247320325,0.16263304788709645,-0.842356872619129,ATYPICAL_ANTIPSYCHOTICS,Atypical antipsychotics,OPRK1,SubthalamicNucleus
OPRK1|EXACT_SINGLE_PROTEIN|HSAMP_20b60708f05d03c76f9fe702|HUMAN_BIOGPS_GNF1H_GCRMA_77_TISSUE_DDOF1,1.2039892604636027,0.6382987983868762,0.5656904620767265,ATYPICAL_ANTIPSYCHOTICS,Atypical antipsychotics,OPRK1,CerebellumPeduncles
OPRK1|EXACT_SINGLE_PROTEIN|HSAMP_374f872ebf1bbba2be514f9f|HUMAN_BIOGPS_GNF1H_GCRMA_77_TISSUE_DDOF1,-1.696023134305084,-0.03686932924761747,-1.6591538050574666,ATYPICAL_ANTIPSYCHOTICS,Atypical antipsychotics,OPRK1,GlobusPallidus
OPRK1|EXACT_SINGLE_PROTEIN|HSAMP_5c090f15f3e5194312a7e8ed|HUMAN_BIOGPS_GNF1H_GCRMA_77_TISSUE_DDOF1,0.036968827855691416,0.34282405226494905,-0.3058552244092576,ATYPICAL_ANTIPSYCHOTICS,Atypical antipsychotics,OPRK1,MedullaOblongata
OPRK1|EXACT_SINGLE_PROTEIN|HSAMP_752ebc880edc13bb4e2b2de8|HUMAN_BIOGPS_GNF1H_GCRMA_77_TISSUE_DDOF1,1.5403699585599027,0.7057405643984831,0.8346293941614196,ATYPICAL_ANTIPSYCHOTICS,Atypical antipsychotics,OPRK1,PrefrontalCortex
OPRK1|EXACT_SINGLE_PROTEIN|HSAMP_7725bb8a75064c4d7246d9ba|HUMAN_BIOGPS_GNF1H_GCRMA_77_TISSUE_DDOF1,-0.6797238247320325,0.16263304788709645,-0.842356872619129,ATYPICAL_ANTIPSYCHOTICS,Atypical antipsychotics,OPRK1,OccipitalLobe
OPRK1|EXACT_SINGLE_PROTEIN|HSAMP_8ed020260a1d25cf72324c8a|HUMAN_BIOGPS_GNF1H_GCRMA_77_TISSUE_DDOF1,0.9020982492605245,0.5553900018006096,0.3467082474599149,ATYPICAL_ANTIPSYCHOTICS,Atypical antipsychotics,OPRK1,Hypothalamus
OPRK1|EXACT_SINGLE_PROTEIN|HSAMP_936b77a4b11b5c19027de438|HUMAN_BIOGPS_GNF1H_GCRMA_77_TISSUE_DDOF1,0.8087303750901438,0.538975220499883,0.2697551545902608,ATYPICAL_ANTIPSYCHOTICS,Atypical antipsychotics,OPRK1,Spinalcord
OPRK1|EXACT_SINGLE_PROTEIN|HSAMP_9aa72e4fb1ff63e1792b1ec7|HUMAN_BIOGPS_GNF1H_GCRMA_77_TISSUE_DDOF1,-1.2719778309776335,0.043247815212565745,-1.3152256461901992,ATYPICAL_ANTIPSYCHOTICS,Atypical antipsychotics,OPRK1,Cerebellum
OPRK1|EXACT_SINGLE_PROTEIN|HSAMP_a32ce488a48b0df9b8c4c40a|HUMAN_BIOGPS_GNF1H_GCRMA_77_TISSUE_DDOF1,-0.7631746919002458,0.14453134209125035,-0.9077060339914962,ATYPICAL_ANTIPSYCHOTICS,Atypical antipsychotics,OPRK1,Caudatenucleus
OPRK1|EXACT_SINGLE_PROTEIN|HSAMP_d99ba5ea584363f8600ade55|HUMAN_BIOGPS_GNF1H_GCRMA_77_TISSUE_DDOF1,0.6441544693789119,0.5063538375241451,0.13780063185476676,ATYPICAL_ANTIPSYCHOTICS,Atypical antipsychotics,OPRK1,CingulateCortex
OPRK1|EXACT_SINGLE_PROTEIN|HSAMP_e75262fc0acfda69d976a6d3|HUMAN_BIOGPS_GNF1H_GCRMA_77_TISSUE_DDOF1,0.8648327126640044,0.5464617034012398,0.3183710092627646,ATYPICAL_ANTIPSYCHOTICS,Atypical antipsychotics,OPRK1,ParietalLobe
OPRK1|EXACT_SINGLE_PROTEIN|HSAMP_eb2587e74e2d6457032d4ae7|HUMAN_BIOGPS_GNF1H_GCRMA_77_TISSUE_DDOF1,-0.6017139619223004,0.17769452911691624,-0.7794084910392167,ATYPICAL_ANTIPSYCHOTICS,Atypical antipsychotics,OPRK1,TemporalLobe
OPRK1|EXACT_SINGLE_PROTEIN|HSAMP_f43595f3557cf05e6a721aeb|HUMAN_BIOGPS_GNF1H_GCRMA_77_TISSUE_DDOF1,0.5575245454714622,0.4916727310005718,0.06585181447089045,ATYPICAL_ANTIPSYCHOTICS,Atypical antipsychotics,OPRK1,Thalamus
OPRK1|EXACT_SINGLE_PROTEIN|HSAMP_ff841df7ecd9f2c8ea2660f5|HUMAN_BIOGPS_GNF1H_GCRMA_77_TISSUE_DDOF1,-1.5539701975614002,-0.0047020591251078145,-1.5492681384362923,ATYPICAL_ANTIPSYCHOTICS,Atypical antipsychotics,OPRK1,OlfactoryBulb
OPRM1|EXACT_SINGLE_PROTEIN|HSAMP_06645e2e8409a5b743985cdd|HUMAN_BIOGPS_GNF1H_GCRMA_77_TISSUE_DDOF1,-0.7965723889941071,0.12759249993427924,-0.9241648889283863,ATYPICAL_ANTIPSYCHOTICS,Atypical antipsychotics,OPRM1,Wholebrain
OPRM1|EXACT_SINGLE_PROTEIN|HSAMP_0cb8b4d1db8c390eeeecca55|HUMAN_BIOGPS_GNF1H_GCRMA_77_TISSUE_DDOF1,1.716808020032496,0.7650101502868886,0.9517978697456074,ATYPICAL_ANTIPSYCHOTICS,Atypical antipsychotics,OPRM1,Pons
OPRM1|EXACT_SINGLE_PROTEIN|HSAMP_13a552b6ffc4aac3b85a50ca|HUMAN_BIOGPS_GNF1H_GCRMA_77_TISSUE_DDOF1,-0.22356263192545178,0.23324738864005226,-0.456810020565504,ATYPICAL_ANTIPSYCHOTICS,Atypical antipsychotics,OPRM1,Amygdala
OPRM1|EXACT_SINGLE_PROTEIN|HSAMP_192dff4b8df5862a227b1163|HUMAN_BIOGPS_GNF1H_GCRMA_77_TISSUE_DDOF1,-0.5616367314853511,0.16364850633609876,-0.7252852378214498,ATYPICAL_ANTIPSYCHOTICS,Atypical antipsychotics,OPRM1,SubthalamicNucleus
OPRM1|EXACT_SINGLE_PROTEIN|HSAMP_20b60708f05d03c76f9fe702|HUMAN_BIOGPS_GNF1H_GCRMA_77_TISSUE_DDOF1,0.48101672315406374,0.47259551727968446,0.008421205874379278,ATYPICAL_ANTIPSYCHOTICS,Atypical antipsychotics,OPRM1,CerebellumPeduncles
OPRM1|EXACT_SINGLE_PROTEIN|HSAMP_374f872ebf1bbba2be514f9f|HUMAN_BIOGPS_GNF1H_GCRMA_77_TISSUE_DDOF1,-0.9276542412143662,0.11719755196664386,-1.0448517931810102,ATYPICAL_ANTIPSYCHOTICS,Atypical antipsychotics,OPRM1,GlobusPallidus
OPRM1|EXACT_SINGLE_PROTEIN|HSAMP_5c090f15f3e5194312a7e8ed|HUMAN_BIOGPS_GNF1H_GCRMA_77_TISSUE_DDOF1,1.3621070345288713,0.6714973188997403,0.690609715629131,ATYPICAL_ANTIPSYCHOTICS,Atypical antipsychotics,OPRM1,MedullaOblongata
OPRM1|EXACT_SINGLE_PROTEIN|HSAMP_752ebc880edc13bb4e2b2de8|HUMAN_BIOGPS_GNF1H_GCRMA_77_TISSUE_DDOF1,0.5692864698202704,0.4977403093903133,0.07154616042995715,ATYPICAL_ANTIPSYCHOTICS,Atypical antipsychotics,OPRM1,PrefrontalCortex
OPRM1|EXACT_SINGLE_PROTEIN|HSAMP_7725bb8a75064c4d7246d9ba|HUMAN_BIOGPS_GNF1H_GCRMA_77_TISSUE_DDOF1,-0.6314667820514213,0.15224404662165034,-0.7837108286730716,ATYPICAL_ANTIPSYCHOTICS,Atypical antipsychotics,OPRM1,OccipitalLobe
OPRM1|EXACT_SINGLE_PROTEIN|HSAMP_8ed020260a1d25cf72324c8a|HUMAN_BIOGPS_GNF1H_GCRMA_77_TISSUE_DDOF1,0.0028657084236432275,0.3114119833163039,-0.3085462748926606,ATYPICAL_ANTIPSYCHOTICS,Atypical antipsychotics,OPRM1,Hypothalamus
OPRM1|EXACT_SINGLE_PROTEIN|HSAMP_936b77a4b11b5c19027de438|HUMAN_BIOGPS_GNF1H_GCRMA_77_TISSUE_DDOF1,-0.022691925819512807,0.28920409141585074,-0.31189601723536353,ATYPICAL_ANTIPSYCHOTICS,Atypical antipsychotics,OPRM1,Spinalcord
OPRM1|EXACT_SINGLE_PROTEIN|HSAMP_9aa72e4fb1ff63e1792b1ec7|HUMAN_BIOGPS_GNF1H_GCRMA_77_TISSUE_DDOF1,0.05316689399923939,0.36050008660948435,-0.30733319261024494,ATYPICAL_ANTIPSYCHOTICS,Atypical antipsychotics,OPRM1,Cerebellum
OPRM1|EXACT_SINGLE_PROTEIN|HSAMP_a32ce488a48b0df9b8c4c40a|HUMAN_BIOGPS_GNF1H_GCRMA_77_TISSUE_DDOF1,-0.604580083085179,0.15572862106530333,-0.7603087041504824,ATYPICAL_ANTIPSYCHOTICS,Atypical antipsychotics,OPRM1,Caudatenucleus
OPRM1|EXACT_SINGLE_PROTEIN|HSAMP_d99ba5ea584363f8600ade55|HUMAN_BIOGPS_GNF1H_GCRMA_77_TISSUE_DDOF1,-0.13768784990688981,0.2502628210253328,-0.38795067093222263,ATYPICAL_ANTIPSYCHOTICS,Atypical antipsychotics,OPRM1,CingulateCortex
OPRM1|EXACT_SINGLE_PROTEIN|HSAMP_e75262fc0acfda69d976a6d3|HUMAN_BIOGPS_GNF1H_GCRMA_77_TISSUE_DDOF1,0.10269010257251229,0.4043481171284953,-0.30165801455598296,ATYPICAL_ANTIPSYCHOTICS,Atypical antipsychotics,OPRM1,ParietalLobe
OPRM1|EXACT_SINGLE_PROTEIN|HSAMP_eb2587e74e2d6457032d4ae7|HUMAN_BIOGPS_GNF1H_GCRMA_77_TISSUE_DDOF1,0.8130366679122062,0.5345125419180442,0.278524125994162,ATYPICAL_ANTIPSYCHOTICS,Atypical antipsychotics,OPRM1,TemporalLobe
OPRM1|EXACT_SINGLE_PROTEIN|HSAMP_f43595f3557cf05e6a721aeb|HUMAN_BIOGPS_GNF1H_GCRMA_77_TISSUE_DDOF1,-0.17815121178694848,0.2415047411782814,-0.4196559529652299,ATYPICAL_ANTIPSYCHOTICS,Atypical antipsychotics,OPRM1,Thalamus
OPRM1|EXACT_SINGLE_PROTEIN|HSAMP_ff841df7ecd9f2c8ea2660f5|HUMAN_BIOGPS_GNF1H_GCRMA_77_TISSUE_DDOF1,-0.8624398965518474,0.12056904230502853,-0.9830089388568759,ATYPICAL_ANTIPSYCHOTICS,Atypical antipsychotics,OPRM1,OlfactoryBulb
SLC6A2|EXACT_SINGLE_PROTEIN|HSAMP_06645e2e8409a5b743985cdd|HUMAN_BIOGPS_GNF1H_GCRMA_77_TISSUE_DDOF1,-1.132738967762656,-0.04966589140715218,-1.0830730763555039,ATYPICAL_ANTIPSYCHOTICS,Atypical antipsychotics,SLC6A2,Wholebrain
SLC6A2|EXACT_SINGLE_PROTEIN|HSAMP_0cb8b4d1db8c390eeeecca55|HUMAN_BIOGPS_GNF1H_GCRMA_77_TISSUE_DDOF1,0.0271444976889488,0.24659290367967168,-0.21944840599072288,ATYPICAL_ANTIPSYCHOTICS,Atypical antipsychotics,SLC6A2,Pons
SLC6A2|EXACT_SINGLE_PROTEIN|HSAMP_13a552b6ffc4aac3b85a50ca|HUMAN_BIOGPS_GNF1H_GCRMA_77_TISSUE_DDOF1,0.2164813869506129,0.425408329298938,-0.20892694234832512,ATYPICAL_ANTIPSYCHOTICS,Atypical antipsychotics,SLC6A2,Amygdala
SLC6A2|EXACT_SINGLE_PROTEIN|HSAMP_192dff4b8df5862a227b1163|HUMAN_BIOGPS_GNF1H_GCRMA_77_TISSUE_DDOF1,0.6721433940176287,0.5276485247581264,0.14449486925950228,ATYPICAL_ANTIPSYCHOTICS,Atypical antipsychotics,SLC6A2,SubthalamicNucleus
SLC6A2|EXACT_SINGLE_PROTEIN|HSAMP_20b60708f05d03c76f9fe702|HUMAN_BIOGPS_GNF1H_GCRMA_77_TISSUE_DDOF1,1.6263504990310644,0.8413406683389378,0.7850098306921266,ATYPICAL_ANTIPSYCHOTICS,Atypical antipsychotics,SLC6A2,CerebellumPeduncles
SLC6A2|EXACT_SINGLE_PROTEIN|HSAMP_374f872ebf1bbba2be514f9f|HUMAN_BIOGPS_GNF1H_GCRMA_77_TISSUE_DDOF1,-1.2460582398972329,-0.09272032557733009,-1.1533379143199027,ATYPICAL_ANTIPSYCHOTICS,Atypical antipsychotics,SLC6A2,GlobusPallidus
SLC6A2|EXACT_SINGLE_PROTEIN|HSAMP_5c090f15f3e5194312a7e8ed|HUMAN_BIOGPS_GNF1H_GCRMA_77_TISSUE_DDOF1,-0.7579259018644592,0.06428234915187027,-0.8222082510163294,ATYPICAL_ANTIPSYCHOTICS,Atypical antipsychotics,SLC6A2,MedullaOblongata
SLC6A2|EXACT_SINGLE_PROTEIN|HSAMP_752ebc880edc13bb4e2b2de8|HUMAN_BIOGPS_GNF1H_GCRMA_77_TISSUE_DDOF1,1.0010182958870433,0.64979291431902,0.3512253815680233,ATYPICAL_ANTIPSYCHOTICS,Atypical antipsychotics,SLC6A2,PrefrontalCortex
SLC6A2|EXACT_SINGLE_PROTEIN|HSAMP_7725bb8a75064c4d7246d9ba|HUMAN_BIOGPS_GNF1H_GCRMA_77_TISSUE_DDOF1,-0.7579259018644592,0.06428234915187027,-0.8222082510163294,ATYPICAL_ANTIPSYCHOTICS,Atypical antipsychotics,SLC6A2,OccipitalLobe
SLC6A2|EXACT_SINGLE_PROTEIN|HSAMP_8ed020260a1d25cf72324c8a|HUMAN_BIOGPS_GNF1H_GCRMA_77_TISSUE_DDOF1,0.6721433940176287,0.5276485247581264,0.14449486925950228,ATYPICAL_ANTIPSYCHOTICS,Atypical antipsychotics,SLC6A2,Hypothalamus
SLC6A2|EXACT_SINGLE_PROTEIN|HSAMP_936b77a4b11b5c19027de438|HUMAN_BIOGPS_GNF1H_GCRMA_77_TISSUE_DDOF1,0.5325821191587664,0.4924175761933851,0.0401645429653813,ATYPICAL_ANTIPSYCHOTICS,Atypical antipsychotics,SLC6A2,Spinalcord
SLC6A2|EXACT_SINGLE_PROTEIN|HSAMP_9aa72e4fb1ff63e1792b1ec7|HUMAN_BIOGPS_GNF1H_GCRMA_77_TISSUE_DDOF1,-0.9755002670030188,0.006300831069019887,-0.9818010980720387,ATYPICAL_ANTIPSYCHOTICS,Atypical antipsychotics,SLC6A2,Cerebellum
SLC6A2|EXACT_SINGLE_PROTEIN|HSAMP_a32ce488a48b0df9b8c4c40a|HUMAN_BIOGPS_GNF1H_GCRMA_77_TISSUE_DDOF1,-0.8043186044715439,0.05302610984719965,-0.8573447143187436,ATYPICAL_ANTIPSYCHOTICS,Atypical antipsychotics,SLC6A2,Caudatenucleus
SLC6A2|EXACT_SINGLE_PROTEIN|HSAMP_d99ba5ea584363f8600ade55|HUMAN_BIOGPS_GNF1H_GCRMA_77_TISSUE_DDOF1,0.2164813869506129,0.425408329298938,-0.20892694234832512,ATYPICAL_ANTIPSYCHOTICS,Atypical antipsychotics,SLC6A2,CingulateCortex
SLC6A2|EXACT_SINGLE_PROTEIN|HSAMP_e75262fc0acfda69d976a6d3|HUMAN_BIOGPS_GNF1H_GCRMA_77_TISSUE_DDOF1,0.7752997142902357,0.5522420626234892,0.22305765166674651,ATYPICAL_ANTIPSYCHOTICS,Atypical antipsychotics,SLC6A2,ParietalLobe
SLC6A2|EXACT_SINGLE_PROTEIN|HSAMP_eb2587e74e2d6457032d4ae7|HUMAN_BIOGPS_GNF1H_GCRMA_77_TISSUE_DDOF1,-0.6175198957580689,0.09777429100185206,-0.715294186759921,ATYPICAL_ANTIPSYCHOTICS,Atypical antipsychotics,SLC6A2,TemporalLobe
SLC6A2|EXACT_SINGLE_PROTEIN|HSAMP_f43595f3557cf05e6a721aeb|HUMAN_BIOGPS_GNF1H_GCRMA_77_TISSUE_DDOF1,0.0793133115119636,0.28863716611857615,-0.20932385460661257,ATYPICAL_ANTIPSYCHOTICS,Atypical antipsychotics,SLC6A2,Thalamus
SLC6A2|EXACT_SINGLE_PROTEIN|HSAMP_ff841df7ecd9f2c8ea2660f5|HUMAN_BIOGPS_GNF1H_GCRMA_77_TISSUE_DDOF1,-0.7579259018644592,0.06428234915187027,-0.8222082510163294,ATYPICAL_ANTIPSYCHOTICS,Atypical antipsychotics,SLC6A2,OlfactoryBulb
SLC6A3|EXACT_SINGLE_PROTEIN|HSAMP_06645e2e8409a5b743985cdd|HUMAN_BIOGPS_GNF1H_GCRMA_77_TISSUE_DDOF1,-0.9036593764170809,0.015291193277820636,-0.9189505696949016,ATYPICAL_ANTIPSYCHOTICS,Atypical antipsychotics,SLC6A3,Wholebrain
SLC6A3|EXACT_SINGLE_PROTEIN|HSAMP_0cb8b4d1db8c390eeeecca55|HUMAN_BIOGPS_GNF1H_GCRMA_77_TISSUE_DDOF1,0.01727729262442284,0.22728343590817654,-0.2100061432837537,ATYPICAL_ANTIPSYCHOTICS,Atypical antipsychotics,SLC6A3,Pons
SLC6A3|EXACT_SINGLE_PROTEIN|HSAMP_13a552b6ffc4aac3b85a50ca|HUMAN_BIOGPS_GNF1H_GCRMA_77_TISSUE_DDOF1,0.5666983409912103,0.5096438218014697,0.05705451918974058,ATYPICAL_ANTIPSYCHOTICS,Atypical antipsychotics,SLC6A3,Amygdala
SLC6A3|EXACT_SINGLE_PROTEIN|HSAMP_192dff4b8df5862a227b1163|HUMAN_BIOGPS_GNF1H_GCRMA_77_TISSUE_DDOF1,-0.221832286669166,0.15288605119001855,-0.3747183378591845,ATYPICAL_ANTIPSYCHOTICS,Atypical antipsychotics,SLC6A3,SubthalamicNucleus
SLC6A3|EXACT_SINGLE_PROTEIN|HSAMP_20b60708f05d03c76f9fe702|HUMAN_BIOGPS_GNF1H_GCRMA_77_TISSUE_DDOF1,1.1641254681508675,0.7291424989895727,0.43498296916129475,ATYPICAL_ANTIPSYCHOTICS,Atypical antipsychotics,SLC6A3,CerebellumPeduncles
SLC6A3|EXACT_SINGLE_PROTEIN|HSAMP_374f872ebf1bbba2be514f9f|HUMAN_BIOGPS_GNF1H_GCRMA_77_TISSUE_DDOF1,-1.51085260287073,-0.22365033654137229,-1.2872022663293579,ATYPICAL_ANTIPSYCHOTICS,Atypical antipsychotics,SLC6A3,GlobusPallidus
SLC6A3|EXACT_SINGLE_PROTEIN|HSAMP_5c090f15f3e5194312a7e8ed|HUMAN_BIOGPS_GNF1H_GCRMA_77_TISSUE_DDOF1,-0.6317076260451668,0.08642657873584388,-0.7181342047810108,ATYPICAL_ANTIPSYCHOTICS,Atypical antipsychotics,SLC6A3,MedullaOblongata
SLC6A3|EXACT_SINGLE_PROTEIN|HSAMP_752ebc880edc13bb4e2b2de8|HUMAN_BIOGPS_GNF1H_GCRMA_77_TISSUE_DDOF1,1.139175773015892,0.717029408599194,0.42214636441669806,ATYPICAL_ANTIPSYCHOTICS,Atypical antipsychotics,SLC6A3,PrefrontalCortex
SLC6A3|EXACT_SINGLE_PROTEIN|HSAMP_7725bb8a75064c4d7246d9ba|HUMAN_BIOGPS_GNF1H_GCRMA_77_TISSUE_DDOF1,-0.6317076260451668,0.08642657873584388,-0.7181342047810108,ATYPICAL_ANTIPSYCHOTICS,Atypical antipsychotics,SLC6A3,OccipitalLobe
SLC6A3|EXACT_SINGLE_PROTEIN|HSAMP_8ed020260a1d25cf72324c8a|HUMAN_BIOGPS_GNF1H_GCRMA_77_TISSUE_DDOF1,2.182869350941762,1.1614353475303159,1.0214340034114462,ATYPICAL_ANTIPSYCHOTICS,Atypical antipsychotics,SLC6A3,Hypothalamus
SLC6A3|EXACT_SINGLE_PROTEIN|HSAMP_936b77a4b11b5c19027de438|HUMAN_BIOGPS_GNF1H_GCRMA_77_TISSUE_DDOF1,0.6456219738069149,0.5246426025121202,0.12097937129479464,ATYPICAL_ANTIPSYCHOTICS,Atypical antipsychotics,SLC6A3,Spinalcord
SLC6A3|EXACT_SINGLE_PROTEIN|HSAMP_9aa72e4fb1ff63e1792b1ec7|HUMAN_BIOGPS_GNF1H_GCRMA_77_TISSUE_DDOF1,-1.1424650971158654,-0.07206998898007787,-1.0703951081357876,ATYPICAL_ANTIPSYCHOTICS,Atypical antipsychotics,SLC6A3,Cerebellum
SLC6A3|EXACT_SINGLE_PROTEIN|HSAMP_a32ce488a48b0df9b8c4c40a|HUMAN_BIOGPS_GNF1H_GCRMA_77_TISSUE_DDOF1,-0.69464193733049,0.07204997815224104,-0.766691915482731,ATYPICAL_ANTIPSYCHOTICS,Atypical antipsychotics,SLC6A3,Caudatenucleus
SLC6A3|EXACT_SINGLE_PROTEIN|HSAMP_d99ba5ea584363f8600ade55|HUMAN_BIOGPS_GNF1H_GCRMA_77_TISSUE_DDOF1,0.5666983409912103,0.5096438218014697,0.05705451918974058,ATYPICAL_ANTIPSYCHOTICS,Atypical antipsychotics,SLC6A3,CingulateCortex
SLC6A3|EXACT_SINGLE_PROTEIN|HSAMP_e75262fc0acfda69d976a6d3|HUMAN_BIOGPS_GNF1H_GCRMA_77_TISSUE_DDOF1,0.6456219738069149,0.5246426025121202,0.12097937129479464,ATYPICAL_ANTIPSYCHOTICS,Atypical antipsychotics,SLC6A3,ParietalLobe
SLC6A3|EXACT_SINGLE_PROTEIN|HSAMP_eb2587e74e2d6457032d4ae7|HUMAN_BIOGPS_GNF1H_GCRMA_77_TISSUE_DDOF1,-0.6317076260451668,0.08642657873584388,-0.7181342047810108,ATYPICAL_ANTIPSYCHOTICS,Atypical antipsychotics,SLC6A3,TemporalLobe
SLC6A3|EXACT_SINGLE_PROTEIN|HSAMP_f43595f3557cf05e6a721aeb|HUMAN_BIOGPS_GNF1H_GCRMA_77_TISSUE_DDOF1,0.5666983409912103,0.5096438218014697,0.05705451918974058,ATYPICAL_ANTIPSYCHOTICS,Atypical antipsychotics,SLC6A3,Thalamus
SLC6A3|EXACT_SINGLE_PROTEIN|HSAMP_ff841df7ecd9f2c8ea2660f5|HUMAN_BIOGPS_GNF1H_GCRMA_77_TISSUE_DDOF1,-1.1424650971158654,-0.07206998898007787,-1.0703951081357876,ATYPICAL_ANTIPSYCHOTICS,Atypical antipsychotics,SLC6A3,OlfactoryBulb
SLC6A4|EXACT_SINGLE_PROTEIN|HSAMP_06645e2e8409a5b743985cdd|HUMAN_BIOGPS_GNF1H_GCRMA_77_TISSUE_DDOF1,-0.25135445637222936,0.1261166734024807,-0.3774711297747101,ATYPICAL_ANTIPSYCHOTICS,Atypical antipsychotics,SLC6A4,Wholebrain
SLC6A4|EXACT_SINGLE_PROTEIN|HSAMP_0cb8b4d1db8c390eeeecca55|HUMAN_BIOGPS_GNF1H_GCRMA_77_TISSUE_DDOF1,0.07188917544024263,0.23269075689130084,-0.16080158145105822,ATYPICAL_ANTIPSYCHOTICS,Atypical antipsychotics,SLC6A4,Pons
SLC6A4|EXACT_SINGLE_PROTEIN|HSAMP_13a552b6ffc4aac3b85a50ca|HUMAN_BIOGPS_GNF1H_GCRMA_77_TISSUE_DDOF1,0.0271444976889488,0.20593736099807652,-0.17879286330912772,ATYPICAL_ANTIPSYCHOTICS,Atypical antipsychotics,SLC6A4,Amygdala
SLC6A4|EXACT_SINGLE_PROTEIN|HSAMP_192dff4b8df5862a227b1163|HUMAN_BIOGPS_GNF1H_GCRMA_77_TISSUE_DDOF1,-0.1367075388384357,0.14933421005906797,-0.28604174889750367,ATYPICAL_ANTIPSYCHOTICS,Atypical antipsychotics,SLC6A4,SubthalamicNucleus
SLC6A4|EXACT_SINGLE_PROTEIN|HSAMP_20b60708f05d03c76f9fe702|HUMAN_BIOGPS_GNF1H_GCRMA_77_TISSUE_DDOF1,0.1102442582911983,0.269508283460406,-0.1592640251692077,ATYPICAL_ANTIPSYCHOTICS,Atypical antipsychotics,SLC6A4,CerebellumPeduncles
SLC6A4|EXACT_SINGLE_PROTEIN|HSAMP_374f872ebf1bbba2be514f9f|HUMAN_BIOGPS_GNF1H_GCRMA_77_TISSUE_DDOF1,-0.4371859824980134,0.09748479700189724,-0.5346707794999106,ATYPICAL_ANTIPSYCHOTICS,Atypical antipsychotics,SLC6A4,GlobusPallidus
SLC6A4|EXACT_SINGLE_PROTEIN|HSAMP_5c090f15f3e5194312a7e8ed|HUMAN_BIOGPS_GNF1H_GCRMA_77_TISSUE_DDOF1,-0.054655890656651725,0.16349167398744627,-0.21814756464409799,ATYPICAL_ANTIPSYCHOTICS,Atypical antipsychotics,SLC6A4,MedullaOblongata
SLC6A4|EXACT_SINGLE_PROTEIN|HSAMP_752ebc880edc13bb4e2b2de8|HUMAN_BIOGPS_GNF1H_GCRMA_77_TISSUE_DDOF1,0.2907949004382928,0.43269911531994737,-0.14190421488165456,ATYPICAL_ANTIPSYCHOTICS,Atypical antipsychotics,SLC6A4,PrefrontalCortex
SLC6A4|EXACT_SINGLE_PROTEIN|HSAMP_7725bb8a75064c4d7246d9ba|HUMAN_BIOGPS_GNF1H_GCRMA_77_TISSUE_DDOF1,-0.17884169477383446,0.13972069972831958,-0.31856239450215407,ATYPICAL_ANTIPSYCHOTICS,Atypical antipsychotics,SLC6A4,OccipitalLobe
SLC6A4|EXACT_SINGLE_PROTEIN|HSAMP_8ed020260a1d25cf72324c8a|HUMAN_BIOGPS_GNF1H_GCRMA_77_TISSUE_DDOF1,0.0271444976889488,0.20593736099807652,-0.17879286330912772,ATYPICAL_ANTIPSYCHOTICS,Atypical antipsychotics,SLC6A4,Hypothalamus
SLC6A4|EXACT_SINGLE_PROTEIN|HSAMP_936b77a4b11b5c19027de438|HUMAN_BIOGPS_GNF1H_GCRMA_77_TISSUE_DDOF1,0.05055470938774039,0.22060639934712908,-0.17005168995938869,ATYPICAL_ANTIPSYCHOTICS,Atypical antipsychotics,SLC6A4,Spinalcord
SLC6A4|EXACT_SINGLE_PROTEIN|HSAMP_9aa72e4fb1ff63e1792b1ec7|HUMAN_BIOGPS_GNF1H_GCRMA_77_TISSUE_DDOF1,0.9355939929881446,0.6639393759311046,0.27165461705703997,ATYPICAL_ANTIPSYCHOTICS,Atypical antipsychotics,SLC6A4,Cerebellum
SLC6A4|EXACT_SINGLE_PROTEIN|HSAMP_a32ce488a48b0df9b8c4c40a|HUMAN_BIOGPS_GNF1H_GCRMA_77_TISSUE_DDOF1,0.09786726621788498,0.2559156449011279,-0.1580483786832429,ATYPICAL_ANTIPSYCHOTICS,Atypical antipsychotics,SLC6A4,Caudatenucleus
SLC6A4|EXACT_SINGLE_PROTEIN|HSAMP_d99ba5ea584363f8600ade55|HUMAN_BIOGPS_GNF1H_GCRMA_77_TISSUE_DDOF1,-0.0003896569041729336,0.17665954208406828,-0.17704919898824123,ATYPICAL_ANTIPSYCHOTICS,Atypical antipsychotics,SLC6A4,CingulateCortex
SLC6A4|EXACT_SINGLE_PROTEIN|HSAMP_e75262fc0acfda69d976a6d3|HUMAN_BIOGPS_GNF1H_GCRMA_77_TISSUE_DDOF1,0.09786726621788498,0.2559156449011279,-0.1580483786832429,ATYPICAL_ANTIPSYCHOTICS,Atypical antipsychotics,SLC6A4,ParietalLobe
SLC6A4|EXACT_SINGLE_PROTEIN|HSAMP_eb2587e74e2d6457032d4ae7|HUMAN_BIOGPS_GNF1H_GCRMA_77_TISSUE_DDOF1,-0.17884169477383446,0.13972069972831958,-0.31856239450215407,ATYPICAL_ANTIPSYCHOTICS,Atypical antipsychotics,SLC6A4,TemporalLobe
SLC6A4|EXACT_SINGLE_PROTEIN|HSAMP_f43595f3557cf05e6a721aeb|HUMAN_BIOGPS_GNF1H_GCRMA_77_TISSUE_DDOF1,-0.011083252746525038,0.174373069570993,-0.18545632231751802,ATYPICAL_ANTIPSYCHOTICS,Atypical antipsychotics,SLC6A4,Thalamus
SLC6A4|EXACT_SINGLE_PROTEIN|HSAMP_ff841df7ecd9f2c8ea2660f5|HUMAN_BIOGPS_GNF1H_GCRMA_77_TISSUE_DDOF1,-0.36220970206270436,0.11444726970071233,-0.4766569717634167,ATYPICAL_ANTIPSYCHOTICS,Atypical antipsychotics,SLC6A4,OlfactoryBulb
KCNH2|EXACT_SINGLE_PROTEIN|HSAMP_06645e2e8409a5b743985cdd|HUMAN_BIOGPS_GNF1H_GCRMA_77_TISSUE_DDOF1,0.6721433940176287,0.5018371157250937,0.17030627829253497,DISSOCIATIVE_NMDA_CONTEXT,Dissociative and NMDA-channel context,KCNH2,Wholebrain
KCNH2|EXACT_SINGLE_PROTEIN|HSAMP_0cb8b4d1db8c390eeeecca55|HUMAN_BIOGPS_GNF1H_GCRMA_77_TISSUE_DDOF1,-0.5097769944378396,0.25316940306183505,-0.7629463974996746,DISSOCIATIVE_NMDA_CONTEXT,Dissociative and NMDA-channel context,KCNH2,Pons
KCNH2|EXACT_SINGLE_PROTEIN|HSAMP_13a552b6ffc4aac3b85a50ca|HUMAN_BIOGPS_GNF1H_GCRMA_77_TISSUE_DDOF1,-0.5953865481483204,0.23599188913241118,-0.8313784372807316,DISSOCIATIVE_NMDA_CONTEXT,Dissociative and NMDA-channel context,KCNH2,Amygdala
KCNH2|EXACT_SINGLE_PROTEIN|HSAMP_192dff4b8df5862a227b1163|HUMAN_BIOGPS_GNF1H_GCRMA_77_TISSUE_DDOF1,-0.32329295097347915,0.2964984556488444,-0.6197914066223236,DISSOCIATIVE_NMDA_CONTEXT,Dissociative and NMDA-channel context,KCNH2,SubthalamicNucleus
KCNH2|EXACT_SINGLE_PROTEIN|HSAMP_20b60708f05d03c76f9fe702|HUMAN_BIOGPS_GNF1H_GCRMA_77_TISSUE_DDOF1,0.7780412977138788,0.5157593329705762,0.26228196474330256,DISSOCIATIVE_NMDA_CONTEXT,Dissociative and NMDA-channel context,KCNH2,CerebellumPeduncles
KCNH2|EXACT_SINGLE_PROTEIN|HSAMP_374f872ebf1bbba2be514f9f|HUMAN_BIOGPS_GNF1H_GCRMA_77_TISSUE_DDOF1,-0.5296294324364784,0.24992076498520147,-0.7795501974216799,DISSOCIATIVE_NMDA_CONTEXT,Dissociative and NMDA-channel context,KCNH2,GlobusPallidus
KCNH2|EXACT_SINGLE_PROTEIN|HSAMP_5c090f15f3e5194312a7e8ed|HUMAN_BIOGPS_GNF1H_GCRMA_77_TISSUE_DDOF1,-0.5296294324364784,0.24992076498520147,-0.7795501974216799,DISSOCIATIVE_NMDA_CONTEXT,Dissociative and NMDA-channel context,KCNH2,MedullaOblongata
KCNH2|EXACT_SINGLE_PROTEIN|HSAMP_752ebc880edc13bb4e2b2de8|HUMAN_BIOGPS_GNF1H_GCRMA_77_TISSUE_DDOF1,0.9306272020005141,0.5292858502027885,0.40134135179772557,DISSOCIATIVE_NMDA_CONTEXT,Dissociative and NMDA-channel context,KCNH2,PrefrontalCortex
KCNH2|EXACT_SINGLE_PROTEIN|HSAMP_7725bb8a75064c4d7246d9ba|HUMAN_BIOGPS_GNF1H_GCRMA_77_TISSUE_DDOF1,-0.4927973877239192,0.2575018491327463,-0.7502992368566654,DISSOCIATIVE_NMDA_CONTEXT,Dissociative and NMDA-channel context,KCNH2,OccipitalLobe
KCNH2|EXACT_SINGLE_PROTEIN|HSAMP_8ed020260a1d25cf72324c8a|HUMAN_BIOGPS_GNF1H_GCRMA_77_TISSUE_DDOF1,-0.4927973877239192,0.25750184913274604,-0.7502992368566652,DISSOCIATIVE_NMDA_CONTEXT,Dissociative and NMDA-channel context,KCNH2,Hypothalamus
KCNH2|EXACT_SINGLE_PROTEIN|HSAMP_936b77a4b11b5c19027de438|HUMAN_BIOGPS_GNF1H_GCRMA_77_TISSUE_DDOF1,-0.011083252746525038,0.40254574153165384,-0.4136289942781789,DISSOCIATIVE_NMDA_CONTEXT,Dissociative and NMDA-channel context,KCNH2,Spinalcord
KCNH2|EXACT_SINGLE_PROTEIN|HSAMP_9aa72e4fb1ff63e1792b1ec7|HUMAN_BIOGPS_GNF1H_GCRMA_77_TISSUE_DDOF1,0.56404460735885,0.4825450920483405,0.08149951531050947,DISSOCIATIVE_NMDA_CONTEXT,Dissociative and NMDA-channel context,KCNH2,Cerebellum
KCNH2|EXACT_SINGLE_PROTEIN|HSAMP_a32ce488a48b0df9b8c4c40a|HUMAN_BIOGPS_GNF1H_GCRMA_77_TISSUE_DDOF1,-0.47787329317090727,0.2606466551174926,-0.7385199482883998,DISSOCIATIVE_NMDA_CONTEXT,Dissociative and NMDA-channel context,KCNH2,Caudatenucleus
KCNH2|EXACT_SINGLE_PROTEIN|HSAMP_d99ba5ea584363f8600ade55|HUMAN_BIOGPS_GNF1H_GCRMA_77_TISSUE_DDOF1,-0.07848428987787703,0.3811400806717949,-0.4596243705496719,DISSOCIATIVE_NMDA_CONTEXT,Dissociative and NMDA-channel context,KCNH2,CingulateCortex
KCNH2|EXACT_SINGLE_PROTEIN|HSAMP_e75262fc0acfda69d976a6d3|HUMAN_BIOGPS_GNF1H_GCRMA_77_TISSUE_DDOF1,-0.47787329317090727,0.2606466551174926,-0.7385199482883998,DISSOCIATIVE_NMDA_CONTEXT,Dissociative and NMDA-channel context,KCNH2,ParietalLobe
KCNH2|EXACT_SINGLE_PROTEIN|HSAMP_eb2587e74e2d6457032d4ae7|HUMAN_BIOGPS_GNF1H_GCRMA_77_TISSUE_DDOF1,-0.5296294324364784,0.24992076498520147,-0.7795501974216799,DISSOCIATIVE_NMDA_CONTEXT,Dissociative and NMDA-channel context,KCNH2,TemporalLobe
KCNH2|EXACT_SINGLE_PROTEIN|HSAMP_f43595f3557cf05e6a721aeb|HUMAN_BIOGPS_GNF1H_GCRMA_77_TISSUE_DDOF1,0.5683767457770087,0.4838761711006509,0.0845005746763578,DISSOCIATIVE_NMDA_CONTEXT,Dissociative and NMDA-channel context,KCNH2,Thalamus
KCNH2|EXACT_SINGLE_PROTEIN|HSAMP_ff841df7ecd9f2c8ea2660f5|HUMAN_BIOGPS_GNF1H_GCRMA_77_TISSUE_DDOF1,-0.40154289381541125,0.2778372229643737,-0.6793801167797849,DISSOCIATIVE_NMDA_CONTEXT,Dissociative and NMDA-channel context,KCNH2,OlfactoryBulb
SLC6A2|EXACT_SINGLE_PROTEIN|HSAMP_06645e2e8409a5b743985cdd|HUMAN_BIOGPS_GNF1H_GCRMA_77_TISSUE_DDOF1,-1.132738967762656,0.1490478111492376,-1.2817867789118935,DISSOCIATIVE_NMDA_CONTEXT,Dissociative and NMDA-channel context,SLC6A2,Wholebrain
SLC6A2|EXACT_SINGLE_PROTEIN|HSAMP_0cb8b4d1db8c390eeeecca55|HUMAN_BIOGPS_GNF1H_GCRMA_77_TISSUE_DDOF1,0.0271444976889488,0.4146629123466321,-0.38751841465768333,DISSOCIATIVE_NMDA_CONTEXT,Dissociative and NMDA-channel context,SLC6A2,Pons
SLC6A2|EXACT_SINGLE_PROTEIN|HSAMP_13a552b6ffc4aac3b85a50ca|HUMAN_BIOGPS_GNF1H_GCRMA_77_TISSUE_DDOF1,0.2164813869506129,0.4500215235830905,-0.2335401366324776,DISSOCIATIVE_NMDA_CONTEXT,Dissociative and NMDA-channel context,SLC6A2,Amygdala
SLC6A2|EXACT_SINGLE_PROTEIN|HSAMP_192dff4b8df5862a227b1163|HUMAN_BIOGPS_GNF1H_GCRMA_77_TISSUE_DDOF1,0.6721433940176287,0.5018378385777768,0.17030555543985193,DISSOCIATIVE_NMDA_CONTEXT,Dissociative and NMDA-channel context,SLC6A2,SubthalamicNucleus
SLC6A2|EXACT_SINGLE_PROTEIN|HSAMP_20b60708f05d03c76f9fe702|HUMAN_BIOGPS_GNF1H_GCRMA_77_TISSUE_DDOF1,1.6263504990310644,0.6424731160754242,0.9838773829556402,DISSOCIATIVE_NMDA_CONTEXT,Dissociative and NMDA-channel context,SLC6A2,CerebellumPeduncles
SLC6A2|EXACT_SINGLE_PROTEIN|HSAMP_374f872ebf1bbba2be514f9f|HUMAN_BIOGPS_GNF1H_GCRMA_77_TISSUE_DDOF1,-1.2460582398972329,0.1370674542389346,-1.3831256941361674,DISSOCIATIVE_NMDA_CONTEXT,Dissociative and NMDA-channel context,SLC6A2,GlobusPallidus
SLC6A2|EXACT_SINGLE_PROTEIN|HSAMP_5c090f15f3e5194312a7e8ed|HUMAN_BIOGPS_GNF1H_GCRMA_77_TISSUE_DDOF1,-0.7579259018644592,0.20509221654836093,-0.9630181184128201,DISSOCIATIVE_NMDA_CONTEXT,Dissociative and NMDA-channel context,SLC6A2,MedullaOblongata
SLC6A2|EXACT_SINGLE_PROTEIN|HSAMP_752ebc880edc13bb4e2b2de8|HUMAN_BIOGPS_GNF1H_GCRMA_77_TISSUE_DDOF1,1.0010182958870433,0.5403177905240694,0.4607005053629739,DISSOCIATIVE_NMDA_CONTEXT,Dissociative and NMDA-channel context,SLC6A2,PrefrontalCortex
SLC6A2|EXACT_SINGLE_PROTEIN|HSAMP_7725bb8a75064c4d7246d9ba|HUMAN_BIOGPS_GNF1H_GCRMA_77_TISSUE_DDOF1,-0.7579259018644592,0.20509221654836093,-0.9630181184128201,DISSOCIATIVE_NMDA_CONTEXT,Dissociative and NMDA-channel context,SLC6A2,OccipitalLobe
SLC6A2|EXACT_SINGLE_PROTEIN|HSAMP_8ed020260a1d25cf72324c8a|HUMAN_BIOGPS_GNF1H_GCRMA_77_TISSUE_DDOF1,0.6721433940176287,0.5018378385777768,0.17030555543985193,DISSOCIATIVE_NMDA_CONTEXT,Dissociative and NMDA-channel context,SLC6A2,Hypothalamus
SLC6A2|EXACT_SINGLE_PROTEIN|HSAMP_936b77a4b11b5c19027de438|HUMAN_BIOGPS_GNF1H_GCRMA_77_TISSUE_DDOF1,0.5325821191587664,0.47963504112624067,0.05294707803252574,DISSOCIATIVE_NMDA_CONTEXT,Dissociative and NMDA-channel context,SLC6A2,Spinalcord
SLC6A2|EXACT_SINGLE_PROTEIN|HSAMP_9aa72e4fb1ff63e1792b1ec7|HUMAN_BIOGPS_GNF1H_GCRMA_77_TISSUE_DDOF1,-0.9755002670030188,0.16358452660726955,-1.1390847936102884,DISSOCIATIVE_NMDA_CONTEXT,Dissociative and NMDA-channel context,SLC6A2,Cerebellum
SLC6A2|EXACT_SINGLE_PROTEIN|HSAMP_a32ce488a48b0df9b8c4c40a|HUMAN_BIOGPS_GNF1H_GCRMA_77_TISSUE_DDOF1,-0.8043186044715439,0.18668371021677058,-0.9910023146883145,DISSOCIATIVE_NMDA_CONTEXT,Dissociative and NMDA-channel context,SLC6A2,Caudatenucleus
SLC6A2|EXACT_SINGLE_PROTEIN|HSAMP_d99ba5ea584363f8600ade55|HUMAN_BIOGPS_GNF1H_GCRMA_77_TISSUE_DDOF1,0.2164813869506129,0.4500215235830905,-0.2335401366324776,DISSOCIATIVE_NMDA_CONTEXT,Dissociative and NMDA-channel context,SLC6A2,CingulateCortex
SLC6A2|EXACT_SINGLE_PROTEIN|HSAMP_e75262fc0acfda69d976a6d3|HUMAN_BIOGPS_GNF1H_GCRMA_77_TISSUE_DDOF1,0.7752997142902357,0.5155821084416792,0.2597176058485565,DISSOCIATIVE_NMDA_CONTEXT,Dissociative and NMDA-channel context,SLC6A2,ParietalLobe
SLC6A2|EXACT_SINGLE_PROTEIN|HSAMP_eb2587e74e2d6457032d4ae7|HUMAN_BIOGPS_GNF1H_GCRMA_77_TISSUE_DDOF1,-0.6175198957580689,0.23201696169696728,-0.8495368574550362,DISSOCIATIVE_NMDA_CONTEXT,Dissociative and NMDA-channel context,SLC6A2,TemporalLobe
SLC6A2|EXACT_SINGLE_PROTEIN|HSAMP_f43595f3557cf05e6a721aeb|HUMAN_BIOGPS_GNF1H_GCRMA_77_TISSUE_DDOF1,0.0793133115119636,0.42633976466261575,-0.34702645315065217,DISSOCIATIVE_NMDA_CONTEXT,Dissociative and NMDA-channel context,SLC6A2,Thalamus
SLC6A2|EXACT_SINGLE_PROTEIN|HSAMP_ff841df7ecd9f2c8ea2660f5|HUMAN_BIOGPS_GNF1H_GCRMA_77_TISSUE_DDOF1,-0.7579259018644592,0.20509221654836093,-0.9630181184128201,DISSOCIATIVE_NMDA_CONTEXT,Dissociative and NMDA-channel context,SLC6A2,OlfactoryBulb
SLC6A3|EXACT_SINGLE_PROTEIN|HSAMP_06645e2e8409a5b743985cdd|HUMAN_BIOGPS_GNF1H_GCRMA_77_TISSUE_DDOF1,-0.9036593764170809,0.05349075891830086,-0.9571501353353818,DISSOCIATIVE_NMDA_CONTEXT,Dissociative and NMDA-channel context,SLC6A3,Wholebrain
SLC6A3|EXACT_SINGLE_PROTEIN|HSAMP_0cb8b4d1db8c390eeeecca55|HUMAN_BIOGPS_GNF1H_GCRMA_77_TISSUE_DDOF1,0.01727729262442284,0.24979785656819528,-0.23252056394377243,DISSOCIATIVE_NMDA_CONTEXT,Dissociative and NMDA-channel context,SLC6A3,Pons
SLC6A3|EXACT_SINGLE_PROTEIN|HSAMP_13a552b6ffc4aac3b85a50ca|HUMAN_BIOGPS_GNF1H_GCRMA_77_TISSUE_DDOF1,0.5666983409912103,0.505938776987222,0.0607595640039883,DISSOCIATIVE_NMDA_CONTEXT,Dissociative and NMDA-channel context,SLC6A3,Amygdala
SLC6A3|EXACT_SINGLE_PROTEIN|HSAMP_192dff4b8df5862a227b1163|HUMAN_BIOGPS_GNF1H_GCRMA_77_TISSUE_DDOF1,-0.221832286669166,0.17279584813356996,-0.39462813480273595,DISSOCIATIVE_NMDA_CONTEXT,Dissociative and NMDA-channel context,SLC6A3,SubthalamicNucleus
SLC6A3|EXACT_SINGLE_PROTEIN|HSAMP_20b60708f05d03c76f9fe702|HUMAN_BIOGPS_GNF1H_GCRMA_77_TISSUE_DDOF1,1.1641254681508675,0.6958810274595878,0.4682444406912797,DISSOCIATIVE_NMDA_CONTEXT,Dissociative and NMDA-channel context,SLC6A3,CerebellumPeduncles
SLC6A3|EXACT_SINGLE_PROTEIN|HSAMP_374f872ebf1bbba2be514f9f|HUMAN_BIOGPS_GNF1H_GCRMA_77_TISSUE_DDOF1,-1.51085260287073,-0.11110428982543863,-1.3997483130452915,DISSOCIATIVE_NMDA_CONTEXT,Dissociative and NMDA-channel context,SLC6A3,GlobusPallidus
SLC6A3|EXACT_SINGLE_PROTEIN|HSAMP_5c090f15f3e5194312a7e8ed|HUMAN_BIOGPS_GNF1H_GCRMA_77_TISSUE_DDOF1,-0.6317076260451668,0.1138501018327847,-0.7455577278779515,DISSOCIATIVE_NMDA_CONTEXT,Dissociative and NMDA-channel context,SLC6A3,MedullaOblongata
SLC6A3|EXACT_SINGLE_PROTEIN|HSAMP_752ebc880edc13bb4e2b2de8|HUMAN_BIOGPS_GNF1H_GCRMA_77_TISSUE_DDOF1,1.139175773015892,0.6855840754399765,0.45359169757591555,DISSOCIATIVE_NMDA_CONTEXT,Dissociative and NMDA-channel context,SLC6A3,PrefrontalCortex
SLC6A3|EXACT_SINGLE_PROTEIN|HSAMP_7725bb8a75064c4d7246d9ba|HUMAN_BIOGPS_GNF1H_GCRMA_77_TISSUE_DDOF1,-0.6317076260451668,0.1138501018327847,-0.7455577278779515,DISSOCIATIVE_NMDA_CONTEXT,Dissociative and NMDA-channel context,SLC6A3,OccipitalLobe
SLC6A3|EXACT_SINGLE_PROTEIN|HSAMP_8ed020260a1d25cf72324c8a|HUMAN_BIOGPS_GNF1H_GCRMA_77_TISSUE_DDOF1,2.182869350941762,1.0778914772464896,1.1049778736952725,DISSOCIATIVE_NMDA_CONTEXT,Dissociative and NMDA-channel context,SLC6A3,Hypothalamus
SLC6A3|EXACT_SINGLE_PROTEIN|HSAMP_936b77a4b11b5c19027de438|HUMAN_BIOGPS_GNF1H_GCRMA_77_TISSUE_DDOF1,0.6456219738069149,0.5199172520638793,0.1257047217430356,DISSOCIATIVE_NMDA_CONTEXT,Dissociative and NMDA-channel context,SLC6A3,Spinalcord
SLC6A3|EXACT_SINGLE_PROTEIN|HSAMP_9aa72e4fb1ff63e1792b1ec7|HUMAN_BIOGPS_GNF1H_GCRMA_77_TISSUE_DDOF1,-1.1424650971158654,-0.004568704034802959,-1.1378963930810624,DISSOCIATIVE_NMDA_CONTEXT,Dissociative and NMDA-channel context,SLC6A3,Cerebellum
SLC6A3|EXACT_SINGLE_PROTEIN|HSAMP_a32ce488a48b0df9b8c4c40a|HUMAN_BIOGPS_GNF1H_GCRMA_77_TISSUE_DDOF1,-0.69464193733049,0.09667102339760869,-0.7913129607280986,DISSOCIATIVE_NMDA_CONTEXT,Dissociative and NMDA-channel context,SLC6A3,Caudatenucleus
SLC6A3|EXACT_SINGLE_PROTEIN|HSAMP_d99ba5ea584363f8600ade55|HUMAN_BIOGPS_GNF1H_GCRMA_77_TISSUE_DDOF1,0.5666983409912103,0.505938776987222,0.0607595640039883,DISSOCIATIVE_NMDA_CONTEXT,Dissociative and NMDA-channel context,SLC6A3,CingulateCortex
SLC6A3|EXACT_SINGLE_PROTEIN|HSAMP_e75262fc0acfda69d976a6d3|HUMAN_BIOGPS_GNF1H_GCRMA_77_TISSUE_DDOF1,0.6456219738069149,0.5199172520638793,0.1257047217430356,DISSOCIATIVE_NMDA_CONTEXT,Dissociative and NMDA-channel context,SLC6A3,ParietalLobe
SLC6A3|EXACT_SINGLE_PROTEIN|HSAMP_eb2587e74e2d6457032d4ae7|HUMAN_BIOGPS_GNF1H_GCRMA_77_TISSUE_DDOF1,-0.6317076260451668,0.1138501018327847,-0.7455577278779515,DISSOCIATIVE_NMDA_CONTEXT,Dissociative and NMDA-channel context,SLC6A3,TemporalLobe
SLC6A3|EXACT_SINGLE_PROTEIN|HSAMP_f43595f3557cf05e6a721aeb|HUMAN_BIOGPS_GNF1H_GCRMA_77_TISSUE_DDOF1,0.5666983409912103,0.505938776987222,0.0607595640039883,DISSOCIATIVE_NMDA_CONTEXT,Dissociative and NMDA-channel context,SLC6A3,Thalamus
SLC6A3|EXACT_SINGLE_PROTEIN|HSAMP_ff841df7ecd9f2c8ea2660f5|HUMAN_BIOGPS_GNF1H_GCRMA_77_TISSUE_DDOF1,-1.1424650971158654,-0.004568704034802959,-1.1378963930810624,DISSOCIATIVE_NMDA_CONTEXT,Dissociative and NMDA-channel context,SLC6A3,OlfactoryBulb
SLC6A4|EXACT_SINGLE_PROTEIN|HSAMP_06645e2e8409a5b743985cdd|HUMAN_BIOGPS_GNF1H_GCRMA_77_TISSUE_DDOF1,-0.25135445637222936,-0.24022515160510288,-0.01112930476712648,DISSOCIATIVE_NMDA_CONTEXT,Dissociative and NMDA-channel context,SLC6A4,Wholebrain
SLC6A4|EXACT_SINGLE_PROTEIN|HSAMP_0cb8b4d1db8c390eeeecca55|HUMAN_BIOGPS_GNF1H_GCRMA_77_TISSUE_DDOF1,0.07188917544024263,0.10923715366369621,-0.03734797822345358,DISSOCIATIVE_NMDA_CONTEXT,Dissociative and NMDA-channel context,SLC6A4,Pons
SLC6A4|EXACT_SINGLE_PROTEIN|HSAMP_13a552b6ffc4aac3b85a50ca|HUMAN_BIOGPS_GNF1H_GCRMA_77_TISSUE_DDOF1,0.0271444976889488,0.021477550372749316,0.005666947316199485,DISSOCIATIVE_NMDA_CONTEXT,Dissociative and NMDA-channel context,SLC6A4,Amygdala
SLC6A4|EXACT_SINGLE_PROTEIN|HSAMP_192dff4b8df5862a227b1163|HUMAN_BIOGPS_GNF1H_GCRMA_77_TISSUE_DDOF1,-0.1367075388384357,-0.16896862632980458,0.032261087491368884,DISSOCIATIVE_NMDA_CONTEXT,Dissociative and NMDA-channel context,SLC6A4,SubthalamicNucleus
SLC6A4|EXACT_SINGLE_PROTEIN|HSAMP_20b60708f05d03c76f9fe702|HUMAN_BIOGPS_GNF1H_GCRMA_77_TISSUE_DDOF1,0.1102442582911983,0.1927719454844054,-0.0825276871932071,DISSOCIATIVE_NMDA_CONTEXT,Dissociative and NMDA-channel context,SLC6A4,CerebellumPeduncles
SLC6A4|EXACT_SINGLE_PROTEIN|HSAMP_374f872ebf1bbba2be514f9f|HUMAN_BIOGPS_GNF1H_GCRMA_77_TISSUE_DDOF1,-0.4371859824980134,-0.36205587985228616,-0.07513010264572723,DISSOCIATIVE_NMDA_CONTEXT,Dissociative and NMDA-channel context,SLC6A4,GlobusPallidus
SLC6A4|EXACT_SINGLE_PROTEIN|HSAMP_5c090f15f3e5194312a7e8ed|HUMAN_BIOGPS_GNF1H_GCRMA_77_TISSUE_DDOF1,-0.054655890656651725,-0.10493741052764874,0.050281519870997014,DISSOCIATIVE_NMDA_CONTEXT,Dissociative and NMDA-channel context,SLC6A4,MedullaOblongata
SLC6A4|EXACT_SINGLE_PROTEIN|HSAMP_752ebc880edc13bb4e2b2de8|HUMAN_BIOGPS_GNF1H_GCRMA_77_TISSUE_DDOF1,0.2907949004382928,0.32191117248180645,-0.031116272043513638,DISSOCIATIVE_NMDA_CONTEXT,Dissociative and NMDA-channel context,SLC6A4,PrefrontalCortex
SLC6A4|EXACT_SINGLE_PROTEIN|HSAMP_7725bb8a75064c4d7246d9ba|HUMAN_BIOGPS_GNF1H_GCRMA_77_TISSUE_DDOF1,-0.17884169477383446,-0.20032346674463075,0.021481771970796287,DISSOCIATIVE_NMDA_CONTEXT,Dissociative and NMDA-channel context,SLC6A4,OccipitalLobe
SLC6A4|EXACT_SINGLE_PROTEIN|HSAMP_8ed020260a1d25cf72324c8a|HUMAN_BIOGPS_GNF1H_GCRMA_77_TISSUE_DDOF1,0.0271444976889488,0.021477550372749316,0.005666947316199485,DISSOCIATIVE_NMDA_CONTEXT,Dissociative and NMDA-channel context,SLC6A4,Hypothalamus
SLC6A4|EXACT_SINGLE_PROTEIN|HSAMP_936b77a4b11b5c19027de438|HUMAN_BIOGPS_GNF1H_GCRMA_77_TISSUE_DDOF1,0.05055470938774039,0.065432408336014,-0.014877698948273614,DISSOCIATIVE_NMDA_CONTEXT,Dissociative and NMDA-channel context,SLC6A4,Spinalcord
SLC6A4|EXACT_SINGLE_PROTEIN|HSAMP_9aa72e4fb1ff63e1792b1ec7|HUMAN_BIOGPS_GNF1H_GCRMA_77_TISSUE_DDOF1,0.9355939929881446,0.8834205762866807,0.052173416701463915,DISSOCIATIVE_NMDA_CONTEXT,Dissociative and NMDA-channel context,SLC6A4,Cerebellum
SLC6A4|EXACT_SINGLE_PROTEIN|HSAMP_a32ce488a48b0df9b8c4c40a|HUMAN_BIOGPS_GNF1H_GCRMA_77_TISSUE_DDOF1,0.09786726621788498,0.173671104350223,-0.07580383813233803,DISSOCIATIVE_NMDA_CONTEXT,Dissociative and NMDA-channel context,SLC6A4,Caudatenucleus
SLC6A4|EXACT_SINGLE_PROTEIN|HSAMP_d99ba5ea584363f8600ade55|HUMAN_BIOGPS_GNF1H_GCRMA_77_TISSUE_DDOF1,-0.0003896569041729336,-0.03454258631690357,0.03415292941273064,DISSOCIATIVE_NMDA_CONTEXT,Dissociative and NMDA-channel context,SLC6A4,CingulateCortex
SLC6A4|EXACT_SINGLE_PROTEIN|HSAMP_e75262fc0acfda69d976a6d3|HUMAN_BIOGPS_GNF1H_GCRMA_77_TISSUE_DDOF1,0.09786726621788498,0.173671104350223,-0.07580383813233803,DISSOCIATIVE_NMDA_CONTEXT,Dissociative and NMDA-channel context,SLC6A4,ParietalLobe
SLC6A4|EXACT_SINGLE_PROTEIN|HSAMP_eb2587e74e2d6457032d4ae7|HUMAN_BIOGPS_GNF1H_GCRMA_77_TISSUE_DDOF1,-0.17884169477383446,-0.20032346674463075,0.021481771970796287,DISSOCIATIVE_NMDA_CONTEXT,Dissociative and NMDA-channel context,SLC6A4,TemporalLobe
SLC6A4|EXACT_SINGLE_PROTEIN|HSAMP_f43595f3557cf05e6a721aeb|HUMAN_BIOGPS_GNF1H_GCRMA_77_TISSUE_DDOF1,-0.011083252746525038,-0.055963630703319084,0.044880377956794046,DISSOCIATIVE_NMDA_CONTEXT,Dissociative and NMDA-channel context,SLC6A4,Thalamus
SLC6A4|EXACT_SINGLE_PROTEIN|HSAMP_ff841df7ecd9f2c8ea2660f5|HUMAN_BIOGPS_GNF1H_GCRMA_77_TISSUE_DDOF1,-0.36220970206270436,-0.3135800906237489,-0.048629611438955445,DISSOCIATIVE_NMDA_CONTEXT,Dissociative and NMDA-channel context,SLC6A4,OlfactoryBulb
ADRA1A|EXACT_SINGLE_PROTEIN|HSAMP_06645e2e8409a5b743985cdd|HUMAN_BIOGPS_GNF1H_GCRMA_77_TISSUE_DDOF1,-1.5437279671639712,-0.5232905334068435,-1.0204374337571278,GLOBAL_ALL_COMPARATORS,All numerical comparators,ADRA1A,Wholebrain
ADRA1A|EXACT_SINGLE_PROTEIN|HSAMP_0cb8b4d1db8c390eeeecca55|HUMAN_BIOGPS_GNF1H_GCRMA_77_TISSUE_DDOF1,1.4195828780719864,0.8853255642269855,0.5342573138450009,GLOBAL_ALL_COMPARATORS,All numerical comparators,ADRA1A,Pons
ADRA1A|EXACT_SINGLE_PROTEIN|HSAMP_13a552b6ffc4aac3b85a50ca|HUMAN_BIOGPS_GNF1H_GCRMA_77_TISSUE_DDOF1,0.01727729262442284,0.1676377869922498,-0.15036049436782695,GLOBAL_ALL_COMPARATORS,All numerical comparators,ADRA1A,Amygdala
ADRA1A|EXACT_SINGLE_PROTEIN|HSAMP_192dff4b8df5862a227b1163|HUMAN_BIOGPS_GNF1H_GCRMA_77_TISSUE_DDOF1,-0.17327345734461072,0.12379931931890215,-0.29707277666351284,GLOBAL_ALL_COMPARATORS,All numerical comparators,ADRA1A,SubthalamicNucleus
ADRA1A|EXACT_SINGLE_PROTEIN|HSAMP_20b60708f05d03c76f9fe702|HUMAN_BIOGPS_GNF1H_GCRMA_77_TISSUE_DDOF1,1.2202698721222003,0.821405852154701,0.3988640199674993,GLOBAL_ALL_COMPARATORS,All numerical comparators,ADRA1A,CerebellumPeduncles
ADRA1A|EXACT_SINGLE_PROTEIN|HSAMP_374f872ebf1bbba2be514f9f|HUMAN_BIOGPS_GNF1H_GCRMA_77_TISSUE_DDOF1,-1.0125913122842531,-0.22800473924767323,-0.78458657303658,GLOBAL_ALL_COMPARATORS,All numerical comparators,ADRA1A,GlobusPallidus
ADRA1A|EXACT_SINGLE_PROTEIN|HSAMP_5c090f15f3e5194312a7e8ed|HUMAN_BIOGPS_GNF1H_GCRMA_77_TISSUE_DDOF1,-0.7142836231329676,-0.02783295474394175,-0.6864506683890258,GLOBAL_ALL_COMPARATORS,All numerical comparators,ADRA1A,MedullaOblongata
ADRA1A|EXACT_SINGLE_PROTEIN|HSAMP_752ebc880edc13bb4e2b2de8|HUMAN_BIOGPS_GNF1H_GCRMA_77_TISSUE_DDOF1,1.0330401383418797,0.7503039904083313,0.2827361479335484,GLOBAL_ALL_COMPARATORS,All numerical comparators,ADRA1A,PrefrontalCortex
ADRA1A|EXACT_SINGLE_PROTEIN|HSAMP_7725bb8a75064c4d7246d9ba|HUMAN_BIOGPS_GNF1H_GCRMA_77_TISSUE_DDOF1,-0.7735111971300326,-0.06464188697284931,-0.7088693101571832,GLOBAL_ALL_COMPARATORS,All numerical comparators,ADRA1A,OccipitalLobe
ADRA1A|EXACT_SINGLE_PROTEIN|HSAMP_8ed020260a1d25cf72324c8a|HUMAN_BIOGPS_GNF1H_GCRMA_77_TISSUE_DDOF1,0.48383712564449033,0.4780412038576254,0.005795921786864944,GLOBAL_ALL_COMPARATORS,All numerical comparators,ADRA1A,Hypothalamus
ADRA1A|EXACT_SINGLE_PROTEIN|HSAMP_936b77a4b11b5c19027de438|HUMAN_BIOGPS_GNF1H_GCRMA_77_TISSUE_DDOF1,0.6803833642951119,0.5483741293763095,0.13200923491880245,GLOBAL_ALL_COMPARATORS,All numerical comparators,ADRA1A,Spinalcord
ADRA1A|EXACT_SINGLE_PROTEIN|HSAMP_9aa72e4fb1ff63e1792b1ec7|HUMAN_BIOGPS_GNF1H_GCRMA_77_TISSUE_DDOF1,-1.176829333645712,-0.34161535140867283,-0.8352139822370392,GLOBAL_ALL_COMPARATORS,All numerical comparators,ADRA1A,Cerebellum
ADRA1A|EXACT_SINGLE_PROTEIN|HSAMP_a32ce488a48b0df9b8c4c40a|HUMAN_BIOGPS_GNF1H_GCRMA_77_TISSUE_DDOF1,-0.7735111971300326,-0.06464188697284931,-0.7088693101571832,GLOBAL_ALL_COMPARATORS,All numerical comparators,ADRA1A,Caudatenucleus
ADRA1A|EXACT_SINGLE_PROTEIN|HSAMP_d99ba5ea584363f8600ade55|HUMAN_BIOGPS_GNF1H_GCRMA_77_TISSUE_DDOF1,0.5697969462378093,0.5207440985184445,0.0490528477193648,GLOBAL_ALL_COMPARATORS,All numerical comparators,ADRA1A,CingulateCortex
ADRA1A|EXACT_SINGLE_PROTEIN|HSAMP_e75262fc0acfda69d976a6d3|HUMAN_BIOGPS_GNF1H_GCRMA_77_TISSUE_DDOF1,0.7908831192896955,0.603871746397926,0.1870113728917695,GLOBAL_ALL_COMPARATORS,All numerical comparators,ADRA1A,ParietalLobe
ADRA1A|EXACT_SINGLE_PROTEIN|HSAMP_eb2587e74e2d6457032d4ae7|HUMAN_BIOGPS_GNF1H_GCRMA_77_TISSUE_DDOF1,-0.47438680247321735,0.06020774377806644,-0.5345945462512838,GLOBAL_ALL_COMPARATORS,All numerical comparators,ADRA1A,TemporalLobe
ADRA1A|EXACT_SINGLE_PROTEIN|HSAMP_f43595f3557cf05e6a721aeb|HUMAN_BIOGPS_GNF1H_GCRMA_77_TISSUE_DDOF1,0.2937959716720335,0.4276500698698611,-0.13385409819782762,GLOBAL_ALL_COMPARATORS,All numerical comparators,ADRA1A,Thalamus
ADRA1A|EXACT_SINGLE_PROTEIN|HSAMP_ff841df7ecd9f2c8ea2660f5|HUMAN_BIOGPS_GNF1H_GCRMA_77_TISSUE_DDOF1,-1.3916941247707881,-0.4645361061635255,-0.9271580186072627,GLOBAL_ALL_COMPARATORS,All numerical comparators,ADRA1A,OlfactoryBulb
ADRA2A|EXACT_SINGLE_PROTEIN|HSAMP_06645e2e8409a5b743985cdd|HUMAN_BIOGPS_GNF1H_GCRMA_77_TISSUE_DDOF1,1.3256712318464634,0.8080504371805722,0.5176207946658912,GLOBAL_ALL_COMPARATORS,All numerical comparators,ADRA2A,Wholebrain
ADRA2A|EXACT_SINGLE_PROTEIN|HSAMP_0cb8b4d1db8c390eeeecca55|HUMAN_BIOGPS_GNF1H_GCRMA_77_TISSUE_DDOF1,-0.5044395774634475,0.08415459643783524,-0.5885941739012828,GLOBAL_ALL_COMPARATORS,All numerical comparators,ADRA2A,Pons
ADRA2A|EXACT_SINGLE_PROTEIN|HSAMP_13a552b6ffc4aac3b85a50ca|HUMAN_BIOGPS_GNF1H_GCRMA_77_TISSUE_DDOF1,0.5741290899637739,0.517569097949917,0.056559992013856863,GLOBAL_ALL_COMPARATORS,All numerical comparators,ADRA2A,Amygdala
ADRA2A|EXACT_SINGLE_PROTEIN|HSAMP_192dff4b8df5862a227b1163|HUMAN_BIOGPS_GNF1H_GCRMA_77_TISSUE_DDOF1,-0.6732064603943135,0.036406474779273876,-0.7096129351735874,GLOBAL_ALL_COMPARATORS,All numerical comparators,ADRA2A,SubthalamicNucleus
ADRA2A|EXACT_SINGLE_PROTEIN|HSAMP_20b60708f05d03c76f9fe702|HUMAN_BIOGPS_GNF1H_GCRMA_77_TISSUE_DDOF1,0.5992580300558955,0.5229282221761699,0.07632980787972565,GLOBAL_ALL_COMPARATORS,All numerical comparators,ADRA2A,CerebellumPeduncles
ADRA2A|EXACT_SINGLE_PROTEIN|HSAMP_374f872ebf1bbba2be514f9f|HUMAN_BIOGPS_GNF1H_GCRMA_77_TISSUE_DDOF1,-1.129932837769179,-0.1771866180117162,-0.9527462197574629,GLOBAL_ALL_COMPARATORS,All numerical comparators,ADRA2A,GlobusPallidus
ADRA2A|EXACT_SINGLE_PROTEIN|HSAMP_5c090f15f3e5194312a7e8ed|HUMAN_BIOGPS_GNF1H_GCRMA_77_TISSUE_DDOF1,-0.7142836231329676,0.02293950055762152,-0.7372231236905891,GLOBAL_ALL_COMPARATORS,All numerical comparators,ADRA2A,MedullaOblongata
ADRA2A|EXACT_SINGLE_PROTEIN|HSAMP_752ebc880edc13bb4e2b2de8|HUMAN_BIOGPS_GNF1H_GCRMA_77_TISSUE_DDOF1,0.6639939006317417,0.5336388815372213,0.1303550190945204,GLOBAL_ALL_COMPARATORS,All numerical comparators,ADRA2A,PrefrontalCortex
ADRA2A|EXACT_SINGLE_PROTEIN|HSAMP_7725bb8a75064c4d7246d9ba|HUMAN_BIOGPS_GNF1H_GCRMA_77_TISSUE_DDOF1,-0.6732064603943135,0.036406474779273876,-0.7096129351735874,GLOBAL_ALL_COMPARATORS,All numerical comparators,ADRA2A,OccipitalLobe
ADRA2A|EXACT_SINGLE_PROTEIN|HSAMP_8ed020260a1d25cf72324c8a|HUMAN_BIOGPS_GNF1H_GCRMA_77_TISSUE_DDOF1,0.22956957141467732,0.4203032751095676,-0.1907337036948903,GLOBAL_ALL_COMPARATORS,All numerical comparators,ADRA2A,Hypothalamus
ADRA2A|EXACT_SINGLE_PROTEIN|HSAMP_936b77a4b11b5c19027de438|HUMAN_BIOGPS_GNF1H_GCRMA_77_TISSUE_DDOF1,-0.047357446085577085,0.16620856025966252,-0.2135660063452396,GLOBAL_ALL_COMPARATORS,All numerical comparators,ADRA2A,Spinalcord
ADRA2A|EXACT_SINGLE_PROTEIN|HSAMP_9aa72e4fb1ff63e1792b1ec7|HUMAN_BIOGPS_GNF1H_GCRMA_77_TISSUE_DDOF1,-0.8108793577649526,-0.005240994959714015,-0.8056383628052386,GLOBAL_ALL_COMPARATORS,All numerical comparators,ADRA2A,Cerebellum
ADRA2A|EXACT_SINGLE_PROTEIN|HSAMP_a32ce488a48b0df9b8c4c40a|HUMAN_BIOGPS_GNF1H_GCRMA_77_TISSUE_DDOF1,-0.733236447782707,0.019103777113380876,-0.7523402248960879,GLOBAL_ALL_COMPARATORS,All numerical comparators,ADRA2A,Caudatenucleus
ADRA2A|EXACT_SINGLE_PROTEIN|HSAMP_d99ba5ea584363f8600ade55|HUMAN_BIOGPS_GNF1H_GCRMA_77_TISSUE_DDOF1,-0.2634322811930612,0.12684881224009714,-0.39028109343315837,GLOBAL_ALL_COMPARATORS,All numerical comparators,ADRA2A,CingulateCortex
ADRA2A|EXACT_SINGLE_PROTEIN|HSAMP_e75262fc0acfda69d976a6d3|HUMAN_BIOGPS_GNF1H_GCRMA_77_TISSUE_DDOF1,0.055922154422395114,0.22612072050382398,-0.17019856608142886,GLOBAL_ALL_COMPARATORS,All numerical comparators,ADRA2A,ParietalLobe
ADRA2A|EXACT_SINGLE_PROTEIN|HSAMP_eb2587e74e2d6457032d4ae7|HUMAN_BIOGPS_GNF1H_GCRMA_77_TISSUE_DDOF1,-0.5955305040679503,0.0635861455522017,-0.6591166496201519,GLOBAL_ALL_COMPARATORS,All numerical comparators,ADRA2A,TemporalLobe
ADRA2A|EXACT_SINGLE_PROTEIN|HSAMP_f43595f3557cf05e6a721aeb|HUMAN_BIOGPS_GNF1H_GCRMA_77_TISSUE_DDOF1,-0.2634322811930612,0.12684881224009714,-0.39028109343315837,GLOBAL_ALL_COMPARATORS,All numerical comparators,ADRA2A,Thalamus
ADRA2A|EXACT_SINGLE_PROTEIN|HSAMP_ff841df7ecd9f2c8ea2660f5|HUMAN_BIOGPS_GNF1H_GCRMA_77_TISSUE_DDOF1,-1.0157075272297438,-0.11614123599333678,-0.899566291236407,GLOBAL_ALL_COMPARATORS,All numerical comparators,ADRA2A,OlfactoryBulb
ADRA2B|EXACT_SINGLE_PROTEIN|HSAMP_06645e2e8409a5b743985cdd|HUMAN_BIOGPS_GNF1H_GCRMA_77_TISSUE_DDOF1,-1.081013102938054,-0.11999216089355622,-0.9610209420444978,GLOBAL_ALL_COMPARATORS,All numerical comparators,ADRA2B,Wholebrain
ADRA2B|EXACT_SINGLE_PROTEIN|HSAMP_0cb8b4d1db8c390eeeecca55|HUMAN_BIOGPS_GNF1H_GCRMA_77_TISSUE_DDOF1,-0.19085554650662634,0.14739388283873456,-0.3382494293453609,GLOBAL_ALL_COMPARATORS,All numerical comparators,ADRA2B,Pons
ADRA2B|EXACT_SINGLE_PROTEIN|HSAMP_13a552b6ffc4aac3b85a50ca|HUMAN_BIOGPS_GNF1H_GCRMA_77_TISSUE_DDOF1,0.8015037237186955,0.5765858879484055,0.22491783577029,GLOBAL_ALL_COMPARATORS,All numerical comparators,ADRA2B,Amygdala
ADRA2B|EXACT_SINGLE_PROTEIN|HSAMP_192dff4b8df5862a227b1163|HUMAN_BIOGPS_GNF1H_GCRMA_77_TISSUE_DDOF1,-0.5960540842206639,0.07094789411591854,-0.6670019783365824,GLOBAL_ALL_COMPARATORS,All numerical comparators,ADRA2B,SubthalamicNucleus
ADRA2B|EXACT_SINGLE_PROTEIN|HSAMP_20b60708f05d03c76f9fe702|HUMAN_BIOGPS_GNF1H_GCRMA_77_TISSUE_DDOF1,1.0999181395371558,0.7304173746186913,0.3695007649184645,GLOBAL_ALL_COMPARATORS,All numerical comparators,ADRA2B,CerebellumPeduncles
ADRA2B|EXACT_SINGLE_PROTEIN|HSAMP_374f872ebf1bbba2be514f9f|HUMAN_BIOGPS_GNF1H_GCRMA_77_TISSUE_DDOF1,-1.7950706659821885,-0.4474253694534775,-1.347645296528711,GLOBAL_ALL_COMPARATORS,All numerical comparators,ADRA2B,GlobusPallidus
ADRA2B|EXACT_SINGLE_PROTEIN|HSAMP_5c090f15f3e5194312a7e8ed|HUMAN_BIOGPS_GNF1H_GCRMA_77_TISSUE_DDOF1,-0.5960540842206639,0.07094789411591854,-0.6670019783365824,GLOBAL_ALL_COMPARATORS,All numerical comparators,ADRA2B,MedullaOblongata
ADRA2B|EXACT_SINGLE_PROTEIN|HSAMP_752ebc880edc13bb4e2b2de8|HUMAN_BIOGPS_GNF1H_GCRMA_77_TISSUE_DDOF1,1.4747756920705977,0.8475348429890642,0.6272408490815334,GLOBAL_ALL_COMPARATORS,All numerical comparators,ADRA2B,PrefrontalCortex
ADRA2B|EXACT_SINGLE_PROTEIN|HSAMP_7725bb8a75064c4d7246d9ba|HUMAN_BIOGPS_GNF1H_GCRMA_77_TISSUE_DDOF1,-0.6793234109591311,0.04487166742131097,-0.7241950783804421,GLOBAL_ALL_COMPARATORS,All numerical comparators,ADRA2B,OccipitalLobe
ADRA2B|EXACT_SINGLE_PROTEIN|HSAMP_8ed020260a1d25cf72324c8a|HUMAN_BIOGPS_GNF1H_GCRMA_77_TISSUE_DDOF1,0.9398984229482849,0.6528827994838529,0.287015623464432,GLOBAL_ALL_COMPARATORS,All numerical comparators,ADRA2B,Hypothalamus
ADRA2B|EXACT_SINGLE_PROTEIN|HSAMP_936b77a4b11b5c19027de438|HUMAN_BIOGPS_GNF1H_GCRMA_77_TISSUE_DDOF1,0.8943310695375521,0.6308121947781727,0.2635188747593794,GLOBAL_ALL_COMPARATORS,All numerical comparators,ADRA2B,Spinalcord
ADRA2B|EXACT_SINGLE_PROTEIN|HSAMP_9aa72e4fb1ff63e1792b1ec7|HUMAN_BIOGPS_GNF1H_GCRMA_77_TISSUE_DDOF1,-1.3071910274498197,-0.24909148613901877,-1.058099541310801,GLOBAL_ALL_COMPARATORS,All numerical comparators,ADRA2B,Cerebellum
ADRA2B|EXACT_SINGLE_PROTEIN|HSAMP_a32ce488a48b0df9b8c4c40a|HUMAN_BIOGPS_GNF1H_GCRMA_77_TISSUE_DDOF1,-0.6793234109591311,0.04487166742131097,-0.7241950783804421,GLOBAL_ALL_COMPARATORS,All numerical comparators,ADRA2B,Caudatenucleus
ADRA2B|EXACT_SINGLE_PROTEIN|HSAMP_d99ba5ea584363f8600ade55|HUMAN_BIOGPS_GNF1H_GCRMA_77_TISSUE_DDOF1,0.6885996288359957,0.537327718703461,0.15127191013253471,GLOBAL_ALL_COMPARATORS,All numerical comparators,ADRA2B,CingulateCortex
ADRA2B|EXACT_SINGLE_PROTEIN|HSAMP_e75262fc0acfda69d976a6d3|HUMAN_BIOGPS_GNF1H_GCRMA_77_TISSUE_DDOF1,0.8015037237186955,0.5765858879484055,0.22491783577029,GLOBAL_ALL_COMPARATORS,All numerical comparators,ADRA2B,ParietalLobe
ADRA2B|EXACT_SINGLE_PROTEIN|HSAMP_eb2587e74e2d6457032d4ae7|HUMAN_BIOGPS_GNF1H_GCRMA_77_TISSUE_DDOF1,-0.5960540842206639,0.07094789411591854,-0.6670019783365824,GLOBAL_ALL_COMPARATORS,All numerical comparators,ADRA2B,TemporalLobe
ADRA2B|EXACT_SINGLE_PROTEIN|HSAMP_f43595f3557cf05e6a721aeb|HUMAN_BIOGPS_GNF1H_GCRMA_77_TISSUE_DDOF1,0.5957988184928056,0.5207963363479451,0.0750024821448605,GLOBAL_ALL_COMPARATORS,All numerical comparators,ADRA2B,Thalamus
ADRA2B|EXACT_SINGLE_PROTEIN|HSAMP_ff841df7ecd9f2c8ea2660f5|HUMAN_BIOGPS_GNF1H_GCRMA_77_TISSUE_DDOF1,-1.4188882087327248,-0.2828923411167904,-1.1359958676159345,GLOBAL_ALL_COMPARATORS,All numerical comparators,ADRA2B,OlfactoryBulb
ADRA2C|EXACT_SINGLE_PROTEIN|HSAMP_06645e2e8409a5b743985cdd|HUMAN_BIOGPS_GNF1H_GCRMA_77_TISSUE_DDOF1,-1.0157075272297438,-0.1781845037260063,-0.8375230235037374,GLOBAL_ALL_COMPARATORS,All numerical comparators,ADRA2C,Wholebrain
ADRA2C|EXACT_SINGLE_PROTEIN|HSAMP_0cb8b4d1db8c390eeeecca55|HUMAN_BIOGPS_GNF1H_GCRMA_77_TISSUE_DDOF1,1.1871452865866186,0.7925512339190732,0.3945940526675453,GLOBAL_ALL_COMPARATORS,All numerical comparators,ADRA2C,Pons
ADRA2C|EXACT_SINGLE_PROTEIN|HSAMP_13a552b6ffc4aac3b85a50ca|HUMAN_BIOGPS_GNF1H_GCRMA_77_TISSUE_DDOF1,0.422807042795757,0.4499700371284398,-0.02716299433268282,GLOBAL_ALL_COMPARATORS,All numerical comparators,ADRA2C,Amygdala
ADRA2C|EXACT_SINGLE_PROTEIN|HSAMP_192dff4b8df5862a227b1163|HUMAN_BIOGPS_GNF1H_GCRMA_77_TISSUE_DDOF1,-0.5848132215317517,0.04426679319761184,-0.6290800147293636,GLOBAL_ALL_COMPARATORS,All numerical comparators,ADRA2C,SubthalamicNucleus
ADRA2C|EXACT_SINGLE_PROTEIN|HSAMP_20b60708f05d03c76f9fe702|HUMAN_BIOGPS_GNF1H_GCRMA_77_TISSUE_DDOF1,1.2527025925413384,0.8087038415562595,0.4439987509850789,GLOBAL_ALL_COMPARATORS,All numerical comparators,ADRA2C,CerebellumPeduncles
ADRA2C|EXACT_SINGLE_PROTEIN|HSAMP_374f872ebf1bbba2be514f9f|HUMAN_BIOGPS_GNF1H_GCRMA_77_TISSUE_DDOF1,0.8881172637591862,0.6524795143578147,0.2356377494013715,GLOBAL_ALL_COMPARATORS,All numerical comparators,ADRA2C,GlobusPallidus
ADRA2C|EXACT_SINGLE_PROTEIN|HSAMP_5c090f15f3e5194312a7e8ed|HUMAN_BIOGPS_GNF1H_GCRMA_77_TISSUE_DDOF1,-0.5483840564311945,0.05521448771184597,-0.6035985441430405,GLOBAL_ALL_COMPARATORS,All numerical comparators,ADRA2C,MedullaOblongata
ADRA2C|EXACT_SINGLE_PROTEIN|HSAMP_752ebc880edc13bb4e2b2de8|HUMAN_BIOGPS_GNF1H_GCRMA_77_TISSUE_DDOF1,0.8685906746985917,0.6424412215404333,0.2261494531581585,GLOBAL_ALL_COMPARATORS,All numerical comparators,ADRA2C,PrefrontalCortex
ADRA2C|EXACT_SINGLE_PROTEIN|HSAMP_7725bb8a75064c4d7246d9ba|HUMAN_BIOGPS_GNF1H_GCRMA_77_TISSUE_DDOF1,-0.4668564817714058,0.07654949842058849,-0.5434059801919943,GLOBAL_ALL_COMPARATORS,All numerical comparators,ADRA2C,OccipitalLobe
ADRA2C|EXACT_SINGLE_PROTEIN|HSAMP_8ed020260a1d25cf72324c8a|HUMAN_BIOGPS_GNF1H_GCRMA_77_TISSUE_DDOF1,-0.29018208286083713,0.11486403177224425,-0.4050461146330814,GLOBAL_ALL_COMPARATORS,All numerical comparators,ADRA2C,Hypothalamus
ADRA2C|EXACT_SINGLE_PROTEIN|HSAMP_936b77a4b11b5c19027de438|HUMAN_BIOGPS_GNF1H_GCRMA_77_TISSUE_DDOF1,0.07252381466825766,0.22260967120296002,-0.15008585653470236,GLOBAL_ALL_COMPARATORS,All numerical comparators,ADRA2C,Spinalcord
ADRA2C|EXACT_SINGLE_PROTEIN|HSAMP_9aa72e4fb1ff63e1792b1ec7|HUMAN_BIOGPS_GNF1H_GCRMA_77_TISSUE_DDOF1,-0.974213409077616,-0.13775965920257355,-0.8364537498750424,GLOBAL_ALL_COMPARATORS,All numerical comparators,ADRA2C,Cerebellum
ADRA2C|EXACT_SINGLE_PROTEIN|HSAMP_a32ce488a48b0df9b8c4c40a|HUMAN_BIOGPS_GNF1H_GCRMA_77_TISSUE_DDOF1,1.2402225586858004,0.8049545259918749,0.43526803269392556,GLOBAL_ALL_COMPARATORS,All numerical comparators,ADRA2C,Caudatenucleus
ADRA2C|EXACT_SINGLE_PROTEIN|HSAMP_d99ba5ea584363f8600ade55|HUMAN_BIOGPS_GNF1H_GCRMA_77_TISSUE_DDOF1,0.933270355461989,0.6754152535794388,0.25785510188255023,GLOBAL_ALL_COMPARATORS,All numerical comparators,ADRA2C,CingulateCortex
ADRA2C|EXACT_SINGLE_PROTEIN|HSAMP_e75262fc0acfda69d976a6d3|HUMAN_BIOGPS_GNF1H_GCRMA_77_TISSUE_DDOF1,0.18156492528368454,0.3873434393275137,-0.20577851404382916,GLOBAL_ALL_COMPARATORS,All numerical comparators,ADRA2C,ParietalLobe
ADRA2C|EXACT_SINGLE_PROTEIN|HSAMP_eb2587e74e2d6457032d4ae7|HUMAN_BIOGPS_GNF1H_GCRMA_77_TISSUE_DDOF1,-0.0750434307571286,0.14975122116028206,-0.22479465191741066,GLOBAL_ALL_COMPARATORS,All numerical comparators,ADRA2C,TemporalLobe
ADRA2C|EXACT_SINGLE_PROTEIN|HSAMP_f43595f3557cf05e6a721aeb|HUMAN_BIOGPS_GNF1H_GCRMA_77_TISSUE_DDOF1,0.8099409524234332,0.6085578131010182,0.20138313932241503,GLOBAL_ALL_COMPARATORS,All numerical comparators,ADRA2C,Thalamus
ADRA2C|EXACT_SINGLE_PROTEIN|HSAMP_ff841df7ecd9f2c8ea2660f5|HUMAN_BIOGPS_GNF1H_GCRMA_77_TISSUE_DDOF1,-1.051608640108919,-0.20393409330760917,-0.8476745468013099,GLOBAL_ALL_COMPARATORS,All numerical comparators,ADRA2C,OlfactoryBulb
ADRB1|EXACT_SINGLE_PROTEIN|HSAMP_06645e2e8409a5b743985cdd|HUMAN_BIOGPS_GNF1H_GCRMA_77_TISSUE_DDOF1,-0.7141563155466898,0.11483531906940946,-0.8289916346160993,GLOBAL_ALL_COMPARATORS,All numerical comparators,ADRB1,Wholebrain
ADRB1|EXACT_SINGLE_PROTEIN|HSAMP_0cb8b4d1db8c390eeeecca55|HUMAN_BIOGPS_GNF1H_GCRMA_77_TISSUE_DDOF1,0.2837272094134519,0.44639778399276453,-0.1626705745793126,GLOBAL_ALL_COMPARATORS,All numerical comparators,ADRB1,Pons
ADRB1|EXACT_SINGLE_PROTEIN|HSAMP_13a552b6ffc4aac3b85a50ca|HUMAN_BIOGPS_GNF1H_GCRMA_77_TISSUE_DDOF1,-0.08144219107044,0.2380549407104861,-0.3194971317809261,GLOBAL_ALL_COMPARATORS,All numerical comparators,ADRB1,Amygdala
ADRB1|EXACT_SINGLE_PROTEIN|HSAMP_192dff4b8df5862a227b1163|HUMAN_BIOGPS_GNF1H_GCRMA_77_TISSUE_DDOF1,0.5839908564331898,0.5055040531567275,0.07848680327646229,GLOBAL_ALL_COMPARATORS,All numerical comparators,ADRB1,SubthalamicNucleus
ADRB1|EXACT_SINGLE_PROTEIN|HSAMP_20b60708f05d03c76f9fe702|HUMAN_BIOGPS_GNF1H_GCRMA_77_TISSUE_DDOF1,0.7393416021604018,0.529911870307838,0.20942973185256375,GLOBAL_ALL_COMPARATORS,All numerical comparators,ADRB1,CerebellumPeduncles
ADRB1|EXACT_SINGLE_PROTEIN|HSAMP_374f872ebf1bbba2be514f9f|HUMAN_BIOGPS_GNF1H_GCRMA_77_TISSUE_DDOF1,-0.4668564817714058,0.1684712791307425,-0.6353277609021484,GLOBAL_ALL_COMPARATORS,All numerical comparators,ADRB1,GlobusPallidus
ADRB1|EXACT_SINGLE_PROTEIN|HSAMP_5c090f15f3e5194312a7e8ed|HUMAN_BIOGPS_GNF1H_GCRMA_77_TISSUE_DDOF1,-0.4821694168786324,0.16474744907642297,-0.6469168659550554,GLOBAL_ALL_COMPARATORS,All numerical comparators,ADRB1,MedullaOblongata
ADRB1|EXACT_SINGLE_PROTEIN|HSAMP_752ebc880edc13bb4e2b2de8|HUMAN_BIOGPS_GNF1H_GCRMA_77_TISSUE_DDOF1,0.569170473143565,0.5005892617323702,0.06858121141119478,GLOBAL_ALL_COMPARATORS,All numerical comparators,ADRB1,PrefrontalCortex
ADRB1|EXACT_SINGLE_PROTEIN|HSAMP_7725bb8a75064c4d7246d9ba|HUMAN_BIOGPS_GNF1H_GCRMA_77_TISSUE_DDOF1,-0.5461687686101482,0.1504456926462696,-0.6966144612564178,GLOBAL_ALL_COMPARATORS,All numerical comparators,ADRB1,OccipitalLobe
ADRB1|EXACT_SINGLE_PROTEIN|HSAMP_8ed020260a1d25cf72324c8a|HUMAN_BIOGPS_GNF1H_GCRMA_77_TISSUE_DDOF1,0.08728974070777511,0.34876653900704246,-0.26147679829926734,GLOBAL_ALL_COMPARATORS,All numerical comparators,ADRB1,Hypothalamus
ADRB1|EXACT_SINGLE_PROTEIN|HSAMP_936b77a4b11b5c19027de438|HUMAN_BIOGPS_GNF1H_GCRMA_77_TISSUE_DDOF1,0.08728974070777511,0.34876653900704246,-0.26147679829926734,GLOBAL_ALL_COMPARATORS,All numerical comparators,ADRB1,Spinalcord
ADRB1|EXACT_SINGLE_PROTEIN|HSAMP_9aa72e4fb1ff63e1792b1ec7|HUMAN_BIOGPS_GNF1H_GCRMA_77_TISSUE_DDOF1,-0.6925507239086541,0.11730811280619133,-0.8098588367148455,GLOBAL_ALL_COMPARATORS,All numerical comparators,ADRB1,Cerebellum
ADRB1|EXACT_SINGLE_PROTEIN|HSAMP_a32ce488a48b0df9b8c4c40a|HUMAN_BIOGPS_GNF1H_GCRMA_77_TISSUE_DDOF1,-0.5461687686101482,0.1504456926462696,-0.6966144612564178,GLOBAL_ALL_COMPARATORS,All numerical comparators,ADRB1,Caudatenucleus
ADRB1|EXACT_SINGLE_PROTEIN|HSAMP_d99ba5ea584363f8600ade55|HUMAN_BIOGPS_GNF1H_GCRMA_77_TISSUE_DDOF1,0.652683436201902,0.5159579571370203,0.13672547906488164,GLOBAL_ALL_COMPARATORS,All numerical comparators,ADRB1,CingulateCortex
ADRB1|EXACT_SINGLE_PROTEIN|HSAMP_e75262fc0acfda69d976a6d3|HUMAN_BIOGPS_GNF1H_GCRMA_77_TISSUE_DDOF1,0.8690862670857428,0.564904238850486,0.30418202823525675,GLOBAL_ALL_COMPARATORS,All numerical comparators,ADRB1,ParietalLobe
ADRB1|EXACT_SINGLE_PROTEIN|HSAMP_eb2587e74e2d6457032d4ae7|HUMAN_BIOGPS_GNF1H_GCRMA_77_TISSUE_DDOF1,-0.3574888479226209,0.1834824888490738,-0.5409713367716947,GLOBAL_ALL_COMPARATORS,All numerical comparators,ADRB1,TemporalLobe
ADRB1|EXACT_SINGLE_PROTEIN|HSAMP_f43595f3557cf05e6a721aeb|HUMAN_BIOGPS_GNF1H_GCRMA_77_TISSUE_DDOF1,0.036968827855691416,0.3128484474434471,-0.27587961958775564,GLOBAL_ALL_COMPARATORS,All numerical comparators,ADRB1,Thalamus
ADRB1|EXACT_SINGLE_PROTEIN|HSAMP_ff841df7ecd9f2c8ea2660f5|HUMAN_BIOGPS_GNF1H_GCRMA_77_TISSUE_DDOF1,-0.8232697206603634,0.09454453346540814,-0.9178142541257716,GLOBAL_ALL_COMPARATORS,All numerical comparators,ADRB1,OlfactoryBulb
ADRB2|EXACT_SINGLE_PROTEIN|HSAMP_06645e2e8409a5b743985cdd|HUMAN_BIOGPS_GNF1H_GCRMA_77_TISSUE_DDOF1,-0.24281573163512865,0.17651571332554267,-0.4193314449606713,GLOBAL_ALL_COMPARATORS,All numerical comparators,ADRB2,Wholebrain
ADRB2|EXACT_SINGLE_PROTEIN|HSAMP_0cb8b4d1db8c390eeeecca55|HUMAN_BIOGPS_GNF1H_GCRMA_77_TISSUE_DDOF1,-0.2060532562546954,0.18618625768221495,-0.39223951393691037,GLOBAL_ALL_COMPARATORS,All numerical comparators,ADRB2,Pons
ADRB2|EXACT_SINGLE_PROTEIN|HSAMP_13a552b6ffc4aac3b85a50ca|HUMAN_BIOGPS_GNF1H_GCRMA_77_TISSUE_DDOF1,-0.17884169477383446,0.19493974074846546,-0.3737814355222999,GLOBAL_ALL_COMPARATORS,All numerical comparators,ADRB2,Amygdala
ADRB2|EXACT_SINGLE_PROTEIN|HSAMP_192dff4b8df5862a227b1163|HUMAN_BIOGPS_GNF1H_GCRMA_77_TISSUE_DDOF1,-0.23101982438360044,0.18162260332581567,-0.4126424277094161,GLOBAL_ALL_COMPARATORS,All numerical comparators,ADRB2,SubthalamicNucleus
ADRB2|EXACT_SINGLE_PROTEIN|HSAMP_20b60708f05d03c76f9fe702|HUMAN_BIOGPS_GNF1H_GCRMA_77_TISSUE_DDOF1,-0.1562118715068632,0.2053349984868106,-0.3615468699936738,GLOBAL_ALL_COMPARATORS,All numerical comparators,ADRB2,CerebellumPeduncles
ADRB2|EXACT_SINGLE_PROTEIN|HSAMP_374f872ebf1bbba2be514f9f|HUMAN_BIOGPS_GNF1H_GCRMA_77_TISSUE_DDOF1,-0.2675662805664238,0.17409730854990038,-0.4416635891163242,GLOBAL_ALL_COMPARATORS,All numerical comparators,ADRB2,GlobusPallidus
ADRB2|EXACT_SINGLE_PROTEIN|HSAMP_5c090f15f3e5194312a7e8ed|HUMAN_BIOGPS_GNF1H_GCRMA_77_TISSUE_DDOF1,-0.21665643288106112,0.18495472534875598,-0.4016111582298171,GLOBAL_ALL_COMPARATORS,All numerical comparators,ADRB2,MedullaOblongata
ADRB2|EXACT_SINGLE_PROTEIN|HSAMP_752ebc880edc13bb4e2b2de8|HUMAN_BIOGPS_GNF1H_GCRMA_77_TISSUE_DDOF1,-0.11969944710468484,0.21562359894836736,-0.3353230460530522,GLOBAL_ALL_COMPARATORS,All numerical comparators,ADRB2,PrefrontalCortex
ADRB2|EXACT_SINGLE_PROTEIN|HSAMP_7725bb8a75064c4d7246d9ba|HUMAN_BIOGPS_GNF1H_GCRMA_77_TISSUE_DDOF1,-0.23307813868906513,0.1814366263435038,-0.4145147650325689,GLOBAL_ALL_COMPARATORS,All numerical comparators,ADRB2,OccipitalLobe
ADRB2|EXACT_SINGLE_PROTEIN|HSAMP_8ed020260a1d25cf72324c8a|HUMAN_BIOGPS_GNF1H_GCRMA_77_TISSUE_DDOF1,-0.17815121178694848,0.19568233929226847,-0.37383355107921695,GLOBAL_ALL_COMPARATORS,All numerical comparators,ADRB2,Hypothalamus
ADRB2|EXACT_SINGLE_PROTEIN|HSAMP_936b77a4b11b5c19027de438|HUMAN_BIOGPS_GNF1H_GCRMA_77_TISSUE_DDOF1,-0.17327345734461072,0.20313421693990208,-0.3764076742845128,GLOBAL_ALL_COMPARATORS,All numerical comparators,ADRB2,Spinalcord
ADRB2|EXACT_SINGLE_PROTEIN|HSAMP_9aa72e4fb1ff63e1792b1ec7|HUMAN_BIOGPS_GNF1H_GCRMA_77_TISSUE_DDOF1,-0.25920189374970876,0.1762602382002566,-0.43546213194996536,GLOBAL_ALL_COMPARATORS,All numerical comparators,ADRB2,Cerebellum
ADRB2|EXACT_SINGLE_PROTEIN|HSAMP_a32ce488a48b0df9b8c4c40a|HUMAN_BIOGPS_GNF1H_GCRMA_77_TISSUE_DDOF1,-0.23307813868906513,0.1814366263435038,-0.4145147650325689,GLOBAL_ALL_COMPARATORS,All numerical comparators,ADRB2,Caudatenucleus
ADRB2|EXACT_SINGLE_PROTEIN|HSAMP_d99ba5ea584363f8600ade55|HUMAN_BIOGPS_GNF1H_GCRMA_77_TISSUE_DDOF1,-0.19535588872305867,0.18724996236963473,-0.3826058510926934,GLOBAL_ALL_COMPARATORS,All numerical comparators,ADRB2,CingulateCortex
ADRB2|EXACT_SINGLE_PROTEIN|HSAMP_e75262fc0acfda69d976a6d3|HUMAN_BIOGPS_GNF1H_GCRMA_77_TISSUE_DDOF1,-0.17327345734461072,0.20313421693990208,-0.3764076742845128,GLOBAL_ALL_COMPARATORS,All numerical comparators,ADRB2,ParietalLobe
ADRB2|EXACT_SINGLE_PROTEIN|HSAMP_eb2587e74e2d6457032d4ae7|HUMAN_BIOGPS_GNF1H_GCRMA_77_TISSUE_DDOF1,-0.23101982438360044,0.18162260332581567,-0.4126424277094161,GLOBAL_ALL_COMPARATORS,All numerical comparators,ADRB2,TemporalLobe
ADRB2|EXACT_SINGLE_PROTEIN|HSAMP_f43595f3557cf05e6a721aeb|HUMAN_BIOGPS_GNF1H_GCRMA_77_TISSUE_DDOF1,-0.19535588872305867,0.18724996236963473,-0.3826058510926934,GLOBAL_ALL_COMPARATORS,All numerical comparators,ADRB2,Thalamus
ADRB2|EXACT_SINGLE_PROTEIN|HSAMP_ff841df7ecd9f2c8ea2660f5|HUMAN_BIOGPS_GNF1H_GCRMA_77_TISSUE_DDOF1,-0.2349661700369612,0.1784377184701409,-0.4134038885071021,GLOBAL_ALL_COMPARATORS,All numerical comparators,ADRB2,OlfactoryBulb
CHRM2|EXACT_SINGLE_PROTEIN|HSAMP_06645e2e8409a5b743985cdd|HUMAN_BIOGPS_GNF1H_GCRMA_77_TISSUE_DDOF1,-0.7574001275804327,0.10180715621879187,-0.8592072837992246,GLOBAL_ALL_COMPARATORS,All numerical comparators,CHRM2,Wholebrain
CHRM2|EXACT_SINGLE_PROTEIN|HSAMP_0cb8b4d1db8c390eeeecca55|HUMAN_BIOGPS_GNF1H_GCRMA_77_TISSUE_DDOF1,-0.3653832947616556,0.16076995832417618,-0.5261532530858317,GLOBAL_ALL_COMPARATORS,All numerical comparators,CHRM2,Pons
CHRM2|EXACT_SINGLE_PROTEIN|HSAMP_13a552b6ffc4aac3b85a50ca|HUMAN_BIOGPS_GNF1H_GCRMA_77_TISSUE_DDOF1,0.5258989545917097,0.48387240310657736,0.04202655148513229,GLOBAL_ALL_COMPARATORS,All numerical comparators,CHRM2,Amygdala
CHRM2|EXACT_SINGLE_PROTEIN|HSAMP_192dff4b8df5862a227b1163|HUMAN_BIOGPS_GNF1H_GCRMA_77_TISSUE_DDOF1,-0.5598986653287035,0.1371246814545418,-0.6970233467832453,GLOBAL_ALL_COMPARATORS,All numerical comparators,CHRM2,SubthalamicNucleus
CHRM2|EXACT_SINGLE_PROTEIN|HSAMP_20b60708f05d03c76f9fe702|HUMAN_BIOGPS_GNF1H_GCRMA_77_TISSUE_DDOF1,0.7569183516842588,0.5348322869294442,0.22208606475481463,GLOBAL_ALL_COMPARATORS,All numerical comparators,CHRM2,CerebellumPeduncles
CHRM2|EXACT_SINGLE_PROTEIN|HSAMP_374f872ebf1bbba2be514f9f|HUMAN_BIOGPS_GNF1H_GCRMA_77_TISSUE_DDOF1,-0.7574001275804327,0.10180715621879187,-0.8592072837992246,GLOBAL_ALL_COMPARATORS,All numerical comparators,CHRM2,GlobusPallidus
CHRM2|EXACT_SINGLE_PROTEIN|HSAMP_5c090f15f3e5194312a7e8ed|HUMAN_BIOGPS_GNF1H_GCRMA_77_TISSUE_DDOF1,-0.47798387534273784,0.14890901788940314,-0.6268928932321409,GLOBAL_ALL_COMPARATORS,All numerical comparators,CHRM2,MedullaOblongata
CHRM2|EXACT_SINGLE_PROTEIN|HSAMP_752ebc880edc13bb4e2b2de8|HUMAN_BIOGPS_GNF1H_GCRMA_77_TISSUE_DDOF1,1.0145542963360945,0.6223558245099432,0.3921984718261513,GLOBAL_ALL_COMPARATORS,All numerical comparators,CHRM2,PrefrontalCortex
CHRM2|EXACT_SINGLE_PROTEIN|HSAMP_7725bb8a75064c4d7246d9ba|HUMAN_BIOGPS_GNF1H_GCRMA_77_TISSUE_DDOF1,-0.5598986653287035,0.1371246814545418,-0.6970233467832453,GLOBAL_ALL_COMPARATORS,All numerical comparators,CHRM2,OccipitalLobe
CHRM2|EXACT_SINGLE_PROTEIN|HSAMP_8ed020260a1d25cf72324c8a|HUMAN_BIOGPS_GNF1H_GCRMA_77_TISSUE_DDOF1,0.6535991930171212,0.5187586273103647,0.1348405657067565,GLOBAL_ALL_COMPARATORS,All numerical comparators,CHRM2,Hypothalamus
CHRM2|EXACT_SINGLE_PROTEIN|HSAMP_936b77a4b11b5c19027de438|HUMAN_BIOGPS_GNF1H_GCRMA_77_TISSUE_DDOF1,0.5798966045664208,0.507236622832856,0.0726599817335648,GLOBAL_ALL_COMPARATORS,All numerical comparators,CHRM2,Spinalcord
CHRM2|EXACT_SINGLE_PROTEIN|HSAMP_9aa72e4fb1ff63e1792b1ec7|HUMAN_BIOGPS_GNF1H_GCRMA_77_TISSUE_DDOF1,-0.6306909781843474,0.1241199710070515,-0.7548109491913989,GLOBAL_ALL_COMPARATORS,All numerical comparators,CHRM2,Cerebellum
CHRM2|EXACT_SINGLE_PROTEIN|HSAMP_a32ce488a48b0df9b8c4c40a|HUMAN_BIOGPS_GNF1H_GCRMA_77_TISSUE_DDOF1,-0.6306909781843474,0.1241199710070515,-0.7548109491913989,GLOBAL_ALL_COMPARATORS,All numerical comparators,CHRM2,Caudatenucleus
CHRM2|EXACT_SINGLE_PROTEIN|HSAMP_d99ba5ea584363f8600ade55|HUMAN_BIOGPS_GNF1H_GCRMA_77_TISSUE_DDOF1,0.13577879871956952,0.400359032933894,-0.26458023421432453,GLOBAL_ALL_COMPARATORS,All numerical comparators,CHRM2,CingulateCortex
CHRM2|EXACT_SINGLE_PROTEIN|HSAMP_e75262fc0acfda69d976a6d3|HUMAN_BIOGPS_GNF1H_GCRMA_77_TISSUE_DDOF1,0.8281086162368785,0.556696768276397,0.27141184796048146,GLOBAL_ALL_COMPARATORS,All numerical comparators,CHRM2,ParietalLobe
CHRM2|EXACT_SINGLE_PROTEIN|HSAMP_eb2587e74e2d6457032d4ae7|HUMAN_BIOGPS_GNF1H_GCRMA_77_TISSUE_DDOF1,-0.01142305945911525,0.2467039979101181,-0.25812705736923336,GLOBAL_ALL_COMPARATORS,All numerical comparators,CHRM2,TemporalLobe
CHRM2|EXACT_SINGLE_PROTEIN|HSAMP_f43595f3557cf05e6a721aeb|HUMAN_BIOGPS_GNF1H_GCRMA_77_TISSUE_DDOF1,0.13577879871956952,0.400359032933894,-0.26458023421432453,GLOBAL_ALL_COMPARATORS,All numerical comparators,CHRM2,Thalamus
CHRM2|EXACT_SINGLE_PROTEIN|HSAMP_ff841df7ecd9f2c8ea2660f5|HUMAN_BIOGPS_GNF1H_GCRMA_77_TISSUE_DDOF1,-0.9473566328514829,0.06489745444230009,-1.0122540872937829,GLOBAL_ALL_COMPARATORS,All numerical comparators,CHRM2,OlfactoryBulb
CHRM3|EXACT_SINGLE_PROTEIN|HSAMP_06645e2e8409a5b743985cdd|HUMAN_BIOGPS_GNF1H_GCRMA_77_TISSUE_DDOF1,1.12499387306454,0.9874438962040597,0.1375499768604802,GLOBAL_ALL_COMPARATORS,All numerical comparators,CHRM3,Wholebrain
CHRM3|EXACT_SINGLE_PROTEIN|HSAMP_0cb8b4d1db8c390eeeecca55|HUMAN_BIOGPS_GNF1H_GCRMA_77_TISSUE_DDOF1,0.009288874367541939,0.06439065573821526,-0.05510178137067332,GLOBAL_ALL_COMPARATORS,All numerical comparators,CHRM3,Pons
CHRM3|EXACT_SINGLE_PROTEIN|HSAMP_13a552b6ffc4aac3b85a50ca|HUMAN_BIOGPS_GNF1H_GCRMA_77_TISSUE_DDOF1,1.2196470178369565,1.0730814412584686,0.1465655765784879,GLOBAL_ALL_COMPARATORS,All numerical comparators,CHRM3,Amygdala
CHRM3|EXACT_SINGLE_PROTEIN|HSAMP_192dff4b8df5862a227b1163|HUMAN_BIOGPS_GNF1H_GCRMA_77_TISSUE_DDOF1,0.4242907316639165,0.4369046676767961,-0.012613936012879579,GLOBAL_ALL_COMPARATORS,All numerical comparators,CHRM3,SubthalamicNucleus
CHRM3|EXACT_SINGLE_PROTEIN|HSAMP_20b60708f05d03c76f9fe702|HUMAN_BIOGPS_GNF1H_GCRMA_77_TISSUE_DDOF1,0.0754253984854567,0.13724036967353748,-0.06181497118808078,GLOBAL_ALL_COMPARATORS,All numerical comparators,CHRM3,CerebellumPeduncles
CHRM3|EXACT_SINGLE_PROTEIN|HSAMP_374f872ebf1bbba2be514f9f|HUMAN_BIOGPS_GNF1H_GCRMA_77_TISSUE_DDOF1,-0.10402842305478566,-0.036566671950362936,-0.06746175110442272,GLOBAL_ALL_COMPARATORS,All numerical comparators,CHRM3,GlobusPallidus
CHRM3|EXACT_SINGLE_PROTEIN|HSAMP_5c090f15f3e5194312a7e8ed|HUMAN_BIOGPS_GNF1H_GCRMA_77_TISSUE_DDOF1,0.3643441543381009,0.38141626117371275,-0.017072106835611833,GLOBAL_ALL_COMPARATORS,All numerical comparators,CHRM3,MedullaOblongata
CHRM3|EXACT_SINGLE_PROTEIN|HSAMP_752ebc880edc13bb4e2b2de8|HUMAN_BIOGPS_GNF1H_GCRMA_77_TISSUE_DDOF1,2.6155934488421475,2.256183072588435,0.35941037625371264,GLOBAL_ALL_COMPARATORS,All numerical comparators,CHRM3,PrefrontalCortex
CHRM3|EXACT_SINGLE_PROTEIN|HSAMP_7725bb8a75064c4d7246d9ba|HUMAN_BIOGPS_GNF1H_GCRMA_77_TISSUE_DDOF1,0.7434044170757004,0.669910013758992,0.07349440331670842,GLOBAL_ALL_COMPARATORS,All numerical comparators,CHRM3,OccipitalLobe
CHRM3|EXACT_SINGLE_PROTEIN|HSAMP_8ed020260a1d25cf72324c8a|HUMAN_BIOGPS_GNF1H_GCRMA_77_TISSUE_DDOF1,0.07228204391287499,0.1329742604907085,-0.060692216577833524,GLOBAL_ALL_COMPARATORS,All numerical comparators,CHRM3,Hypothalamus
CHRM3|EXACT_SINGLE_PROTEIN|HSAMP_936b77a4b11b5c19027de438|HUMAN_BIOGPS_GNF1H_GCRMA_77_TISSUE_DDOF1,0.04454906146442492,0.11055755733047794,-0.06600849586605301,GLOBAL_ALL_COMPARATORS,All numerical comparators,CHRM3,Spinalcord
CHRM3|EXACT_SINGLE_PROTEIN|HSAMP_9aa72e4fb1ff63e1792b1ec7|HUMAN_BIOGPS_GNF1H_GCRMA_77_TISSUE_DDOF1,-0.07721997063400048,-0.012278084943838141,-0.06494188569016233,GLOBAL_ALL_COMPARATORS,All numerical comparators,CHRM3,Cerebellum
CHRM3|EXACT_SINGLE_PROTEIN|HSAMP_a32ce488a48b0df9b8c4c40a|HUMAN_BIOGPS_GNF1H_GCRMA_77_TISSUE_DDOF1,-0.022691925819512807,0.032123542551068494,-0.0548154683705813,GLOBAL_ALL_COMPARATORS,All numerical comparators,CHRM3,Caudatenucleus
CHRM3|EXACT_SINGLE_PROTEIN|HSAMP_d99ba5ea584363f8600ade55|HUMAN_BIOGPS_GNF1H_GCRMA_77_TISSUE_DDOF1,0.05521957840724115,0.11894211068575337,-0.06372253227851223,GLOBAL_ALL_COMPARATORS,All numerical comparators,CHRM3,CingulateCortex
CHRM3|EXACT_SINGLE_PROTEIN|HSAMP_e75262fc0acfda69d976a6d3|HUMAN_BIOGPS_GNF1H_GCRMA_77_TISSUE_DDOF1,0.0754253984854567,0.13724036967353748,-0.06181497118808078,GLOBAL_ALL_COMPARATORS,All numerical comparators,CHRM3,ParietalLobe
CHRM3|EXACT_SINGLE_PROTEIN|HSAMP_eb2587e74e2d6457032d4ae7|HUMAN_BIOGPS_GNF1H_GCRMA_77_TISSUE_DDOF1,0.0271444976889488,0.0933021522314094,-0.0661576545424606,GLOBAL_ALL_COMPARATORS,All numerical comparators,CHRM3,TemporalLobe
CHRM3|EXACT_SINGLE_PROTEIN|HSAMP_f43595f3557cf05e6a721aeb|HUMAN_BIOGPS_GNF1H_GCRMA_77_TISSUE_DDOF1,0.0271444976889488,0.0933021522314094,-0.0661576545424606,GLOBAL_ALL_COMPARATORS,All numerical comparators,CHRM3,Thalamus
CHRM3|EXACT_SINGLE_PROTEIN|HSAMP_ff841df7ecd9f2c8ea2660f5|HUMAN_BIOGPS_GNF1H_GCRMA_77_TISSUE_DDOF1,-0.08253096470530781,-0.023551157863109393,-0.05897980684219842,GLOBAL_ALL_COMPARATORS,All numerical comparators,CHRM3,OlfactoryBulb
DRD1|EXACT_SINGLE_PROTEIN|HSAMP_06645e2e8409a5b743985cdd|HUMAN_BIOGPS_GNF1H_GCRMA_77_TISSUE_DDOF1,-1.0199319740352728,-0.29688607197634936,-0.7230459020589235,GLOBAL_ALL_COMPARATORS,All numerical comparators,DRD1,Wholebrain
DRD1|EXACT_SINGLE_PROTEIN|HSAMP_0cb8b4d1db8c390eeeecca55|HUMAN_BIOGPS_GNF1H_GCRMA_77_TISSUE_DDOF1,2.0965443229637026,1.4207808597041953,0.6757634632595073,GLOBAL_ALL_COMPARATORS,All numerical comparators,DRD1,Pons
DRD1|EXACT_SINGLE_PROTEIN|HSAMP_13a552b6ffc4aac3b85a50ca|HUMAN_BIOGPS_GNF1H_GCRMA_77_TISSUE_DDOF1,0.1952313227185618,0.36866311923801975,-0.17343179651945795,GLOBAL_ALL_COMPARATORS,All numerical comparators,DRD1,Amygdala
DRD1|EXACT_SINGLE_PROTEIN|HSAMP_192dff4b8df5862a227b1163|HUMAN_BIOGPS_GNF1H_GCRMA_77_TISSUE_DDOF1,-0.27756093309630286,0.0863693056051981,-0.363930238701501,GLOBAL_ALL_COMPARATORS,All numerical comparators,DRD1,SubthalamicNucleus
DRD1|EXACT_SINGLE_PROTEIN|HSAMP_20b60708f05d03c76f9fe702|HUMAN_BIOGPS_GNF1H_GCRMA_77_TISSUE_DDOF1,1.1289154780131896,0.8035238836880939,0.3253915943250957,GLOBAL_ALL_COMPARATORS,All numerical comparators,DRD1,CerebellumPeduncles
DRD1|EXACT_SINGLE_PROTEIN|HSAMP_374f872ebf1bbba2be514f9f|HUMAN_BIOGPS_GNF1H_GCRMA_77_TISSUE_DDOF1,-1.176829333645712,-0.4220688017108959,-0.7547605319348162,GLOBAL_ALL_COMPARATORS,All numerical comparators,DRD1,GlobusPallidus
DRD1|EXACT_SINGLE_PROTEIN|HSAMP_5c090f15f3e5194312a7e8ed|HUMAN_BIOGPS_GNF1H_GCRMA_77_TISSUE_DDOF1,-0.7018660678791991,-0.057987021030244265,-0.6438790468489549,GLOBAL_ALL_COMPARATORS,All numerical comparators,DRD1,MedullaOblongata
DRD1|EXACT_SINGLE_PROTEIN|HSAMP_752ebc880edc13bb4e2b2de8|HUMAN_BIOGPS_GNF1H_GCRMA_77_TISSUE_DDOF1,1.2601358504247482,0.8653704419962696,0.3947654084284786,GLOBAL_ALL_COMPARATORS,All numerical comparators,DRD1,PrefrontalCortex
DRD1|EXACT_SINGLE_PROTEIN|HSAMP_7725bb8a75064c4d7246d9ba|HUMAN_BIOGPS_GNF1H_GCRMA_77_TISSUE_DDOF1,-0.27756093309630286,0.0863693056051981,-0.363930238701501,GLOBAL_ALL_COMPARATORS,All numerical comparators,DRD1,OccipitalLobe
DRD1|EXACT_SINGLE_PROTEIN|HSAMP_8ed020260a1d25cf72324c8a|HUMAN_BIOGPS_GNF1H_GCRMA_77_TISSUE_DDOF1,0.5080833356324513,0.48436559287854364,0.0237177427539077,GLOBAL_ALL_COMPARATORS,All numerical comparators,DRD1,Hypothalamus
DRD1|EXACT_SINGLE_PROTEIN|HSAMP_936b77a4b11b5c19027de438|HUMAN_BIOGPS_GNF1H_GCRMA_77_TISSUE_DDOF1,0.5686601787062724,0.5235681884914416,0.04509199021483079,GLOBAL_ALL_COMPARATORS,All numerical comparators,DRD1,Spinalcord
DRD1|EXACT_SINGLE_PROTEIN|HSAMP_9aa72e4fb1ff63e1792b1ec7|HUMAN_BIOGPS_GNF1H_GCRMA_77_TISSUE_DDOF1,-1.1475531269509405,-0.40151312731530636,-0.7460399996356342,GLOBAL_ALL_COMPARATORS,All numerical comparators,DRD1,Cerebellum
DRD1|EXACT_SINGLE_PROTEIN|HSAMP_a32ce488a48b0df9b8c4c40a|HUMAN_BIOGPS_GNF1H_GCRMA_77_TISSUE_DDOF1,2.1236563043673424,1.4584860089333913,0.6651702954339511,GLOBAL_ALL_COMPARATORS,All numerical comparators,DRD1,Caudatenucleus
DRD1|EXACT_SINGLE_PROTEIN|HSAMP_d99ba5ea584363f8600ade55|HUMAN_BIOGPS_GNF1H_GCRMA_77_TISSUE_DDOF1,0.5392124659063131,0.5109515121810538,0.028260953725259275,GLOBAL_ALL_COMPARATORS,All numerical comparators,DRD1,CingulateCortex
DRD1|EXACT_SINGLE_PROTEIN|HSAMP_e75262fc0acfda69d976a6d3|HUMAN_BIOGPS_GNF1H_GCRMA_77_TISSUE_DDOF1,0.7378729950855282,0.5742089824363272,0.16366401264920094,GLOBAL_ALL_COMPARATORS,All numerical comparators,DRD1,ParietalLobe
DRD1|EXACT_SINGLE_PROTEIN|HSAMP_eb2587e74e2d6457032d4ae7|HUMAN_BIOGPS_GNF1H_GCRMA_77_TISSUE_DDOF1,-0.5598986653287035,0.013025324419267044,-0.5729239897479705,GLOBAL_ALL_COMPARATORS,All numerical comparators,DRD1,TemporalLobe
DRD1|EXACT_SINGLE_PROTEIN|HSAMP_f43595f3557cf05e6a721aeb|HUMAN_BIOGPS_GNF1H_GCRMA_77_TISSUE_DDOF1,0.3813597957078119,0.43688377092691605,-0.05552397521910413,GLOBAL_ALL_COMPARATORS,All numerical comparators,DRD1,Thalamus
DRD1|EXACT_SINGLE_PROTEIN|HSAMP_ff841df7ecd9f2c8ea2660f5|HUMAN_BIOGPS_GNF1H_GCRMA_77_TISSUE_DDOF1,-1.2633855524827133,-0.48021316870466313,-0.7831723837780502,GLOBAL_ALL_COMPARATORS,All numerical comparators,DRD1,OlfactoryBulb
DRD2|EXACT_SINGLE_PROTEIN|HSAMP_06645e2e8409a5b743985cdd|HUMAN_BIOGPS_GNF1H_GCRMA_77_TISSUE_DDOF1,-1.1821473736323194,-1.2879658041845898,0.10581843055227047,GLOBAL_ALL_COMPARATORS,All numerical comparators,DRD2,Wholebrain
DRD2|EXACT_SINGLE_PROTEIN|HSAMP_0cb8b4d1db8c390eeeecca55|HUMAN_BIOGPS_GNF1H_GCRMA_77_TISSUE_DDOF1,1.0777228410380117,1.125338910188555,-0.04761606915054317,GLOBAL_ALL_COMPARATORS,All numerical comparators,DRD2,Pons
DRD2|EXACT_SINGLE_PROTEIN|HSAMP_13a552b6ffc4aac3b85a50ca|HUMAN_BIOGPS_GNF1H_GCRMA_77_TISSUE_DDOF1,0.5519602954603179,0.5594194153339395,-0.007459119873621578,GLOBAL_ALL_COMPARATORS,All numerical comparators,DRD2,Amygdala
DRD2|EXACT_SINGLE_PROTEIN|HSAMP_192dff4b8df5862a227b1163|HUMAN_BIOGPS_GNF1H_GCRMA_77_TISSUE_DDOF1,0.8392269062637512,0.8681073176500752,-0.028880411386324023,GLOBAL_ALL_COMPARATORS,All numerical comparators,DRD2,SubthalamicNucleus
DRD2|EXACT_SINGLE_PROTEIN|HSAMP_20b60708f05d03c76f9fe702|HUMAN_BIOGPS_GNF1H_GCRMA_77_TISSUE_DDOF1,0.9520135263546999,0.9803399258919927,-0.028326399537292768,GLOBAL_ALL_COMPARATORS,All numerical comparators,DRD2,CerebellumPeduncles
DRD2|EXACT_SINGLE_PROTEIN|HSAMP_374f872ebf1bbba2be514f9f|HUMAN_BIOGPS_GNF1H_GCRMA_77_TISSUE_DDOF1,-1.993788511289635,-2.1798247074722106,0.1860361961825756,GLOBAL_ALL_COMPARATORS,All numerical comparators,DRD2,GlobusPallidus
DRD2|EXACT_SINGLE_PROTEIN|HSAMP_5c090f15f3e5194312a7e8ed|HUMAN_BIOGPS_GNF1H_GCRMA_77_TISSUE_DDOF1,1.0166286964608697,1.0562360788616463,-0.03960738240077655,GLOBAL_ALL_COMPARATORS,All numerical comparators,DRD2,MedullaOblongata
DRD2|EXACT_SINGLE_PROTEIN|HSAMP_752ebc880edc13bb4e2b2de8|HUMAN_BIOGPS_GNF1H_GCRMA_77_TISSUE_DDOF1,1.3168919284993814,1.4089251096287851,-0.09203318112940373,GLOBAL_ALL_COMPARATORS,All numerical comparators,DRD2,PrefrontalCortex
DRD2|EXACT_SINGLE_PROTEIN|HSAMP_7725bb8a75064c4d7246d9ba|HUMAN_BIOGPS_GNF1H_GCRMA_77_TISSUE_DDOF1,-0.8939575297331432,-0.97493926940947,0.08098173967632671,GLOBAL_ALL_COMPARATORS,All numerical comparators,DRD2,OccipitalLobe
DRD2|EXACT_SINGLE_PROTEIN|HSAMP_8ed020260a1d25cf72324c8a|HUMAN_BIOGPS_GNF1H_GCRMA_77_TISSUE_DDOF1,0.8392269062637512,0.8681073176500747,-0.028880411386323468,GLOBAL_ALL_COMPARATORS,All numerical comparators,DRD2,Hypothalamus
DRD2|EXACT_SINGLE_PROTEIN|HSAMP_936b77a4b11b5c19027de438|HUMAN_BIOGPS_GNF1H_GCRMA_77_TISSUE_DDOF1,0.7322673193930682,0.7517289232847387,-0.01946160389167051,GLOBAL_ALL_COMPARATORS,All numerical comparators,DRD2,Spinalcord
DRD2|EXACT_SINGLE_PROTEIN|HSAMP_9aa72e4fb1ff63e1792b1ec7|HUMAN_BIOGPS_GNF1H_GCRMA_77_TISSUE_DDOF1,-1.4446799087147795,-1.6053079218276813,0.16062801311290187,GLOBAL_ALL_COMPARATORS,All numerical comparators,DRD2,Cerebellum
DRD2|EXACT_SINGLE_PROTEIN|HSAMP_a32ce488a48b0df9b8c4c40a|HUMAN_BIOGPS_GNF1H_GCRMA_77_TISSUE_DDOF1,1.4868728122600303,1.5595872265777855,-0.07271441431775516,GLOBAL_ALL_COMPARATORS,All numerical comparators,DRD2,Caudatenucleus
DRD2|EXACT_SINGLE_PROTEIN|HSAMP_d99ba5ea584363f8600ade55|HUMAN_BIOGPS_GNF1H_GCRMA_77_TISSUE_DDOF1,0.899493305183655,0.9297673824352898,-0.03027407725163478,GLOBAL_ALL_COMPARATORS,All numerical comparators,DRD2,CingulateCortex
DRD2|EXACT_SINGLE_PROTEIN|HSAMP_e75262fc0acfda69d976a6d3|HUMAN_BIOGPS_GNF1H_GCRMA_77_TISSUE_DDOF1,0.6289768611493518,0.646077472532953,-0.017100611383601194,GLOBAL_ALL_COMPARATORS,All numerical comparators,DRD2,ParietalLobe
DRD2|EXACT_SINGLE_PROTEIN|HSAMP_eb2587e74e2d6457032d4ae7|HUMAN_BIOGPS_GNF1H_GCRMA_77_TISSUE_DDOF1,-0.7735111971300326,-0.8543068902169985,0.08079569308696588,GLOBAL_ALL_COMPARATORS,All numerical comparators,DRD2,TemporalLobe
DRD2|EXACT_SINGLE_PROTEIN|HSAMP_f43595f3557cf05e6a721aeb|HUMAN_BIOGPS_GNF1H_GCRMA_77_TISSUE_DDOF1,0.6658465233539429,0.6862250621807504,-0.020378538826807513,GLOBAL_ALL_COMPARATORS,All numerical comparators,DRD2,Thalamus
DRD2|EXACT_SINGLE_PROTEIN|HSAMP_ff841df7ecd9f2c8ea2660f5|HUMAN_BIOGPS_GNF1H_GCRMA_77_TISSUE_DDOF1,-1.5655491787396816,-1.7254168719119403,0.15986769317225868,GLOBAL_ALL_COMPARATORS,All numerical comparators,DRD2,OlfactoryBulb
DRD3|EXACT_SINGLE_PROTEIN|HSAMP_06645e2e8409a5b743985cdd|HUMAN_BIOGPS_GNF1H_GCRMA_77_TISSUE_DDOF1,-1.2842121542417289,-1.0931848628622154,-0.19102729137951346,GLOBAL_ALL_COMPARATORS,All numerical comparators,DRD3,Wholebrain
DRD3|EXACT_SINGLE_PROTEIN|HSAMP_0cb8b4d1db8c390eeeecca55|HUMAN_BIOGPS_GNF1H_GCRMA_77_TISSUE_DDOF1,0.0023834309956057204,0.04324662505016949,-0.04086319405456377,GLOBAL_ALL_COMPARATORS,All numerical comparators,DRD3,Pons
DRD3|EXACT_SINGLE_PROTEIN|HSAMP_13a552b6ffc4aac3b85a50ca|HUMAN_BIOGPS_GNF1H_GCRMA_77_TISSUE_DDOF1,0.030568438403599383,0.06625968863176475,-0.03569125022816537,GLOBAL_ALL_COMPARATORS,All numerical comparators,DRD3,Amygdala
DRD3|EXACT_SINGLE_PROTEIN|HSAMP_192dff4b8df5862a227b1163|HUMAN_BIOGPS_GNF1H_GCRMA_77_TISSUE_DDOF1,-0.08003462664942151,-0.015680308412189044,-0.06435431823723248,GLOBAL_ALL_COMPARATORS,All numerical comparators,DRD3,SubthalamicNucleus
DRD3|EXACT_SINGLE_PROTEIN|HSAMP_20b60708f05d03c76f9fe702|HUMAN_BIOGPS_GNF1H_GCRMA_77_TISSUE_DDOF1,1.2866473345289737,1.1778017843099116,0.10884555021906217,GLOBAL_ALL_COMPARATORS,All numerical comparators,DRD3,CerebellumPeduncles
DRD3|EXACT_SINGLE_PROTEIN|HSAMP_374f872ebf1bbba2be514f9f|HUMAN_BIOGPS_GNF1H_GCRMA_77_TISSUE_DDOF1,-1.0748620696191764,-0.9071986495163464,-0.16766342010282997,GLOBAL_ALL_COMPARATORS,All numerical comparators,DRD3,GlobusPallidus
DRD3|EXACT_SINGLE_PROTEIN|HSAMP_5c090f15f3e5194312a7e8ed|HUMAN_BIOGPS_GNF1H_GCRMA_77_TISSUE_DDOF1,-0.839299390925231,-0.7008693901866729,-0.13843000073855805,GLOBAL_ALL_COMPARATORS,All numerical comparators,DRD3,MedullaOblongata
DRD3|EXACT_SINGLE_PROTEIN|HSAMP_752ebc880edc13bb4e2b2de8|HUMAN_BIOGPS_GNF1H_GCRMA_77_TISSUE_DDOF1,1.0490540983509957,0.9838877949352438,0.06516630341575191,GLOBAL_ALL_COMPARATORS,All numerical comparators,DRD3,PrefrontalCortex
DRD3|EXACT_SINGLE_PROTEIN|HSAMP_7725bb8a75064c4d7246d9ba|HUMAN_BIOGPS_GNF1H_GCRMA_77_TISSUE_DDOF1,-0.7362370849074823,-0.6082556518069338,-0.12798143310054855,GLOBAL_ALL_COMPARATORS,All numerical comparators,DRD3,OccipitalLobe
DRD3|EXACT_SINGLE_PROTEIN|HSAMP_8ed020260a1d25cf72324c8a|HUMAN_BIOGPS_GNF1H_GCRMA_77_TISSUE_DDOF1,0.6563538384335851,0.6242623344679126,0.03209150396567251,GLOBAL_ALL_COMPARATORS,All numerical comparators,DRD3,Hypothalamus
DRD3|EXACT_SINGLE_PROTEIN|HSAMP_936b77a4b11b5c19027de438|HUMAN_BIOGPS_GNF1H_GCRMA_77_TISSUE_DDOF1,0.7451626111009189,0.708066877520168,0.03709573358075091,GLOBAL_ALL_COMPARATORS,All numerical comparators,DRD3,Spinalcord
DRD3|EXACT_SINGLE_PROTEIN|HSAMP_9aa72e4fb1ff63e1792b1ec7|HUMAN_BIOGPS_GNF1H_GCRMA_77_TISSUE_DDOF1,-1.2351547291729417,-1.0559368774878364,-0.1792178516851053,GLOBAL_ALL_COMPARATORS,All numerical comparators,DRD3,Cerebellum
DRD3|EXACT_SINGLE_PROTEIN|HSAMP_a32ce488a48b0df9b8c4c40a|HUMAN_BIOGPS_GNF1H_GCRMA_77_TISSUE_DDOF1,-0.7592120109312279,-0.6326585979546465,-0.1265534129765814,GLOBAL_ALL_COMPARATORS,All numerical comparators,DRD3,Caudatenucleus
DRD3|EXACT_SINGLE_PROTEIN|HSAMP_d99ba5ea584363f8600ade55|HUMAN_BIOGPS_GNF1H_GCRMA_77_TISSUE_DDOF1,0.48383712564449033,0.4825062513776208,0.0013308742668695084,GLOBAL_ALL_COMPARATORS,All numerical comparators,DRD3,CingulateCortex
DRD3|EXACT_SINGLE_PROTEIN|HSAMP_e75262fc0acfda69d976a6d3|HUMAN_BIOGPS_GNF1H_GCRMA_77_TISSUE_DDOF1,0.8685906746985917,0.8212554937446802,0.04733518095391154,GLOBAL_ALL_COMPARATORS,All numerical comparators,DRD3,ParietalLobe
DRD3|EXACT_SINGLE_PROTEIN|HSAMP_eb2587e74e2d6457032d4ae7|HUMAN_BIOGPS_GNF1H_GCRMA_77_TISSUE_DDOF1,-0.5738641542024093,-0.4282736172134478,-0.14559053698896152,GLOBAL_ALL_COMPARATORS,All numerical comparators,DRD3,TemporalLobe
DRD3|EXACT_SINGLE_PROTEIN|HSAMP_f43595f3557cf05e6a721aeb|HUMAN_BIOGPS_GNF1H_GCRMA_77_TISSUE_DDOF1,0.5240810981462861,0.5196915630520161,0.004389535094269981,GLOBAL_ALL_COMPARATORS,All numerical comparators,DRD3,Thalamus
DRD3|EXACT_SINGLE_PROTEIN|HSAMP_ff841df7ecd9f2c8ea2660f5|HUMAN_BIOGPS_GNF1H_GCRMA_77_TISSUE_DDOF1,-1.3752266954158143,-1.1573983046860241,-0.2178283907297902,GLOBAL_ALL_COMPARATORS,All numerical comparators,DRD3,OlfactoryBulb
HRH1|EXACT_SINGLE_PROTEIN|HSAMP_06645e2e8409a5b743985cdd|HUMAN_BIOGPS_GNF1H_GCRMA_77_TISSUE_DDOF1,-1.1095455805079992,-0.7482530492080921,-0.3612925312999071,GLOBAL_ALL_COMPARATORS,All numerical comparators,HRH1,Wholebrain
HRH1|EXACT_SINGLE_PROTEIN|HSAMP_0cb8b4d1db8c390eeeecca55|HUMAN_BIOGPS_GNF1H_GCRMA_77_TISSUE_DDOF1,-0.4069665813435382,-0.12941153304357503,-0.27755504829996314,GLOBAL_ALL_COMPARATORS,All numerical comparators,HRH1,Pons
HRH1|EXACT_SINGLE_PROTEIN|HSAMP_13a552b6ffc4aac3b85a50ca|HUMAN_BIOGPS_GNF1H_GCRMA_77_TISSUE_DDOF1,0.8066860352749088,0.724837770386922,0.0818482648879868,GLOBAL_ALL_COMPARATORS,All numerical comparators,HRH1,Amygdala
HRH1|EXACT_SINGLE_PROTEIN|HSAMP_192dff4b8df5862a227b1163|HUMAN_BIOGPS_GNF1H_GCRMA_77_TISSUE_DDOF1,-0.5267059096251675,-0.22402177509656343,-0.3026841345286041,GLOBAL_ALL_COMPARATORS,All numerical comparators,HRH1,SubthalamicNucleus
HRH1|EXACT_SINGLE_PROTEIN|HSAMP_20b60708f05d03c76f9fe702|HUMAN_BIOGPS_GNF1H_GCRMA_77_TISSUE_DDOF1,0.825224067399588,0.7364492300916432,0.08877483730794478,GLOBAL_ALL_COMPARATORS,All numerical comparators,HRH1,CerebellumPeduncles
HRH1|EXACT_SINGLE_PROTEIN|HSAMP_374f872ebf1bbba2be514f9f|HUMAN_BIOGPS_GNF1H_GCRMA_77_TISSUE_DDOF1,-1.149155340482987,-0.776701024636272,-0.37245431584671507,GLOBAL_ALL_COMPARATORS,All numerical comparators,HRH1,GlobusPallidus
HRH1|EXACT_SINGLE_PROTEIN|HSAMP_5c090f15f3e5194312a7e8ed|HUMAN_BIOGPS_GNF1H_GCRMA_77_TISSUE_DDOF1,0.7948154050603815,0.7126912065272721,0.08212419853310937,GLOBAL_ALL_COMPARATORS,All numerical comparators,HRH1,MedullaOblongata
HRH1|EXACT_SINGLE_PROTEIN|HSAMP_752ebc880edc13bb4e2b2de8|HUMAN_BIOGPS_GNF1H_GCRMA_77_TISSUE_DDOF1,1.3680622891810272,1.1014489973174277,0.2666132918635995,GLOBAL_ALL_COMPARATORS,All numerical comparators,HRH1,PrefrontalCortex
HRH1|EXACT_SINGLE_PROTEIN|HSAMP_7725bb8a75064c4d7246d9ba|HUMAN_BIOGPS_GNF1H_GCRMA_77_TISSUE_DDOF1,-0.8232697206603634,-0.4929321388806741,-0.3303375817796893,GLOBAL_ALL_COMPARATORS,All numerical comparators,HRH1,OccipitalLobe
HRH1|EXACT_SINGLE_PROTEIN|HSAMP_8ed020260a1d25cf72324c8a|HUMAN_BIOGPS_GNF1H_GCRMA_77_TISSUE_DDOF1,0.5591731547488072,0.5341907841085051,0.024982370640302176,GLOBAL_ALL_COMPARATORS,All numerical comparators,HRH1,Hypothalamus
HRH1|EXACT_SINGLE_PROTEIN|HSAMP_936b77a4b11b5c19027de438|HUMAN_BIOGPS_GNF1H_GCRMA_77_TISSUE_DDOF1,0.5328947606229455,0.5209169768017198,0.011977783821225718,GLOBAL_ALL_COMPARATORS,All numerical comparators,HRH1,Spinalcord
HRH1|EXACT_SINGLE_PROTEIN|HSAMP_9aa72e4fb1ff63e1792b1ec7|HUMAN_BIOGPS_GNF1H_GCRMA_77_TISSUE_DDOF1,-1.194185433796494,-0.8055400062559797,-0.38864542754051423,GLOBAL_ALL_COMPARATORS,All numerical comparators,HRH1,Cerebellum
HRH1|EXACT_SINGLE_PROTEIN|HSAMP_a32ce488a48b0df9b8c4c40a|HUMAN_BIOGPS_GNF1H_GCRMA_77_TISSUE_DDOF1,-0.8823718421604713,-0.5397233147873343,-0.342648527373137,GLOBAL_ALL_COMPARATORS,All numerical comparators,HRH1,Caudatenucleus
HRH1|EXACT_SINGLE_PROTEIN|HSAMP_d99ba5ea584363f8600ade55|HUMAN_BIOGPS_GNF1H_GCRMA_77_TISSUE_DDOF1,0.6441544693789119,0.5869452706028293,0.05720919877608255,GLOBAL_ALL_COMPARATORS,All numerical comparators,HRH1,CingulateCortex
HRH1|EXACT_SINGLE_PROTEIN|HSAMP_e75262fc0acfda69d976a6d3|HUMAN_BIOGPS_GNF1H_GCRMA_77_TISSUE_DDOF1,0.6140082925950555,0.5654363983275159,0.048571894267539606,GLOBAL_ALL_COMPARATORS,All numerical comparators,HRH1,ParietalLobe
HRH1|EXACT_SINGLE_PROTEIN|HSAMP_eb2587e74e2d6457032d4ae7|HUMAN_BIOGPS_GNF1H_GCRMA_77_TISSUE_DDOF1,-0.6895196608949238,-0.37829738663551293,-0.31122227425941085,GLOBAL_ALL_COMPARATORS,All numerical comparators,HRH1,TemporalLobe
HRH1|EXACT_SINGLE_PROTEIN|HSAMP_f43595f3557cf05e6a721aeb|HUMAN_BIOGPS_GNF1H_GCRMA_77_TISSUE_DDOF1,0.01727729262442284,0.09601278630691157,-0.07873549368248872,GLOBAL_ALL_COMPARATORS,All numerical comparators,HRH1,Thalamus
HRH1|EXACT_SINGLE_PROTEIN|HSAMP_ff841df7ecd9f2c8ea2660f5|HUMAN_BIOGPS_GNF1H_GCRMA_77_TISSUE_DDOF1,-1.3254271532431554,-0.8875262984325198,-0.43790085481063556,GLOBAL_ALL_COMPARATORS,All numerical comparators,HRH1,OlfactoryBulb
HRH2|EXACT_SINGLE_PROTEIN|HSAMP_06645e2e8409a5b743985cdd|HUMAN_BIOGPS_GNF1H_GCRMA_77_TISSUE_DDOF1,-0.69464193733049,0.05644337066861274,-0.7510853079991027,GLOBAL_ALL_COMPARATORS,All numerical comparators,HRH2,Wholebrain
HRH2|EXACT_SINGLE_PROTEIN|HSAMP_0cb8b4d1db8c390eeeecca55|HUMAN_BIOGPS_GNF1H_GCRMA_77_TISSUE_DDOF1,-0.32988980043348387,0.13118721670061845,-0.4610770171341023,GLOBAL_ALL_COMPARATORS,All numerical comparators,HRH2,Pons
HRH2|EXACT_SINGLE_PROTEIN|HSAMP_13a552b6ffc4aac3b85a50ca|HUMAN_BIOGPS_GNF1H_GCRMA_77_TISSUE_DDOF1,0.6236957598103152,0.5238164693910061,0.0998792904193091,GLOBAL_ALL_COMPARATORS,All numerical comparators,HRH2,Amygdala
HRH2|EXACT_SINGLE_PROTEIN|HSAMP_192dff4b8df5862a227b1163|HUMAN_BIOGPS_GNF1H_GCRMA_77_TISSUE_DDOF1,-0.6147502572061241,0.07662164845727687,-0.6913719056634009,GLOBAL_ALL_COMPARATORS,All numerical comparators,HRH2,SubthalamicNucleus
HRH2|EXACT_SINGLE_PROTEIN|HSAMP_20b60708f05d03c76f9fe702|HUMAN_BIOGPS_GNF1H_GCRMA_77_TISSUE_DDOF1,0.7849239795659405,0.5652067660663733,0.2197172134995672,GLOBAL_ALL_COMPARATORS,All numerical comparators,HRH2,CerebellumPeduncles
HRH2|EXACT_SINGLE_PROTEIN|HSAMP_374f872ebf1bbba2be514f9f|HUMAN_BIOGPS_GNF1H_GCRMA_77_TISSUE_DDOF1,-1.2460582398972329,-0.16402285276574835,-1.0820353871314845,GLOBAL_ALL_COMPARATORS,All numerical comparators,HRH2,GlobusPallidus
HRH2|EXACT_SINGLE_PROTEIN|HSAMP_5c090f15f3e5194312a7e8ed|HUMAN_BIOGPS_GNF1H_GCRMA_77_TISSUE_DDOF1,-0.40796698400623327,0.12060084444173269,-0.528567828447966,GLOBAL_ALL_COMPARATORS,All numerical comparators,HRH2,MedullaOblongata
HRH2|EXACT_SINGLE_PROTEIN|HSAMP_752ebc880edc13bb4e2b2de8|HUMAN_BIOGPS_GNF1H_GCRMA_77_TISSUE_DDOF1,0.9724259447294552,0.6585647677152313,0.3138611770142239,GLOBAL_ALL_COMPARATORS,All numerical comparators,HRH2,PrefrontalCortex
HRH2|EXACT_SINGLE_PROTEIN|HSAMP_7725bb8a75064c4d7246d9ba|HUMAN_BIOGPS_GNF1H_GCRMA_77_TISSUE_DDOF1,-0.5287594645081605,0.10084067106413427,-0.6296001355722948,GLOBAL_ALL_COMPARATORS,All numerical comparators,HRH2,OccipitalLobe
HRH2|EXACT_SINGLE_PROTEIN|HSAMP_8ed020260a1d25cf72324c8a|HUMAN_BIOGPS_GNF1H_GCRMA_77_TISSUE_DDOF1,0.5730954222822335,0.5155126836586583,0.057582738623575214,GLOBAL_ALL_COMPARATORS,All numerical comparators,HRH2,Hypothalamus
HRH2|EXACT_SINGLE_PROTEIN|HSAMP_936b77a4b11b5c19027de438|HUMAN_BIOGPS_GNF1H_GCRMA_77_TISSUE_DDOF1,0.5402217412152431,0.5014163554060449,0.038805385809198234,GLOBAL_ALL_COMPARATORS,All numerical comparators,HRH2,Spinalcord
HRH2|EXACT_SINGLE_PROTEIN|HSAMP_9aa72e4fb1ff63e1792b1ec7|HUMAN_BIOGPS_GNF1H_GCRMA_77_TISSUE_DDOF1,-0.8624398965518474,0.012034804132438022,-0.8744747006842855,GLOBAL_ALL_COMPARATORS,All numerical comparators,HRH2,Cerebellum
HRH2|EXACT_SINGLE_PROTEIN|HSAMP_a32ce488a48b0df9b8c4c40a|HUMAN_BIOGPS_GNF1H_GCRMA_77_TISSUE_DDOF1,-0.5757415442072893,0.08785660711012017,-0.6635981513174094,GLOBAL_ALL_COMPARATORS,All numerical comparators,HRH2,Caudatenucleus
HRH2|EXACT_SINGLE_PROTEIN|HSAMP_d99ba5ea584363f8600ade55|HUMAN_BIOGPS_GNF1H_GCRMA_77_TISSUE_DDOF1,0.11882129155482958,0.30518734210793386,-0.1863660505531043,GLOBAL_ALL_COMPARATORS,All numerical comparators,HRH2,CingulateCortex
HRH2|EXACT_SINGLE_PROTEIN|HSAMP_e75262fc0acfda69d976a6d3|HUMAN_BIOGPS_GNF1H_GCRMA_77_TISSUE_DDOF1,0.2912477238662155,0.4366992476939756,-0.1454515238277601,GLOBAL_ALL_COMPARATORS,All numerical comparators,HRH2,ParietalLobe
HRH2|EXACT_SINGLE_PROTEIN|HSAMP_eb2587e74e2d6457032d4ae7|HUMAN_BIOGPS_GNF1H_GCRMA_77_TISSUE_DDOF1,-0.6147502572061241,0.07662164845727687,-0.6913719056634009,GLOBAL_ALL_COMPARATORS,All numerical comparators,HRH2,TemporalLobe
HRH2|EXACT_SINGLE_PROTEIN|HSAMP_f43595f3557cf05e6a721aeb|HUMAN_BIOGPS_GNF1H_GCRMA_77_TISSUE_DDOF1,0.16293091698469325,0.39540021542538034,-0.2324692984406871,GLOBAL_ALL_COMPARATORS,All numerical comparators,HRH2,Thalamus
HRH2|EXACT_SINGLE_PROTEIN|HSAMP_ff841df7ecd9f2c8ea2660f5|HUMAN_BIOGPS_GNF1H_GCRMA_77_TISSUE_DDOF1,-1.111824416274675,-0.09388239162323704,-1.0179420246514381,GLOBAL_ALL_COMPARATORS,All numerical comparators,HRH2,OlfactoryBulb
HRH3|EXACT_SINGLE_PROTEIN|HSAMP_06645e2e8409a5b743985cdd|HUMAN_BIOGPS_GNF1H_GCRMA_77_TISSUE_DDOF1,-0.6006161550639517,0.1477051903405798,-0.7483213454045315,GLOBAL_ALL_COMPARATORS,All numerical comparators,HRH3,Wholebrain
HRH3|EXACT_SINGLE_PROTEIN|HSAMP_0cb8b4d1db8c390eeeecca55|HUMAN_BIOGPS_GNF1H_GCRMA_77_TISSUE_DDOF1,1.692248372544127,0.7828359312010404,0.9094124413430866,GLOBAL_ALL_COMPARATORS,All numerical comparators,HRH3,Pons
HRH3|EXACT_SINGLE_PROTEIN|HSAMP_13a552b6ffc4aac3b85a50ca|HUMAN_BIOGPS_GNF1H_GCRMA_77_TISSUE_DDOF1,1.2527025925413384,0.6688533820986625,0.5838492104426759,GLOBAL_ALL_COMPARATORS,All numerical comparators,HRH3,Amygdala
HRH3|EXACT_SINGLE_PROTEIN|HSAMP_192dff4b8df5862a227b1163|HUMAN_BIOGPS_GNF1H_GCRMA_77_TISSUE_DDOF1,-0.2944374804881566,0.20007178984225965,-0.49450927033041625,GLOBAL_ALL_COMPARATORS,All numerical comparators,HRH3,SubthalamicNucleus
HRH3|EXACT_SINGLE_PROTEIN|HSAMP_20b60708f05d03c76f9fe702|HUMAN_BIOGPS_GNF1H_GCRMA_77_TISSUE_DDOF1,1.3879524819067366,0.7004902339534262,0.6874622479533103,GLOBAL_ALL_COMPARATORS,All numerical comparators,HRH3,CerebellumPeduncles
HRH3|EXACT_SINGLE_PROTEIN|HSAMP_374f872ebf1bbba2be514f9f|HUMAN_BIOGPS_GNF1H_GCRMA_77_TISSUE_DDOF1,-0.2944374804881566,0.20007178984225965,-0.49450927033041625,GLOBAL_ALL_COMPARATORS,All numerical comparators,HRH3,GlobusPallidus
HRH3|EXACT_SINGLE_PROTEIN|HSAMP_5c090f15f3e5194312a7e8ed|HUMAN_BIOGPS_GNF1H_GCRMA_77_TISSUE_DDOF1,-0.579486871939126,0.15039213965371478,-0.7298790115928407,GLOBAL_ALL_COMPARATORS,All numerical comparators,HRH3,MedullaOblongata
HRH3|EXACT_SINGLE_PROTEIN|HSAMP_752ebc880edc13bb4e2b2de8|HUMAN_BIOGPS_GNF1H_GCRMA_77_TISSUE_DDOF1,0.9161777783021304,0.5668697440220354,0.34930803428009505,GLOBAL_ALL_COMPARATORS,All numerical comparators,HRH3,PrefrontalCortex
HRH3|EXACT_SINGLE_PROTEIN|HSAMP_7725bb8a75064c4d7246d9ba|HUMAN_BIOGPS_GNF1H_GCRMA_77_TISSUE_DDOF1,-0.752466582207291,0.12217905656425396,-0.874645638771545,GLOBAL_ALL_COMPARATORS,All numerical comparators,HRH3,OccipitalLobe
HRH3|EXACT_SINGLE_PROTEIN|HSAMP_8ed020260a1d25cf72324c8a|HUMAN_BIOGPS_GNF1H_GCRMA_77_TISSUE_DDOF1,0.6529275844741798,0.515638813396912,0.13728877107726778,GLOBAL_ALL_COMPARATORS,All numerical comparators,HRH3,Hypothalamus
HRH3|EXACT_SINGLE_PROTEIN|HSAMP_936b77a4b11b5c19027de438|HUMAN_BIOGPS_GNF1H_GCRMA_77_TISSUE_DDOF1,0.11925842600217923,0.40517679016835306,-0.28591836416617383,GLOBAL_ALL_COMPARATORS,All numerical comparators,HRH3,Spinalcord
HRH3|EXACT_SINGLE_PROTEIN|HSAMP_9aa72e4fb1ff63e1792b1ec7|HUMAN_BIOGPS_GNF1H_GCRMA_77_TISSUE_DDOF1,0.11925842600217923,0.40517679016835195,-0.2859183641661727,GLOBAL_ALL_COMPARATORS,All numerical comparators,HRH3,Cerebellum
HRH3|EXACT_SINGLE_PROTEIN|HSAMP_a32ce488a48b0df9b8c4c40a|HUMAN_BIOGPS_GNF1H_GCRMA_77_TISSUE_DDOF1,1.778882154850171,0.8034221094081928,0.9754600454419782,GLOBAL_ALL_COMPARATORS,All numerical comparators,HRH3,Caudatenucleus
HRH3|EXACT_SINGLE_PROTEIN|HSAMP_d99ba5ea584363f8600ade55|HUMAN_BIOGPS_GNF1H_GCRMA_77_TISSUE_DDOF1,0.9001439685126971,0.5635308852424693,0.33661308327022776,GLOBAL_ALL_COMPARATORS,All numerical comparators,HRH3,CingulateCortex
HRH3|EXACT_SINGLE_PROTEIN|HSAMP_e75262fc0acfda69d976a6d3|HUMAN_BIOGPS_GNF1H_GCRMA_77_TISSUE_DDOF1,0.7409271833660481,0.5266623971253283,0.21426478624071987,GLOBAL_ALL_COMPARATORS,All numerical comparators,HRH3,ParietalLobe
HRH3|EXACT_SINGLE_PROTEIN|HSAMP_eb2587e74e2d6457032d4ae7|HUMAN_BIOGPS_GNF1H_GCRMA_77_TISSUE_DDOF1,1.5656611786996053,0.748045910041823,0.8176152686577823,GLOBAL_ALL_COMPARATORS,All numerical comparators,HRH3,TemporalLobe
HRH3|EXACT_SINGLE_PROTEIN|HSAMP_f43595f3557cf05e6a721aeb|HUMAN_BIOGPS_GNF1H_GCRMA_77_TISSUE_DDOF1,1.8513203098129016,0.8254467902151155,1.0258735195977862,GLOBAL_ALL_COMPARATORS,All numerical comparators,HRH3,Thalamus
HRH3|EXACT_SINGLE_PROTEIN|HSAMP_ff841df7ecd9f2c8ea2660f5|HUMAN_BIOGPS_GNF1H_GCRMA_77_TISSUE_DDOF1,-1.2842121542417289,0.02827797190716306,-1.312490126148892,GLOBAL_ALL_COMPARATORS,All numerical comparators,HRH3,OlfactoryBulb
HTR1A|EXACT_SINGLE_PROTEIN|HSAMP_06645e2e8409a5b743985cdd|HUMAN_BIOGPS_GNF1H_GCRMA_77_TISSUE_DDOF1,-0.5957660949253106,0.07559386536950113,-0.6713599602948117,GLOBAL_ALL_COMPARATORS,All numerical comparators,HTR1A,Wholebrain
HTR1A|EXACT_SINGLE_PROTEIN|HSAMP_0cb8b4d1db8c390eeeecca55|HUMAN_BIOGPS_GNF1H_GCRMA_77_TISSUE_DDOF1,-0.07343873567882814,0.16683678308627006,-0.2402755187650982,GLOBAL_ALL_COMPARATORS,All numerical comparators,HTR1A,Pons
HTR1A|EXACT_SINGLE_PROTEIN|HSAMP_13a552b6ffc4aac3b85a50ca|HUMAN_BIOGPS_GNF1H_GCRMA_77_TISSUE_DDOF1,0.5992580300558955,0.5201008337324726,0.07915719632342288,GLOBAL_ALL_COMPARATORS,All numerical comparators,HTR1A,Amygdala
HTR1A|EXACT_SINGLE_PROTEIN|HSAMP_192dff4b8df5862a227b1163|HUMAN_BIOGPS_GNF1H_GCRMA_77_TISSUE_DDOF1,-0.46981645046688625,0.10847816088636551,-0.5782946113532518,GLOBAL_ALL_COMPARATORS,All numerical comparators,HTR1A,SubthalamicNucleus
HTR1A|EXACT_SINGLE_PROTEIN|HSAMP_20b60708f05d03c76f9fe702|HUMAN_BIOGPS_GNF1H_GCRMA_77_TISSUE_DDOF1,0.8380957814805369,0.5925299489820934,0.24556583249844344,GLOBAL_ALL_COMPARATORS,All numerical comparators,HTR1A,CerebellumPeduncles
HTR1A|EXACT_SINGLE_PROTEIN|HSAMP_374f872ebf1bbba2be514f9f|HUMAN_BIOGPS_GNF1H_GCRMA_77_TISSUE_DDOF1,-1.1424650971158654,-0.1362990755925024,-1.006166021523363,GLOBAL_ALL_COMPARATORS,All numerical comparators,HTR1A,GlobusPallidus
HTR1A|EXACT_SINGLE_PROTEIN|HSAMP_5c090f15f3e5194312a7e8ed|HUMAN_BIOGPS_GNF1H_GCRMA_77_TISSUE_DDOF1,-0.3789744887206786,0.11998011894006756,-0.4989546076607462,GLOBAL_ALL_COMPARATORS,All numerical comparators,HTR1A,MedullaOblongata
HTR1A|EXACT_SINGLE_PROTEIN|HSAMP_752ebc880edc13bb4e2b2de8|HUMAN_BIOGPS_GNF1H_GCRMA_77_TISSUE_DDOF1,1.1245399538714471,0.7329899587646658,0.39154999510678135,GLOBAL_ALL_COMPARATORS,All numerical comparators,HTR1A,PrefrontalCortex
HTR1A|EXACT_SINGLE_PROTEIN|HSAMP_7725bb8a75064c4d7246d9ba|HUMAN_BIOGPS_GNF1H_GCRMA_77_TISSUE_DDOF1,-0.46981645046688625,0.10847816088636551,-0.5782946113532518,GLOBAL_ALL_COMPARATORS,All numerical comparators,HTR1A,OccipitalLobe
HTR1A|EXACT_SINGLE_PROTEIN|HSAMP_8ed020260a1d25cf72324c8a|HUMAN_BIOGPS_GNF1H_GCRMA_77_TISSUE_DDOF1,0.7780412977138788,0.5658879908164756,0.2121533068974032,GLOBAL_ALL_COMPARATORS,All numerical comparators,HTR1A,Hypothalamus
HTR1A|EXACT_SINGLE_PROTEIN|HSAMP_936b77a4b11b5c19027de438|HUMAN_BIOGPS_GNF1H_GCRMA_77_TISSUE_DDOF1,0.6595350719470643,0.5292024107427405,0.13033266120432374,GLOBAL_ALL_COMPARATORS,All numerical comparators,HTR1A,Spinalcord
HTR1A|EXACT_SINGLE_PROTEIN|HSAMP_9aa72e4fb1ff63e1792b1ec7|HUMAN_BIOGPS_GNF1H_GCRMA_77_TISSUE_DDOF1,-0.8647156225397274,0.0011199663692929164,-0.8658355889090203,GLOBAL_ALL_COMPARATORS,All numerical comparators,HTR1A,Cerebellum
HTR1A|EXACT_SINGLE_PROTEIN|HSAMP_a32ce488a48b0df9b8c4c40a|HUMAN_BIOGPS_GNF1H_GCRMA_77_TISSUE_DDOF1,-0.46981645046688625,0.10847816088636551,-0.5782946113532518,GLOBAL_ALL_COMPARATORS,All numerical comparators,HTR1A,Caudatenucleus
HTR1A|EXACT_SINGLE_PROTEIN|HSAMP_d99ba5ea584363f8600ade55|HUMAN_BIOGPS_GNF1H_GCRMA_77_TISSUE_DDOF1,0.5992580300558955,0.5201008337324726,0.07915719632342288,GLOBAL_ALL_COMPARATORS,All numerical comparators,HTR1A,CingulateCortex
HTR1A|EXACT_SINGLE_PROTEIN|HSAMP_e75262fc0acfda69d976a6d3|HUMAN_BIOGPS_GNF1H_GCRMA_77_TISSUE_DDOF1,0.5992580300558955,0.5201008337324726,0.07915719632342288,GLOBAL_ALL_COMPARATORS,All numerical comparators,HTR1A,ParietalLobe
HTR1A|EXACT_SINGLE_PROTEIN|HSAMP_eb2587e74e2d6457032d4ae7|HUMAN_BIOGPS_GNF1H_GCRMA_77_TISSUE_DDOF1,-0.07343873567882814,0.16683678308627006,-0.2402755187650982,GLOBAL_ALL_COMPARATORS,All numerical comparators,HTR1A,TemporalLobe
HTR1A|EXACT_SINGLE_PROTEIN|HSAMP_f43595f3557cf05e6a721aeb|HUMAN_BIOGPS_GNF1H_GCRMA_77_TISSUE_DDOF1,0.4891503870061959,0.4784101435677116,0.010740243438484287,GLOBAL_ALL_COMPARATORS,All numerical comparators,HTR1A,Thalamus
HTR1A|EXACT_SINGLE_PROTEIN|HSAMP_ff841df7ecd9f2c8ea2660f5|HUMAN_BIOGPS_GNF1H_GCRMA_77_TISSUE_DDOF1,-0.918925401217871,-0.013323314626213783,-0.9056020865916572,GLOBAL_ALL_COMPARATORS,All numerical comparators,HTR1A,OlfactoryBulb
HTR2A|EXACT_SINGLE_PROTEIN|HSAMP_06645e2e8409a5b743985cdd|HUMAN_BIOGPS_GNF1H_GCRMA_77_TISSUE_DDOF1,-0.501889385623247,-0.5665220278291213,0.06463264220587428,GLOBAL_ALL_COMPARATORS,All numerical comparators,HTR2A,Wholebrain
HTR2A|EXACT_SINGLE_PROTEIN|HSAMP_0cb8b4d1db8c390eeeecca55|HUMAN_BIOGPS_GNF1H_GCRMA_77_TISSUE_DDOF1,0.7550862876365918,0.7748926883065301,-0.01980640066993833,GLOBAL_ALL_COMPARATORS,All numerical comparators,HTR2A,Pons
HTR2A|EXACT_SINGLE_PROTEIN|HSAMP_13a552b6ffc4aac3b85a50ca|HUMAN_BIOGPS_GNF1H_GCRMA_77_TISSUE_DDOF1,-0.0010801883095069333,-0.041626343600980144,0.04054615529147321,GLOBAL_ALL_COMPARATORS,All numerical comparators,HTR2A,Amygdala
HTR2A|EXACT_SINGLE_PROTEIN|HSAMP_192dff4b8df5862a227b1163|HUMAN_BIOGPS_GNF1H_GCRMA_77_TISSUE_DDOF1,1.8248712253216783,1.8780058753858604,-0.053134650064182054,GLOBAL_ALL_COMPARATORS,All numerical comparators,HTR2A,SubthalamicNucleus
HTR2A|EXACT_SINGLE_PROTEIN|HSAMP_20b60708f05d03c76f9fe702|HUMAN_BIOGPS_GNF1H_GCRMA_77_TISSUE_DDOF1,0.15542914123537316,0.14890993117104706,0.0065192100643260975,GLOBAL_ALL_COMPARATORS,All numerical comparators,HTR2A,CerebellumPeduncles
HTR2A|EXACT_SINGLE_PROTEIN|HSAMP_374f872ebf1bbba2be514f9f|HUMAN_BIOGPS_GNF1H_GCRMA_77_TISSUE_DDOF1,0.7873574784129308,0.8049315576354706,-0.01757407922253984,GLOBAL_ALL_COMPARATORS,All numerical comparators,HTR2A,GlobusPallidus
HTR2A|EXACT_SINGLE_PROTEIN|HSAMP_5c090f15f3e5194312a7e8ed|HUMAN_BIOGPS_GNF1H_GCRMA_77_TISSUE_DDOF1,0.9983355707971303,1.0421381986275873,-0.043802627830456964,GLOBAL_ALL_COMPARATORS,All numerical comparators,HTR2A,MedullaOblongata
HTR2A|EXACT_SINGLE_PROTEIN|HSAMP_752ebc880edc13bb4e2b2de8|HUMAN_BIOGPS_GNF1H_GCRMA_77_TISSUE_DDOF1,2.5178271736327495,2.5912221014046573,-0.0733949277719077,GLOBAL_ALL_COMPARATORS,All numerical comparators,HTR2A,PrefrontalCortex
HTR2A|EXACT_SINGLE_PROTEIN|HSAMP_7725bb8a75064c4d7246d9ba|HUMAN_BIOGPS_GNF1H_GCRMA_77_TISSUE_DDOF1,1.9189228621609054,1.9789440046930102,-0.06002114253210489,GLOBAL_ALL_COMPARATORS,All numerical comparators,HTR2A,OccipitalLobe
HTR2A|EXACT_SINGLE_PROTEIN|HSAMP_8ed020260a1d25cf72324c8a|HUMAN_BIOGPS_GNF1H_GCRMA_77_TISSUE_DDOF1,0.10269010257251229,0.08479097578757382,0.017899126784938477,GLOBAL_ALL_COMPARATORS,All numerical comparators,HTR2A,Hypothalamus
HTR2A|EXACT_SINGLE_PROTEIN|HSAMP_936b77a4b11b5c19027de438|HUMAN_BIOGPS_GNF1H_GCRMA_77_TISSUE_DDOF1,0.01848317484977023,-0.001716310423556707,0.020199485273326937,GLOBAL_ALL_COMPARATORS,All numerical comparators,HTR2A,Spinalcord
HTR2A|EXACT_SINGLE_PROTEIN|HSAMP_9aa72e4fb1ff63e1792b1ec7|HUMAN_BIOGPS_GNF1H_GCRMA_77_TISSUE_DDOF1,-0.6576786000974707,-0.7360304092657394,0.07835180916826867,GLOBAL_ALL_COMPARATORS,All numerical comparators,HTR2A,Cerebellum
HTR2A|EXACT_SINGLE_PROTEIN|HSAMP_a32ce488a48b0df9b8c4c40a|HUMAN_BIOGPS_GNF1H_GCRMA_77_TISSUE_DDOF1,-0.501889385623247,-0.5665220278291213,0.06463264220587428,GLOBAL_ALL_COMPARATORS,All numerical comparators,HTR2A,Caudatenucleus
HTR2A|EXACT_SINGLE_PROTEIN|HSAMP_d99ba5ea584363f8600ade55|HUMAN_BIOGPS_GNF1H_GCRMA_77_TISSUE_DDOF1,1.4832047216785647,1.5545488659560316,-0.07134414427746694,GLOBAL_ALL_COMPARATORS,All numerical comparators,HTR2A,CingulateCortex
HTR2A|EXACT_SINGLE_PROTEIN|HSAMP_e75262fc0acfda69d976a6d3|HUMAN_BIOGPS_GNF1H_GCRMA_77_TISSUE_DDOF1,1.4195828780719864,1.4863024697259428,-0.06671959165395647,GLOBAL_ALL_COMPARATORS,All numerical comparators,HTR2A,ParietalLobe
HTR2A|EXACT_SINGLE_PROTEIN|HSAMP_eb2587e74e2d6457032d4ae7|HUMAN_BIOGPS_GNF1H_GCRMA_77_TISSUE_DDOF1,1.2527025925413384,1.3374251321039188,-0.08472253956258036,GLOBAL_ALL_COMPARATORS,All numerical comparators,HTR2A,TemporalLobe
HTR2A|EXACT_SINGLE_PROTEIN|HSAMP_f43595f3557cf05e6a721aeb|HUMAN_BIOGPS_GNF1H_GCRMA_77_TISSUE_DDOF1,-0.11666409904318278,-0.17851112774354055,0.06184702870035777,GLOBAL_ALL_COMPARATORS,All numerical comparators,HTR2A,Thalamus
HTR2A|EXACT_SINGLE_PROTEIN|HSAMP_ff841df7ecd9f2c8ea2660f5|HUMAN_BIOGPS_GNF1H_GCRMA_77_TISSUE_DDOF1,-0.6923974874967989,-0.7632927227471443,0.07089523525034547,GLOBAL_ALL_COMPARATORS,All numerical comparators,HTR2A,OlfactoryBulb
HTR2B|EXACT_SINGLE_PROTEIN|HSAMP_06645e2e8409a5b743985cdd|HUMAN_BIOGPS_GNF1H_GCRMA_77_TISSUE_DDOF1,-1.0334111776743673,-0.631108540175676,-0.40230263749869133,GLOBAL_ALL_COMPARATORS,All numerical comparators,HTR2B,Wholebrain
HTR2B|EXACT_SINGLE_PROTEIN|HSAMP_0cb8b4d1db8c390eeeecca55|HUMAN_BIOGPS_GNF1H_GCRMA_77_TISSUE_DDOF1,-0.3101525274680148,-0.025891058726856285,-0.28426146874115854,GLOBAL_ALL_COMPARATORS,All numerical comparators,HTR2B,Pons
HTR2B|EXACT_SINGLE_PROTEIN|HSAMP_13a552b6ffc4aac3b85a50ca|HUMAN_BIOGPS_GNF1H_GCRMA_77_TISSUE_DDOF1,0.18107465613939241,0.26105048512097206,-0.07997582898157965,GLOBAL_ALL_COMPARATORS,All numerical comparators,HTR2B,Amygdala
HTR2B|EXACT_SINGLE_PROTEIN|HSAMP_192dff4b8df5862a227b1163|HUMAN_BIOGPS_GNF1H_GCRMA_77_TISSUE_DDOF1,-0.5404392638990756,-0.1748962074524924,-0.3655430564465832,GLOBAL_ALL_COMPARATORS,All numerical comparators,HTR2B,SubthalamicNucleus
HTR2B|EXACT_SINGLE_PROTEIN|HSAMP_20b60708f05d03c76f9fe702|HUMAN_BIOGPS_GNF1H_GCRMA_77_TISSUE_DDOF1,0.8946254119794056,0.7746508051081252,0.11997460687128036,GLOBAL_ALL_COMPARATORS,All numerical comparators,HTR2B,CerebellumPeduncles
HTR2B|EXACT_SINGLE_PROTEIN|HSAMP_374f872ebf1bbba2be514f9f|HUMAN_BIOGPS_GNF1H_GCRMA_77_TISSUE_DDOF1,-1.3347395406665359,-0.828237203956983,-0.5065023367095529,GLOBAL_ALL_COMPARATORS,All numerical comparators,HTR2B,GlobusPallidus
HTR2B|EXACT_SINGLE_PROTEIN|HSAMP_5c090f15f3e5194312a7e8ed|HUMAN_BIOGPS_GNF1H_GCRMA_77_TISSUE_DDOF1,-0.6387511578710472,-0.2800597182456702,-0.358691439625377,GLOBAL_ALL_COMPARATORS,All numerical comparators,HTR2B,MedullaOblongata
HTR2B|EXACT_SINGLE_PROTEIN|HSAMP_752ebc880edc13bb4e2b2de8|HUMAN_BIOGPS_GNF1H_GCRMA_77_TISSUE_DDOF1,1.0464163659167245,0.8795413509177256,0.16687501499899893,GLOBAL_ALL_COMPARATORS,All numerical comparators,HTR2B,PrefrontalCortex
HTR2B|EXACT_SINGLE_PROTEIN|HSAMP_7725bb8a75064c4d7246d9ba|HUMAN_BIOGPS_GNF1H_GCRMA_77_TISSUE_DDOF1,-0.7317658218873848,-0.36993022212860593,-0.3618355997587789,GLOBAL_ALL_COMPARATORS,All numerical comparators,HTR2B,OccipitalLobe
HTR2B|EXACT_SINGLE_PROTEIN|HSAMP_8ed020260a1d25cf72324c8a|HUMAN_BIOGPS_GNF1H_GCRMA_77_TISSUE_DDOF1,0.616731591469423,0.5621161114798097,0.05461547998961336,GLOBAL_ALL_COMPARATORS,All numerical comparators,HTR2B,Hypothalamus
HTR2B|EXACT_SINGLE_PROTEIN|HSAMP_936b77a4b11b5c19027de438|HUMAN_BIOGPS_GNF1H_GCRMA_77_TISSUE_DDOF1,0.616731591469423,0.5621161114798097,0.05461547998961336,GLOBAL_ALL_COMPARATORS,All numerical comparators,HTR2B,Spinalcord
HTR2B|EXACT_SINGLE_PROTEIN|HSAMP_9aa72e4fb1ff63e1792b1ec7|HUMAN_BIOGPS_GNF1H_GCRMA_77_TISSUE_DDOF1,-1.0334111776743673,-0.631108540175676,-0.40230263749869133,GLOBAL_ALL_COMPARATORS,All numerical comparators,HTR2B,Cerebellum
HTR2B|EXACT_SINGLE_PROTEIN|HSAMP_a32ce488a48b0df9b8c4c40a|HUMAN_BIOGPS_GNF1H_GCRMA_77_TISSUE_DDOF1,-0.6794752792208592,-0.33458433446893787,-0.3448909447519213,GLOBAL_ALL_COMPARATORS,All numerical comparators,HTR2B,Caudatenucleus
HTR2B|EXACT_SINGLE_PROTEIN|HSAMP_d99ba5ea584363f8600ade55|HUMAN_BIOGPS_GNF1H_GCRMA_77_TISSUE_DDOF1,0.4245875814465141,0.43872336767207387,-0.014135786225559777,GLOBAL_ALL_COMPARATORS,All numerical comparators,HTR2B,CingulateCortex
HTR2B|EXACT_SINGLE_PROTEIN|HSAMP_e75262fc0acfda69d976a6d3|HUMAN_BIOGPS_GNF1H_GCRMA_77_TISSUE_DDOF1,0.7144229674830372,0.6221084653318175,0.09231450215121972,GLOBAL_ALL_COMPARATORS,All numerical comparators,HTR2B,ParietalLobe
HTR2B|EXACT_SINGLE_PROTEIN|HSAMP_eb2587e74e2d6457032d4ae7|HUMAN_BIOGPS_GNF1H_GCRMA_77_TISSUE_DDOF1,-0.47798387534273784,-0.12066187807006559,-0.3573219972726722,GLOBAL_ALL_COMPARATORS,All numerical comparators,HTR2B,TemporalLobe
HTR2B|EXACT_SINGLE_PROTEIN|HSAMP_f43595f3557cf05e6a721aeb|HUMAN_BIOGPS_GNF1H_GCRMA_77_TISSUE_DDOF1,0.18107465613939241,0.26105048512097206,-0.07997582898157965,GLOBAL_ALL_COMPARATORS,All numerical comparators,HTR2B,Thalamus
HTR2B|EXACT_SINGLE_PROTEIN|HSAMP_ff841df7ecd9f2c8ea2660f5|HUMAN_BIOGPS_GNF1H_GCRMA_77_TISSUE_DDOF1,-1.194185433796494,-0.7417297664448597,-0.4524556673516342,GLOBAL_ALL_COMPARATORS,All numerical comparators,HTR2B,OlfactoryBulb
HTR2C|EXACT_SINGLE_PROTEIN|HSAMP_06645e2e8409a5b743985cdd|HUMAN_BIOGPS_GNF1H_GCRMA_77_TISSUE_DDOF1,-0.16416783623614478,-0.02876180452036635,-0.13540603171577842,GLOBAL_ALL_COMPARATORS,All numerical comparators,HTR2C,Wholebrain
HTR2C|EXACT_SINGLE_PROTEIN|HSAMP_0cb8b4d1db8c390eeeecca55|HUMAN_BIOGPS_GNF1H_GCRMA_77_TISSUE_DDOF1,-0.05803169638664834,0.024731359452000255,-0.0827630558386486,GLOBAL_ALL_COMPARATORS,All numerical comparators,HTR2C,Pons
HTR2C|EXACT_SINGLE_PROTEIN|HSAMP_13a552b6ffc4aac3b85a50ca|HUMAN_BIOGPS_GNF1H_GCRMA_77_TISSUE_DDOF1,1.4450285494855648,1.230108030328564,0.21492051915700072,GLOBAL_ALL_COMPARATORS,All numerical comparators,HTR2C,Amygdala
HTR2C|EXACT_SINGLE_PROTEIN|HSAMP_192dff4b8df5862a227b1163|HUMAN_BIOGPS_GNF1H_GCRMA_77_TISSUE_DDOF1,-0.09682379681683796,0.009897106654866065,-0.10672090347170403,GLOBAL_ALL_COMPARATORS,All numerical comparators,HTR2C,SubthalamicNucleus
HTR2C|EXACT_SINGLE_PROTEIN|HSAMP_20b60708f05d03c76f9fe702|HUMAN_BIOGPS_GNF1H_GCRMA_77_TISSUE_DDOF1,0.04454906146442492,0.09068798082564812,-0.0461389193612232,GLOBAL_ALL_COMPARATORS,All numerical comparators,HTR2C,CerebellumPeduncles
HTR2C|EXACT_SINGLE_PROTEIN|HSAMP_374f872ebf1bbba2be514f9f|HUMAN_BIOGPS_GNF1H_GCRMA_77_TISSUE_DDOF1,-0.22356263192545178,-0.06195634186275018,-0.1616062900627016,GLOBAL_ALL_COMPARATORS,All numerical comparators,HTR2C,GlobusPallidus
HTR2C|EXACT_SINGLE_PROTEIN|HSAMP_5c090f15f3e5194312a7e8ed|HUMAN_BIOGPS_GNF1H_GCRMA_77_TISSUE_DDOF1,0.13761647969175556,0.16427703767214835,-0.026660557980392796,GLOBAL_ALL_COMPARATORS,All numerical comparators,HTR2C,MedullaOblongata
HTR2C|EXACT_SINGLE_PROTEIN|HSAMP_752ebc880edc13bb4e2b2de8|HUMAN_BIOGPS_GNF1H_GCRMA_77_TISSUE_DDOF1,0.05497807421463483,0.09929172425497602,-0.04431365004034119,GLOBAL_ALL_COMPARATORS,All numerical comparators,HTR2C,PrefrontalCortex
HTR2C|EXACT_SINGLE_PROTEIN|HSAMP_7725bb8a75064c4d7246d9ba|HUMAN_BIOGPS_GNF1H_GCRMA_77_TISSUE_DDOF1,-0.13851778771955958,-0.011384599325216247,-0.12713318839434334,GLOBAL_ALL_COMPARATORS,All numerical comparators,HTR2C,OccipitalLobe
HTR2C|EXACT_SINGLE_PROTEIN|HSAMP_8ed020260a1d25cf72324c8a|HUMAN_BIOGPS_GNF1H_GCRMA_77_TISSUE_DDOF1,1.9574004412324757,1.7711830733273561,0.18621736790511956,GLOBAL_ALL_COMPARATORS,All numerical comparators,HTR2C,Hypothalamus
HTR2C|EXACT_SINGLE_PROTEIN|HSAMP_936b77a4b11b5c19027de438|HUMAN_BIOGPS_GNF1H_GCRMA_77_TISSUE_DDOF1,-0.01142305945911525,0.051157342037136226,-0.06258040149625148,GLOBAL_ALL_COMPARATORS,All numerical comparators,HTR2C,Spinalcord
HTR2C|EXACT_SINGLE_PROTEIN|HSAMP_9aa72e4fb1ff63e1792b1ec7|HUMAN_BIOGPS_GNF1H_GCRMA_77_TISSUE_DDOF1,-0.18623638692149827,-0.05008119733023706,-0.13615518959126122,GLOBAL_ALL_COMPARATORS,All numerical comparators,HTR2C,Cerebellum
HTR2C|EXACT_SINGLE_PROTEIN|HSAMP_a32ce488a48b0df9b8c4c40a|HUMAN_BIOGPS_GNF1H_GCRMA_77_TISSUE_DDOF1,2.533933170791423,2.3163995645274675,0.21753360626395546,GLOBAL_ALL_COMPARATORS,All numerical comparators,HTR2C,Caudatenucleus
HTR2C|EXACT_SINGLE_PROTEIN|HSAMP_d99ba5ea584363f8600ade55|HUMAN_BIOGPS_GNF1H_GCRMA_77_TISSUE_DDOF1,-0.022691925819512807,0.044417616281408626,-0.06710954210092143,GLOBAL_ALL_COMPARATORS,All numerical comparators,HTR2C,CingulateCortex
HTR2C|EXACT_SINGLE_PROTEIN|HSAMP_e75262fc0acfda69d976a6d3|HUMAN_BIOGPS_GNF1H_GCRMA_77_TISSUE_DDOF1,0.004312545155705039,0.061610772742965926,-0.057298227587260886,GLOBAL_ALL_COMPARATORS,All numerical comparators,HTR2C,ParietalLobe
HTR2C|EXACT_SINGLE_PROTEIN|HSAMP_eb2587e74e2d6457032d4ae7|HUMAN_BIOGPS_GNF1H_GCRMA_77_TISSUE_DDOF1,-0.10140595068348542,0.007969752945674745,-0.10937570362916016,GLOBAL_ALL_COMPARATORS,All numerical comparators,HTR2C,TemporalLobe
HTR2C|EXACT_SINGLE_PROTEIN|HSAMP_f43595f3557cf05e6a721aeb|HUMAN_BIOGPS_GNF1H_GCRMA_77_TISSUE_DDOF1,-0.00472467592650918,0.05510171327647547,-0.05982638920298465,GLOBAL_ALL_COMPARATORS,All numerical comparators,HTR2C,Thalamus
HTR2C|EXACT_SINGLE_PROTEIN|HSAMP_ff841df7ecd9f2c8ea2660f5|HUMAN_BIOGPS_GNF1H_GCRMA_77_TISSUE_DDOF1,-0.22109091370694864,-0.05803596090809902,-0.16305495279884963,GLOBAL_ALL_COMPARATORS,All numerical comparators,HTR2C,OlfactoryBulb
KCNH2|EXACT_SINGLE_PROTEIN|HSAMP_06645e2e8409a5b743985cdd|HUMAN_BIOGPS_GNF1H_GCRMA_77_TISSUE_DDOF1,0.6721433940176287,0.530823885848505,0.14131950816912364,GLOBAL_ALL_COMPARATORS,All numerical comparators,KCNH2,Wholebrain
KCNH2|EXACT_SINGLE_PROTEIN|HSAMP_0cb8b4d1db8c390eeeecca55|HUMAN_BIOGPS_GNF1H_GCRMA_77_TISSUE_DDOF1,-0.5097769944378396,0.10361097065852862,-0.6133879650963683,GLOBAL_ALL_COMPARATORS,All numerical comparators,KCNH2,Pons
KCNH2|EXACT_SINGLE_PROTEIN|HSAMP_13a552b6ffc4aac3b85a50ca|HUMAN_BIOGPS_GNF1H_GCRMA_77_TISSUE_DDOF1,-0.5953865481483204,0.08558740032638015,-0.6809739484747005,GLOBAL_ALL_COMPARATORS,All numerical comparators,KCNH2,Amygdala
KCNH2|EXACT_SINGLE_PROTEIN|HSAMP_192dff4b8df5862a227b1163|HUMAN_BIOGPS_GNF1H_GCRMA_77_TISSUE_DDOF1,-0.32329295097347915,0.13390331868398841,-0.45719626965746757,GLOBAL_ALL_COMPARATORS,All numerical comparators,KCNH2,SubthalamicNucleus
KCNH2|EXACT_SINGLE_PROTEIN|HSAMP_20b60708f05d03c76f9fe702|HUMAN_BIOGPS_GNF1H_GCRMA_77_TISSUE_DDOF1,0.7780412977138788,0.5629648076412666,0.2150764900726122,GLOBAL_ALL_COMPARATORS,All numerical comparators,KCNH2,CerebellumPeduncles
KCNH2|EXACT_SINGLE_PROTEIN|HSAMP_374f872ebf1bbba2be514f9f|HUMAN_BIOGPS_GNF1H_GCRMA_77_TISSUE_DDOF1,-0.5296294324364784,0.10176760234784649,-0.631397034784325,GLOBAL_ALL_COMPARATORS,All numerical comparators,KCNH2,GlobusPallidus
KCNH2|EXACT_SINGLE_PROTEIN|HSAMP_5c090f15f3e5194312a7e8ed|HUMAN_BIOGPS_GNF1H_GCRMA_77_TISSUE_DDOF1,-0.5296294324364784,0.10176760234784649,-0.631397034784325,GLOBAL_ALL_COMPARATORS,All numerical comparators,KCNH2,MedullaOblongata
KCNH2|EXACT_SINGLE_PROTEIN|HSAMP_752ebc880edc13bb4e2b2de8|HUMAN_BIOGPS_GNF1H_GCRMA_77_TISSUE_DDOF1,0.9306272020005141,0.6332534376831911,0.297373764317323,GLOBAL_ALL_COMPARATORS,All numerical comparators,KCNH2,PrefrontalCortex
KCNH2|EXACT_SINGLE_PROTEIN|HSAMP_7725bb8a75064c4d7246d9ba|HUMAN_BIOGPS_GNF1H_GCRMA_77_TISSUE_DDOF1,-0.4927973877239192,0.10830687746820356,-0.6011042651921228,GLOBAL_ALL_COMPARATORS,All numerical comparators,KCNH2,OccipitalLobe
KCNH2|EXACT_SINGLE_PROTEIN|HSAMP_8ed020260a1d25cf72324c8a|HUMAN_BIOGPS_GNF1H_GCRMA_77_TISSUE_DDOF1,-0.4927973877239192,0.10830687746820356,-0.6011042651921228,GLOBAL_ALL_COMPARATORS,All numerical comparators,KCNH2,Hypothalamus
KCNH2|EXACT_SINGLE_PROTEIN|HSAMP_936b77a4b11b5c19027de438|HUMAN_BIOGPS_GNF1H_GCRMA_77_TISSUE_DDOF1,-0.011083252746525038,0.19878379336633592,-0.20986704611286094,GLOBAL_ALL_COMPARATORS,All numerical comparators,KCNH2,Spinalcord
KCNH2|EXACT_SINGLE_PROTEIN|HSAMP_9aa72e4fb1ff63e1792b1ec7|HUMAN_BIOGPS_GNF1H_GCRMA_77_TISSUE_DDOF1,0.56404460735885,0.5096508904449826,0.05439371691386741,GLOBAL_ALL_COMPARATORS,All numerical comparators,KCNH2,Cerebellum
KCNH2|EXACT_SINGLE_PROTEIN|HSAMP_a32ce488a48b0df9b8c4c40a|HUMAN_BIOGPS_GNF1H_GCRMA_77_TISSUE_DDOF1,-0.47787329317090727,0.10971959593875286,-0.5875928891096601,GLOBAL_ALL_COMPARATORS,All numerical comparators,KCNH2,Caudatenucleus
KCNH2|EXACT_SINGLE_PROTEIN|HSAMP_d99ba5ea584363f8600ade55|HUMAN_BIOGPS_GNF1H_GCRMA_77_TISSUE_DDOF1,-0.07848428987787703,0.17395009438583275,-0.2524343842637098,GLOBAL_ALL_COMPARATORS,All numerical comparators,KCNH2,CingulateCortex
KCNH2|EXACT_SINGLE_PROTEIN|HSAMP_e75262fc0acfda69d976a6d3|HUMAN_BIOGPS_GNF1H_GCRMA_77_TISSUE_DDOF1,-0.47787329317090727,0.10971959593875286,-0.5875928891096601,GLOBAL_ALL_COMPARATORS,All numerical comparators,KCNH2,ParietalLobe
KCNH2|EXACT_SINGLE_PROTEIN|HSAMP_eb2587e74e2d6457032d4ae7|HUMAN_BIOGPS_GNF1H_GCRMA_77_TISSUE_DDOF1,-0.5296294324364784,0.10176760234784649,-0.631397034784325,GLOBAL_ALL_COMPARATORS,All numerical comparators,KCNH2,TemporalLobe
KCNH2|EXACT_SINGLE_PROTEIN|HSAMP_f43595f3557cf05e6a721aeb|HUMAN_BIOGPS_GNF1H_GCRMA_77_TISSUE_DDOF1,0.5683767457770087,0.5126797423374769,0.05569700343953177,GLOBAL_ALL_COMPARATORS,All numerical comparators,KCNH2,Thalamus
KCNH2|EXACT_SINGLE_PROTEIN|HSAMP_ff841df7ecd9f2c8ea2660f5|HUMAN_BIOGPS_GNF1H_GCRMA_77_TISSUE_DDOF1,-0.40154289381541125,0.12642133741001513,-0.5279642312254264,GLOBAL_ALL_COMPARATORS,All numerical comparators,KCNH2,OlfactoryBulb
OPRD1|EXACT_SINGLE_PROTEIN|HSAMP_06645e2e8409a5b743985cdd|HUMAN_BIOGPS_GNF1H_GCRMA_77_TISSUE_DDOF1,-0.9755002670030188,-1.1869442031524369,0.21144393614941803,GLOBAL_ALL_COMPARATORS,All numerical comparators,OPRD1,Wholebrain
OPRD1|EXACT_SINGLE_PROTEIN|HSAMP_0cb8b4d1db8c390eeeecca55|HUMAN_BIOGPS_GNF1H_GCRMA_77_TISSUE_DDOF1,-0.11666409904318278,-0.2478380725087238,0.13117397346554102,GLOBAL_ALL_COMPARATORS,All numerical comparators,OPRD1,Pons
OPRD1|EXACT_SINGLE_PROTEIN|HSAMP_13a552b6ffc4aac3b85a50ca|HUMAN_BIOGPS_GNF1H_GCRMA_77_TISSUE_DDOF1,0.7082266883898617,0.7414488479915382,-0.033222159601676515,GLOBAL_ALL_COMPARATORS,All numerical comparators,OPRD1,Amygdala
OPRD1|EXACT_SINGLE_PROTEIN|HSAMP_192dff4b8df5862a227b1163|HUMAN_BIOGPS_GNF1H_GCRMA_77_TISSUE_DDOF1,-0.6128844066753412,-0.7592773308002099,0.1463929241248687,GLOBAL_ALL_COMPARATORS,All numerical comparators,OPRD1,SubthalamicNucleus
OPRD1|EXACT_SINGLE_PROTEIN|HSAMP_20b60708f05d03c76f9fe702|HUMAN_BIOGPS_GNF1H_GCRMA_77_TISSUE_DDOF1,1.0299986788998141,1.1261087927554072,-0.0961101138555931,GLOBAL_ALL_COMPARATORS,All numerical comparators,OPRD1,CerebellumPeduncles
OPRD1|EXACT_SINGLE_PROTEIN|HSAMP_374f872ebf1bbba2be514f9f|HUMAN_BIOGPS_GNF1H_GCRMA_77_TISSUE_DDOF1,-1.56910542197197,-1.9565235037203563,0.3874180817483863,GLOBAL_ALL_COMPARATORS,All numerical comparators,OPRD1,GlobusPallidus
OPRD1|EXACT_SINGLE_PROTEIN|HSAMP_5c090f15f3e5194312a7e8ed|HUMAN_BIOGPS_GNF1H_GCRMA_77_TISSUE_DDOF1,-0.5475434586021661,-0.6789102563692093,0.1313667977670432,GLOBAL_ALL_COMPARATORS,All numerical comparators,OPRD1,MedullaOblongata
OPRD1|EXACT_SINGLE_PROTEIN|HSAMP_752ebc880edc13bb4e2b2de8|HUMAN_BIOGPS_GNF1H_GCRMA_77_TISSUE_DDOF1,1.2039892604636027,1.3557631324242534,-0.15177387196065073,GLOBAL_ALL_COMPARATORS,All numerical comparators,OPRD1,PrefrontalCortex
OPRD1|EXACT_SINGLE_PROTEIN|HSAMP_7725bb8a75064c4d7246d9ba|HUMAN_BIOGPS_GNF1H_GCRMA_77_TISSUE_DDOF1,-0.6128844066753412,-0.7592773308002099,0.1463929241248687,GLOBAL_ALL_COMPARATORS,All numerical comparators,OPRD1,OccipitalLobe
OPRD1|EXACT_SINGLE_PROTEIN|HSAMP_8ed020260a1d25cf72324c8a|HUMAN_BIOGPS_GNF1H_GCRMA_77_TISSUE_DDOF1,0.8881172637591862,0.9438047371753433,-0.055687473416157096,GLOBAL_ALL_COMPARATORS,All numerical comparators,OPRD1,Hypothalamus
OPRD1|EXACT_SINGLE_PROTEIN|HSAMP_936b77a4b11b5c19027de438|HUMAN_BIOGPS_GNF1H_GCRMA_77_TISSUE_DDOF1,0.8560938582243547,0.9138730225959621,-0.05777916437160746,GLOBAL_ALL_COMPARATORS,All numerical comparators,OPRD1,Spinalcord
OPRD1|EXACT_SINGLE_PROTEIN|HSAMP_9aa72e4fb1ff63e1792b1ec7|HUMAN_BIOGPS_GNF1H_GCRMA_77_TISSUE_DDOF1,-1.1867561982449253,-1.4980333217981943,0.311277123553269,GLOBAL_ALL_COMPARATORS,All numerical comparators,OPRD1,Cerebellum
OPRD1|EXACT_SINGLE_PROTEIN|HSAMP_a32ce488a48b0df9b8c4c40a|HUMAN_BIOGPS_GNF1H_GCRMA_77_TISSUE_DDOF1,0.5730954222822335,0.5990482778503647,-0.025952855568131206,GLOBAL_ALL_COMPARATORS,All numerical comparators,OPRD1,Caudatenucleus
OPRD1|EXACT_SINGLE_PROTEIN|HSAMP_d99ba5ea584363f8600ade55|HUMAN_BIOGPS_GNF1H_GCRMA_77_TISSUE_DDOF1,0.5730954222822335,0.5990482778503647,-0.025952855568131206,GLOBAL_ALL_COMPARATORS,All numerical comparators,OPRD1,CingulateCortex
OPRD1|EXACT_SINGLE_PROTEIN|HSAMP_e75262fc0acfda69d976a6d3|HUMAN_BIOGPS_GNF1H_GCRMA_77_TISSUE_DDOF1,0.8118840067070954,0.8658604310818776,-0.05397642437478223,GLOBAL_ALL_COMPARATORS,All numerical comparators,OPRD1,ParietalLobe
OPRD1|EXACT_SINGLE_PROTEIN|HSAMP_eb2587e74e2d6457032d4ae7|HUMAN_BIOGPS_GNF1H_GCRMA_77_TISSUE_DDOF1,-0.5475434586021661,-0.6789102563692093,0.1313667977670432,GLOBAL_ALL_COMPARATORS,All numerical comparators,OPRD1,TemporalLobe
OPRD1|EXACT_SINGLE_PROTEIN|HSAMP_f43595f3557cf05e6a721aeb|HUMAN_BIOGPS_GNF1H_GCRMA_77_TISSUE_DDOF1,2.2352327468752073,2.39998221917678,-0.16474947230157255,GLOBAL_ALL_COMPARATORS,All numerical comparators,OPRD1,Thalamus
OPRD1|EXACT_SINGLE_PROTEIN|HSAMP_ff841df7ecd9f2c8ea2660f5|HUMAN_BIOGPS_GNF1H_GCRMA_77_TISSUE_DDOF1,-1.2926987646532486,-1.6427185584356319,0.35001979378238324,GLOBAL_ALL_COMPARATORS,All numerical comparators,OPRD1,OlfactoryBulb
OPRK1|EXACT_SINGLE_PROTEIN|HSAMP_06645e2e8409a5b743985cdd|HUMAN_BIOGPS_GNF1H_GCRMA_77_TISSUE_DDOF1,-1.0563266320899458,0.014306179627042045,-1.0706328117169879,GLOBAL_ALL_COMPARATORS,All numerical comparators,OPRK1,Wholebrain
OPRK1|EXACT_SINGLE_PROTEIN|HSAMP_0cb8b4d1db8c390eeeecca55|HUMAN_BIOGPS_GNF1H_GCRMA_77_TISSUE_DDOF1,0.036968827855691416,0.2660214288353957,-0.22905260097970429,GLOBAL_ALL_COMPARATORS,All numerical comparators,OPRK1,Pons
OPRK1|EXACT_SINGLE_PROTEIN|HSAMP_13a552b6ffc4aac3b85a50ca|HUMAN_BIOGPS_GNF1H_GCRMA_77_TISSUE_DDOF1,0.9020982492605245,0.5850861505692885,0.31701209869123603,GLOBAL_ALL_COMPARATORS,All numerical comparators,OPRK1,Amygdala
OPRK1|EXACT_SINGLE_PROTEIN|HSAMP_192dff4b8df5862a227b1163|HUMAN_BIOGPS_GNF1H_GCRMA_77_TISSUE_DDOF1,-0.6797238247320325,0.10002763897970958,-0.7797514637117421,GLOBAL_ALL_COMPARATORS,All numerical comparators,OPRK1,SubthalamicNucleus
OPRK1|EXACT_SINGLE_PROTEIN|HSAMP_20b60708f05d03c76f9fe702|HUMAN_BIOGPS_GNF1H_GCRMA_77_TISSUE_DDOF1,1.2039892604636027,0.7143546215794125,0.4896346388841901,GLOBAL_ALL_COMPARATORS,All numerical comparators,OPRK1,CerebellumPeduncles
OPRK1|EXACT_SINGLE_PROTEIN|HSAMP_374f872ebf1bbba2be514f9f|HUMAN_BIOGPS_GNF1H_GCRMA_77_TISSUE_DDOF1,-1.696023134305084,-0.19329814537292786,-1.5027249889321561,GLOBAL_ALL_COMPARATORS,All numerical comparators,OPRK1,GlobusPallidus
OPRK1|EXACT_SINGLE_PROTEIN|HSAMP_5c090f15f3e5194312a7e8ed|HUMAN_BIOGPS_GNF1H_GCRMA_77_TISSUE_DDOF1,0.036968827855691416,0.2660214288353957,-0.22905260097970429,GLOBAL_ALL_COMPARATORS,All numerical comparators,OPRK1,MedullaOblongata
OPRK1|EXACT_SINGLE_PROTEIN|HSAMP_752ebc880edc13bb4e2b2de8|HUMAN_BIOGPS_GNF1H_GCRMA_77_TISSUE_DDOF1,1.5403699585599027,0.7929198806111077,0.7474500779487949,GLOBAL_ALL_COMPARATORS,All numerical comparators,OPRK1,PrefrontalCortex
OPRK1|EXACT_SINGLE_PROTEIN|HSAMP_7725bb8a75064c4d7246d9ba|HUMAN_BIOGPS_GNF1H_GCRMA_77_TISSUE_DDOF1,-0.6797238247320325,0.10002763897970958,-0.7797514637117421,GLOBAL_ALL_COMPARATORS,All numerical comparators,OPRK1,OccipitalLobe
OPRK1|EXACT_SINGLE_PROTEIN|HSAMP_8ed020260a1d25cf72324c8a|HUMAN_BIOGPS_GNF1H_GCRMA_77_TISSUE_DDOF1,0.9020982492605245,0.5850861505692885,0.31701209869123603,GLOBAL_ALL_COMPARATORS,All numerical comparators,OPRK1,Hypothalamus
OPRK1|EXACT_SINGLE_PROTEIN|HSAMP_936b77a4b11b5c19027de438|HUMAN_BIOGPS_GNF1H_GCRMA_77_TISSUE_DDOF1,0.8087303750901438,0.5610852968912693,0.2476450781988745,GLOBAL_ALL_COMPARATORS,All numerical comparators,OPRK1,Spinalcord
OPRK1|EXACT_SINGLE_PROTEIN|HSAMP_9aa72e4fb1ff63e1792b1ec7|HUMAN_BIOGPS_GNF1H_GCRMA_77_TISSUE_DDOF1,-1.2719778309776335,-0.052144024790749144,-1.2198338061868843,GLOBAL_ALL_COMPARATORS,All numerical comparators,OPRK1,Cerebellum
OPRK1|EXACT_SINGLE_PROTEIN|HSAMP_a32ce488a48b0df9b8c4c40a|HUMAN_BIOGPS_GNF1H_GCRMA_77_TISSUE_DDOF1,-0.7631746919002458,0.0830698947940178,-0.8462445866942636,GLOBAL_ALL_COMPARATORS,All numerical comparators,OPRK1,Caudatenucleus
OPRK1|EXACT_SINGLE_PROTEIN|HSAMP_d99ba5ea584363f8600ade55|HUMAN_BIOGPS_GNF1H_GCRMA_77_TISSUE_DDOF1,0.6441544693789119,0.5197318747523048,0.1244225946266071,GLOBAL_ALL_COMPARATORS,All numerical comparators,OPRK1,CingulateCortex
OPRK1|EXACT_SINGLE_PROTEIN|HSAMP_e75262fc0acfda69d976a6d3|HUMAN_BIOGPS_GNF1H_GCRMA_77_TISSUE_DDOF1,0.8648327126640044,0.5691217141433988,0.29571099852060556,GLOBAL_ALL_COMPARATORS,All numerical comparators,OPRK1,ParietalLobe
OPRK1|EXACT_SINGLE_PROTEIN|HSAMP_eb2587e74e2d6457032d4ae7|HUMAN_BIOGPS_GNF1H_GCRMA_77_TISSUE_DDOF1,-0.6017139619223004,0.11886205171880078,-0.7205760136411012,GLOBAL_ALL_COMPARATORS,All numerical comparators,OPRK1,TemporalLobe
OPRK1|EXACT_SINGLE_PROTEIN|HSAMP_f43595f3557cf05e6a721aeb|HUMAN_BIOGPS_GNF1H_GCRMA_77_TISSUE_DDOF1,0.5575245454714622,0.5020497037668437,0.05547484170461858,GLOBAL_ALL_COMPARATORS,All numerical comparators,OPRK1,Thalamus
OPRK1|EXACT_SINGLE_PROTEIN|HSAMP_ff841df7ecd9f2c8ea2660f5|HUMAN_BIOGPS_GNF1H_GCRMA_77_TISSUE_DDOF1,-1.5539701975614002,-0.13307957465113804,-1.4208906229102622,GLOBAL_ALL_COMPARATORS,All numerical comparators,OPRK1,OlfactoryBulb
OPRM1|EXACT_SINGLE_PROTEIN|HSAMP_06645e2e8409a5b743985cdd|HUMAN_BIOGPS_GNF1H_GCRMA_77_TISSUE_DDOF1,-0.7965723889941071,0.09736463633602002,-0.8939370253301271,GLOBAL_ALL_COMPARATORS,All numerical comparators,OPRM1,Wholebrain
OPRM1|EXACT_SINGLE_PROTEIN|HSAMP_0cb8b4d1db8c390eeeecca55|HUMAN_BIOGPS_GNF1H_GCRMA_77_TISSUE_DDOF1,1.716808020032496,0.8113449843817566,0.9054630356507394,GLOBAL_ALL_COMPARATORS,All numerical comparators,OPRM1,Pons
OPRM1|EXACT_SINGLE_PROTEIN|HSAMP_13a552b6ffc4aac3b85a50ca|HUMAN_BIOGPS_GNF1H_GCRMA_77_TISSUE_DDOF1,-0.22356263192545178,0.187846666841972,-0.41140929876742377,GLOBAL_ALL_COMPARATORS,All numerical comparators,OPRM1,Amygdala
OPRM1|EXACT_SINGLE_PROTEIN|HSAMP_192dff4b8df5862a227b1163|HUMAN_BIOGPS_GNF1H_GCRMA_77_TISSUE_DDOF1,-0.5616367314853511,0.13777123317358034,-0.6994079646589314,GLOBAL_ALL_COMPARATORS,All numerical comparators,OPRM1,SubthalamicNucleus
OPRM1|EXACT_SINGLE_PROTEIN|HSAMP_20b60708f05d03c76f9fe702|HUMAN_BIOGPS_GNF1H_GCRMA_77_TISSUE_DDOF1,0.48101672315406374,0.4739451174002917,0.007071605753772026,GLOBAL_ALL_COMPARATORS,All numerical comparators,OPRM1,CerebellumPeduncles
OPRM1|EXACT_SINGLE_PROTEIN|HSAMP_374f872ebf1bbba2be514f9f|HUMAN_BIOGPS_GNF1H_GCRMA_77_TISSUE_DDOF1,-0.9276542412143662,0.07371231517282804,-1.0013665563871943,GLOBAL_ALL_COMPARATORS,All numerical comparators,OPRM1,GlobusPallidus
OPRM1|EXACT_SINGLE_PROTEIN|HSAMP_5c090f15f3e5194312a7e8ed|HUMAN_BIOGPS_GNF1H_GCRMA_77_TISSUE_DDOF1,1.3621070345288713,0.7225635530992099,0.6395434814296613,GLOBAL_ALL_COMPARATORS,All numerical comparators,OPRM1,MedullaOblongata
OPRM1|EXACT_SINGLE_PROTEIN|HSAMP_752ebc880edc13bb4e2b2de8|HUMAN_BIOGPS_GNF1H_GCRMA_77_TISSUE_DDOF1,0.5692864698202704,0.5045405107756299,0.06474595904464053,GLOBAL_ALL_COMPARATORS,All numerical comparators,OPRM1,PrefrontalCortex
OPRM1|EXACT_SINGLE_PROTEIN|HSAMP_7725bb8a75064c4d7246d9ba|HUMAN_BIOGPS_GNF1H_GCRMA_77_TISSUE_DDOF1,-0.6314667820514213,0.12374526791821187,-0.7552120499696331,GLOBAL_ALL_COMPARATORS,All numerical comparators,OPRM1,OccipitalLobe
OPRM1|EXACT_SINGLE_PROTEIN|HSAMP_8ed020260a1d25cf72324c8a|HUMAN_BIOGPS_GNF1H_GCRMA_77_TISSUE_DDOF1,0.0028657084236432275,0.25986431367448065,-0.2569986052508374,GLOBAL_ALL_COMPARATORS,All numerical comparators,OPRM1,Hypothalamus
OPRM1|EXACT_SINGLE_PROTEIN|HSAMP_936b77a4b11b5c19027de438|HUMAN_BIOGPS_GNF1H_GCRMA_77_TISSUE_DDOF1,-0.022691925819512807,0.24605565664486884,-0.26874758246438163,GLOBAL_ALL_COMPARATORS,All numerical comparators,OPRM1,Spinalcord
OPRM1|EXACT_SINGLE_PROTEIN|HSAMP_9aa72e4fb1ff63e1792b1ec7|HUMAN_BIOGPS_GNF1H_GCRMA_77_TISSUE_DDOF1,0.05316689399923939,0.29896004952943683,-0.24579315553019743,GLOBAL_ALL_COMPARATORS,All numerical comparators,OPRM1,Cerebellum
OPRM1|EXACT_SINGLE_PROTEIN|HSAMP_a32ce488a48b0df9b8c4c40a|HUMAN_BIOGPS_GNF1H_GCRMA_77_TISSUE_DDOF1,-0.604580083085179,0.1296257829308685,-0.7342058660160474,GLOBAL_ALL_COMPARATORS,All numerical comparators,OPRM1,Caudatenucleus
OPRM1|EXACT_SINGLE_PROTEIN|HSAMP_d99ba5ea584363f8600ade55|HUMAN_BIOGPS_GNF1H_GCRMA_77_TISSUE_DDOF1,-0.13768784990688981,0.21662604031248342,-0.3543138902193732,GLOBAL_ALL_COMPARATORS,All numerical comparators,OPRM1,CingulateCortex
OPRM1|EXACT_SINGLE_PROTEIN|HSAMP_e75262fc0acfda69d976a6d3|HUMAN_BIOGPS_GNF1H_GCRMA_77_TISSUE_DDOF1,0.10269010257251229,0.36358942439004627,-0.26089932181753395,GLOBAL_ALL_COMPARATORS,All numerical comparators,OPRM1,ParietalLobe
OPRM1|EXACT_SINGLE_PROTEIN|HSAMP_eb2587e74e2d6457032d4ae7|HUMAN_BIOGPS_GNF1H_GCRMA_77_TISSUE_DDOF1,0.8130366679122062,0.5519601601326964,0.26107650777950975,GLOBAL_ALL_COMPARATORS,All numerical comparators,OPRM1,TemporalLobe
OPRM1|EXACT_SINGLE_PROTEIN|HSAMP_f43595f3557cf05e6a721aeb|HUMAN_BIOGPS_GNF1H_GCRMA_77_TISSUE_DDOF1,-0.17815121178694848,0.2072812935316592,-0.3854325053186077,GLOBAL_ALL_COMPARATORS,All numerical comparators,OPRM1,Thalamus
OPRM1|EXACT_SINGLE_PROTEIN|HSAMP_ff841df7ecd9f2c8ea2660f5|HUMAN_BIOGPS_GNF1H_GCRMA_77_TISSUE_DDOF1,-0.8624398965518474,0.08548173839473297,-0.9479216349465803,GLOBAL_ALL_COMPARATORS,All numerical comparators,OPRM1,OlfactoryBulb
SLC6A2|EXACT_SINGLE_PROTEIN|HSAMP_06645e2e8409a5b743985cdd|HUMAN_BIOGPS_GNF1H_GCRMA_77_TISSUE_DDOF1,-1.132738967762656,-1.2524828856843102,0.11974391792165417,GLOBAL_ALL_COMPARATORS,All numerical comparators,SLC6A2,Wholebrain
SLC6A2|EXACT_SINGLE_PROTEIN|HSAMP_0cb8b4d1db8c390eeeecca55|HUMAN_BIOGPS_GNF1H_GCRMA_77_TISSUE_DDOF1,0.0271444976889488,0.0016901601324206983,0.025454337556528102,GLOBAL_ALL_COMPARATORS,All numerical comparators,SLC6A2,Pons
SLC6A2|EXACT_SINGLE_PROTEIN|HSAMP_13a552b6ffc4aac3b85a50ca|HUMAN_BIOGPS_GNF1H_GCRMA_77_TISSUE_DDOF1,0.2164813869506129,0.19614682329541194,0.02033456365520095,GLOBAL_ALL_COMPARATORS,All numerical comparators,SLC6A2,Amygdala
SLC6A2|EXACT_SINGLE_PROTEIN|HSAMP_192dff4b8df5862a227b1163|HUMAN_BIOGPS_GNF1H_GCRMA_77_TISSUE_DDOF1,0.6721433940176287,0.6937243370874562,-0.021580943069827496,GLOBAL_ALL_COMPARATORS,All numerical comparators,SLC6A2,SubthalamicNucleus
SLC6A2|EXACT_SINGLE_PROTEIN|HSAMP_20b60708f05d03c76f9fe702|HUMAN_BIOGPS_GNF1H_GCRMA_77_TISSUE_DDOF1,1.6263504990310644,1.6973385558451937,-0.07098805681412923,GLOBAL_ALL_COMPARATORS,All numerical comparators,SLC6A2,CerebellumPeduncles
SLC6A2|EXACT_SINGLE_PROTEIN|HSAMP_374f872ebf1bbba2be514f9f|HUMAN_BIOGPS_GNF1H_GCRMA_77_TISSUE_DDOF1,-1.2460582398972329,-1.4216941904757747,0.17563595057854187,GLOBAL_ALL_COMPARATORS,All numerical comparators,SLC6A2,GlobusPallidus
SLC6A2|EXACT_SINGLE_PROTEIN|HSAMP_5c090f15f3e5194312a7e8ed|HUMAN_BIOGPS_GNF1H_GCRMA_77_TISSUE_DDOF1,-0.7579259018644592,-0.8481998348333477,0.09027393296888853,GLOBAL_ALL_COMPARATORS,All numerical comparators,SLC6A2,MedullaOblongata
SLC6A2|EXACT_SINGLE_PROTEIN|HSAMP_752ebc880edc13bb4e2b2de8|HUMAN_BIOGPS_GNF1H_GCRMA_77_TISSUE_DDOF1,1.0010182958870433,1.0475316770124383,-0.04651338112539505,GLOBAL_ALL_COMPARATORS,All numerical comparators,SLC6A2,PrefrontalCortex
SLC6A2|EXACT_SINGLE_PROTEIN|HSAMP_7725bb8a75064c4d7246d9ba|HUMAN_BIOGPS_GNF1H_GCRMA_77_TISSUE_DDOF1,-0.7579259018644592,-0.8481998348333477,0.09027393296888853,GLOBAL_ALL_COMPARATORS,All numerical comparators,SLC6A2,OccipitalLobe
SLC6A2|EXACT_SINGLE_PROTEIN|HSAMP_8ed020260a1d25cf72324c8a|HUMAN_BIOGPS_GNF1H_GCRMA_77_TISSUE_DDOF1,0.6721433940176287,0.6937243370874562,-0.021580943069827496,GLOBAL_ALL_COMPARATORS,All numerical comparators,SLC6A2,Hypothalamus
SLC6A2|EXACT_SINGLE_PROTEIN|HSAMP_936b77a4b11b5c19027de438|HUMAN_BIOGPS_GNF1H_GCRMA_77_TISSUE_DDOF1,0.5325821191587664,0.5360685800677215,-0.0034864609089551024,GLOBAL_ALL_COMPARATORS,All numerical comparators,SLC6A2,Spinalcord
SLC6A2|EXACT_SINGLE_PROTEIN|HSAMP_9aa72e4fb1ff63e1792b1ec7|HUMAN_BIOGPS_GNF1H_GCRMA_77_TISSUE_DDOF1,-0.9755002670030188,-1.0704006541816442,0.09490038717862537,GLOBAL_ALL_COMPARATORS,All numerical comparators,SLC6A2,Cerebellum
SLC6A2|EXACT_SINGLE_PROTEIN|HSAMP_a32ce488a48b0df9b8c4c40a|HUMAN_BIOGPS_GNF1H_GCRMA_77_TISSUE_DDOF1,-0.8043186044715439,-0.9028554702345561,0.09853686576301224,GLOBAL_ALL_COMPARATORS,All numerical comparators,SLC6A2,Caudatenucleus
SLC6A2|EXACT_SINGLE_PROTEIN|HSAMP_d99ba5ea584363f8600ade55|HUMAN_BIOGPS_GNF1H_GCRMA_77_TISSUE_DDOF1,0.2164813869506129,0.19614682329541194,0.02033456365520095,GLOBAL_ALL_COMPARATORS,All numerical comparators,SLC6A2,CingulateCortex
SLC6A2|EXACT_SINGLE_PROTEIN|HSAMP_e75262fc0acfda69d976a6d3|HUMAN_BIOGPS_GNF1H_GCRMA_77_TISSUE_DDOF1,0.7752997142902357,0.7944564683214514,-0.01915675403121575,GLOBAL_ALL_COMPARATORS,All numerical comparators,SLC6A2,ParietalLobe
SLC6A2|EXACT_SINGLE_PROTEIN|HSAMP_eb2587e74e2d6457032d4ae7|HUMAN_BIOGPS_GNF1H_GCRMA_77_TISSUE_DDOF1,-0.6175198957580689,-0.6931710030394894,0.07565110728142055,GLOBAL_ALL_COMPARATORS,All numerical comparators,SLC6A2,TemporalLobe
SLC6A2|EXACT_SINGLE_PROTEIN|HSAMP_f43595f3557cf05e6a721aeb|HUMAN_BIOGPS_GNF1H_GCRMA_77_TISSUE_DDOF1,0.0793133115119636,0.06058032381203031,0.018732987699933284,GLOBAL_ALL_COMPARATORS,All numerical comparators,SLC6A2,Thalamus
SLC6A2|EXACT_SINGLE_PROTEIN|HSAMP_ff841df7ecd9f2c8ea2660f5|HUMAN_BIOGPS_GNF1H_GCRMA_77_TISSUE_DDOF1,-0.7579259018644592,-0.8481998348333477,0.09027393296888853,GLOBAL_ALL_COMPARATORS,All numerical comparators,SLC6A2,OlfactoryBulb
SLC6A3|EXACT_SINGLE_PROTEIN|HSAMP_06645e2e8409a5b743985cdd|HUMAN_BIOGPS_GNF1H_GCRMA_77_TISSUE_DDOF1,-0.9036593764170809,-0.07679534022743965,-0.8268640361896413,GLOBAL_ALL_COMPARATORS,All numerical comparators,SLC6A3,Wholebrain
SLC6A3|EXACT_SINGLE_PROTEIN|HSAMP_0cb8b4d1db8c390eeeecca55|HUMAN_BIOGPS_GNF1H_GCRMA_77_TISSUE_DDOF1,0.01727729262442284,0.19325072475961136,-0.1759734321351885,GLOBAL_ALL_COMPARATORS,All numerical comparators,SLC6A3,Pons
SLC6A3|EXACT_SINGLE_PROTEIN|HSAMP_13a552b6ffc4aac3b85a50ca|HUMAN_BIOGPS_GNF1H_GCRMA_77_TISSUE_DDOF1,0.5666983409912103,0.5156209561037848,0.051077384887425525,GLOBAL_ALL_COMPARATORS,All numerical comparators,SLC6A3,Amygdala
SLC6A3|EXACT_SINGLE_PROTEIN|HSAMP_192dff4b8df5862a227b1163|HUMAN_BIOGPS_GNF1H_GCRMA_77_TISSUE_DDOF1,-0.221832286669166,0.13126809049678306,-0.35310037716594905,GLOBAL_ALL_COMPARATORS,All numerical comparators,SLC6A3,SubthalamicNucleus
SLC6A3|EXACT_SINGLE_PROTEIN|HSAMP_20b60708f05d03c76f9fe702|HUMAN_BIOGPS_GNF1H_GCRMA_77_TISSUE_DDOF1,1.1641254681508675,0.7708681679221059,0.3932573002287616,GLOBAL_ALL_COMPARATORS,All numerical comparators,SLC6A3,CerebellumPeduncles
SLC6A3|EXACT_SINGLE_PROTEIN|HSAMP_374f872ebf1bbba2be514f9f|HUMAN_BIOGPS_GNF1H_GCRMA_77_TISSUE_DDOF1,-1.51085260287073,-0.39063664615843663,-1.1202159567122933,GLOBAL_ALL_COMPARATORS,All numerical comparators,SLC6A3,GlobusPallidus
SLC6A3|EXACT_SINGLE_PROTEIN|HSAMP_5c090f15f3e5194312a7e8ed|HUMAN_BIOGPS_GNF1H_GCRMA_77_TISSUE_DDOF1,-0.6317076260451668,0.039234836126199005,-0.6709424621713659,GLOBAL_ALL_COMPARATORS,All numerical comparators,SLC6A3,MedullaOblongata
SLC6A3|EXACT_SINGLE_PROTEIN|HSAMP_752ebc880edc13bb4e2b2de8|HUMAN_BIOGPS_GNF1H_GCRMA_77_TISSUE_DDOF1,1.139175773015892,0.7593564936013348,0.3798192794145572,GLOBAL_ALL_COMPARATORS,All numerical comparators,SLC6A3,PrefrontalCortex
SLC6A3|EXACT_SINGLE_PROTEIN|HSAMP_7725bb8a75064c4d7246d9ba|HUMAN_BIOGPS_GNF1H_GCRMA_77_TISSUE_DDOF1,-0.6317076260451668,0.039234836126199005,-0.6709424621713659,GLOBAL_ALL_COMPARATORS,All numerical comparators,SLC6A3,OccipitalLobe
SLC6A3|EXACT_SINGLE_PROTEIN|HSAMP_8ed020260a1d25cf72324c8a|HUMAN_BIOGPS_GNF1H_GCRMA_77_TISSUE_DDOF1,2.182869350941762,1.3236703464972566,0.8591990044445055,GLOBAL_ALL_COMPARATORS,All numerical comparators,SLC6A3,Hypothalamus
SLC6A3|EXACT_SINGLE_PROTEIN|HSAMP_936b77a4b11b5c19027de438|HUMAN_BIOGPS_GNF1H_GCRMA_77_TISSUE_DDOF1,0.6456219738069149,0.5328459440719291,0.1127760297349858,GLOBAL_ALL_COMPARATORS,All numerical comparators,SLC6A3,Spinalcord
SLC6A3|EXACT_SINGLE_PROTEIN|HSAMP_9aa72e4fb1ff63e1792b1ec7|HUMAN_BIOGPS_GNF1H_GCRMA_77_TISSUE_DDOF1,-1.1424650971158654,-0.2189153532681929,-0.9235497438476725,GLOBAL_ALL_COMPARATORS,All numerical comparators,SLC6A3,Cerebellum
SLC6A3|EXACT_SINGLE_PROTEIN|HSAMP_a32ce488a48b0df9b8c4c40a|HUMAN_BIOGPS_GNF1H_GCRMA_77_TISSUE_DDOF1,-0.69464193733049,0.01500665846773146,-0.7096485957982214,GLOBAL_ALL_COMPARATORS,All numerical comparators,SLC6A3,Caudatenucleus
SLC6A3|EXACT_SINGLE_PROTEIN|HSAMP_d99ba5ea584363f8600ade55|HUMAN_BIOGPS_GNF1H_GCRMA_77_TISSUE_DDOF1,0.5666983409912103,0.5156209561037848,0.051077384887425525,GLOBAL_ALL_COMPARATORS,All numerical comparators,SLC6A3,CingulateCortex
SLC6A3|EXACT_SINGLE_PROTEIN|HSAMP_e75262fc0acfda69d976a6d3|HUMAN_BIOGPS_GNF1H_GCRMA_77_TISSUE_DDOF1,0.6456219738069149,0.5328459440719291,0.1127760297349858,GLOBAL_ALL_COMPARATORS,All numerical comparators,SLC6A3,ParietalLobe
SLC6A3|EXACT_SINGLE_PROTEIN|HSAMP_eb2587e74e2d6457032d4ae7|HUMAN_BIOGPS_GNF1H_GCRMA_77_TISSUE_DDOF1,-0.6317076260451668,0.039234836126199005,-0.6709424621713659,GLOBAL_ALL_COMPARATORS,All numerical comparators,SLC6A3,TemporalLobe
SLC6A3|EXACT_SINGLE_PROTEIN|HSAMP_f43595f3557cf05e6a721aeb|HUMAN_BIOGPS_GNF1H_GCRMA_77_TISSUE_DDOF1,0.5666983409912103,0.5156209561037848,0.051077384887425525,GLOBAL_ALL_COMPARATORS,All numerical comparators,SLC6A3,Thalamus
SLC6A3|EXACT_SINGLE_PROTEIN|HSAMP_ff841df7ecd9f2c8ea2660f5|HUMAN_BIOGPS_GNF1H_GCRMA_77_TISSUE_DDOF1,-1.1424650971158654,-0.2189153532681929,-0.9235497438476725,GLOBAL_ALL_COMPARATORS,All numerical comparators,SLC6A3,OlfactoryBulb
SLC6A4|EXACT_SINGLE_PROTEIN|HSAMP_06645e2e8409a5b743985cdd|HUMAN_BIOGPS_GNF1H_GCRMA_77_TISSUE_DDOF1,-0.25135445637222936,-0.43463413445916516,0.1832796780869358,GLOBAL_ALL_COMPARATORS,All numerical comparators,SLC6A4,Wholebrain
SLC6A4|EXACT_SINGLE_PROTEIN|HSAMP_0cb8b4d1db8c390eeeecca55|HUMAN_BIOGPS_GNF1H_GCRMA_77_TISSUE_DDOF1,0.07188917544024263,0.01729265272637686,0.054596522713865774,GLOBAL_ALL_COMPARATORS,All numerical comparators,SLC6A4,Pons
SLC6A4|EXACT_SINGLE_PROTEIN|HSAMP_13a552b6ffc4aac3b85a50ca|HUMAN_BIOGPS_GNF1H_GCRMA_77_TISSUE_DDOF1,0.0271444976889488,-0.04659841175960863,0.07374290944855744,GLOBAL_ALL_COMPARATORS,All numerical comparators,SLC6A4,Amygdala
SLC6A4|EXACT_SINGLE_PROTEIN|HSAMP_192dff4b8df5862a227b1163|HUMAN_BIOGPS_GNF1H_GCRMA_77_TISSUE_DDOF1,-0.1367075388384357,-0.29351453713723985,0.15680699829880415,GLOBAL_ALL_COMPARATORS,All numerical comparators,SLC6A4,SubthalamicNucleus
SLC6A4|EXACT_SINGLE_PROTEIN|HSAMP_20b60708f05d03c76f9fe702|HUMAN_BIOGPS_GNF1H_GCRMA_77_TISSUE_DDOF1,0.1102442582911983,0.07235136593796439,0.03789289235323391,GLOBAL_ALL_COMPARATORS,All numerical comparators,SLC6A4,CerebellumPeduncles
SLC6A4|EXACT_SINGLE_PROTEIN|HSAMP_374f872ebf1bbba2be514f9f|HUMAN_BIOGPS_GNF1H_GCRMA_77_TISSUE_DDOF1,-0.4371859824980134,-0.6051552574547644,0.167969274956751,GLOBAL_ALL_COMPARATORS,All numerical comparators,SLC6A4,GlobusPallidus
SLC6A4|EXACT_SINGLE_PROTEIN|HSAMP_5c090f15f3e5194312a7e8ed|HUMAN_BIOGPS_GNF1H_GCRMA_77_TISSUE_DDOF1,-0.054655890656651725,-0.18350947374572077,0.12885358308906905,GLOBAL_ALL_COMPARATORS,All numerical comparators,SLC6A4,MedullaOblongata
SLC6A4|EXACT_SINGLE_PROTEIN|HSAMP_752ebc880edc13bb4e2b2de8|HUMAN_BIOGPS_GNF1H_GCRMA_77_TISSUE_DDOF1,0.2907949004382928,0.25016136723414967,0.040633533204143146,GLOBAL_ALL_COMPARATORS,All numerical comparators,SLC6A4,PrefrontalCortex
SLC6A4|EXACT_SINGLE_PROTEIN|HSAMP_7725bb8a75064c4d7246d9ba|HUMAN_BIOGPS_GNF1H_GCRMA_77_TISSUE_DDOF1,-0.17884169477383446,-0.3516709499333123,0.17282925515947786,GLOBAL_ALL_COMPARATORS,All numerical comparators,SLC6A4,OccipitalLobe
SLC6A4|EXACT_SINGLE_PROTEIN|HSAMP_8ed020260a1d25cf72324c8a|HUMAN_BIOGPS_GNF1H_GCRMA_77_TISSUE_DDOF1,0.0271444976889488,-0.04659841175960863,0.07374290944855744,GLOBAL_ALL_COMPARATORS,All numerical comparators,SLC6A4,Hypothalamus
SLC6A4|EXACT_SINGLE_PROTEIN|HSAMP_936b77a4b11b5c19027de438|HUMAN_BIOGPS_GNF1H_GCRMA_77_TISSUE_DDOF1,0.05055470938774039,-0.004530452211410711,0.055085161599151104,GLOBAL_ALL_COMPARATORS,All numerical comparators,SLC6A4,Spinalcord
SLC6A4|EXACT_SINGLE_PROTEIN|HSAMP_9aa72e4fb1ff63e1792b1ec7|HUMAN_BIOGPS_GNF1H_GCRMA_77_TISSUE_DDOF1,0.9355939929881446,1.0145941882335747,-0.07900019524543012,GLOBAL_ALL_COMPARATORS,All numerical comparators,SLC6A4,Cerebellum
SLC6A4|EXACT_SINGLE_PROTEIN|HSAMP_a32ce488a48b0df9b8c4c40a|HUMAN_BIOGPS_GNF1H_GCRMA_77_TISSUE_DDOF1,0.09786726621788498,0.055903221023587225,0.04196404519429776,GLOBAL_ALL_COMPARATORS,All numerical comparators,SLC6A4,Caudatenucleus
SLC6A4|EXACT_SINGLE_PROTEIN|HSAMP_d99ba5ea584363f8600ade55|HUMAN_BIOGPS_GNF1H_GCRMA_77_TISSUE_DDOF1,-0.0003896569041729336,-0.10279096632571258,0.10240130942153965,GLOBAL_ALL_COMPARATORS,All numerical comparators,SLC6A4,CingulateCortex
SLC6A4|EXACT_SINGLE_PROTEIN|HSAMP_e75262fc0acfda69d976a6d3|HUMAN_BIOGPS_GNF1H_GCRMA_77_TISSUE_DDOF1,0.09786726621788498,0.055903221023587225,0.04196404519429776,GLOBAL_ALL_COMPARATORS,All numerical comparators,SLC6A4,ParietalLobe
SLC6A4|EXACT_SINGLE_PROTEIN|HSAMP_eb2587e74e2d6457032d4ae7|HUMAN_BIOGPS_GNF1H_GCRMA_77_TISSUE_DDOF1,-0.17884169477383446,-0.3516709499333123,0.17282925515947786,GLOBAL_ALL_COMPARATORS,All numerical comparators,SLC6A4,TemporalLobe
SLC6A4|EXACT_SINGLE_PROTEIN|HSAMP_f43595f3557cf05e6a721aeb|HUMAN_BIOGPS_GNF1H_GCRMA_77_TISSUE_DDOF1,-0.011083252746525038,-0.1182512313308349,0.10716797858430986,GLOBAL_ALL_COMPARATORS,All numerical comparators,SLC6A4,Thalamus
SLC6A4|EXACT_SINGLE_PROTEIN|HSAMP_ff841df7ecd9f2c8ea2660f5|HUMAN_BIOGPS_GNF1H_GCRMA_77_TISSUE_DDOF1,-0.36220970206270436,-0.5474978679898972,0.18528816592719283,GLOBAL_ALL_COMPARATORS,All numerical comparators,SLC6A4,OlfactoryBulb
ADRA1A|EXACT_SINGLE_PROTEIN|HSAMP_06645e2e8409a5b743985cdd|HUMAN_BIOGPS_GNF1H_GCRMA_77_TISSUE_DDOF1,-1.5437279671639712,-2.474271371128378,0.9305434039644069,HISTORICAL_HISTORECEPTOMIC_CONTROLS,Historical historeceptomic controls,ADRA1A,Wholebrain
ADRA1A|EXACT_SINGLE_PROTEIN|HSAMP_0cb8b4d1db8c390eeeecca55|HUMAN_BIOGPS_GNF1H_GCRMA_77_TISSUE_DDOF1,1.4195828780719864,1.7303625223847665,-0.31077964431278016,HISTORICAL_HISTORECEPTOMIC_CONTROLS,Historical historeceptomic controls,ADRA1A,Pons
ADRA1A|EXACT_SINGLE_PROTEIN|HSAMP_13a552b6ffc4aac3b85a50ca|HUMAN_BIOGPS_GNF1H_GCRMA_77_TISSUE_DDOF1,0.01727729262442284,-0.17260033748847564,0.1898776301128985,HISTORICAL_HISTORECEPTOMIC_CONTROLS,Historical historeceptomic controls,ADRA1A,Amygdala
ADRA1A|EXACT_SINGLE_PROTEIN|HSAMP_192dff4b8df5862a227b1163|HUMAN_BIOGPS_GNF1H_GCRMA_77_TISSUE_DDOF1,-0.17327345734461072,-0.5043711149116608,0.33109765756705,HISTORICAL_HISTORECEPTOMIC_CONTROLS,Historical historeceptomic controls,ADRA1A,SubthalamicNucleus
ADRA1A|EXACT_SINGLE_PROTEIN|HSAMP_20b60708f05d03c76f9fe702|HUMAN_BIOGPS_GNF1H_GCRMA_77_TISSUE_DDOF1,1.2202698721222003,1.5608257525240996,-0.3405558804018993,HISTORICAL_HISTORECEPTOMIC_CONTROLS,Historical historeceptomic controls,ADRA1A,CerebellumPeduncles
ADRA1A|EXACT_SINGLE_PROTEIN|HSAMP_374f872ebf1bbba2be514f9f|HUMAN_BIOGPS_GNF1H_GCRMA_77_TISSUE_DDOF1,-1.0125913122842531,-1.6324271588739583,0.6198358465897051,HISTORICAL_HISTORECEPTOMIC_CONTROLS,Historical historeceptomic controls,ADRA1A,GlobusPallidus
ADRA1A|EXACT_SINGLE_PROTEIN|HSAMP_5c090f15f3e5194312a7e8ed|HUMAN_BIOGPS_GNF1H_GCRMA_77_TISSUE_DDOF1,-0.7142836231329676,-1.087474536705413,0.3731909135724455,HISTORICAL_HISTORECEPTOMIC_CONTROLS,Historical historeceptomic controls,ADRA1A,MedullaOblongata
ADRA1A|EXACT_SINGLE_PROTEIN|HSAMP_752ebc880edc13bb4e2b2de8|HUMAN_BIOGPS_GNF1H_GCRMA_77_TISSUE_DDOF1,1.0330401383418797,1.2860080661562177,-0.25296792781433797,HISTORICAL_HISTORECEPTOMIC_CONTROLS,Historical historeceptomic controls,ADRA1A,PrefrontalCortex
ADRA1A|EXACT_SINGLE_PROTEIN|HSAMP_7725bb8a75064c4d7246d9ba|HUMAN_BIOGPS_GNF1H_GCRMA_77_TISSUE_DDOF1,-0.7735111971300326,-1.1865124167773748,0.41300121964734227,HISTORICAL_HISTORECEPTOMIC_CONTROLS,Historical historeceptomic controls,ADRA1A,OccipitalLobe
ADRA1A|EXACT_SINGLE_PROTEIN|HSAMP_8ed020260a1d25cf72324c8a|HUMAN_BIOGPS_GNF1H_GCRMA_77_TISSUE_DDOF1,0.48383712564449033,0.49244161176831963,-0.008604486123829302,HISTORICAL_HISTORECEPTOMIC_CONTROLS,Historical historeceptomic controls,ADRA1A,Hypothalamus
ADRA1A|EXACT_SINGLE_PROTEIN|HSAMP_936b77a4b11b5c19027de438|HUMAN_BIOGPS_GNF1H_GCRMA_77_TISSUE_DDOF1,0.6803833642951119,0.762585976964574,-0.08220261266946205,HISTORICAL_HISTORECEPTOMIC_CONTROLS,Historical historeceptomic controls,ADRA1A,Spinalcord
ADRA1A|EXACT_SINGLE_PROTEIN|HSAMP_9aa72e4fb1ff63e1792b1ec7|HUMAN_BIOGPS_GNF1H_GCRMA_77_TISSUE_DDOF1,-1.176829333645712,-1.917274140487132,0.74044480684142,HISTORICAL_HISTORECEPTOMIC_CONTROLS,Historical historeceptomic controls,ADRA1A,Cerebellum
ADRA1A|EXACT_SINGLE_PROTEIN|HSAMP_a32ce488a48b0df9b8c4c40a|HUMAN_BIOGPS_GNF1H_GCRMA_77_TISSUE_DDOF1,-0.7735111971300326,-1.1865124167773748,0.41300121964734227,HISTORICAL_HISTORECEPTOMIC_CONTROLS,Historical historeceptomic controls,ADRA1A,Caudatenucleus
ADRA1A|EXACT_SINGLE_PROTEIN|HSAMP_d99ba5ea584363f8600ade55|HUMAN_BIOGPS_GNF1H_GCRMA_77_TISSUE_DDOF1,0.5697969462378093,0.6342688617865929,-0.06447191554878362,HISTORICAL_HISTORECEPTOMIC_CONTROLS,Historical historeceptomic controls,ADRA1A,CingulateCortex
ADRA1A|EXACT_SINGLE_PROTEIN|HSAMP_e75262fc0acfda69d976a6d3|HUMAN_BIOGPS_GNF1H_GCRMA_77_TISSUE_DDOF1,0.7908831192896955,0.9030618514785886,-0.11217873218889318,HISTORICAL_HISTORECEPTOMIC_CONTROLS,Historical historeceptomic controls,ADRA1A,ParietalLobe
ADRA1A|EXACT_SINGLE_PROTEIN|HSAMP_eb2587e74e2d6457032d4ae7|HUMAN_BIOGPS_GNF1H_GCRMA_77_TISSUE_DDOF1,-0.47438680247321735,-0.7792375690687721,0.3048507665955547,HISTORICAL_HISTORECEPTOMIC_CONTROLS,Historical historeceptomic controls,ADRA1A,TemporalLobe
ADRA1A|EXACT_SINGLE_PROTEIN|HSAMP_f43595f3557cf05e6a721aeb|HUMAN_BIOGPS_GNF1H_GCRMA_77_TISSUE_DDOF1,0.2937959716720335,0.22488668540343698,0.06890928626859649,HISTORICAL_HISTORECEPTOMIC_CONTROLS,Historical historeceptomic controls,ADRA1A,Thalamus
ADRA1A|EXACT_SINGLE_PROTEIN|HSAMP_ff841df7ecd9f2c8ea2660f5|HUMAN_BIOGPS_GNF1H_GCRMA_77_TISSUE_DDOF1,-1.3916941247707881,-2.225672608919077,0.8339784841482887,HISTORICAL_HISTORECEPTOMIC_CONTROLS,Historical historeceptomic controls,ADRA1A,OlfactoryBulb
ADRA2A|EXACT_SINGLE_PROTEIN|HSAMP_06645e2e8409a5b743985cdd|HUMAN_BIOGPS_GNF1H_GCRMA_77_TISSUE_DDOF1,1.3256712318464634,1.5992748032952662,-0.27360357144880276,HISTORICAL_HISTORECEPTOMIC_CONTROLS,Historical historeceptomic controls,ADRA2A,Wholebrain
ADRA2A|EXACT_SINGLE_PROTEIN|HSAMP_0cb8b4d1db8c390eeeecca55|HUMAN_BIOGPS_GNF1H_GCRMA_77_TISSUE_DDOF1,-0.5044395774634475,-0.7359133580150714,0.23147378055162393,HISTORICAL_HISTORECEPTOMIC_CONTROLS,Historical historeceptomic controls,ADRA2A,Pons
ADRA2A|EXACT_SINGLE_PROTEIN|HSAMP_13a552b6ffc4aac3b85a50ca|HUMAN_BIOGPS_GNF1H_GCRMA_77_TISSUE_DDOF1,0.5741290899637739,0.6289693121638116,-0.0548402222000377,HISTORICAL_HISTORECEPTOMIC_CONTROLS,Historical historeceptomic controls,ADRA2A,Amygdala
ADRA2A|EXACT_SINGLE_PROTEIN|HSAMP_192dff4b8df5862a227b1163|HUMAN_BIOGPS_GNF1H_GCRMA_77_TISSUE_DDOF1,-0.6732064603943135,-0.9603809514121364,0.2871744910178229,HISTORICAL_HISTORECEPTOMIC_CONTROLS,Historical historeceptomic controls,ADRA2A,SubthalamicNucleus
ADRA2A|EXACT_SINGLE_PROTEIN|HSAMP_20b60708f05d03c76f9fe702|HUMAN_BIOGPS_GNF1H_GCRMA_77_TISSUE_DDOF1,0.5992580300558955,0.6584125614747622,-0.05915453141886673,HISTORICAL_HISTORECEPTOMIC_CONTROLS,Historical historeceptomic controls,ADRA2A,CerebellumPeduncles
ADRA2A|EXACT_SINGLE_PROTEIN|HSAMP_374f872ebf1bbba2be514f9f|HUMAN_BIOGPS_GNF1H_GCRMA_77_TISSUE_DDOF1,-1.129932837769179,-1.6441309209408612,0.5141980831716821,HISTORICAL_HISTORECEPTOMIC_CONTROLS,Historical historeceptomic controls,ADRA2A,GlobusPallidus
ADRA2A|EXACT_SINGLE_PROTEIN|HSAMP_5c090f15f3e5194312a7e8ed|HUMAN_BIOGPS_GNF1H_GCRMA_77_TISSUE_DDOF1,-0.7142836231329676,-1.0104197178872798,0.29613609475431224,HISTORICAL_HISTORECEPTOMIC_CONTROLS,Historical historeceptomic controls,ADRA2A,MedullaOblongata
ADRA2A|EXACT_SINGLE_PROTEIN|HSAMP_752ebc880edc13bb4e2b2de8|HUMAN_BIOGPS_GNF1H_GCRMA_77_TISSUE_DDOF1,0.6639939006317417,0.7322676235623689,-0.06827372293062717,HISTORICAL_HISTORECEPTOMIC_CONTROLS,Historical historeceptomic controls,ADRA2A,PrefrontalCortex
ADRA2A|EXACT_SINGLE_PROTEIN|HSAMP_7725bb8a75064c4d7246d9ba|HUMAN_BIOGPS_GNF1H_GCRMA_77_TISSUE_DDOF1,-0.6732064603943135,-0.9603809514121364,0.2871744910178229,HISTORICAL_HISTORECEPTOMIC_CONTROLS,Historical historeceptomic controls,ADRA2A,OccipitalLobe
ADRA2A|EXACT_SINGLE_PROTEIN|HSAMP_8ed020260a1d25cf72324c8a|HUMAN_BIOGPS_GNF1H_GCRMA_77_TISSUE_DDOF1,0.22956957141467732,0.17184220255379334,0.057727368860883976,HISTORICAL_HISTORECEPTOMIC_CONTROLS,Historical historeceptomic controls,ADRA2A,Hypothalamus
ADRA2A|EXACT_SINGLE_PROTEIN|HSAMP_936b77a4b11b5c19027de438|HUMAN_BIOGPS_GNF1H_GCRMA_77_TISSUE_DDOF1,-0.047357446085577085,-0.24488525231121738,0.1975278062256403,HISTORICAL_HISTORECEPTOMIC_CONTROLS,Historical historeceptomic controls,ADRA2A,Spinalcord
ADRA2A|EXACT_SINGLE_PROTEIN|HSAMP_9aa72e4fb1ff63e1792b1ec7|HUMAN_BIOGPS_GNF1H_GCRMA_77_TISSUE_DDOF1,-0.8108793577649526,-1.1255331962683288,0.31465383850337625,HISTORICAL_HISTORECEPTOMIC_CONTROLS,Historical historeceptomic controls,ADRA2A,Cerebellum
ADRA2A|EXACT_SINGLE_PROTEIN|HSAMP_a32ce488a48b0df9b8c4c40a|HUMAN_BIOGPS_GNF1H_GCRMA_77_TISSUE_DDOF1,-0.733236447782707,-1.0252976101085687,0.29206116232586166,HISTORICAL_HISTORECEPTOMIC_CONTROLS,Historical historeceptomic controls,ADRA2A,Caudatenucleus
ADRA2A|EXACT_SINGLE_PROTEIN|HSAMP_d99ba5ea584363f8600ade55|HUMAN_BIOGPS_GNF1H_GCRMA_77_TISSUE_DDOF1,-0.2634322811930612,-0.5331610979863395,0.26972881679327826,HISTORICAL_HISTORECEPTOMIC_CONTROLS,Historical historeceptomic controls,ADRA2A,CingulateCortex
ADRA2A|EXACT_SINGLE_PROTEIN|HSAMP_e75262fc0acfda69d976a6d3|HUMAN_BIOGPS_GNF1H_GCRMA_77_TISSUE_DDOF1,0.055922154422395114,-0.032633361966243724,0.08855551638863884,HISTORICAL_HISTORECEPTOMIC_CONTROLS,Historical historeceptomic controls,ADRA2A,ParietalLobe
ADRA2A|EXACT_SINGLE_PROTEIN|HSAMP_eb2587e74e2d6457032d4ae7|HUMAN_BIOGPS_GNF1H_GCRMA_77_TISSUE_DDOF1,-0.5955305040679503,-0.8547698832797539,0.2592393792118036,HISTORICAL_HISTORECEPTOMIC_CONTROLS,Historical historeceptomic controls,ADRA2A,TemporalLobe
ADRA2A|EXACT_SINGLE_PROTEIN|HSAMP_f43595f3557cf05e6a721aeb|HUMAN_BIOGPS_GNF1H_GCRMA_77_TISSUE_DDOF1,-0.2634322811930612,-0.5331610979863395,0.26972881679327826,HISTORICAL_HISTORECEPTOMIC_CONTROLS,Historical historeceptomic controls,ADRA2A,Thalamus
ADRA2A|EXACT_SINGLE_PROTEIN|HSAMP_ff841df7ecd9f2c8ea2660f5|HUMAN_BIOGPS_GNF1H_GCRMA_77_TISSUE_DDOF1,-1.0157075272297438,-1.4673543787080843,0.4516468514783405,HISTORICAL_HISTORECEPTOMIC_CONTROLS,Historical historeceptomic controls,ADRA2A,OlfactoryBulb
ADRA2B|EXACT_SINGLE_PROTEIN|HSAMP_06645e2e8409a5b743985cdd|HUMAN_BIOGPS_GNF1H_GCRMA_77_TISSUE_DDOF1,-1.081013102938054,-1.714735083409319,0.6337219804712648,HISTORICAL_HISTORECEPTOMIC_CONTROLS,Historical historeceptomic controls,ADRA2B,Wholebrain
ADRA2B|EXACT_SINGLE_PROTEIN|HSAMP_0cb8b4d1db8c390eeeecca55|HUMAN_BIOGPS_GNF1H_GCRMA_77_TISSUE_DDOF1,-0.19085554650662634,-0.5125023948410703,0.32164684833444396,HISTORICAL_HISTORECEPTOMIC_CONTROLS,Historical historeceptomic controls,ADRA2B,Pons
ADRA2B|EXACT_SINGLE_PROTEIN|HSAMP_13a552b6ffc4aac3b85a50ca|HUMAN_BIOGPS_GNF1H_GCRMA_77_TISSUE_DDOF1,0.8015037237186955,0.9139287298869405,-0.11242500616824502,HISTORICAL_HISTORECEPTOMIC_CONTROLS,Historical historeceptomic controls,ADRA2B,Amygdala
ADRA2B|EXACT_SINGLE_PROTEIN|HSAMP_192dff4b8df5862a227b1163|HUMAN_BIOGPS_GNF1H_GCRMA_77_TISSUE_DDOF1,-0.5960540842206639,-0.9345171992736512,0.3384631150529873,HISTORICAL_HISTORECEPTOMIC_CONTROLS,Historical historeceptomic controls,ADRA2B,SubthalamicNucleus
ADRA2B|EXACT_SINGLE_PROTEIN|HSAMP_20b60708f05d03c76f9fe702|HUMAN_BIOGPS_GNF1H_GCRMA_77_TISSUE_DDOF1,1.0999181395371558,1.3996259986059316,-0.29970785906877584,HISTORICAL_HISTORECEPTOMIC_CONTROLS,Historical historeceptomic controls,ADRA2B,CerebellumPeduncles
ADRA2B|EXACT_SINGLE_PROTEIN|HSAMP_374f872ebf1bbba2be514f9f|HUMAN_BIOGPS_GNF1H_GCRMA_77_TISSUE_DDOF1,-1.7950706659821885,-2.855584310855363,1.0605136448731747,HISTORICAL_HISTORECEPTOMIC_CONTROLS,Historical historeceptomic controls,ADRA2B,GlobusPallidus
ADRA2B|EXACT_SINGLE_PROTEIN|HSAMP_5c090f15f3e5194312a7e8ed|HUMAN_BIOGPS_GNF1H_GCRMA_77_TISSUE_DDOF1,-0.5960540842206639,-0.9345171992736512,0.3384631150529873,HISTORICAL_HISTORECEPTOMIC_CONTROLS,Historical historeceptomic controls,ADRA2B,MedullaOblongata
ADRA2B|EXACT_SINGLE_PROTEIN|HSAMP_752ebc880edc13bb4e2b2de8|HUMAN_BIOGPS_GNF1H_GCRMA_77_TISSUE_DDOF1,1.4747756920705977,1.8001276615059112,-0.3253519694353135,HISTORICAL_HISTORECEPTOMIC_CONTROLS,Historical historeceptomic controls,ADRA2B,PrefrontalCortex
ADRA2B|EXACT_SINGLE_PROTEIN|HSAMP_7725bb8a75064c4d7246d9ba|HUMAN_BIOGPS_GNF1H_GCRMA_77_TISSUE_DDOF1,-0.6793234109591311,-1.0448873520185564,0.36556394105942536,HISTORICAL_HISTORECEPTOMIC_CONTROLS,Historical historeceptomic controls,ADRA2B,OccipitalLobe
ADRA2B|EXACT_SINGLE_PROTEIN|HSAMP_8ed020260a1d25cf72324c8a|HUMAN_BIOGPS_GNF1H_GCRMA_77_TISSUE_DDOF1,0.9398984229482849,1.1152178124587997,-0.17531938951051484,HISTORICAL_HISTORECEPTOMIC_CONTROLS,Historical historeceptomic controls,ADRA2B,Hypothalamus
ADRA2B|EXACT_SINGLE_PROTEIN|HSAMP_936b77a4b11b5c19027de438|HUMAN_BIOGPS_GNF1H_GCRMA_77_TISSUE_DDOF1,0.8943310695375521,1.0420865559724615,-0.14775548643490932,HISTORICAL_HISTORECEPTOMIC_CONTROLS,Historical historeceptomic controls,ADRA2B,Spinalcord
ADRA2B|EXACT_SINGLE_PROTEIN|HSAMP_9aa72e4fb1ff63e1792b1ec7|HUMAN_BIOGPS_GNF1H_GCRMA_77_TISSUE_DDOF1,-1.3071910274498197,-2.124398911970915,0.8172078845210953,HISTORICAL_HISTORECEPTOMIC_CONTROLS,Historical historeceptomic controls,ADRA2B,Cerebellum
ADRA2B|EXACT_SINGLE_PROTEIN|HSAMP_a32ce488a48b0df9b8c4c40a|HUMAN_BIOGPS_GNF1H_GCRMA_77_TISSUE_DDOF1,-0.6793234109591311,-1.0448873520185564,0.36556394105942536,HISTORICAL_HISTORECEPTOMIC_CONTROLS,Historical historeceptomic controls,ADRA2B,Caudatenucleus
ADRA2B|EXACT_SINGLE_PROTEIN|HSAMP_d99ba5ea584363f8600ade55|HUMAN_BIOGPS_GNF1H_GCRMA_77_TISSUE_DDOF1,0.6885996288359957,0.7736205968725359,-0.08502096803654025,HISTORICAL_HISTORECEPTOMIC_CONTROLS,Historical historeceptomic controls,ADRA2B,CingulateCortex
ADRA2B|EXACT_SINGLE_PROTEIN|HSAMP_e75262fc0acfda69d976a6d3|HUMAN_BIOGPS_GNF1H_GCRMA_77_TISSUE_DDOF1,0.8015037237186955,0.9139287298869405,-0.11242500616824502,HISTORICAL_HISTORECEPTOMIC_CONTROLS,Historical historeceptomic controls,ADRA2B,ParietalLobe
ADRA2B|EXACT_SINGLE_PROTEIN|HSAMP_eb2587e74e2d6457032d4ae7|HUMAN_BIOGPS_GNF1H_GCRMA_77_TISSUE_DDOF1,-0.5960540842206639,-0.9345171992736512,0.3384631150529873,HISTORICAL_HISTORECEPTOMIC_CONTROLS,Historical historeceptomic controls,ADRA2B,TemporalLobe
ADRA2B|EXACT_SINGLE_PROTEIN|HSAMP_f43595f3557cf05e6a721aeb|HUMAN_BIOGPS_GNF1H_GCRMA_77_TISSUE_DDOF1,0.5957988184928056,0.6710515699038829,-0.07525275141107735,HISTORICAL_HISTORECEPTOMIC_CONTROLS,Historical historeceptomic controls,ADRA2B,Thalamus
ADRA2B|EXACT_SINGLE_PROTEIN|HSAMP_ff841df7ecd9f2c8ea2660f5|HUMAN_BIOGPS_GNF1H_GCRMA_77_TISSUE_DDOF1,-1.4188882087327248,-2.2525026682596065,0.8336144595268817,HISTORICAL_HISTORECEPTOMIC_CONTROLS,Historical historeceptomic controls,ADRA2B,OlfactoryBulb
ADRA2C|EXACT_SINGLE_PROTEIN|HSAMP_06645e2e8409a5b743985cdd|HUMAN_BIOGPS_GNF1H_GCRMA_77_TISSUE_DDOF1,-1.0157075272297438,-1.6422576882638609,0.6265501610341171,HISTORICAL_HISTORECEPTOMIC_CONTROLS,Historical historeceptomic controls,ADRA2C,Wholebrain
ADRA2C|EXACT_SINGLE_PROTEIN|HSAMP_0cb8b4d1db8c390eeeecca55|HUMAN_BIOGPS_GNF1H_GCRMA_77_TISSUE_DDOF1,1.1871452865866186,1.532191054957154,-0.34504576837053547,HISTORICAL_HISTORECEPTOMIC_CONTROLS,Historical historeceptomic controls,ADRA2C,Pons
ADRA2C|EXACT_SINGLE_PROTEIN|HSAMP_13a552b6ffc4aac3b85a50ca|HUMAN_BIOGPS_GNF1H_GCRMA_77_TISSUE_DDOF1,0.422807042795757,0.3849312238739086,0.03787581892184838,HISTORICAL_HISTORECEPTOMIC_CONTROLS,Historical historeceptomic controls,ADRA2C,Amygdala
ADRA2C|EXACT_SINGLE_PROTEIN|HSAMP_192dff4b8df5862a227b1163|HUMAN_BIOGPS_GNF1H_GCRMA_77_TISSUE_DDOF1,-0.5848132215317517,-0.9214057169696721,0.33659249543792036,HISTORICAL_HISTORECEPTOMIC_CONTROLS,Historical historeceptomic controls,ADRA2C,SubthalamicNucleus
ADRA2C|EXACT_SINGLE_PROTEIN|HSAMP_20b60708f05d03c76f9fe702|HUMAN_BIOGPS_GNF1H_GCRMA_77_TISSUE_DDOF1,1.2527025925413384,1.5981697665697738,-0.3454671740284354,HISTORICAL_HISTORECEPTOMIC_CONTROLS,Historical historeceptomic controls,ADRA2C,CerebellumPeduncles
ADRA2C|EXACT_SINGLE_PROTEIN|HSAMP_374f872ebf1bbba2be514f9f|HUMAN_BIOGPS_GNF1H_GCRMA_77_TISSUE_DDOF1,0.8881172637591862,1.0423958032445944,-0.15427853948540815,HISTORICAL_HISTORECEPTOMIC_CONTROLS,Historical historeceptomic controls,ADRA2C,GlobusPallidus
ADRA2C|EXACT_SINGLE_PROTEIN|HSAMP_5c090f15f3e5194312a7e8ed|HUMAN_BIOGPS_GNF1H_GCRMA_77_TISSUE_DDOF1,-0.5483840564311945,-0.881896550228614,0.33351249379741954,HISTORICAL_HISTORECEPTOMIC_CONTROLS,Historical historeceptomic controls,ADRA2C,MedullaOblongata
ADRA2C|EXACT_SINGLE_PROTEIN|HSAMP_752ebc880edc13bb4e2b2de8|HUMAN_BIOGPS_GNF1H_GCRMA_77_TISSUE_DDOF1,0.8685906746985917,1.0101816167569204,-0.14159094205832867,HISTORICAL_HISTORECEPTOMIC_CONTROLS,Historical historeceptomic controls,ADRA2C,PrefrontalCortex
ADRA2C|EXACT_SINGLE_PROTEIN|HSAMP_7725bb8a75064c4d7246d9ba|HUMAN_BIOGPS_GNF1H_GCRMA_77_TISSUE_DDOF1,-0.4668564817714058,-0.7747947585853912,0.30793827681398533,HISTORICAL_HISTORECEPTOMIC_CONTROLS,Historical historeceptomic controls,ADRA2C,OccipitalLobe
ADRA2C|EXACT_SINGLE_PROTEIN|HSAMP_8ed020260a1d25cf72324c8a|HUMAN_BIOGPS_GNF1H_GCRMA_77_TISSUE_DDOF1,-0.29018208286083713,-0.6153305355599165,0.3251484526990793,HISTORICAL_HISTORECEPTOMIC_CONTROLS,Historical historeceptomic controls,ADRA2C,Hypothalamus
ADRA2C|EXACT_SINGLE_PROTEIN|HSAMP_936b77a4b11b5c19027de438|HUMAN_BIOGPS_GNF1H_GCRMA_77_TISSUE_DDOF1,0.07252381466825766,-0.042909983999585254,0.11543379866784292,HISTORICAL_HISTORECEPTOMIC_CONTROLS,Historical historeceptomic controls,ADRA2C,Spinalcord
ADRA2C|EXACT_SINGLE_PROTEIN|HSAMP_9aa72e4fb1ff63e1792b1ec7|HUMAN_BIOGPS_GNF1H_GCRMA_77_TISSUE_DDOF1,-0.974213409077616,-1.5258627092249646,0.5516493001473486,HISTORICAL_HISTORECEPTOMIC_CONTROLS,Historical historeceptomic controls,ADRA2C,Cerebellum
ADRA2C|EXACT_SINGLE_PROTEIN|HSAMP_a32ce488a48b0df9b8c4c40a|HUMAN_BIOGPS_GNF1H_GCRMA_77_TISSUE_DDOF1,1.2402225586858004,1.5836001478955808,-0.34337758920978034,HISTORICAL_HISTORECEPTOMIC_CONTROLS,Historical historeceptomic controls,ADRA2C,Caudatenucleus
ADRA2C|EXACT_SINGLE_PROTEIN|HSAMP_d99ba5ea584363f8600ade55|HUMAN_BIOGPS_GNF1H_GCRMA_77_TISSUE_DDOF1,0.933270355461989,1.107452399700625,-0.17418204423863592,HISTORICAL_HISTORECEPTOMIC_CONTROLS,Historical historeceptomic controls,ADRA2C,CingulateCortex
ADRA2C|EXACT_SINGLE_PROTEIN|HSAMP_e75262fc0acfda69d976a6d3|HUMAN_BIOGPS_GNF1H_GCRMA_77_TISSUE_DDOF1,0.18156492528368454,0.13401105885045783,0.047553866433226705,HISTORICAL_HISTORECEPTOMIC_CONTROLS,Historical historeceptomic controls,ADRA2C,ParietalLobe
ADRA2C|EXACT_SINGLE_PROTEIN|HSAMP_eb2587e74e2d6457032d4ae7|HUMAN_BIOGPS_GNF1H_GCRMA_77_TISSUE_DDOF1,-0.0750434307571286,-0.3692379259409211,0.2941944951837925,HISTORICAL_HISTORECEPTOMIC_CONTROLS,Historical historeceptomic controls,ADRA2C,TemporalLobe
ADRA2C|EXACT_SINGLE_PROTEIN|HSAMP_f43595f3557cf05e6a721aeb|HUMAN_BIOGPS_GNF1H_GCRMA_77_TISSUE_DDOF1,0.8099409524234332,0.9396207335710041,-0.12967978114757084,HISTORICAL_HISTORECEPTOMIC_CONTROLS,Historical historeceptomic controls,ADRA2C,Thalamus
ADRA2C|EXACT_SINGLE_PROTEIN|HSAMP_ff841df7ecd9f2c8ea2660f5|HUMAN_BIOGPS_GNF1H_GCRMA_77_TISSUE_DDOF1,-1.051608640108919,-1.7144567166103906,0.6628480765014715,HISTORICAL_HISTORECEPTOMIC_CONTROLS,Historical historeceptomic controls,ADRA2C,OlfactoryBulb
CHRM2|EXACT_SINGLE_PROTEIN|HSAMP_06645e2e8409a5b743985cdd|HUMAN_BIOGPS_GNF1H_GCRMA_77_TISSUE_DDOF1,-0.7574001275804327,-1.0906420366823082,0.33324190910187546,HISTORICAL_HISTORECEPTOMIC_CONTROLS,Historical historeceptomic controls,CHRM2,Wholebrain
CHRM2|EXACT_SINGLE_PROTEIN|HSAMP_0cb8b4d1db8c390eeeecca55|HUMAN_BIOGPS_GNF1H_GCRMA_77_TISSUE_DDOF1,-0.3653832947616556,-0.6432799596599745,0.27789666489831893,HISTORICAL_HISTORECEPTOMIC_CONTROLS,Historical historeceptomic controls,CHRM2,Pons
CHRM2|EXACT_SINGLE_PROTEIN|HSAMP_13a552b6ffc4aac3b85a50ca|HUMAN_BIOGPS_GNF1H_GCRMA_77_TISSUE_DDOF1,0.5258989545917097,0.5405998878387333,-0.014700933247023595,HISTORICAL_HISTORECEPTOMIC_CONTROLS,Historical historeceptomic controls,CHRM2,Amygdala
CHRM2|EXACT_SINGLE_PROTEIN|HSAMP_192dff4b8df5862a227b1163|HUMAN_BIOGPS_GNF1H_GCRMA_77_TISSUE_DDOF1,-0.5598986653287035,-0.8347076473711557,0.2748089820424522,HISTORICAL_HISTORECEPTOMIC_CONTROLS,Historical historeceptomic controls,CHRM2,SubthalamicNucleus
CHRM2|EXACT_SINGLE_PROTEIN|HSAMP_20b60708f05d03c76f9fe702|HUMAN_BIOGPS_GNF1H_GCRMA_77_TISSUE_DDOF1,0.7569183516842588,0.8397380527737638,-0.08281970108950498,HISTORICAL_HISTORECEPTOMIC_CONTROLS,Historical historeceptomic controls,CHRM2,CerebellumPeduncles
CHRM2|EXACT_SINGLE_PROTEIN|HSAMP_374f872ebf1bbba2be514f9f|HUMAN_BIOGPS_GNF1H_GCRMA_77_TISSUE_DDOF1,-0.7574001275804327,-1.0906420366823082,0.33324190910187546,HISTORICAL_HISTORECEPTOMIC_CONTROLS,Historical historeceptomic controls,CHRM2,GlobusPallidus
CHRM2|EXACT_SINGLE_PROTEIN|HSAMP_5c090f15f3e5194312a7e8ed|HUMAN_BIOGPS_GNF1H_GCRMA_77_TISSUE_DDOF1,-0.47798387534273784,-0.7415577945668468,0.26357391922410894,HISTORICAL_HISTORECEPTOMIC_CONTROLS,Historical historeceptomic controls,CHRM2,MedullaOblongata
CHRM2|EXACT_SINGLE_PROTEIN|HSAMP_752ebc880edc13bb4e2b2de8|HUMAN_BIOGPS_GNF1H_GCRMA_77_TISSUE_DDOF1,1.0145542963360945,1.2101510913879512,-0.19559679505185668,HISTORICAL_HISTORECEPTOMIC_CONTROLS,Historical historeceptomic controls,CHRM2,PrefrontalCortex
CHRM2|EXACT_SINGLE_PROTEIN|HSAMP_7725bb8a75064c4d7246d9ba|HUMAN_BIOGPS_GNF1H_GCRMA_77_TISSUE_DDOF1,-0.5598986653287035,-0.8347076473711557,0.2748089820424522,HISTORICAL_HISTORECEPTOMIC_CONTROLS,Historical historeceptomic controls,CHRM2,OccipitalLobe
CHRM2|EXACT_SINGLE_PROTEIN|HSAMP_8ed020260a1d25cf72324c8a|HUMAN_BIOGPS_GNF1H_GCRMA_77_TISSUE_DDOF1,0.6535991930171212,0.7285073774635995,-0.07490818444647829,HISTORICAL_HISTORECEPTOMIC_CONTROLS,Historical historeceptomic controls,CHRM2,Hypothalamus
CHRM2|EXACT_SINGLE_PROTEIN|HSAMP_936b77a4b11b5c19027de438|HUMAN_BIOGPS_GNF1H_GCRMA_77_TISSUE_DDOF1,0.5798966045664208,0.6436200101712645,-0.06372340560484369,HISTORICAL_HISTORECEPTOMIC_CONTROLS,Historical historeceptomic controls,CHRM2,Spinalcord
CHRM2|EXACT_SINGLE_PROTEIN|HSAMP_9aa72e4fb1ff63e1792b1ec7|HUMAN_BIOGPS_GNF1H_GCRMA_77_TISSUE_DDOF1,-0.6306909781843474,-0.931027030161619,0.30033605197727165,HISTORICAL_HISTORECEPTOMIC_CONTROLS,Historical historeceptomic controls,CHRM2,Cerebellum
CHRM2|EXACT_SINGLE_PROTEIN|HSAMP_a32ce488a48b0df9b8c4c40a|HUMAN_BIOGPS_GNF1H_GCRMA_77_TISSUE_DDOF1,-0.6306909781843474,-0.931027030161619,0.30033605197727165,HISTORICAL_HISTORECEPTOMIC_CONTROLS,Historical historeceptomic controls,CHRM2,Caudatenucleus
CHRM2|EXACT_SINGLE_PROTEIN|HSAMP_d99ba5ea584363f8600ade55|HUMAN_BIOGPS_GNF1H_GCRMA_77_TISSUE_DDOF1,0.13577879871956952,0.07968422800489222,0.0560945707146773,HISTORICAL_HISTORECEPTOMIC_CONTROLS,Historical historeceptomic controls,CHRM2,CingulateCortex
CHRM2|EXACT_SINGLE_PROTEIN|HSAMP_e75262fc0acfda69d976a6d3|HUMAN_BIOGPS_GNF1H_GCRMA_77_TISSUE_DDOF1,0.8281086162368785,0.9395479133764206,-0.11143929713954215,HISTORICAL_HISTORECEPTOMIC_CONTROLS,Historical historeceptomic controls,CHRM2,ParietalLobe
CHRM2|EXACT_SINGLE_PROTEIN|HSAMP_eb2587e74e2d6457032d4ae7|HUMAN_BIOGPS_GNF1H_GCRMA_77_TISSUE_DDOF1,-0.01142305945911525,-0.22290228930485917,0.2114792298457439,HISTORICAL_HISTORECEPTOMIC_CONTROLS,Historical historeceptomic controls,CHRM2,TemporalLobe
CHRM2|EXACT_SINGLE_PROTEIN|HSAMP_f43595f3557cf05e6a721aeb|HUMAN_BIOGPS_GNF1H_GCRMA_77_TISSUE_DDOF1,0.13577879871956952,0.07968422800489222,0.0560945707146773,HISTORICAL_HISTORECEPTOMIC_CONTROLS,Historical historeceptomic controls,CHRM2,Thalamus
CHRM2|EXACT_SINGLE_PROTEIN|HSAMP_ff841df7ecd9f2c8ea2660f5|HUMAN_BIOGPS_GNF1H_GCRMA_77_TISSUE_DDOF1,-0.9473566328514829,-1.3654221721217548,0.4180655392702719,HISTORICAL_HISTORECEPTOMIC_CONTROLS,Historical historeceptomic controls,CHRM2,OlfactoryBulb
CHRM3|EXACT_SINGLE_PROTEIN|HSAMP_06645e2e8409a5b743985cdd|HUMAN_BIOGPS_GNF1H_GCRMA_77_TISSUE_DDOF1,1.12499387306454,1.366708366312381,-0.241714493247841,HISTORICAL_HISTORECEPTOMIC_CONTROLS,Historical historeceptomic controls,CHRM3,Wholebrain
CHRM3|EXACT_SINGLE_PROTEIN|HSAMP_0cb8b4d1db8c390eeeecca55|HUMAN_BIOGPS_GNF1H_GCRMA_77_TISSUE_DDOF1,0.009288874367541939,-0.14953589404706685,0.1588247684146088,HISTORICAL_HISTORECEPTOMIC_CONTROLS,Historical historeceptomic controls,CHRM3,Pons
CHRM3|EXACT_SINGLE_PROTEIN|HSAMP_13a552b6ffc4aac3b85a50ca|HUMAN_BIOGPS_GNF1H_GCRMA_77_TISSUE_DDOF1,1.2196470178369565,1.4893936074476424,-0.26974658961068587,HISTORICAL_HISTORECEPTOMIC_CONTROLS,Historical historeceptomic controls,CHRM3,Amygdala
CHRM3|EXACT_SINGLE_PROTEIN|HSAMP_192dff4b8df5862a227b1163|HUMAN_BIOGPS_GNF1H_GCRMA_77_TISSUE_DDOF1,0.4242907316639165,0.40262133288016155,0.021669398783754956,HISTORICAL_HISTORECEPTOMIC_CONTROLS,Historical historeceptomic controls,CHRM3,SubthalamicNucleus
CHRM3|EXACT_SINGLE_PROTEIN|HSAMP_20b60708f05d03c76f9fe702|HUMAN_BIOGPS_GNF1H_GCRMA_77_TISSUE_DDOF1,0.0754253984854567,-0.0008828935841099729,0.07630829206956667,HISTORICAL_HISTORECEPTOMIC_CONTROLS,Historical historeceptomic controls,CHRM3,CerebellumPeduncles
CHRM3|EXACT_SINGLE_PROTEIN|HSAMP_374f872ebf1bbba2be514f9f|HUMAN_BIOGPS_GNF1H_GCRMA_77_TISSUE_DDOF1,-0.10402842305478566,-0.3437757867394431,0.23974736368465743,HISTORICAL_HISTORECEPTOMIC_CONTROLS,Historical historeceptomic controls,CHRM3,GlobusPallidus
CHRM3|EXACT_SINGLE_PROTEIN|HSAMP_5c090f15f3e5194312a7e8ed|HUMAN_BIOGPS_GNF1H_GCRMA_77_TISSUE_DDOF1,0.3643441543381009,0.282772238719493,0.08157191561860794,HISTORICAL_HISTORECEPTOMIC_CONTROLS,Historical historeceptomic controls,CHRM3,MedullaOblongata
CHRM3|EXACT_SINGLE_PROTEIN|HSAMP_752ebc880edc13bb4e2b2de8|HUMAN_BIOGPS_GNF1H_GCRMA_77_TISSUE_DDOF1,2.6155934488421475,2.857334111091779,-0.24174066224963164,HISTORICAL_HISTORECEPTOMIC_CONTROLS,Historical historeceptomic controls,CHRM3,PrefrontalCortex
CHRM3|EXACT_SINGLE_PROTEIN|HSAMP_7725bb8a75064c4d7246d9ba|HUMAN_BIOGPS_GNF1H_GCRMA_77_TISSUE_DDOF1,0.7434044170757004,0.8094009127275699,-0.06599649565186949,HISTORICAL_HISTORECEPTOMIC_CONTROLS,Historical historeceptomic controls,CHRM3,OccipitalLobe
CHRM3|EXACT_SINGLE_PROTEIN|HSAMP_8ed020260a1d25cf72324c8a|HUMAN_BIOGPS_GNF1H_GCRMA_77_TISSUE_DDOF1,0.07228204391287499,-0.005909556606516245,0.07819160051939124,HISTORICAL_HISTORECEPTOMIC_CONTROLS,Historical historeceptomic controls,CHRM3,Hypothalamus
CHRM3|EXACT_SINGLE_PROTEIN|HSAMP_936b77a4b11b5c19027de438|HUMAN_BIOGPS_GNF1H_GCRMA_77_TISSUE_DDOF1,0.04454906146442492,-0.06284131271145327,0.10739037417587818,HISTORICAL_HISTORECEPTOMIC_CONTROLS,Historical historeceptomic controls,CHRM3,Spinalcord
CHRM3|EXACT_SINGLE_PROTEIN|HSAMP_9aa72e4fb1ff63e1792b1ec7|HUMAN_BIOGPS_GNF1H_GCRMA_77_TISSUE_DDOF1,-0.07721997063400048,-0.30063222148693297,0.22341225085293248,HISTORICAL_HISTORECEPTOMIC_CONTROLS,Historical historeceptomic controls,CHRM3,Cerebellum
CHRM3|EXACT_SINGLE_PROTEIN|HSAMP_a32ce488a48b0df9b8c4c40a|HUMAN_BIOGPS_GNF1H_GCRMA_77_TISSUE_DDOF1,-0.022691925819512807,-0.2255185033632718,0.202826577543759,HISTORICAL_HISTORECEPTOMIC_CONTROLS,Historical historeceptomic controls,CHRM3,Caudatenucleus
CHRM3|EXACT_SINGLE_PROTEIN|HSAMP_d99ba5ea584363f8600ade55|HUMAN_BIOGPS_GNF1H_GCRMA_77_TISSUE_DDOF1,0.05521957840724115,-0.04711055253495113,0.10233013094219229,HISTORICAL_HISTORECEPTOMIC_CONTROLS,Historical historeceptomic controls,CHRM3,CingulateCortex
CHRM3|EXACT_SINGLE_PROTEIN|HSAMP_e75262fc0acfda69d976a6d3|HUMAN_BIOGPS_GNF1H_GCRMA_77_TISSUE_DDOF1,0.0754253984854567,-0.0008828935841099729,0.07630829206956667,HISTORICAL_HISTORECEPTOMIC_CONTROLS,Historical historeceptomic controls,CHRM3,ParietalLobe
CHRM3|EXACT_SINGLE_PROTEIN|HSAMP_eb2587e74e2d6457032d4ae7|HUMAN_BIOGPS_GNF1H_GCRMA_77_TISSUE_DDOF1,0.0271444976889488,-0.10392924102822439,0.13107373871717318,HISTORICAL_HISTORECEPTOMIC_CONTROLS,Historical historeceptomic controls,CHRM3,TemporalLobe
CHRM3|EXACT_SINGLE_PROTEIN|HSAMP_f43595f3557cf05e6a721aeb|HUMAN_BIOGPS_GNF1H_GCRMA_77_TISSUE_DDOF1,0.0271444976889488,-0.10392924102822439,0.13107373871717318,HISTORICAL_HISTORECEPTOMIC_CONTROLS,Historical historeceptomic controls,CHRM3,Thalamus
CHRM3|EXACT_SINGLE_PROTEIN|HSAMP_ff841df7ecd9f2c8ea2660f5|HUMAN_BIOGPS_GNF1H_GCRMA_77_TISSUE_DDOF1,-0.08253096470530781,-0.3217146256832487,0.23918366097794092,HISTORICAL_HISTORECEPTOMIC_CONTROLS,Historical historeceptomic controls,CHRM3,OlfactoryBulb
DRD1|EXACT_SINGLE_PROTEIN|HSAMP_06645e2e8409a5b743985cdd|HUMAN_BIOGPS_GNF1H_GCRMA_77_TISSUE_DDOF1,-1.0199319740352728,-1.5379697192226423,0.5180377451873694,HISTORICAL_HISTORECEPTOMIC_CONTROLS,Historical historeceptomic controls,DRD1,Wholebrain
DRD1|EXACT_SINGLE_PROTEIN|HSAMP_0cb8b4d1db8c390eeeecca55|HUMAN_BIOGPS_GNF1H_GCRMA_77_TISSUE_DDOF1,2.0965443229637026,2.395073712747908,-0.2985293897842052,HISTORICAL_HISTORECEPTOMIC_CONTROLS,Historical historeceptomic controls,DRD1,Pons
DRD1|EXACT_SINGLE_PROTEIN|HSAMP_13a552b6ffc4aac3b85a50ca|HUMAN_BIOGPS_GNF1H_GCRMA_77_TISSUE_DDOF1,0.1952313227185618,0.14797092547176838,0.04726039724679343,HISTORICAL_HISTORECEPTOMIC_CONTROLS,Historical historeceptomic controls,DRD1,Amygdala
DRD1|EXACT_SINGLE_PROTEIN|HSAMP_192dff4b8df5862a227b1163|HUMAN_BIOGPS_GNF1H_GCRMA_77_TISSUE_DDOF1,-0.27756093309630286,-0.5720787596332506,0.29451782653694775,HISTORICAL_HISTORECEPTOMIC_CONTROLS,Historical historeceptomic controls,DRD1,SubthalamicNucleus
DRD1|EXACT_SINGLE_PROTEIN|HSAMP_20b60708f05d03c76f9fe702|HUMAN_BIOGPS_GNF1H_GCRMA_77_TISSUE_DDOF1,1.1289154780131896,1.3935122834334561,-0.26459680542026653,HISTORICAL_HISTORECEPTOMIC_CONTROLS,Historical historeceptomic controls,DRD1,CerebellumPeduncles
DRD1|EXACT_SINGLE_PROTEIN|HSAMP_374f872ebf1bbba2be514f9f|HUMAN_BIOGPS_GNF1H_GCRMA_77_TISSUE_DDOF1,-1.176829333645712,-1.8071385254052856,0.6303091917595736,HISTORICAL_HISTORECEPTOMIC_CONTROLS,Historical historeceptomic controls,DRD1,GlobusPallidus
DRD1|EXACT_SINGLE_PROTEIN|HSAMP_5c090f15f3e5194312a7e8ed|HUMAN_BIOGPS_GNF1H_GCRMA_77_TISSUE_DDOF1,-0.7018660678791991,-1.0314135405545661,0.329547472675367,HISTORICAL_HISTORECEPTOMIC_CONTROLS,Historical historeceptomic controls,DRD1,MedullaOblongata
DRD1|EXACT_SINGLE_PROTEIN|HSAMP_752ebc880edc13bb4e2b2de8|HUMAN_BIOGPS_GNF1H_GCRMA_77_TISSUE_DDOF1,1.2601358504247482,1.5609142134175826,-0.30077836299283445,HISTORICAL_HISTORECEPTOMIC_CONTROLS,Historical historeceptomic controls,DRD1,PrefrontalCortex
DRD1|EXACT_SINGLE_PROTEIN|HSAMP_7725bb8a75064c4d7246d9ba|HUMAN_BIOGPS_GNF1H_GCRMA_77_TISSUE_DDOF1,-0.27756093309630286,-0.5720787596332506,0.29451782653694775,HISTORICAL_HISTORECEPTOMIC_CONTROLS,Historical historeceptomic controls,DRD1,OccipitalLobe
DRD1|EXACT_SINGLE_PROTEIN|HSAMP_8ed020260a1d25cf72324c8a|HUMAN_BIOGPS_GNF1H_GCRMA_77_TISSUE_DDOF1,0.5080833356324513,0.5179606643696762,-0.00987732873722491,HISTORICAL_HISTORECEPTOMIC_CONTROLS,Historical historeceptomic controls,DRD1,Hypothalamus
DRD1|EXACT_SINGLE_PROTEIN|HSAMP_936b77a4b11b5c19027de438|HUMAN_BIOGPS_GNF1H_GCRMA_77_TISSUE_DDOF1,0.5686601787062724,0.6216898822894332,-0.05302970358316084,HISTORICAL_HISTORECEPTOMIC_CONTROLS,Historical historeceptomic controls,DRD1,Spinalcord
DRD1|EXACT_SINGLE_PROTEIN|HSAMP_9aa72e4fb1ff63e1792b1ec7|HUMAN_BIOGPS_GNF1H_GCRMA_77_TISSUE_DDOF1,-1.1475531269509405,-1.7653799810546569,0.6178268541037164,HISTORICAL_HISTORECEPTOMIC_CONTROLS,Historical historeceptomic controls,DRD1,Cerebellum
DRD1|EXACT_SINGLE_PROTEIN|HSAMP_a32ce488a48b0df9b8c4c40a|HUMAN_BIOGPS_GNF1H_GCRMA_77_TISSUE_DDOF1,2.1236563043673424,2.4391723577568483,-0.31551605338950584,HISTORICAL_HISTORECEPTOMIC_CONTROLS,Historical historeceptomic controls,DRD1,Caudatenucleus
DRD1|EXACT_SINGLE_PROTEIN|HSAMP_d99ba5ea584363f8600ade55|HUMAN_BIOGPS_GNF1H_GCRMA_77_TISSUE_DDOF1,0.5392124659063131,0.5646569524089025,-0.025444486502589347,HISTORICAL_HISTORECEPTOMIC_CONTROLS,Historical historeceptomic controls,DRD1,CingulateCortex
DRD1|EXACT_SINGLE_PROTEIN|HSAMP_e75262fc0acfda69d976a6d3|HUMAN_BIOGPS_GNF1H_GCRMA_77_TISSUE_DDOF1,0.7378729950855282,0.813697053077592,-0.07582405799206382,HISTORICAL_HISTORECEPTOMIC_CONTROLS,Historical historeceptomic controls,DRD1,ParietalLobe
DRD1|EXACT_SINGLE_PROTEIN|HSAMP_eb2587e74e2d6457032d4ae7|HUMAN_BIOGPS_GNF1H_GCRMA_77_TISSUE_DDOF1,-0.5598986653287035,-0.8406323006230969,0.28073363529439344,HISTORICAL_HISTORECEPTOMIC_CONTROLS,Historical historeceptomic controls,DRD1,TemporalLobe
DRD1|EXACT_SINGLE_PROTEIN|HSAMP_f43595f3557cf05e6a721aeb|HUMAN_BIOGPS_GNF1H_GCRMA_77_TISSUE_DDOF1,0.3813597957078119,0.29700770940860854,0.08435208629920338,HISTORICAL_HISTORECEPTOMIC_CONTROLS,Historical historeceptomic controls,DRD1,Thalamus
DRD1|EXACT_SINGLE_PROTEIN|HSAMP_ff841df7ecd9f2c8ea2660f5|HUMAN_BIOGPS_GNF1H_GCRMA_77_TISSUE_DDOF1,-1.2633855524827133,-1.9625439074982547,0.6991583550155414,HISTORICAL_HISTORECEPTOMIC_CONTROLS,Historical historeceptomic controls,DRD1,OlfactoryBulb
DRD2|EXACT_SINGLE_PROTEIN|HSAMP_06645e2e8409a5b743985cdd|HUMAN_BIOGPS_GNF1H_GCRMA_77_TISSUE_DDOF1,-1.1821473736323194,-2.0453263345497956,0.8631789609174763,HISTORICAL_HISTORECEPTOMIC_CONTROLS,Historical historeceptomic controls,DRD2,Wholebrain
DRD2|EXACT_SINGLE_PROTEIN|HSAMP_0cb8b4d1db8c390eeeecca55|HUMAN_BIOGPS_GNF1H_GCRMA_77_TISSUE_DDOF1,1.0777228410380117,1.4065244707897764,-0.32880162975176463,HISTORICAL_HISTORECEPTOMIC_CONTROLS,Historical historeceptomic controls,DRD2,Pons
DRD2|EXACT_SINGLE_PROTEIN|HSAMP_13a552b6ffc4aac3b85a50ca|HUMAN_BIOGPS_GNF1H_GCRMA_77_TISSUE_DDOF1,0.5519602954603179,0.5956708419860514,-0.043710546525733474,HISTORICAL_HISTORECEPTOMIC_CONTROLS,Historical historeceptomic controls,DRD2,Amygdala
DRD2|EXACT_SINGLE_PROTEIN|HSAMP_192dff4b8df5862a227b1163|HUMAN_BIOGPS_GNF1H_GCRMA_77_TISSUE_DDOF1,0.8392269062637512,0.9904027345061471,-0.15117582824239595,HISTORICAL_HISTORECEPTOMIC_CONTROLS,Historical historeceptomic controls,DRD2,SubthalamicNucleus
DRD2|EXACT_SINGLE_PROTEIN|HSAMP_20b60708f05d03c76f9fe702|HUMAN_BIOGPS_GNF1H_GCRMA_77_TISSUE_DDOF1,0.9520135263546999,1.1710416079828936,-0.21902808162819365,HISTORICAL_HISTORECEPTOMIC_CONTROLS,Historical historeceptomic controls,DRD2,CerebellumPeduncles
DRD2|EXACT_SINGLE_PROTEIN|HSAMP_374f872ebf1bbba2be514f9f|HUMAN_BIOGPS_GNF1H_GCRMA_77_TISSUE_DDOF1,-1.993788511289635,-3.180958830903484,1.1871703196138492,HISTORICAL_HISTORECEPTOMIC_CONTROLS,Historical historeceptomic controls,DRD2,GlobusPallidus
DRD2|EXACT_SINGLE_PROTEIN|HSAMP_5c090f15f3e5194312a7e8ed|HUMAN_BIOGPS_GNF1H_GCRMA_77_TISSUE_DDOF1,1.0166286964608697,1.304782514244992,-0.2881538177841223,HISTORICAL_HISTORECEPTOMIC_CONTROLS,Historical historeceptomic controls,DRD2,MedullaOblongata
DRD2|EXACT_SINGLE_PROTEIN|HSAMP_752ebc880edc13bb4e2b2de8|HUMAN_BIOGPS_GNF1H_GCRMA_77_TISSUE_DDOF1,1.3168919284993814,1.6939826884144509,-0.37709075991506946,HISTORICAL_HISTORECEPTOMIC_CONTROLS,Historical historeceptomic controls,DRD2,PrefrontalCortex
DRD2|EXACT_SINGLE_PROTEIN|HSAMP_7725bb8a75064c4d7246d9ba|HUMAN_BIOGPS_GNF1H_GCRMA_77_TISSUE_DDOF1,-0.8939575297331432,-1.4649371328646204,0.5709796031314771,HISTORICAL_HISTORECEPTOMIC_CONTROLS,Historical historeceptomic controls,DRD2,OccipitalLobe
DRD2|EXACT_SINGLE_PROTEIN|HSAMP_8ed020260a1d25cf72324c8a|HUMAN_BIOGPS_GNF1H_GCRMA_77_TISSUE_DDOF1,0.8392269062637512,0.9901346298501641,-0.1509077235864129,HISTORICAL_HISTORECEPTOMIC_CONTROLS,Historical historeceptomic controls,DRD2,Hypothalamus
DRD2|EXACT_SINGLE_PROTEIN|HSAMP_936b77a4b11b5c19027de438|HUMAN_BIOGPS_GNF1H_GCRMA_77_TISSUE_DDOF1,0.7322673193930682,0.834671075291957,-0.10240375589888884,HISTORICAL_HISTORECEPTOMIC_CONTROLS,Historical historeceptomic controls,DRD2,Spinalcord
DRD2|EXACT_SINGLE_PROTEIN|HSAMP_9aa72e4fb1ff63e1792b1ec7|HUMAN_BIOGPS_GNF1H_GCRMA_77_TISSUE_DDOF1,-1.4446799087147795,-2.458999214524037,1.0143193058092577,HISTORICAL_HISTORECEPTOMIC_CONTROLS,Historical historeceptomic controls,DRD2,Cerebellum
DRD2|EXACT_SINGLE_PROTEIN|HSAMP_a32ce488a48b0df9b8c4c40a|HUMAN_BIOGPS_GNF1H_GCRMA_77_TISSUE_DDOF1,1.4868728122600303,1.8647641740176824,-0.37789136175765203,HISTORICAL_HISTORECEPTOMIC_CONTROLS,Historical historeceptomic controls,DRD2,Caudatenucleus
DRD2|EXACT_SINGLE_PROTEIN|HSAMP_d99ba5ea584363f8600ade55|HUMAN_BIOGPS_GNF1H_GCRMA_77_TISSUE_DDOF1,0.899493305183655,1.0802418296905536,-0.1807485245068986,HISTORICAL_HISTORECEPTOMIC_CONTROLS,Historical historeceptomic controls,DRD2,CingulateCortex
DRD2|EXACT_SINGLE_PROTEIN|HSAMP_e75262fc0acfda69d976a6d3|HUMAN_BIOGPS_GNF1H_GCRMA_77_TISSUE_DDOF1,0.6289768611493518,0.7229865506449641,-0.09400968949561228,HISTORICAL_HISTORECEPTOMIC_CONTROLS,Historical historeceptomic controls,DRD2,ParietalLobe
DRD2|EXACT_SINGLE_PROTEIN|HSAMP_eb2587e74e2d6457032d4ae7|HUMAN_BIOGPS_GNF1H_GCRMA_77_TISSUE_DDOF1,-0.7735111971300326,-1.2525780737909251,0.47906687666089254,HISTORICAL_HISTORECEPTOMIC_CONTROLS,Historical historeceptomic controls,DRD2,TemporalLobe
DRD2|EXACT_SINGLE_PROTEIN|HSAMP_f43595f3557cf05e6a721aeb|HUMAN_BIOGPS_GNF1H_GCRMA_77_TISSUE_DDOF1,0.6658465233539429,0.7640362930489809,-0.09818976969503801,HISTORICAL_HISTORECEPTOMIC_CONTROLS,Historical historeceptomic controls,DRD2,Thalamus
DRD2|EXACT_SINGLE_PROTEIN|HSAMP_ff841df7ecd9f2c8ea2660f5|HUMAN_BIOGPS_GNF1H_GCRMA_77_TISSUE_DDOF1,-1.5655491787396816,-2.6859010627911877,1.120351884051506,HISTORICAL_HISTORECEPTOMIC_CONTROLS,Historical historeceptomic controls,DRD2,OlfactoryBulb
DRD3|EXACT_SINGLE_PROTEIN|HSAMP_06645e2e8409a5b743985cdd|HUMAN_BIOGPS_GNF1H_GCRMA_77_TISSUE_DDOF1,-1.2842121542417289,-2.0822749927084567,0.7980628384667279,HISTORICAL_HISTORECEPTOMIC_CONTROLS,Historical historeceptomic controls,DRD3,Wholebrain
DRD3|EXACT_SINGLE_PROTEIN|HSAMP_0cb8b4d1db8c390eeeecca55|HUMAN_BIOGPS_GNF1H_GCRMA_77_TISSUE_DDOF1,0.0023834309956057204,-0.20630073010460254,0.20868416110020827,HISTORICAL_HISTORECEPTOMIC_CONTROLS,Historical historeceptomic controls,DRD3,Pons
DRD3|EXACT_SINGLE_PROTEIN|HSAMP_13a552b6ffc4aac3b85a50ca|HUMAN_BIOGPS_GNF1H_GCRMA_77_TISSUE_DDOF1,0.030568438403599383,-0.12817273095570672,0.1587411693593061,HISTORICAL_HISTORECEPTOMIC_CONTROLS,Historical historeceptomic controls,DRD3,Amygdala
DRD3|EXACT_SINGLE_PROTEIN|HSAMP_192dff4b8df5862a227b1163|HUMAN_BIOGPS_GNF1H_GCRMA_77_TISSUE_DDOF1,-0.08003462664942151,-0.35961863750035206,0.27958401085093054,HISTORICAL_HISTORECEPTOMIC_CONTROLS,Historical historeceptomic controls,DRD3,SubthalamicNucleus
DRD3|EXACT_SINGLE_PROTEIN|HSAMP_20b60708f05d03c76f9fe702|HUMAN_BIOGPS_GNF1H_GCRMA_77_TISSUE_DDOF1,1.2866473345289737,1.6118289807186073,-0.3251816461896335,HISTORICAL_HISTORECEPTOMIC_CONTROLS,Historical historeceptomic controls,DRD3,CerebellumPeduncles
DRD3|EXACT_SINGLE_PROTEIN|HSAMP_374f872ebf1bbba2be514f9f|HUMAN_BIOGPS_GNF1H_GCRMA_77_TISSUE_DDOF1,-1.0748620696191764,-1.7220590237089133,0.6471969540897369,HISTORICAL_HISTORECEPTOMIC_CONTROLS,Historical historeceptomic controls,DRD3,GlobusPallidus
DRD3|EXACT_SINGLE_PROTEIN|HSAMP_5c090f15f3e5194312a7e8ed|HUMAN_BIOGPS_GNF1H_GCRMA_77_TISSUE_DDOF1,-0.839299390925231,-1.2836686898682381,0.44436929894300714,HISTORICAL_HISTORECEPTOMIC_CONTROLS,Historical historeceptomic controls,DRD3,MedullaOblongata
DRD3|EXACT_SINGLE_PROTEIN|HSAMP_752ebc880edc13bb4e2b2de8|HUMAN_BIOGPS_GNF1H_GCRMA_77_TISSUE_DDOF1,1.0490540983509957,1.3199669463233272,-0.2709128479723315,HISTORICAL_HISTORECEPTOMIC_CONTROLS,Historical historeceptomic controls,DRD3,PrefrontalCortex
DRD3|EXACT_SINGLE_PROTEIN|HSAMP_7725bb8a75064c4d7246d9ba|HUMAN_BIOGPS_GNF1H_GCRMA_77_TISSUE_DDOF1,-0.7362370849074823,-1.1139487502942895,0.3777116653868072,HISTORICAL_HISTORECEPTOMIC_CONTROLS,Historical historeceptomic controls,DRD3,OccipitalLobe
DRD3|EXACT_SINGLE_PROTEIN|HSAMP_8ed020260a1d25cf72324c8a|HUMAN_BIOGPS_GNF1H_GCRMA_77_TISSUE_DDOF1,0.6563538384335851,0.7392546666263332,-0.08290082819274813,HISTORICAL_HISTORECEPTOMIC_CONTROLS,Historical historeceptomic controls,DRD3,Hypothalamus
DRD3|EXACT_SINGLE_PROTEIN|HSAMP_936b77a4b11b5c19027de438|HUMAN_BIOGPS_GNF1H_GCRMA_77_TISSUE_DDOF1,0.7451626111009189,0.8351214371686875,-0.08995882606776862,HISTORICAL_HISTORECEPTOMIC_CONTROLS,Historical historeceptomic controls,DRD3,Spinalcord
DRD3|EXACT_SINGLE_PROTEIN|HSAMP_9aa72e4fb1ff63e1792b1ec7|HUMAN_BIOGPS_GNF1H_GCRMA_77_TISSUE_DDOF1,-1.2351547291729417,-2.005263054223558,0.7701083250506162,HISTORICAL_HISTORECEPTOMIC_CONTROLS,Historical historeceptomic controls,DRD3,Cerebellum
DRD3|EXACT_SINGLE_PROTEIN|HSAMP_a32ce488a48b0df9b8c4c40a|HUMAN_BIOGPS_GNF1H_GCRMA_77_TISSUE_DDOF1,-0.7592120109312279,-1.1485142284580836,0.3893022175268557,HISTORICAL_HISTORECEPTOMIC_CONTROLS,Historical historeceptomic controls,DRD3,Caudatenucleus
DRD3|EXACT_SINGLE_PROTEIN|HSAMP_d99ba5ea584363f8600ade55|HUMAN_BIOGPS_GNF1H_GCRMA_77_TISSUE_DDOF1,0.48383712564449033,0.49369669440078456,-0.009859568756294235,HISTORICAL_HISTORECEPTOMIC_CONTROLS,Historical historeceptomic controls,DRD3,CingulateCortex
DRD3|EXACT_SINGLE_PROTEIN|HSAMP_e75262fc0acfda69d976a6d3|HUMAN_BIOGPS_GNF1H_GCRMA_77_TISSUE_DDOF1,0.8685906746985917,1.0019109973850218,-0.13332032268643002,HISTORICAL_HISTORECEPTOMIC_CONTROLS,Historical historeceptomic controls,DRD3,ParietalLobe
DRD3|EXACT_SINGLE_PROTEIN|HSAMP_eb2587e74e2d6457032d4ae7|HUMAN_BIOGPS_GNF1H_GCRMA_77_TISSUE_DDOF1,-0.5738641542024093,-0.8923858245896927,0.3185216703872834,HISTORICAL_HISTORECEPTOMIC_CONTROLS,Historical historeceptomic controls,DRD3,TemporalLobe
DRD3|EXACT_SINGLE_PROTEIN|HSAMP_f43595f3557cf05e6a721aeb|HUMAN_BIOGPS_GNF1H_GCRMA_77_TISSUE_DDOF1,0.5240810981462861,0.5380570868811969,-0.013975988734910794,HISTORICAL_HISTORECEPTOMIC_CONTROLS,Historical historeceptomic controls,DRD3,Thalamus
DRD3|EXACT_SINGLE_PROTEIN|HSAMP_ff841df7ecd9f2c8ea2660f5|HUMAN_BIOGPS_GNF1H_GCRMA_77_TISSUE_DDOF1,-1.3752266954158143,-2.232643416297691,0.8574167208818766,HISTORICAL_HISTORECEPTOMIC_CONTROLS,Historical historeceptomic controls,DRD3,OlfactoryBulb
HRH1|EXACT_SINGLE_PROTEIN|HSAMP_06645e2e8409a5b743985cdd|HUMAN_BIOGPS_GNF1H_GCRMA_77_TISSUE_DDOF1,-1.1095455805079992,-1.9977236848323507,0.8881781043243515,HISTORICAL_HISTORECEPTOMIC_CONTROLS,Historical historeceptomic controls,HRH1,Wholebrain
HRH1|EXACT_SINGLE_PROTEIN|HSAMP_0cb8b4d1db8c390eeeecca55|HUMAN_BIOGPS_GNF1H_GCRMA_77_TISSUE_DDOF1,-0.4069665813435382,-0.7939058205180743,0.38693923917453615,HISTORICAL_HISTORECEPTOMIC_CONTROLS,Historical historeceptomic controls,HRH1,Pons
HRH1|EXACT_SINGLE_PROTEIN|HSAMP_13a552b6ffc4aac3b85a50ca|HUMAN_BIOGPS_GNF1H_GCRMA_77_TISSUE_DDOF1,0.8066860352749088,0.9688108933705222,-0.1621248580956134,HISTORICAL_HISTORECEPTOMIC_CONTROLS,Historical historeceptomic controls,HRH1,Amygdala
HRH1|EXACT_SINGLE_PROTEIN|HSAMP_192dff4b8df5862a227b1163|HUMAN_BIOGPS_GNF1H_GCRMA_77_TISSUE_DDOF1,-0.5267059096251675,-0.9327389980700095,0.406033088444842,HISTORICAL_HISTORECEPTOMIC_CONTROLS,Historical historeceptomic controls,HRH1,SubthalamicNucleus
HRH1|EXACT_SINGLE_PROTEIN|HSAMP_20b60708f05d03c76f9fe702|HUMAN_BIOGPS_GNF1H_GCRMA_77_TISSUE_DDOF1,0.825224067399588,0.9849780932805045,-0.15975402588091647,HISTORICAL_HISTORECEPTOMIC_CONTROLS,Historical historeceptomic controls,HRH1,CerebellumPeduncles
HRH1|EXACT_SINGLE_PROTEIN|HSAMP_374f872ebf1bbba2be514f9f|HUMAN_BIOGPS_GNF1H_GCRMA_77_TISSUE_DDOF1,-1.149155340482987,-2.087229037213466,0.9380736967304788,HISTORICAL_HISTORECEPTOMIC_CONTROLS,Historical historeceptomic controls,HRH1,GlobusPallidus
HRH1|EXACT_SINGLE_PROTEIN|HSAMP_5c090f15f3e5194312a7e8ed|HUMAN_BIOGPS_GNF1H_GCRMA_77_TISSUE_DDOF1,0.7948154050603815,0.9469185884491641,-0.1521031833887826,HISTORICAL_HISTORECEPTOMIC_CONTROLS,Historical historeceptomic controls,HRH1,MedullaOblongata
HRH1|EXACT_SINGLE_PROTEIN|HSAMP_752ebc880edc13bb4e2b2de8|HUMAN_BIOGPS_GNF1H_GCRMA_77_TISSUE_DDOF1,1.3680622891810272,1.76732486509446,-0.3992625759134327,HISTORICAL_HISTORECEPTOMIC_CONTROLS,Historical historeceptomic controls,HRH1,PrefrontalCortex
HRH1|EXACT_SINGLE_PROTEIN|HSAMP_7725bb8a75064c4d7246d9ba|HUMAN_BIOGPS_GNF1H_GCRMA_77_TISSUE_DDOF1,-0.8232697206603634,-1.413400145570698,0.5901304249103345,HISTORICAL_HISTORECEPTOMIC_CONTROLS,Historical historeceptomic controls,HRH1,OccipitalLobe
HRH1|EXACT_SINGLE_PROTEIN|HSAMP_8ed020260a1d25cf72324c8a|HUMAN_BIOGPS_GNF1H_GCRMA_77_TISSUE_DDOF1,0.5591731547488072,0.6176612647053594,-0.05848810995655218,HISTORICAL_HISTORECEPTOMIC_CONTROLS,Historical historeceptomic controls,HRH1,Hypothalamus
HRH1|EXACT_SINGLE_PROTEIN|HSAMP_936b77a4b11b5c19027de438|HUMAN_BIOGPS_GNF1H_GCRMA_77_TISSUE_DDOF1,0.5328947606229455,0.5661096680890197,-0.03321490746607425,HISTORICAL_HISTORECEPTOMIC_CONTROLS,Historical historeceptomic controls,HRH1,Spinalcord
HRH1|EXACT_SINGLE_PROTEIN|HSAMP_9aa72e4fb1ff63e1792b1ec7|HUMAN_BIOGPS_GNF1H_GCRMA_77_TISSUE_DDOF1,-1.194185433796494,-2.165240728973204,0.97105529517671,HISTORICAL_HISTORECEPTOMIC_CONTROLS,Historical historeceptomic controls,HRH1,Cerebellum
HRH1|EXACT_SINGLE_PROTEIN|HSAMP_a32ce488a48b0df9b8c4c40a|HUMAN_BIOGPS_GNF1H_GCRMA_77_TISSUE_DDOF1,-0.8823718421604713,-1.5125806373550124,0.6302087951945411,HISTORICAL_HISTORECEPTOMIC_CONTROLS,Historical historeceptomic controls,HRH1,Caudatenucleus
HRH1|EXACT_SINGLE_PROTEIN|HSAMP_d99ba5ea584363f8600ade55|HUMAN_BIOGPS_GNF1H_GCRMA_77_TISSUE_DDOF1,0.6441544693789119,0.7464571036470398,-0.10230263426812791,HISTORICAL_HISTORECEPTOMIC_CONTROLS,Historical historeceptomic controls,HRH1,CingulateCortex
HRH1|EXACT_SINGLE_PROTEIN|HSAMP_e75262fc0acfda69d976a6d3|HUMAN_BIOGPS_GNF1H_GCRMA_77_TISSUE_DDOF1,0.6140082925950555,0.712092568960612,-0.0980842763655565,HISTORICAL_HISTORECEPTOMIC_CONTROLS,Historical historeceptomic controls,HRH1,ParietalLobe
HRH1|EXACT_SINGLE_PROTEIN|HSAMP_eb2587e74e2d6457032d4ae7|HUMAN_BIOGPS_GNF1H_GCRMA_77_TISSUE_DDOF1,-0.6895196608949238,-1.1739176754315728,0.484398014536649,HISTORICAL_HISTORECEPTOMIC_CONTROLS,Historical historeceptomic controls,HRH1,TemporalLobe
HRH1|EXACT_SINGLE_PROTEIN|HSAMP_f43595f3557cf05e6a721aeb|HUMAN_BIOGPS_GNF1H_GCRMA_77_TISSUE_DDOF1,0.01727729262442284,-0.24788755266535578,0.26516484528977863,HISTORICAL_HISTORECEPTOMIC_CONTROLS,Historical historeceptomic controls,HRH1,Thalamus
HRH1|EXACT_SINGLE_PROTEIN|HSAMP_ff841df7ecd9f2c8ea2660f5|HUMAN_BIOGPS_GNF1H_GCRMA_77_TISSUE_DDOF1,-1.3254271532431554,-2.4179421398028547,1.0925149865596993,HISTORICAL_HISTORECEPTOMIC_CONTROLS,Historical historeceptomic controls,HRH1,OlfactoryBulb
HRH2|EXACT_SINGLE_PROTEIN|HSAMP_06645e2e8409a5b743985cdd|HUMAN_BIOGPS_GNF1H_GCRMA_77_TISSUE_DDOF1,-0.69464193733049,-0.7657323763876235,0.07109043905713353,HISTORICAL_HISTORECEPTOMIC_CONTROLS,Historical historeceptomic controls,HRH2,Wholebrain
HRH2|EXACT_SINGLE_PROTEIN|HSAMP_0cb8b4d1db8c390eeeecca55|HUMAN_BIOGPS_GNF1H_GCRMA_77_TISSUE_DDOF1,-0.32988980043348387,-0.4097209425870376,0.07983114215355375,HISTORICAL_HISTORECEPTOMIC_CONTROLS,Historical historeceptomic controls,HRH2,Pons
HRH2|EXACT_SINGLE_PROTEIN|HSAMP_13a552b6ffc4aac3b85a50ca|HUMAN_BIOGPS_GNF1H_GCRMA_77_TISSUE_DDOF1,0.6236957598103152,0.6428791276803955,-0.019183367870080237,HISTORICAL_HISTORECEPTOMIC_CONTROLS,Historical historeceptomic controls,HRH2,Amygdala
HRH2|EXACT_SINGLE_PROTEIN|HSAMP_192dff4b8df5862a227b1163|HUMAN_BIOGPS_GNF1H_GCRMA_77_TISSUE_DDOF1,-0.6147502572061241,-0.677636975127429,0.06288671792130496,HISTORICAL_HISTORECEPTOMIC_CONTROLS,Historical historeceptomic controls,HRH2,SubthalamicNucleus
HRH2|EXACT_SINGLE_PROTEIN|HSAMP_20b60708f05d03c76f9fe702|HUMAN_BIOGPS_GNF1H_GCRMA_77_TISSUE_DDOF1,0.7849239795659405,0.801235560955295,-0.016311581389354513,HISTORICAL_HISTORECEPTOMIC_CONTROLS,Historical historeceptomic controls,HRH2,CerebellumPeduncles
HRH2|EXACT_SINGLE_PROTEIN|HSAMP_374f872ebf1bbba2be514f9f|HUMAN_BIOGPS_GNF1H_GCRMA_77_TISSUE_DDOF1,-1.2460582398972329,-1.390415241882425,0.14435700198519208,HISTORICAL_HISTORECEPTOMIC_CONTROLS,Historical historeceptomic controls,HRH2,GlobusPallidus
HRH2|EXACT_SINGLE_PROTEIN|HSAMP_5c090f15f3e5194312a7e8ed|HUMAN_BIOGPS_GNF1H_GCRMA_77_TISSUE_DDOF1,-0.40796698400623327,-0.4818051040969384,0.07383812009070512,HISTORICAL_HISTORECEPTOMIC_CONTROLS,Historical historeceptomic controls,HRH2,MedullaOblongata
HRH2|EXACT_SINGLE_PROTEIN|HSAMP_752ebc880edc13bb4e2b2de8|HUMAN_BIOGPS_GNF1H_GCRMA_77_TISSUE_DDOF1,0.9724259447294552,0.9993051819009202,-0.02687923717146501,HISTORICAL_HISTORECEPTOMIC_CONTROLS,Historical historeceptomic controls,HRH2,PrefrontalCortex
HRH2|EXACT_SINGLE_PROTEIN|HSAMP_7725bb8a75064c4d7246d9ba|HUMAN_BIOGPS_GNF1H_GCRMA_77_TISSUE_DDOF1,-0.5287594645081605,-0.5875024831698713,0.05874301866171083,HISTORICAL_HISTORECEPTOMIC_CONTROLS,Historical historeceptomic controls,HRH2,OccipitalLobe
HRH2|EXACT_SINGLE_PROTEIN|HSAMP_8ed020260a1d25cf72324c8a|HUMAN_BIOGPS_GNF1H_GCRMA_77_TISSUE_DDOF1,0.5730954222822335,0.5865985974284975,-0.01350317514626398,HISTORICAL_HISTORECEPTOMIC_CONTROLS,Historical historeceptomic controls,HRH2,Hypothalamus
HRH2|EXACT_SINGLE_PROTEIN|HSAMP_936b77a4b11b5c19027de438|HUMAN_BIOGPS_GNF1H_GCRMA_77_TISSUE_DDOF1,0.5402217412152431,0.5433262554134684,-0.0031045141982252167,HISTORICAL_HISTORECEPTOMIC_CONTROLS,Historical historeceptomic controls,HRH2,Spinalcord
HRH2|EXACT_SINGLE_PROTEIN|HSAMP_9aa72e4fb1ff63e1792b1ec7|HUMAN_BIOGPS_GNF1H_GCRMA_77_TISSUE_DDOF1,-0.8624398965518474,-0.9465694806277467,0.08412958407589932,HISTORICAL_HISTORECEPTOMIC_CONTROLS,Historical historeceptomic controls,HRH2,Cerebellum
HRH2|EXACT_SINGLE_PROTEIN|HSAMP_a32ce488a48b0df9b8c4c40a|HUMAN_BIOGPS_GNF1H_GCRMA_77_TISSUE_DDOF1,-0.5757415442072893,-0.6354003680414988,0.05965882383420951,HISTORICAL_HISTORECEPTOMIC_CONTROLS,Historical historeceptomic controls,HRH2,Caudatenucleus
HRH2|EXACT_SINGLE_PROTEIN|HSAMP_d99ba5ea584363f8600ade55|HUMAN_BIOGPS_GNF1H_GCRMA_77_TISSUE_DDOF1,0.11882129155482958,0.10536065181238037,0.01346063974244921,HISTORICAL_HISTORECEPTOMIC_CONTROLS,Historical historeceptomic controls,HRH2,CingulateCortex
HRH2|EXACT_SINGLE_PROTEIN|HSAMP_e75262fc0acfda69d976a6d3|HUMAN_BIOGPS_GNF1H_GCRMA_77_TISSUE_DDOF1,0.2912477238662155,0.2749554108138793,0.016292313052336194,HISTORICAL_HISTORECEPTOMIC_CONTROLS,Historical historeceptomic controls,HRH2,ParietalLobe
HRH2|EXACT_SINGLE_PROTEIN|HSAMP_eb2587e74e2d6457032d4ae7|HUMAN_BIOGPS_GNF1H_GCRMA_77_TISSUE_DDOF1,-0.6147502572061241,-0.677636975127429,0.06288671792130496,HISTORICAL_HISTORECEPTOMIC_CONTROLS,Historical historeceptomic controls,HRH2,TemporalLobe
HRH2|EXACT_SINGLE_PROTEIN|HSAMP_f43595f3557cf05e6a721aeb|HUMAN_BIOGPS_GNF1H_GCRMA_77_TISSUE_DDOF1,0.16293091698469325,0.15193326570772425,0.010997651276969,HISTORICAL_HISTORECEPTOMIC_CONTROLS,Historical historeceptomic controls,HRH2,Thalamus
HRH2|EXACT_SINGLE_PROTEIN|HSAMP_ff841df7ecd9f2c8ea2660f5|HUMAN_BIOGPS_GNF1H_GCRMA_77_TISSUE_DDOF1,-1.111824416274675,-1.208717923213292,0.09689350693861698,HISTORICAL_HISTORECEPTOMIC_CONTROLS,Historical historeceptomic controls,HRH2,OlfactoryBulb
HRH3|EXACT_SINGLE_PROTEIN|HSAMP_06645e2e8409a5b743985cdd|HUMAN_BIOGPS_GNF1H_GCRMA_77_TISSUE_DDOF1,-0.6006161550639517,-0.6778607550363707,0.07724459997241895,HISTORICAL_HISTORECEPTOMIC_CONTROLS,Historical historeceptomic controls,HRH3,Wholebrain
HRH3|EXACT_SINGLE_PROTEIN|HSAMP_0cb8b4d1db8c390eeeecca55|HUMAN_BIOGPS_GNF1H_GCRMA_77_TISSUE_DDOF1,1.692248372544127,1.7782958082620877,-0.08604743571796059,HISTORICAL_HISTORECEPTOMIC_CONTROLS,Historical historeceptomic controls,HRH3,Pons
HRH3|EXACT_SINGLE_PROTEIN|HSAMP_13a552b6ffc4aac3b85a50ca|HUMAN_BIOGPS_GNF1H_GCRMA_77_TISSUE_DDOF1,1.2527025925413384,1.350612132583176,-0.0979095400418375,HISTORICAL_HISTORECEPTOMIC_CONTROLS,Historical historeceptomic controls,HRH3,Amygdala
HRH3|EXACT_SINGLE_PROTEIN|HSAMP_192dff4b8df5862a227b1163|HUMAN_BIOGPS_GNF1H_GCRMA_77_TISSUE_DDOF1,-0.2944374804881566,-0.39795739101938993,0.10351991053123333,HISTORICAL_HISTORECEPTOMIC_CONTROLS,Historical historeceptomic controls,HRH3,SubthalamicNucleus
HRH3|EXACT_SINGLE_PROTEIN|HSAMP_20b60708f05d03c76f9fe702|HUMAN_BIOGPS_GNF1H_GCRMA_77_TISSUE_DDOF1,1.3879524819067366,1.4727625372635635,-0.08481005535682695,HISTORICAL_HISTORECEPTOMIC_CONTROLS,Historical historeceptomic controls,HRH3,CerebellumPeduncles
HRH3|EXACT_SINGLE_PROTEIN|HSAMP_374f872ebf1bbba2be514f9f|HUMAN_BIOGPS_GNF1H_GCRMA_77_TISSUE_DDOF1,-0.2944374804881566,-0.39795739101938993,0.10351991053123333,HISTORICAL_HISTORECEPTOMIC_CONTROLS,Historical historeceptomic controls,HRH3,GlobusPallidus
HRH3|EXACT_SINGLE_PROTEIN|HSAMP_5c090f15f3e5194312a7e8ed|HUMAN_BIOGPS_GNF1H_GCRMA_77_TISSUE_DDOF1,-0.579486871939126,-0.6548645174761061,0.07537764553698012,HISTORICAL_HISTORECEPTOMIC_CONTROLS,Historical historeceptomic controls,HRH3,MedullaOblongata
HRH3|EXACT_SINGLE_PROTEIN|HSAMP_752ebc880edc13bb4e2b2de8|HUMAN_BIOGPS_GNF1H_GCRMA_77_TISSUE_DDOF1,0.9161777783021304,0.9605184488481667,-0.0443406705460363,HISTORICAL_HISTORECEPTOMIC_CONTROLS,Historical historeceptomic controls,HRH3,PrefrontalCortex
HRH3|EXACT_SINGLE_PROTEIN|HSAMP_7725bb8a75064c4d7246d9ba|HUMAN_BIOGPS_GNF1H_GCRMA_77_TISSUE_DDOF1,-0.752466582207291,-0.8430778194665627,0.09061123725927167,HISTORICAL_HISTORECEPTOMIC_CONTROLS,Historical historeceptomic controls,HRH3,OccipitalLobe
HRH3|EXACT_SINGLE_PROTEIN|HSAMP_8ed020260a1d25cf72324c8a|HUMAN_BIOGPS_GNF1H_GCRMA_77_TISSUE_DDOF1,0.6529275844741798,0.6728820311619118,-0.019954446687732053,HISTORICAL_HISTORECEPTOMIC_CONTROLS,Historical historeceptomic controls,HRH3,Hypothalamus
HRH3|EXACT_SINGLE_PROTEIN|HSAMP_936b77a4b11b5c19027de438|HUMAN_BIOGPS_GNF1H_GCRMA_77_TISSUE_DDOF1,0.11925842600217923,0.10447530589239626,0.014783120109782971,HISTORICAL_HISTORECEPTOMIC_CONTROLS,Historical historeceptomic controls,HRH3,Spinalcord
HRH3|EXACT_SINGLE_PROTEIN|HSAMP_9aa72e4fb1ff63e1792b1ec7|HUMAN_BIOGPS_GNF1H_GCRMA_77_TISSUE_DDOF1,0.11925842600217923,0.10423285146118999,0.01502557454098924,HISTORICAL_HISTORECEPTOMIC_CONTROLS,Historical historeceptomic controls,HRH3,Cerebellum
HRH3|EXACT_SINGLE_PROTEIN|HSAMP_a32ce488a48b0df9b8c4c40a|HUMAN_BIOGPS_GNF1H_GCRMA_77_TISSUE_DDOF1,1.778882154850171,1.8732764830085937,-0.09439432815842275,HISTORICAL_HISTORECEPTOMIC_CONTROLS,Historical historeceptomic controls,HRH3,Caudatenucleus
HRH3|EXACT_SINGLE_PROTEIN|HSAMP_d99ba5ea584363f8600ade55|HUMAN_BIOGPS_GNF1H_GCRMA_77_TISSUE_DDOF1,0.9001439685126971,0.9397109118345486,-0.03956694332185151,HISTORICAL_HISTORECEPTOMIC_CONTROLS,Historical historeceptomic controls,HRH3,CingulateCortex
HRH3|EXACT_SINGLE_PROTEIN|HSAMP_e75262fc0acfda69d976a6d3|HUMAN_BIOGPS_GNF1H_GCRMA_77_TISSUE_DDOF1,0.7409271833660481,0.7628278826086995,-0.021900699242651367,HISTORICAL_HISTORECEPTOMIC_CONTROLS,Historical historeceptomic controls,HRH3,ParietalLobe
HRH3|EXACT_SINGLE_PROTEIN|HSAMP_eb2587e74e2d6457032d4ae7|HUMAN_BIOGPS_GNF1H_GCRMA_77_TISSUE_DDOF1,1.5656611786996053,1.651979975194658,-0.0863187964950527,HISTORICAL_HISTORECEPTOMIC_CONTROLS,Historical historeceptomic controls,HRH3,TemporalLobe
HRH3|EXACT_SINGLE_PROTEIN|HSAMP_f43595f3557cf05e6a721aeb|HUMAN_BIOGPS_GNF1H_GCRMA_77_TISSUE_DDOF1,1.8513203098129016,1.926438959107733,-0.07511864929483147,HISTORICAL_HISTORECEPTOMIC_CONTROLS,Historical historeceptomic controls,HRH3,Thalamus
HRH3|EXACT_SINGLE_PROTEIN|HSAMP_ff841df7ecd9f2c8ea2660f5|HUMAN_BIOGPS_GNF1H_GCRMA_77_TISSUE_DDOF1,-1.2842121542417289,-1.5100980414280276,0.22588588718629876,HISTORICAL_HISTORECEPTOMIC_CONTROLS,Historical historeceptomic controls,HRH3,OlfactoryBulb
HTR1A|EXACT_SINGLE_PROTEIN|HSAMP_06645e2e8409a5b743985cdd|HUMAN_BIOGPS_GNF1H_GCRMA_77_TISSUE_DDOF1,-0.5957660949253106,-0.8468923637903739,0.2511262688650633,HISTORICAL_HISTORECEPTOMIC_CONTROLS,Historical historeceptomic controls,HTR1A,Wholebrain
HTR1A|EXACT_SINGLE_PROTEIN|HSAMP_0cb8b4d1db8c390eeeecca55|HUMAN_BIOGPS_GNF1H_GCRMA_77_TISSUE_DDOF1,-0.07343873567882814,-0.2915239145421381,0.21808517886330997,HISTORICAL_HISTORECEPTOMIC_CONTROLS,Historical historeceptomic controls,HTR1A,Pons
HTR1A|EXACT_SINGLE_PROTEIN|HSAMP_13a552b6ffc4aac3b85a50ca|HUMAN_BIOGPS_GNF1H_GCRMA_77_TISSUE_DDOF1,0.5992580300558955,0.6569374318087362,-0.0576794017528407,HISTORICAL_HISTORECEPTOMIC_CONTROLS,Historical historeceptomic controls,HTR1A,Amygdala
HTR1A|EXACT_SINGLE_PROTEIN|HSAMP_192dff4b8df5862a227b1163|HUMAN_BIOGPS_GNF1H_GCRMA_77_TISSUE_DDOF1,-0.46981645046688625,-0.6952116226822705,0.2253951722153843,HISTORICAL_HISTORECEPTOMIC_CONTROLS,Historical historeceptomic controls,HTR1A,SubthalamicNucleus
HTR1A|EXACT_SINGLE_PROTEIN|HSAMP_20b60708f05d03c76f9fe702|HUMAN_BIOGPS_GNF1H_GCRMA_77_TISSUE_DDOF1,0.8380957814805369,0.9312711045272145,-0.09317532304667764,HISTORICAL_HISTORECEPTOMIC_CONTROLS,Historical historeceptomic controls,HTR1A,CerebellumPeduncles
HTR1A|EXACT_SINGLE_PROTEIN|HSAMP_374f872ebf1bbba2be514f9f|HUMAN_BIOGPS_GNF1H_GCRMA_77_TISSUE_DDOF1,-1.1424650971158654,-1.6504502365748972,0.5079851394590318,HISTORICAL_HISTORECEPTOMIC_CONTROLS,Historical historeceptomic controls,HTR1A,GlobusPallidus
HTR1A|EXACT_SINGLE_PROTEIN|HSAMP_5c090f15f3e5194312a7e8ed|HUMAN_BIOGPS_GNF1H_GCRMA_77_TISSUE_DDOF1,-0.3789744887206786,-0.6199214804513359,0.24094699173065726,HISTORICAL_HISTORECEPTOMIC_CONTROLS,Historical historeceptomic controls,HTR1A,MedullaOblongata
HTR1A|EXACT_SINGLE_PROTEIN|HSAMP_752ebc880edc13bb4e2b2de8|HUMAN_BIOGPS_GNF1H_GCRMA_77_TISSUE_DDOF1,1.1245399538714471,1.339054173179457,-0.21451421930800985,HISTORICAL_HISTORECEPTOMIC_CONTROLS,Historical historeceptomic controls,HTR1A,PrefrontalCortex
HTR1A|EXACT_SINGLE_PROTEIN|HSAMP_7725bb8a75064c4d7246d9ba|HUMAN_BIOGPS_GNF1H_GCRMA_77_TISSUE_DDOF1,-0.46981645046688625,-0.6952116226822705,0.2253951722153843,HISTORICAL_HISTORECEPTOMIC_CONTROLS,Historical historeceptomic controls,HTR1A,OccipitalLobe
HTR1A|EXACT_SINGLE_PROTEIN|HSAMP_8ed020260a1d25cf72324c8a|HUMAN_BIOGPS_GNF1H_GCRMA_77_TISSUE_DDOF1,0.7780412977138788,0.8514735183306618,-0.073432220616783,HISTORICAL_HISTORECEPTOMIC_CONTROLS,Historical historeceptomic controls,HTR1A,Hypothalamus
HTR1A|EXACT_SINGLE_PROTEIN|HSAMP_936b77a4b11b5c19027de438|HUMAN_BIOGPS_GNF1H_GCRMA_77_TISSUE_DDOF1,0.6595350719470643,0.7202020664639293,-0.06066699451686497,HISTORICAL_HISTORECEPTOMIC_CONTROLS,Historical historeceptomic controls,HTR1A,Spinalcord
HTR1A|EXACT_SINGLE_PROTEIN|HSAMP_9aa72e4fb1ff63e1792b1ec7|HUMAN_BIOGPS_GNF1H_GCRMA_77_TISSUE_DDOF1,-0.8647156225397274,-1.1870635883612684,0.3223479658215409,HISTORICAL_HISTORECEPTOMIC_CONTROLS,Historical historeceptomic controls,HTR1A,Cerebellum
HTR1A|EXACT_SINGLE_PROTEIN|HSAMP_a32ce488a48b0df9b8c4c40a|HUMAN_BIOGPS_GNF1H_GCRMA_77_TISSUE_DDOF1,-0.46981645046688625,-0.6952116226822705,0.2253951722153843,HISTORICAL_HISTORECEPTOMIC_CONTROLS,Historical historeceptomic controls,HTR1A,Caudatenucleus
HTR1A|EXACT_SINGLE_PROTEIN|HSAMP_d99ba5ea584363f8600ade55|HUMAN_BIOGPS_GNF1H_GCRMA_77_TISSUE_DDOF1,0.5992580300558955,0.6569374318087362,-0.0576794017528407,HISTORICAL_HISTORECEPTOMIC_CONTROLS,Historical historeceptomic controls,HTR1A,CingulateCortex
HTR1A|EXACT_SINGLE_PROTEIN|HSAMP_e75262fc0acfda69d976a6d3|HUMAN_BIOGPS_GNF1H_GCRMA_77_TISSUE_DDOF1,0.5992580300558955,0.6569374318087362,-0.0576794017528407,HISTORICAL_HISTORECEPTOMIC_CONTROLS,Historical historeceptomic controls,HTR1A,ParietalLobe
HTR1A|EXACT_SINGLE_PROTEIN|HSAMP_eb2587e74e2d6457032d4ae7|HUMAN_BIOGPS_GNF1H_GCRMA_77_TISSUE_DDOF1,-0.07343873567882814,-0.2915239145421381,0.21808517886330997,HISTORICAL_HISTORECEPTOMIC_CONTROLS,Historical historeceptomic controls,HTR1A,TemporalLobe
HTR1A|EXACT_SINGLE_PROTEIN|HSAMP_f43595f3557cf05e6a721aeb|HUMAN_BIOGPS_GNF1H_GCRMA_77_TISSUE_DDOF1,0.4891503870061959,0.49872193746478966,-0.009571550458593758,HISTORICAL_HISTORECEPTOMIC_CONTROLS,Historical historeceptomic controls,HTR1A,Thalamus
HTR1A|EXACT_SINGLE_PROTEIN|HSAMP_ff841df7ecd9f2c8ea2660f5|HUMAN_BIOGPS_GNF1H_GCRMA_77_TISSUE_DDOF1,-0.918925401217871,-1.2654615247656702,0.34653612354779917,HISTORICAL_HISTORECEPTOMIC_CONTROLS,Historical historeceptomic controls,HTR1A,OlfactoryBulb
HTR2A|EXACT_SINGLE_PROTEIN|HSAMP_06645e2e8409a5b743985cdd|HUMAN_BIOGPS_GNF1H_GCRMA_77_TISSUE_DDOF1,-0.501889385623247,-0.9004982144071028,0.39860882878385573,HISTORICAL_HISTORECEPTOMIC_CONTROLS,Historical historeceptomic controls,HTR2A,Wholebrain
HTR2A|EXACT_SINGLE_PROTEIN|HSAMP_0cb8b4d1db8c390eeeecca55|HUMAN_BIOGPS_GNF1H_GCRMA_77_TISSUE_DDOF1,0.7550862876365918,0.8805331519057773,-0.1254468642691855,HISTORICAL_HISTORECEPTOMIC_CONTROLS,Historical historeceptomic controls,HTR2A,Pons
HTR2A|EXACT_SINGLE_PROTEIN|HSAMP_13a552b6ffc4aac3b85a50ca|HUMAN_BIOGPS_GNF1H_GCRMA_77_TISSUE_DDOF1,-0.0010801883095069333,-0.29675158328166706,0.2956713949721601,HISTORICAL_HISTORECEPTOMIC_CONTROLS,Historical historeceptomic controls,HTR2A,Amygdala
HTR2A|EXACT_SINGLE_PROTEIN|HSAMP_192dff4b8df5862a227b1163|HUMAN_BIOGPS_GNF1H_GCRMA_77_TISSUE_DDOF1,1.8248712253216783,2.2126844157892274,-0.38781319046754903,HISTORICAL_HISTORECEPTOMIC_CONTROLS,Historical historeceptomic controls,HTR2A,SubthalamicNucleus
HTR2A|EXACT_SINGLE_PROTEIN|HSAMP_20b60708f05d03c76f9fe702|HUMAN_BIOGPS_GNF1H_GCRMA_77_TISSUE_DDOF1,0.15542914123537316,0.09254583629202816,0.062883304943345,HISTORICAL_HISTORECEPTOMIC_CONTROLS,Historical historeceptomic controls,HTR2A,CerebellumPeduncles
HTR2A|EXACT_SINGLE_PROTEIN|HSAMP_374f872ebf1bbba2be514f9f|HUMAN_BIOGPS_GNF1H_GCRMA_77_TISSUE_DDOF1,0.7873574784129308,0.9346350930930245,-0.1472776146800937,HISTORICAL_HISTORECEPTOMIC_CONTROLS,Historical historeceptomic controls,HTR2A,GlobusPallidus
HTR2A|EXACT_SINGLE_PROTEIN|HSAMP_5c090f15f3e5194312a7e8ed|HUMAN_BIOGPS_GNF1H_GCRMA_77_TISSUE_DDOF1,0.9983355707971303,1.2970623525977207,-0.2987267818005904,HISTORICAL_HISTORECEPTOMIC_CONTROLS,Historical historeceptomic controls,HTR2A,MedullaOblongata
HTR2A|EXACT_SINGLE_PROTEIN|HSAMP_752ebc880edc13bb4e2b2de8|HUMAN_BIOGPS_GNF1H_GCRMA_77_TISSUE_DDOF1,2.5178271736327495,2.8452022930068557,-0.3273751193741061,HISTORICAL_HISTORECEPTOMIC_CONTROLS,Historical historeceptomic controls,HTR2A,PrefrontalCortex
HTR2A|EXACT_SINGLE_PROTEIN|HSAMP_7725bb8a75064c4d7246d9ba|HUMAN_BIOGPS_GNF1H_GCRMA_77_TISSUE_DDOF1,1.9189228621609054,2.3164704012982456,-0.3975475391373402,HISTORICAL_HISTORECEPTOMIC_CONTROLS,Historical historeceptomic controls,HTR2A,OccipitalLobe
HTR2A|EXACT_SINGLE_PROTEIN|HSAMP_8ed020260a1d25cf72324c8a|HUMAN_BIOGPS_GNF1H_GCRMA_77_TISSUE_DDOF1,0.10269010257251229,-0.005460156017045982,0.10815025858955828,HISTORICAL_HISTORECEPTOMIC_CONTROLS,Historical historeceptomic controls,HTR2A,Hypothalamus
HTR2A|EXACT_SINGLE_PROTEIN|HSAMP_936b77a4b11b5c19027de438|HUMAN_BIOGPS_GNF1H_GCRMA_77_TISSUE_DDOF1,0.01848317484977023,-0.24108327291656792,0.25956644776633814,HISTORICAL_HISTORECEPTOMIC_CONTROLS,Historical historeceptomic controls,HTR2A,Spinalcord
HTR2A|EXACT_SINGLE_PROTEIN|HSAMP_9aa72e4fb1ff63e1792b1ec7|HUMAN_BIOGPS_GNF1H_GCRMA_77_TISSUE_DDOF1,-0.6576786000974707,-1.1298187025181634,0.4721401024206927,HISTORICAL_HISTORECEPTOMIC_CONTROLS,Historical historeceptomic controls,HTR2A,Cerebellum
HTR2A|EXACT_SINGLE_PROTEIN|HSAMP_a32ce488a48b0df9b8c4c40a|HUMAN_BIOGPS_GNF1H_GCRMA_77_TISSUE_DDOF1,-0.501889385623247,-0.9004982144071028,0.39860882878385573,HISTORICAL_HISTORECEPTOMIC_CONTROLS,Historical historeceptomic controls,HTR2A,Caudatenucleus
HTR2A|EXACT_SINGLE_PROTEIN|HSAMP_d99ba5ea584363f8600ade55|HUMAN_BIOGPS_GNF1H_GCRMA_77_TISSUE_DDOF1,1.4832047216785647,1.8755943257472536,-0.39238960406868895,HISTORICAL_HISTORECEPTOMIC_CONTROLS,Historical historeceptomic controls,HTR2A,CingulateCortex
HTR2A|EXACT_SINGLE_PROTEIN|HSAMP_e75262fc0acfda69d976a6d3|HUMAN_BIOGPS_GNF1H_GCRMA_77_TISSUE_DDOF1,1.4195828780719864,1.8258280664756452,-0.40624518840365886,HISTORICAL_HISTORECEPTOMIC_CONTROLS,Historical historeceptomic controls,HTR2A,ParietalLobe
HTR2A|EXACT_SINGLE_PROTEIN|HSAMP_eb2587e74e2d6457032d4ae7|HUMAN_BIOGPS_GNF1H_GCRMA_77_TISSUE_DDOF1,1.2527025925413384,1.6701306157030547,-0.41742802316171623,HISTORICAL_HISTORECEPTOMIC_CONTROLS,Historical historeceptomic controls,HTR2A,TemporalLobe
HTR2A|EXACT_SINGLE_PROTEIN|HSAMP_f43595f3557cf05e6a721aeb|HUMAN_BIOGPS_GNF1H_GCRMA_77_TISSUE_DDOF1,-0.11666409904318278,-0.510944379960483,0.3942802809173003,HISTORICAL_HISTORECEPTOMIC_CONTROLS,Historical historeceptomic controls,HTR2A,Thalamus
HTR2A|EXACT_SINGLE_PROTEIN|HSAMP_ff841df7ecd9f2c8ea2660f5|HUMAN_BIOGPS_GNF1H_GCRMA_77_TISSUE_DDOF1,-0.6923974874967989,-1.1721084280448235,0.47971094054802466,HISTORICAL_HISTORECEPTOMIC_CONTROLS,Historical historeceptomic controls,HTR2A,OlfactoryBulb
HTR2B|EXACT_SINGLE_PROTEIN|HSAMP_06645e2e8409a5b743985cdd|HUMAN_BIOGPS_GNF1H_GCRMA_77_TISSUE_DDOF1,-1.0334111776743673,-1.6491846427204497,0.6157734650460824,HISTORICAL_HISTORECEPTOMIC_CONTROLS,Historical historeceptomic controls,HTR2B,Wholebrain
HTR2B|EXACT_SINGLE_PROTEIN|HSAMP_0cb8b4d1db8c390eeeecca55|HUMAN_BIOGPS_GNF1H_GCRMA_77_TISSUE_DDOF1,-0.3101525274680148,-0.6294931858075891,0.31934065833957426,HISTORICAL_HISTORECEPTOMIC_CONTROLS,Historical historeceptomic controls,HTR2B,Pons
HTR2B|EXACT_SINGLE_PROTEIN|HSAMP_13a552b6ffc4aac3b85a50ca|HUMAN_BIOGPS_GNF1H_GCRMA_77_TISSUE_DDOF1,0.18107465613939241,0.13505827753451743,0.04601637860487498,HISTORICAL_HISTORECEPTOMIC_CONTROLS,Historical historeceptomic controls,HTR2B,Amygdala
HTR2B|EXACT_SINGLE_PROTEIN|HSAMP_192dff4b8df5862a227b1163|HUMAN_BIOGPS_GNF1H_GCRMA_77_TISSUE_DDOF1,-0.5404392638990756,-0.8517304126923558,0.31129114879328024,HISTORICAL_HISTORECEPTOMIC_CONTROLS,Historical historeceptomic controls,HTR2B,SubthalamicNucleus
HTR2B|EXACT_SINGLE_PROTEIN|HSAMP_20b60708f05d03c76f9fe702|HUMAN_BIOGPS_GNF1H_GCRMA_77_TISSUE_DDOF1,0.8946254119794056,1.047765347862359,-0.15313993588295338,HISTORICAL_HISTORECEPTOMIC_CONTROLS,Historical historeceptomic controls,HTR2B,CerebellumPeduncles
HTR2B|EXACT_SINGLE_PROTEIN|HSAMP_374f872ebf1bbba2be514f9f|HUMAN_BIOGPS_GNF1H_GCRMA_77_TISSUE_DDOF1,-1.3347395406665359,-2.1609254408492555,0.8261859001827196,HISTORICAL_HISTORECEPTOMIC_CONTROLS,Historical historeceptomic controls,HTR2B,GlobusPallidus
HTR2B|EXACT_SINGLE_PROTEIN|HSAMP_5c090f15f3e5194312a7e8ed|HUMAN_BIOGPS_GNF1H_GCRMA_77_TISSUE_DDOF1,-0.6387511578710472,-0.9889556193718694,0.3502044615008222,HISTORICAL_HISTORECEPTOMIC_CONTROLS,Historical historeceptomic controls,HTR2B,MedullaOblongata
HTR2B|EXACT_SINGLE_PROTEIN|HSAMP_752ebc880edc13bb4e2b2de8|HUMAN_BIOGPS_GNF1H_GCRMA_77_TISSUE_DDOF1,1.0464163659167245,1.307618519504461,-0.26120215358773646,HISTORICAL_HISTORECEPTOMIC_CONTROLS,Historical historeceptomic controls,HTR2B,PrefrontalCortex
HTR2B|EXACT_SINGLE_PROTEIN|HSAMP_7725bb8a75064c4d7246d9ba|HUMAN_BIOGPS_GNF1H_GCRMA_77_TISSUE_DDOF1,-0.7317658218873848,-1.1162398741928419,0.38447405230545706,HISTORICAL_HISTORECEPTOMIC_CONTROLS,Historical historeceptomic controls,HTR2B,OccipitalLobe
HTR2B|EXACT_SINGLE_PROTEIN|HSAMP_8ed020260a1d25cf72324c8a|HUMAN_BIOGPS_GNF1H_GCRMA_77_TISSUE_DDOF1,0.616731591469423,0.6956720923846937,-0.07894050091527072,HISTORICAL_HISTORECEPTOMIC_CONTROLS,Historical historeceptomic controls,HTR2B,Hypothalamus
HTR2B|EXACT_SINGLE_PROTEIN|HSAMP_936b77a4b11b5c19027de438|HUMAN_BIOGPS_GNF1H_GCRMA_77_TISSUE_DDOF1,0.616731591469423,0.6956720923846937,-0.07894050091527072,HISTORICAL_HISTORECEPTOMIC_CONTROLS,Historical historeceptomic controls,HTR2B,Spinalcord
HTR2B|EXACT_SINGLE_PROTEIN|HSAMP_9aa72e4fb1ff63e1792b1ec7|HUMAN_BIOGPS_GNF1H_GCRMA_77_TISSUE_DDOF1,-1.0334111776743673,-1.6491846427204497,0.6157734650460824,HISTORICAL_HISTORECEPTOMIC_CONTROLS,Historical historeceptomic controls,HTR2B,Cerebellum
HTR2B|EXACT_SINGLE_PROTEIN|HSAMP_a32ce488a48b0df9b8c4c40a|HUMAN_BIOGPS_GNF1H_GCRMA_77_TISSUE_DDOF1,-0.6794752792208592,-1.053358792744701,0.37388351352384186,HISTORICAL_HISTORECEPTOMIC_CONTROLS,Historical historeceptomic controls,HTR2B,Caudatenucleus
HTR2B|EXACT_SINGLE_PROTEIN|HSAMP_d99ba5ea584363f8600ade55|HUMAN_BIOGPS_GNF1H_GCRMA_77_TISSUE_DDOF1,0.4245875814465141,0.39347840032177883,0.031109181124735263,HISTORICAL_HISTORECEPTOMIC_CONTROLS,Historical historeceptomic controls,HTR2B,CingulateCortex
HTR2B|EXACT_SINGLE_PROTEIN|HSAMP_e75262fc0acfda69d976a6d3|HUMAN_BIOGPS_GNF1H_GCRMA_77_TISSUE_DDOF1,0.7144229674830372,0.7914239749525871,-0.07700100746954985,HISTORICAL_HISTORECEPTOMIC_CONTROLS,Historical historeceptomic controls,HTR2B,ParietalLobe
HTR2B|EXACT_SINGLE_PROTEIN|HSAMP_eb2587e74e2d6457032d4ae7|HUMAN_BIOGPS_GNF1H_GCRMA_77_TISSUE_DDOF1,-0.47798387534273784,-0.7766564172350534,0.29867254189231557,HISTORICAL_HISTORECEPTOMIC_CONTROLS,Historical historeceptomic controls,HTR2B,TemporalLobe
HTR2B|EXACT_SINGLE_PROTEIN|HSAMP_f43595f3557cf05e6a721aeb|HUMAN_BIOGPS_GNF1H_GCRMA_77_TISSUE_DDOF1,0.18107465613939241,0.13505827753451743,0.04601637860487498,HISTORICAL_HISTORECEPTOMIC_CONTROLS,Historical historeceptomic controls,HTR2B,Thalamus
HTR2B|EXACT_SINGLE_PROTEIN|HSAMP_ff841df7ecd9f2c8ea2660f5|HUMAN_BIOGPS_GNF1H_GCRMA_77_TISSUE_DDOF1,-1.194185433796494,-1.9385278495518001,0.7443424157553062,HISTORICAL_HISTORECEPTOMIC_CONTROLS,Historical historeceptomic controls,HTR2B,OlfactoryBulb
HTR2C|EXACT_SINGLE_PROTEIN|HSAMP_06645e2e8409a5b743985cdd|HUMAN_BIOGPS_GNF1H_GCRMA_77_TISSUE_DDOF1,-0.16416783623614478,-0.5380308157556608,0.373862979519516,HISTORICAL_HISTORECEPTOMIC_CONTROLS,Historical historeceptomic controls,HTR2C,Wholebrain
HTR2C|EXACT_SINGLE_PROTEIN|HSAMP_0cb8b4d1db8c390eeeecca55|HUMAN_BIOGPS_GNF1H_GCRMA_77_TISSUE_DDOF1,-0.05803169638664834,-0.39828367314560836,0.34025197675896,HISTORICAL_HISTORECEPTOMIC_CONTROLS,Historical historeceptomic controls,HTR2C,Pons
HTR2C|EXACT_SINGLE_PROTEIN|HSAMP_13a552b6ffc4aac3b85a50ca|HUMAN_BIOGPS_GNF1H_GCRMA_77_TISSUE_DDOF1,1.4450285494855648,1.8228759390820244,-0.3778473895964596,HISTORICAL_HISTORECEPTOMIC_CONTROLS,Historical historeceptomic controls,HTR2C,Amygdala
HTR2C|EXACT_SINGLE_PROTEIN|HSAMP_192dff4b8df5862a227b1163|HUMAN_BIOGPS_GNF1H_GCRMA_77_TISSUE_DDOF1,-0.09682379681683796,-0.43833196752697384,0.3415081707101359,HISTORICAL_HISTORECEPTOMIC_CONTROLS,Historical historeceptomic controls,HTR2C,SubthalamicNucleus
HTR2C|EXACT_SINGLE_PROTEIN|HSAMP_20b60708f05d03c76f9fe702|HUMAN_BIOGPS_GNF1H_GCRMA_77_TISSUE_DDOF1,0.04454906146442492,-0.1387999882831502,0.18334904974757513,HISTORICAL_HISTORECEPTOMIC_CONTROLS,Historical historeceptomic controls,HTR2C,CerebellumPeduncles
HTR2C|EXACT_SINGLE_PROTEIN|HSAMP_374f872ebf1bbba2be514f9f|HUMAN_BIOGPS_GNF1H_GCRMA_77_TISSUE_DDOF1,-0.22356263192545178,-0.5858344147832307,0.36227178285777895,HISTORICAL_HISTORECEPTOMIC_CONTROLS,Historical historeceptomic controls,HTR2C,GlobusPallidus
HTR2C|EXACT_SINGLE_PROTEIN|HSAMP_5c090f15f3e5194312a7e8ed|HUMAN_BIOGPS_GNF1H_GCRMA_77_TISSUE_DDOF1,0.13761647969175556,0.07182873512309913,0.06578774456865642,HISTORICAL_HISTORECEPTOMIC_CONTROLS,Historical historeceptomic controls,HTR2C,MedullaOblongata
HTR2C|EXACT_SINGLE_PROTEIN|HSAMP_752ebc880edc13bb4e2b2de8|HUMAN_BIOGPS_GNF1H_GCRMA_77_TISSUE_DDOF1,0.05497807421463483,-0.10992280876171945,0.16490088297635427,HISTORICAL_HISTORECEPTOMIC_CONTROLS,Historical historeceptomic controls,HTR2C,PrefrontalCortex
HTR2C|EXACT_SINGLE_PROTEIN|HSAMP_7725bb8a75064c4d7246d9ba|HUMAN_BIOGPS_GNF1H_GCRMA_77_TISSUE_DDOF1,-0.13851778771955958,-0.5057482894411207,0.36723050172156113,HISTORICAL_HISTORECEPTOMIC_CONTROLS,Historical historeceptomic controls,HTR2C,OccipitalLobe
HTR2C|EXACT_SINGLE_PROTEIN|HSAMP_8ed020260a1d25cf72324c8a|HUMAN_BIOGPS_GNF1H_GCRMA_77_TISSUE_DDOF1,1.9574004412324757,2.3196893302352466,-0.3622888890027709,HISTORICAL_HISTORECEPTOMIC_CONTROLS,Historical historeceptomic controls,HTR2C,Hypothalamus
HTR2C|EXACT_SINGLE_PROTEIN|HSAMP_936b77a4b11b5c19027de438|HUMAN_BIOGPS_GNF1H_GCRMA_77_TISSUE_DDOF1,-0.01142305945911525,-0.29516440320027415,0.2837413437411589,HISTORICAL_HISTORECEPTOMIC_CONTROLS,Historical historeceptomic controls,HTR2C,Spinalcord
HTR2C|EXACT_SINGLE_PROTEIN|HSAMP_9aa72e4fb1ff63e1792b1ec7|HUMAN_BIOGPS_GNF1H_GCRMA_77_TISSUE_DDOF1,-0.18623638692149827,-0.559969181180245,0.3737327942587467,HISTORICAL_HISTORECEPTOMIC_CONTROLS,Historical historeceptomic controls,HTR2C,Cerebellum
HTR2C|EXACT_SINGLE_PROTEIN|HSAMP_a32ce488a48b0df9b8c4c40a|HUMAN_BIOGPS_GNF1H_GCRMA_77_TISSUE_DDOF1,2.533933170791423,2.832868781435935,-0.298935610644512,HISTORICAL_HISTORECEPTOMIC_CONTROLS,Historical historeceptomic controls,HTR2C,Caudatenucleus
HTR2C|EXACT_SINGLE_PROTEIN|HSAMP_d99ba5ea584363f8600ade55|HUMAN_BIOGPS_GNF1H_GCRMA_77_TISSUE_DDOF1,-0.022691925819512807,-0.3231659162649917,0.3004739904454789,HISTORICAL_HISTORECEPTOMIC_CONTROLS,Historical historeceptomic controls,HTR2C,CingulateCortex
HTR2C|EXACT_SINGLE_PROTEIN|HSAMP_e75262fc0acfda69d976a6d3|HUMAN_BIOGPS_GNF1H_GCRMA_77_TISSUE_DDOF1,0.004312545155705039,-0.2516655646739696,0.25597810982967467,HISTORICAL_HISTORECEPTOMIC_CONTROLS,Historical historeceptomic controls,HTR2C,ParietalLobe
HTR2C|EXACT_SINGLE_PROTEIN|HSAMP_eb2587e74e2d6457032d4ae7|HUMAN_BIOGPS_GNF1H_GCRMA_77_TISSUE_DDOF1,-0.10140595068348542,-0.4448993444725797,0.3434933937890943,HISTORICAL_HISTORECEPTOMIC_CONTROLS,Historical historeceptomic controls,HTR2C,TemporalLobe
HTR2C|EXACT_SINGLE_PROTEIN|HSAMP_f43595f3557cf05e6a721aeb|HUMAN_BIOGPS_GNF1H_GCRMA_77_TISSUE_DDOF1,-0.00472467592650918,-0.2819663619958504,0.27724168606934124,HISTORICAL_HISTORECEPTOMIC_CONTROLS,Historical historeceptomic controls,HTR2C,Thalamus
HTR2C|EXACT_SINGLE_PROTEIN|HSAMP_ff841df7ecd9f2c8ea2660f5|HUMAN_BIOGPS_GNF1H_GCRMA_77_TISSUE_DDOF1,-0.22109091370694864,-0.5851708949390085,0.36407998123205987,HISTORICAL_HISTORECEPTOMIC_CONTROLS,Historical historeceptomic controls,HTR2C,OlfactoryBulb
KCNH2|EXACT_SINGLE_PROTEIN|HSAMP_06645e2e8409a5b743985cdd|HUMAN_BIOGPS_GNF1H_GCRMA_77_TISSUE_DDOF1,0.6721433940176287,0.7053773245577821,-0.033233930540153445,HISTORICAL_HISTORECEPTOMIC_CONTROLS,Historical historeceptomic controls,KCNH2,Wholebrain
KCNH2|EXACT_SINGLE_PROTEIN|HSAMP_0cb8b4d1db8c390eeeecca55|HUMAN_BIOGPS_GNF1H_GCRMA_77_TISSUE_DDOF1,-0.5097769944378396,-0.6103867140255146,0.10060971958767495,HISTORICAL_HISTORECEPTOMIC_CONTROLS,Historical historeceptomic controls,KCNH2,Pons
KCNH2|EXACT_SINGLE_PROTEIN|HSAMP_13a552b6ffc4aac3b85a50ca|HUMAN_BIOGPS_GNF1H_GCRMA_77_TISSUE_DDOF1,-0.5953865481483204,-0.6944536038118267,0.09906705566350638,HISTORICAL_HISTORECEPTOMIC_CONTROLS,Historical historeceptomic controls,KCNH2,Amygdala
KCNH2|EXACT_SINGLE_PROTEIN|HSAMP_192dff4b8df5862a227b1163|HUMAN_BIOGPS_GNF1H_GCRMA_77_TISSUE_DDOF1,-0.32329295097347915,-0.43782525061009286,0.11453229963661371,HISTORICAL_HISTORECEPTOMIC_CONTROLS,Historical historeceptomic controls,KCNH2,SubthalamicNucleus
KCNH2|EXACT_SINGLE_PROTEIN|HSAMP_20b60708f05d03c76f9fe702|HUMAN_BIOGPS_GNF1H_GCRMA_77_TISSUE_DDOF1,0.7780412977138788,0.8044768988236182,-0.026435601109739415,HISTORICAL_HISTORECEPTOMIC_CONTROLS,Historical historeceptomic controls,KCNH2,CerebellumPeduncles
KCNH2|EXACT_SINGLE_PROTEIN|HSAMP_374f872ebf1bbba2be514f9f|HUMAN_BIOGPS_GNF1H_GCRMA_77_TISSUE_DDOF1,-0.5296294324364784,-0.6321291912343163,0.1024997587978379,HISTORICAL_HISTORECEPTOMIC_CONTROLS,Historical historeceptomic controls,KCNH2,GlobusPallidus
KCNH2|EXACT_SINGLE_PROTEIN|HSAMP_5c090f15f3e5194312a7e8ed|HUMAN_BIOGPS_GNF1H_GCRMA_77_TISSUE_DDOF1,-0.5296294324364784,-0.6321291912343163,0.1024997587978379,HISTORICAL_HISTORECEPTOMIC_CONTROLS,Historical historeceptomic controls,KCNH2,MedullaOblongata
KCNH2|EXACT_SINGLE_PROTEIN|HSAMP_752ebc880edc13bb4e2b2de8|HUMAN_BIOGPS_GNF1H_GCRMA_77_TISSUE_DDOF1,0.9306272020005141,0.9749350846774597,-0.04430788267694563,HISTORICAL_HISTORECEPTOMIC_CONTROLS,Historical historeceptomic controls,KCNH2,PrefrontalCortex
KCNH2|EXACT_SINGLE_PROTEIN|HSAMP_7725bb8a75064c4d7246d9ba|HUMAN_BIOGPS_GNF1H_GCRMA_77_TISSUE_DDOF1,-0.4927973877239192,-0.5910017951441964,0.0982044074202772,HISTORICAL_HISTORECEPTOMIC_CONTROLS,Historical historeceptomic controls,KCNH2,OccipitalLobe
KCNH2|EXACT_SINGLE_PROTEIN|HSAMP_8ed020260a1d25cf72324c8a|HUMAN_BIOGPS_GNF1H_GCRMA_77_TISSUE_DDOF1,-0.4927973877239192,-0.5912367537129,0.09843936598898079,HISTORICAL_HISTORECEPTOMIC_CONTROLS,Historical historeceptomic controls,KCNH2,Hypothalamus
KCNH2|EXACT_SINGLE_PROTEIN|HSAMP_936b77a4b11b5c19027de438|HUMAN_BIOGPS_GNF1H_GCRMA_77_TISSUE_DDOF1,-0.011083252746525038,-0.07499396811218752,0.06391071536566248,HISTORICAL_HISTORECEPTOMIC_CONTROLS,Historical historeceptomic controls,KCNH2,Spinalcord
KCNH2|EXACT_SINGLE_PROTEIN|HSAMP_9aa72e4fb1ff63e1792b1ec7|HUMAN_BIOGPS_GNF1H_GCRMA_77_TISSUE_DDOF1,0.56404460735885,0.5730372966721116,-0.008992689313261581,HISTORICAL_HISTORECEPTOMIC_CONTROLS,Historical historeceptomic controls,KCNH2,Cerebellum
KCNH2|EXACT_SINGLE_PROTEIN|HSAMP_a32ce488a48b0df9b8c4c40a|HUMAN_BIOGPS_GNF1H_GCRMA_77_TISSUE_DDOF1,-0.47787329317090727,-0.5796035580297869,0.10173026485887965,HISTORICAL_HISTORECEPTOMIC_CONTROLS,Historical historeceptomic controls,KCNH2,Caudatenucleus
KCNH2|EXACT_SINGLE_PROTEIN|HSAMP_d99ba5ea584363f8600ade55|HUMAN_BIOGPS_GNF1H_GCRMA_77_TISSUE_DDOF1,-0.07848428987787703,-0.1641178436223532,0.08563355374447618,HISTORICAL_HISTORECEPTOMIC_CONTROLS,Historical historeceptomic controls,KCNH2,CingulateCortex
KCNH2|EXACT_SINGLE_PROTEIN|HSAMP_e75262fc0acfda69d976a6d3|HUMAN_BIOGPS_GNF1H_GCRMA_77_TISSUE_DDOF1,-0.47787329317090727,-0.5796035580297869,0.10173026485887965,HISTORICAL_HISTORECEPTOMIC_CONTROLS,Historical historeceptomic controls,KCNH2,ParietalLobe
KCNH2|EXACT_SINGLE_PROTEIN|HSAMP_eb2587e74e2d6457032d4ae7|HUMAN_BIOGPS_GNF1H_GCRMA_77_TISSUE_DDOF1,-0.5296294324364784,-0.6321291912343163,0.1024997587978379,HISTORICAL_HISTORECEPTOMIC_CONTROLS,Historical historeceptomic controls,KCNH2,TemporalLobe
KCNH2|EXACT_SINGLE_PROTEIN|HSAMP_f43595f3557cf05e6a721aeb|HUMAN_BIOGPS_GNF1H_GCRMA_77_TISSUE_DDOF1,0.5683767457770087,0.5825245809449587,-0.01414783516795004,HISTORICAL_HISTORECEPTOMIC_CONTROLS,Historical historeceptomic controls,KCNH2,Thalamus
KCNH2|EXACT_SINGLE_PROTEIN|HSAMP_ff841df7ecd9f2c8ea2660f5|HUMAN_BIOGPS_GNF1H_GCRMA_77_TISSUE_DDOF1,-0.40154289381541125,-0.5129461629874228,0.11140326917201154,HISTORICAL_HISTORECEPTOMIC_CONTROLS,Historical historeceptomic controls,KCNH2,OlfactoryBulb
OPRD1|EXACT_SINGLE_PROTEIN|HSAMP_06645e2e8409a5b743985cdd|HUMAN_BIOGPS_GNF1H_GCRMA_77_TISSUE_DDOF1,-0.9755002670030188,-0.9972635893209076,0.0217633223178888,HISTORICAL_HISTORECEPTOMIC_CONTROLS,Historical historeceptomic controls,OPRD1,Wholebrain
OPRD1|EXACT_SINGLE_PROTEIN|HSAMP_0cb8b4d1db8c390eeeecca55|HUMAN_BIOGPS_GNF1H_GCRMA_77_TISSUE_DDOF1,-0.11666409904318278,-0.13519749692154207,0.01853339787835928,HISTORICAL_HISTORECEPTOMIC_CONTROLS,Historical historeceptomic controls,OPRD1,Pons
OPRD1|EXACT_SINGLE_PROTEIN|HSAMP_13a552b6ffc4aac3b85a50ca|HUMAN_BIOGPS_GNF1H_GCRMA_77_TISSUE_DDOF1,0.7082266883898617,0.7112116657912593,-0.0029849774013975816,HISTORICAL_HISTORECEPTOMIC_CONTROLS,Historical historeceptomic controls,OPRD1,Amygdala
OPRD1|EXACT_SINGLE_PROTEIN|HSAMP_192dff4b8df5862a227b1163|HUMAN_BIOGPS_GNF1H_GCRMA_77_TISSUE_DDOF1,-0.6128844066753412,-0.6315871994688267,0.018702792793485523,HISTORICAL_HISTORECEPTOMIC_CONTROLS,Historical historeceptomic controls,OPRD1,SubthalamicNucleus
OPRD1|EXACT_SINGLE_PROTEIN|HSAMP_20b60708f05d03c76f9fe702|HUMAN_BIOGPS_GNF1H_GCRMA_77_TISSUE_DDOF1,1.0299986788998141,1.0398310882029744,-0.009832409303160317,HISTORICAL_HISTORECEPTOMIC_CONTROLS,Historical historeceptomic controls,OPRD1,CerebellumPeduncles
OPRD1|EXACT_SINGLE_PROTEIN|HSAMP_374f872ebf1bbba2be514f9f|HUMAN_BIOGPS_GNF1H_GCRMA_77_TISSUE_DDOF1,-1.56910542197197,-1.6140112313312045,0.044905809359234494,HISTORICAL_HISTORECEPTOMIC_CONTROLS,Historical historeceptomic controls,OPRD1,GlobusPallidus
OPRD1|EXACT_SINGLE_PROTEIN|HSAMP_5c090f15f3e5194312a7e8ed|HUMAN_BIOGPS_GNF1H_GCRMA_77_TISSUE_DDOF1,-0.5475434586021661,-0.5645779923612853,0.01703453375911912,HISTORICAL_HISTORECEPTOMIC_CONTROLS,Historical historeceptomic controls,OPRD1,MedullaOblongata
OPRD1|EXACT_SINGLE_PROTEIN|HSAMP_752ebc880edc13bb4e2b2de8|HUMAN_BIOGPS_GNF1H_GCRMA_77_TISSUE_DDOF1,1.2039892604636027,1.2267804737929802,-0.022791213329377502,HISTORICAL_HISTORECEPTOMIC_CONTROLS,Historical historeceptomic controls,OPRD1,PrefrontalCortex
OPRD1|EXACT_SINGLE_PROTEIN|HSAMP_7725bb8a75064c4d7246d9ba|HUMAN_BIOGPS_GNF1H_GCRMA_77_TISSUE_DDOF1,-0.6128844066753412,-0.6315871994688267,0.018702792793485523,HISTORICAL_HISTORECEPTOMIC_CONTROLS,Historical historeceptomic controls,OPRD1,OccipitalLobe
OPRD1|EXACT_SINGLE_PROTEIN|HSAMP_8ed020260a1d25cf72324c8a|HUMAN_BIOGPS_GNF1H_GCRMA_77_TISSUE_DDOF1,0.8881172637591862,0.8933178158565719,-0.00520055209738568,HISTORICAL_HISTORECEPTOMIC_CONTROLS,Historical historeceptomic controls,OPRD1,Hypothalamus
OPRD1|EXACT_SINGLE_PROTEIN|HSAMP_936b77a4b11b5c19027de438|HUMAN_BIOGPS_GNF1H_GCRMA_77_TISSUE_DDOF1,0.8560938582243547,0.8650478070529225,-0.008953948828567815,HISTORICAL_HISTORECEPTOMIC_CONTROLS,Historical historeceptomic controls,OPRD1,Spinalcord
OPRD1|EXACT_SINGLE_PROTEIN|HSAMP_9aa72e4fb1ff63e1792b1ec7|HUMAN_BIOGPS_GNF1H_GCRMA_77_TISSUE_DDOF1,-1.1867561982449253,-1.2191755781048395,0.032419379859914166,HISTORICAL_HISTORECEPTOMIC_CONTROLS,Historical historeceptomic controls,OPRD1,Cerebellum
OPRD1|EXACT_SINGLE_PROTEIN|HSAMP_a32ce488a48b0df9b8c4c40a|HUMAN_BIOGPS_GNF1H_GCRMA_77_TISSUE_DDOF1,0.5730954222822335,0.5734119179150156,-0.0003164956327820212,HISTORICAL_HISTORECEPTOMIC_CONTROLS,Historical historeceptomic controls,OPRD1,Caudatenucleus
OPRD1|EXACT_SINGLE_PROTEIN|HSAMP_d99ba5ea584363f8600ade55|HUMAN_BIOGPS_GNF1H_GCRMA_77_TISSUE_DDOF1,0.5730954222822335,0.5734119179150156,-0.0003164956327820212,HISTORICAL_HISTORECEPTOMIC_CONTROLS,Historical historeceptomic controls,OPRD1,CingulateCortex
OPRD1|EXACT_SINGLE_PROTEIN|HSAMP_e75262fc0acfda69d976a6d3|HUMAN_BIOGPS_GNF1H_GCRMA_77_TISSUE_DDOF1,0.8118840067070954,0.8234227834939787,-0.011538776786883309,HISTORICAL_HISTORECEPTOMIC_CONTROLS,Historical historeceptomic controls,OPRD1,ParietalLobe
OPRD1|EXACT_SINGLE_PROTEIN|HSAMP_eb2587e74e2d6457032d4ae7|HUMAN_BIOGPS_GNF1H_GCRMA_77_TISSUE_DDOF1,-0.5475434586021661,-0.5645779923612853,0.01703453375911912,HISTORICAL_HISTORECEPTOMIC_CONTROLS,Historical historeceptomic controls,OPRD1,TemporalLobe
OPRD1|EXACT_SINGLE_PROTEIN|HSAMP_f43595f3557cf05e6a721aeb|HUMAN_BIOGPS_GNF1H_GCRMA_77_TISSUE_DDOF1,2.2352327468752073,2.272699484131307,-0.0374667372560995,HISTORICAL_HISTORECEPTOMIC_CONTROLS,Historical historeceptomic controls,OPRD1,Thalamus
OPRD1|EXACT_SINGLE_PROTEIN|HSAMP_ff841df7ecd9f2c8ea2660f5|HUMAN_BIOGPS_GNF1H_GCRMA_77_TISSUE_DDOF1,-1.2926987646532486,-1.3397674578799728,0.047068693226724134,HISTORICAL_HISTORECEPTOMIC_CONTROLS,Historical historeceptomic controls,OPRD1,OlfactoryBulb
OPRK1|EXACT_SINGLE_PROTEIN|HSAMP_06645e2e8409a5b743985cdd|HUMAN_BIOGPS_GNF1H_GCRMA_77_TISSUE_DDOF1,-1.0563266320899458,-1.1322706601738926,0.07594402808394674,HISTORICAL_HISTORECEPTOMIC_CONTROLS,Historical historeceptomic controls,OPRK1,Wholebrain
OPRK1|EXACT_SINGLE_PROTEIN|HSAMP_0cb8b4d1db8c390eeeecca55|HUMAN_BIOGPS_GNF1H_GCRMA_77_TISSUE_DDOF1,0.036968827855691416,0.026453718458504083,0.010515109397187333,HISTORICAL_HISTORECEPTOMIC_CONTROLS,Historical historeceptomic controls,OPRK1,Pons
OPRK1|EXACT_SINGLE_PROTEIN|HSAMP_13a552b6ffc4aac3b85a50ca|HUMAN_BIOGPS_GNF1H_GCRMA_77_TISSUE_DDOF1,0.9020982492605245,0.9164780016219054,-0.014379752361380893,HISTORICAL_HISTORECEPTOMIC_CONTROLS,Historical historeceptomic controls,OPRK1,Amygdala
OPRK1|EXACT_SINGLE_PROTEIN|HSAMP_192dff4b8df5862a227b1163|HUMAN_BIOGPS_GNF1H_GCRMA_77_TISSUE_DDOF1,-0.6797238247320325,-0.7327202582476154,0.05299643351558292,HISTORICAL_HISTORECEPTOMIC_CONTROLS,Historical historeceptomic controls,OPRK1,SubthalamicNucleus
OPRK1|EXACT_SINGLE_PROTEIN|HSAMP_20b60708f05d03c76f9fe702|HUMAN_BIOGPS_GNF1H_GCRMA_77_TISSUE_DDOF1,1.2039892604636027,1.2517303051735384,-0.04774104470993579,HISTORICAL_HISTORECEPTOMIC_CONTROLS,Historical historeceptomic controls,OPRK1,CerebellumPeduncles
OPRK1|EXACT_SINGLE_PROTEIN|HSAMP_374f872ebf1bbba2be514f9f|HUMAN_BIOGPS_GNF1H_GCRMA_77_TISSUE_DDOF1,-1.696023134305084,-1.8238061691360063,0.12778303483092235,HISTORICAL_HISTORECEPTOMIC_CONTROLS,Historical historeceptomic controls,OPRK1,GlobusPallidus
OPRK1|EXACT_SINGLE_PROTEIN|HSAMP_5c090f15f3e5194312a7e8ed|HUMAN_BIOGPS_GNF1H_GCRMA_77_TISSUE_DDOF1,0.036968827855691416,0.026453718458504083,0.010515109397187333,HISTORICAL_HISTORECEPTOMIC_CONTROLS,Historical historeceptomic controls,OPRK1,MedullaOblongata
OPRK1|EXACT_SINGLE_PROTEIN|HSAMP_752ebc880edc13bb4e2b2de8|HUMAN_BIOGPS_GNF1H_GCRMA_77_TISSUE_DDOF1,1.5403699585599027,1.5976293191017965,-0.057259360541893844,HISTORICAL_HISTORECEPTOMIC_CONTROLS,Historical historeceptomic controls,OPRK1,PrefrontalCortex
OPRK1|EXACT_SINGLE_PROTEIN|HSAMP_7725bb8a75064c4d7246d9ba|HUMAN_BIOGPS_GNF1H_GCRMA_77_TISSUE_DDOF1,-0.6797238247320325,-0.7327202582476154,0.05299643351558292,HISTORICAL_HISTORECEPTOMIC_CONTROLS,Historical historeceptomic controls,OPRK1,OccipitalLobe
OPRK1|EXACT_SINGLE_PROTEIN|HSAMP_8ed020260a1d25cf72324c8a|HUMAN_BIOGPS_GNF1H_GCRMA_77_TISSUE_DDOF1,0.9020982492605245,0.9164780016219054,-0.014379752361380893,HISTORICAL_HISTORECEPTOMIC_CONTROLS,Historical historeceptomic controls,OPRK1,Hypothalamus
OPRK1|EXACT_SINGLE_PROTEIN|HSAMP_936b77a4b11b5c19027de438|HUMAN_BIOGPS_GNF1H_GCRMA_77_TISSUE_DDOF1,0.8087303750901438,0.8288965076863909,-0.02016613259624711,HISTORICAL_HISTORECEPTOMIC_CONTROLS,Historical historeceptomic controls,OPRK1,Spinalcord
OPRK1|EXACT_SINGLE_PROTEIN|HSAMP_9aa72e4fb1ff63e1792b1ec7|HUMAN_BIOGPS_GNF1H_GCRMA_77_TISSUE_DDOF1,-1.2719778309776335,-1.3782806195174189,0.10630278853978536,HISTORICAL_HISTORECEPTOMIC_CONTROLS,Historical historeceptomic controls,OPRK1,Cerebellum
OPRK1|EXACT_SINGLE_PROTEIN|HSAMP_a32ce488a48b0df9b8c4c40a|HUMAN_BIOGPS_GNF1H_GCRMA_77_TISSUE_DDOF1,-0.7631746919002458,-0.8208939505470938,0.057719258646848015,HISTORICAL_HISTORECEPTOMIC_CONTROLS,Historical historeceptomic controls,OPRK1,Caudatenucleus
OPRK1|EXACT_SINGLE_PROTEIN|HSAMP_d99ba5ea584363f8600ade55|HUMAN_BIOGPS_GNF1H_GCRMA_77_TISSUE_DDOF1,0.6441544693789119,0.6528055054739563,-0.008651036095044473,HISTORICAL_HISTORECEPTOMIC_CONTROLS,Historical historeceptomic controls,OPRK1,CingulateCortex
OPRK1|EXACT_SINGLE_PROTEIN|HSAMP_e75262fc0acfda69d976a6d3|HUMAN_BIOGPS_GNF1H_GCRMA_77_TISSUE_DDOF1,0.8648327126640044,0.8802263201233738,-0.015393607459369352,HISTORICAL_HISTORECEPTOMIC_CONTROLS,Historical historeceptomic controls,OPRK1,ParietalLobe
OPRK1|EXACT_SINGLE_PROTEIN|HSAMP_eb2587e74e2d6457032d4ae7|HUMAN_BIOGPS_GNF1H_GCRMA_77_TISSUE_DDOF1,-0.6017139619223004,-0.642715975268104,0.041002013345803556,HISTORICAL_HISTORECEPTOMIC_CONTROLS,Historical historeceptomic controls,OPRK1,TemporalLobe
OPRK1|EXACT_SINGLE_PROTEIN|HSAMP_f43595f3557cf05e6a721aeb|HUMAN_BIOGPS_GNF1H_GCRMA_77_TISSUE_DDOF1,0.5575245454714622,0.562721476987276,-0.005196931515813796,HISTORICAL_HISTORECEPTOMIC_CONTROLS,Historical historeceptomic controls,OPRK1,Thalamus
OPRK1|EXACT_SINGLE_PROTEIN|HSAMP_ff841df7ecd9f2c8ea2660f5|HUMAN_BIOGPS_GNF1H_GCRMA_77_TISSUE_DDOF1,-1.5539701975614002,-1.6484212633463926,0.0944510657849924,HISTORICAL_HISTORECEPTOMIC_CONTROLS,Historical historeceptomic controls,OPRK1,OlfactoryBulb
OPRM1|EXACT_SINGLE_PROTEIN|HSAMP_06645e2e8409a5b743985cdd|HUMAN_BIOGPS_GNF1H_GCRMA_77_TISSUE_DDOF1,-0.7965723889941071,-0.813432572532003,0.016860183537895868,HISTORICAL_HISTORECEPTOMIC_CONTROLS,Historical historeceptomic controls,OPRM1,Wholebrain
OPRM1|EXACT_SINGLE_PROTEIN|HSAMP_0cb8b4d1db8c390eeeecca55|HUMAN_BIOGPS_GNF1H_GCRMA_77_TISSUE_DDOF1,1.716808020032496,1.7255823285444851,-0.008774308511989126,HISTORICAL_HISTORECEPTOMIC_CONTROLS,Historical historeceptomic controls,OPRM1,Pons
OPRM1|EXACT_SINGLE_PROTEIN|HSAMP_13a552b6ffc4aac3b85a50ca|HUMAN_BIOGPS_GNF1H_GCRMA_77_TISSUE_DDOF1,-0.22356263192545178,-0.23848875844273507,0.014926126517283284,HISTORICAL_HISTORECEPTOMIC_CONTROLS,Historical historeceptomic controls,OPRM1,Amygdala
OPRM1|EXACT_SINGLE_PROTEIN|HSAMP_192dff4b8df5862a227b1163|HUMAN_BIOGPS_GNF1H_GCRMA_77_TISSUE_DDOF1,-0.5616367314853511,-0.5760585214500094,0.01442178996465826,HISTORICAL_HISTORECEPTOMIC_CONTROLS,Historical historeceptomic controls,OPRM1,SubthalamicNucleus
OPRM1|EXACT_SINGLE_PROTEIN|HSAMP_20b60708f05d03c76f9fe702|HUMAN_BIOGPS_GNF1H_GCRMA_77_TISSUE_DDOF1,0.48101672315406374,0.4810720969063813,-5.5373752317566804e-05,HISTORICAL_HISTORECEPTOMIC_CONTROLS,Historical historeceptomic controls,OPRM1,CerebellumPeduncles
OPRM1|EXACT_SINGLE_PROTEIN|HSAMP_374f872ebf1bbba2be514f9f|HUMAN_BIOGPS_GNF1H_GCRMA_77_TISSUE_DDOF1,-0.9276542412143662,-0.9464453857249085,0.018791144510542312,HISTORICAL_HISTORECEPTOMIC_CONTROLS,Historical historeceptomic controls,OPRM1,GlobusPallidus
OPRM1|EXACT_SINGLE_PROTEIN|HSAMP_5c090f15f3e5194312a7e8ed|HUMAN_BIOGPS_GNF1H_GCRMA_77_TISSUE_DDOF1,1.3621070345288713,1.3723808655533682,-0.010273831024496971,HISTORICAL_HISTORECEPTOMIC_CONTROLS,Historical historeceptomic controls,OPRM1,MedullaOblongata
OPRM1|EXACT_SINGLE_PROTEIN|HSAMP_752ebc880edc13bb4e2b2de8|HUMAN_BIOGPS_GNF1H_GCRMA_77_TISSUE_DDOF1,0.5692864698202704,0.5704223533097607,-0.0011358834894902303,HISTORICAL_HISTORECEPTOMIC_CONTROLS,Historical historeceptomic controls,OPRM1,PrefrontalCortex
OPRM1|EXACT_SINGLE_PROTEIN|HSAMP_7725bb8a75064c4d7246d9ba|HUMAN_BIOGPS_GNF1H_GCRMA_77_TISSUE_DDOF1,-0.6314667820514213,-0.6407484575808807,0.009281675529459466,HISTORICAL_HISTORECEPTOMIC_CONTROLS,Historical historeceptomic controls,OPRM1,OccipitalLobe
OPRM1|EXACT_SINGLE_PROTEIN|HSAMP_8ed020260a1d25cf72324c8a|HUMAN_BIOGPS_GNF1H_GCRMA_77_TISSUE_DDOF1,0.0028657084236432275,-0.0005376278927405162,0.0034033363163837437,HISTORICAL_HISTORECEPTOMIC_CONTROLS,Historical historeceptomic controls,OPRM1,Hypothalamus
OPRM1|EXACT_SINGLE_PROTEIN|HSAMP_936b77a4b11b5c19027de438|HUMAN_BIOGPS_GNF1H_GCRMA_77_TISSUE_DDOF1,-0.022691925819512807,-0.031094259238334657,0.00840233341882185,HISTORICAL_HISTORECEPTOMIC_CONTROLS,Historical historeceptomic controls,OPRM1,Spinalcord
OPRM1|EXACT_SINGLE_PROTEIN|HSAMP_9aa72e4fb1ff63e1792b1ec7|HUMAN_BIOGPS_GNF1H_GCRMA_77_TISSUE_DDOF1,0.05316689399923939,0.049199364095146275,0.003967529904093117,HISTORICAL_HISTORECEPTOMIC_CONTROLS,Historical historeceptomic controls,OPRM1,Cerebellum
OPRM1|EXACT_SINGLE_PROTEIN|HSAMP_a32ce488a48b0df9b8c4c40a|HUMAN_BIOGPS_GNF1H_GCRMA_77_TISSUE_DDOF1,-0.604580083085179,-0.625957426898032,0.021377343812853056,HISTORICAL_HISTORECEPTOMIC_CONTROLS,Historical historeceptomic controls,OPRM1,Caudatenucleus
OPRM1|EXACT_SINGLE_PROTEIN|HSAMP_d99ba5ea584363f8600ade55|HUMAN_BIOGPS_GNF1H_GCRMA_77_TISSUE_DDOF1,-0.13768784990688981,-0.14899002695064742,0.011302177043757605,HISTORICAL_HISTORECEPTOMIC_CONTROLS,Historical historeceptomic controls,OPRM1,CingulateCortex
OPRM1|EXACT_SINGLE_PROTEIN|HSAMP_e75262fc0acfda69d976a6d3|HUMAN_BIOGPS_GNF1H_GCRMA_77_TISSUE_DDOF1,0.10269010257251229,0.09740471261061506,0.00528538996189723,HISTORICAL_HISTORECEPTOMIC_CONTROLS,Historical historeceptomic controls,OPRM1,ParietalLobe
OPRM1|EXACT_SINGLE_PROTEIN|HSAMP_eb2587e74e2d6457032d4ae7|HUMAN_BIOGPS_GNF1H_GCRMA_77_TISSUE_DDOF1,0.8130366679122062,0.8232151149708662,-0.01017844705866,HISTORICAL_HISTORECEPTOMIC_CONTROLS,Historical historeceptomic controls,OPRM1,TemporalLobe
OPRM1|EXACT_SINGLE_PROTEIN|HSAMP_f43595f3557cf05e6a721aeb|HUMAN_BIOGPS_GNF1H_GCRMA_77_TISSUE_DDOF1,-0.17815121178694848,-0.19723312578116692,0.019081913994218436,HISTORICAL_HISTORECEPTOMIC_CONTROLS,Historical historeceptomic controls,OPRM1,Thalamus
OPRM1|EXACT_SINGLE_PROTEIN|HSAMP_ff841df7ecd9f2c8ea2660f5|HUMAN_BIOGPS_GNF1H_GCRMA_77_TISSUE_DDOF1,-0.8624398965518474,-0.8841932658561692,0.021753369304321812,HISTORICAL_HISTORECEPTOMIC_CONTROLS,Historical historeceptomic controls,OPRM1,OlfactoryBulb
SLC6A2|EXACT_SINGLE_PROTEIN|HSAMP_06645e2e8409a5b743985cdd|HUMAN_BIOGPS_GNF1H_GCRMA_77_TISSUE_DDOF1,-1.132738967762656,-1.6351124240911543,0.5023734563284983,HISTORICAL_HISTORECEPTOMIC_CONTROLS,Historical historeceptomic controls,SLC6A2,Wholebrain
SLC6A2|EXACT_SINGLE_PROTEIN|HSAMP_0cb8b4d1db8c390eeeecca55|HUMAN_BIOGPS_GNF1H_GCRMA_77_TISSUE_DDOF1,0.0271444976889488,-0.09178014667713832,0.11892464436608713,HISTORICAL_HISTORECEPTOMIC_CONTROLS,Historical historeceptomic controls,SLC6A2,Pons
SLC6A2|EXACT_SINGLE_PROTEIN|HSAMP_13a552b6ffc4aac3b85a50ca|HUMAN_BIOGPS_GNF1H_GCRMA_77_TISSUE_DDOF1,0.2164813869506129,0.16179418952591673,0.05468719742469616,HISTORICAL_HISTORECEPTOMIC_CONTROLS,Historical historeceptomic controls,SLC6A2,Amygdala
SLC6A2|EXACT_SINGLE_PROTEIN|HSAMP_192dff4b8df5862a227b1163|HUMAN_BIOGPS_GNF1H_GCRMA_77_TISSUE_DDOF1,0.6721433940176287,0.7385701876872037,-0.06642679366957505,HISTORICAL_HISTORECEPTOMIC_CONTROLS,Historical historeceptomic controls,SLC6A2,SubthalamicNucleus
SLC6A2|EXACT_SINGLE_PROTEIN|HSAMP_20b60708f05d03c76f9fe702|HUMAN_BIOGPS_GNF1H_GCRMA_77_TISSUE_DDOF1,1.6263504990310644,1.8719016307913443,-0.24555113176027987,HISTORICAL_HISTORECEPTOMIC_CONTROLS,Historical historeceptomic controls,SLC6A2,CerebellumPeduncles
SLC6A2|EXACT_SINGLE_PROTEIN|HSAMP_374f872ebf1bbba2be514f9f|HUMAN_BIOGPS_GNF1H_GCRMA_77_TISSUE_DDOF1,-1.2460582398972329,-1.8522948191256021,0.6062365792283693,HISTORICAL_HISTORECEPTOMIC_CONTROLS,Historical historeceptomic controls,SLC6A2,GlobusPallidus
SLC6A2|EXACT_SINGLE_PROTEIN|HSAMP_5c090f15f3e5194312a7e8ed|HUMAN_BIOGPS_GNF1H_GCRMA_77_TISSUE_DDOF1,-0.7579259018644592,-1.0516619555148945,0.2937360536504353,HISTORICAL_HISTORECEPTOMIC_CONTROLS,Historical historeceptomic controls,SLC6A2,MedullaOblongata
SLC6A2|EXACT_SINGLE_PROTEIN|HSAMP_752ebc880edc13bb4e2b2de8|HUMAN_BIOGPS_GNF1H_GCRMA_77_TISSUE_DDOF1,1.0010182958870433,1.1699839463380517,-0.16896565045100842,HISTORICAL_HISTORECEPTOMIC_CONTROLS,Historical historeceptomic controls,SLC6A2,PrefrontalCortex
SLC6A2|EXACT_SINGLE_PROTEIN|HSAMP_7725bb8a75064c4d7246d9ba|HUMAN_BIOGPS_GNF1H_GCRMA_77_TISSUE_DDOF1,-0.7579259018644592,-1.0516619555148945,0.2937360536504353,HISTORICAL_HISTORECEPTOMIC_CONTROLS,Historical historeceptomic controls,SLC6A2,OccipitalLobe
SLC6A2|EXACT_SINGLE_PROTEIN|HSAMP_8ed020260a1d25cf72324c8a|HUMAN_BIOGPS_GNF1H_GCRMA_77_TISSUE_DDOF1,0.6721433940176287,0.7385701876872037,-0.06642679366957505,HISTORICAL_HISTORECEPTOMIC_CONTROLS,Historical historeceptomic controls,SLC6A2,Hypothalamus
SLC6A2|EXACT_SINGLE_PROTEIN|HSAMP_936b77a4b11b5c19027de438|HUMAN_BIOGPS_GNF1H_GCRMA_77_TISSUE_DDOF1,0.5325821191587664,0.5499236773423195,-0.017341558183553096,HISTORICAL_HISTORECEPTOMIC_CONTROLS,Historical historeceptomic controls,SLC6A2,Spinalcord
SLC6A2|EXACT_SINGLE_PROTEIN|HSAMP_9aa72e4fb1ff63e1792b1ec7|HUMAN_BIOGPS_GNF1H_GCRMA_77_TISSUE_DDOF1,-0.9755002670030188,-1.3595000381280242,0.3839997711250054,HISTORICAL_HISTORECEPTOMIC_CONTROLS,Historical historeceptomic controls,SLC6A2,Cerebellum
SLC6A2|EXACT_SINGLE_PROTEIN|HSAMP_a32ce488a48b0df9b8c4c40a|HUMAN_BIOGPS_GNF1H_GCRMA_77_TISSUE_DDOF1,-0.8043186044715439,-1.1107298714745688,0.3064112670030249,HISTORICAL_HISTORECEPTOMIC_CONTROLS,Historical historeceptomic controls,SLC6A2,Caudatenucleus
SLC6A2|EXACT_SINGLE_PROTEIN|HSAMP_d99ba5ea584363f8600ade55|HUMAN_BIOGPS_GNF1H_GCRMA_77_TISSUE_DDOF1,0.2164813869506129,0.16179418952591673,0.05468719742469616,HISTORICAL_HISTORECEPTOMIC_CONTROLS,Historical historeceptomic controls,SLC6A2,CingulateCortex
SLC6A2|EXACT_SINGLE_PROTEIN|HSAMP_e75262fc0acfda69d976a6d3|HUMAN_BIOGPS_GNF1H_GCRMA_77_TISSUE_DDOF1,0.7752997142902357,0.8537242060309245,-0.07842449174068877,HISTORICAL_HISTORECEPTOMIC_CONTROLS,Historical historeceptomic controls,SLC6A2,ParietalLobe
SLC6A2|EXACT_SINGLE_PROTEIN|HSAMP_eb2587e74e2d6457032d4ae7|HUMAN_BIOGPS_GNF1H_GCRMA_77_TISSUE_DDOF1,-0.6175198957580689,-0.8829525634401871,0.26543266768211826,HISTORICAL_HISTORECEPTOMIC_CONTROLS,Historical historeceptomic controls,SLC6A2,TemporalLobe
SLC6A2|EXACT_SINGLE_PROTEIN|HSAMP_f43595f3557cf05e6a721aeb|HUMAN_BIOGPS_GNF1H_GCRMA_77_TISSUE_DDOF1,0.0793133115119636,0.011457949007570573,0.06785536250439302,HISTORICAL_HISTORECEPTOMIC_CONTROLS,Historical historeceptomic controls,SLC6A2,Thalamus
SLC6A2|EXACT_SINGLE_PROTEIN|HSAMP_ff841df7ecd9f2c8ea2660f5|HUMAN_BIOGPS_GNF1H_GCRMA_77_TISSUE_DDOF1,-0.7579259018644592,-1.0516619555148945,0.2937360536504353,HISTORICAL_HISTORECEPTOMIC_CONTROLS,Historical historeceptomic controls,SLC6A2,OlfactoryBulb
SLC6A3|EXACT_SINGLE_PROTEIN|HSAMP_06645e2e8409a5b743985cdd|HUMAN_BIOGPS_GNF1H_GCRMA_77_TISSUE_DDOF1,-0.9036593764170809,-1.1084306059047477,0.2047712294876668,HISTORICAL_HISTORECEPTOMIC_CONTROLS,Historical historeceptomic controls,SLC6A3,Wholebrain
SLC6A3|EXACT_SINGLE_PROTEIN|HSAMP_0cb8b4d1db8c390eeeecca55|HUMAN_BIOGPS_GNF1H_GCRMA_77_TISSUE_DDOF1,0.01727729262442284,-0.05419485419830785,0.07147214682273069,HISTORICAL_HISTORECEPTOMIC_CONTROLS,Historical historeceptomic controls,SLC6A3,Pons
SLC6A3|EXACT_SINGLE_PROTEIN|HSAMP_13a552b6ffc4aac3b85a50ca|HUMAN_BIOGPS_GNF1H_GCRMA_77_TISSUE_DDOF1,0.5666983409912103,0.5905058786015197,-0.023807537610309404,HISTORICAL_HISTORECEPTOMIC_CONTROLS,Historical historeceptomic controls,SLC6A3,Amygdala
SLC6A3|EXACT_SINGLE_PROTEIN|HSAMP_192dff4b8df5862a227b1163|HUMAN_BIOGPS_GNF1H_GCRMA_77_TISSUE_DDOF1,-0.221832286669166,-0.38601472052423613,0.16418243385507014,HISTORICAL_HISTORECEPTOMIC_CONTROLS,Historical historeceptomic controls,SLC6A3,SubthalamicNucleus
SLC6A3|EXACT_SINGLE_PROTEIN|HSAMP_20b60708f05d03c76f9fe702|HUMAN_BIOGPS_GNF1H_GCRMA_77_TISSUE_DDOF1,1.1641254681508675,1.3212085057956093,-0.15708303764474185,HISTORICAL_HISTORECEPTOMIC_CONTROLS,Historical historeceptomic controls,SLC6A3,CerebellumPeduncles
SLC6A3|EXACT_SINGLE_PROTEIN|HSAMP_374f872ebf1bbba2be514f9f|HUMAN_BIOGPS_GNF1H_GCRMA_77_TISSUE_DDOF1,-1.51085260287073,-1.9066723248349953,0.3958197219642652,HISTORICAL_HISTORECEPTOMIC_CONTROLS,Historical historeceptomic controls,SLC6A3,GlobusPallidus
SLC6A3|EXACT_SINGLE_PROTEIN|HSAMP_5c090f15f3e5194312a7e8ed|HUMAN_BIOGPS_GNF1H_GCRMA_77_TISSUE_DDOF1,-0.6317076260451668,-0.791209842603163,0.15950221655799612,HISTORICAL_HISTORECEPTOMIC_CONTROLS,Historical historeceptomic controls,SLC6A3,MedullaOblongata
SLC6A3|EXACT_SINGLE_PROTEIN|HSAMP_752ebc880edc13bb4e2b2de8|HUMAN_BIOGPS_GNF1H_GCRMA_77_TISSUE_DDOF1,1.139175773015892,1.2751309716948969,-0.13595519867900485,HISTORICAL_HISTORECEPTOMIC_CONTROLS,Historical historeceptomic controls,SLC6A3,PrefrontalCortex
SLC6A3|EXACT_SINGLE_PROTEIN|HSAMP_7725bb8a75064c4d7246d9ba|HUMAN_BIOGPS_GNF1H_GCRMA_77_TISSUE_DDOF1,-0.6317076260451668,-0.791209842603163,0.15950221655799612,HISTORICAL_HISTORECEPTOMIC_CONTROLS,Historical historeceptomic controls,SLC6A3,OccipitalLobe
SLC6A3|EXACT_SINGLE_PROTEIN|HSAMP_8ed020260a1d25cf72324c8a|HUMAN_BIOGPS_GNF1H_GCRMA_77_TISSUE_DDOF1,2.182869350941762,2.3389341265262447,-0.15606477558448262,HISTORICAL_HISTORECEPTOMIC_CONTROLS,Historical historeceptomic controls,SLC6A3,Hypothalamus
SLC6A3|EXACT_SINGLE_PROTEIN|HSAMP_936b77a4b11b5c19027de438|HUMAN_BIOGPS_GNF1H_GCRMA_77_TISSUE_DDOF1,0.6456219738069149,0.6843412979424806,-0.03871932413556567,HISTORICAL_HISTORECEPTOMIC_CONTROLS,Historical historeceptomic controls,SLC6A3,Spinalcord
SLC6A3|EXACT_SINGLE_PROTEIN|HSAMP_9aa72e4fb1ff63e1792b1ec7|HUMAN_BIOGPS_GNF1H_GCRMA_77_TISSUE_DDOF1,-1.1424650971158654,-1.4457076579552646,0.30324256083939916,HISTORICAL_HISTORECEPTOMIC_CONTROLS,Historical historeceptomic controls,SLC6A3,Cerebellum
SLC6A3|EXACT_SINGLE_PROTEIN|HSAMP_a32ce488a48b0df9b8c4c40a|HUMAN_BIOGPS_GNF1H_GCRMA_77_TISSUE_DDOF1,-0.69464193733049,-0.882549807758908,0.18790787042841806,HISTORICAL_HISTORECEPTOMIC_CONTROLS,Historical historeceptomic controls,SLC6A3,Caudatenucleus
SLC6A3|EXACT_SINGLE_PROTEIN|HSAMP_d99ba5ea584363f8600ade55|HUMAN_BIOGPS_GNF1H_GCRMA_77_TISSUE_DDOF1,0.5666983409912103,0.5905058786015197,-0.023807537610309404,HISTORICAL_HISTORECEPTOMIC_CONTROLS,Historical historeceptomic controls,SLC6A3,CingulateCortex
SLC6A3|EXACT_SINGLE_PROTEIN|HSAMP_e75262fc0acfda69d976a6d3|HUMAN_BIOGPS_GNF1H_GCRMA_77_TISSUE_DDOF1,0.6456219738069149,0.6843412979424806,-0.03871932413556567,HISTORICAL_HISTORECEPTOMIC_CONTROLS,Historical historeceptomic controls,SLC6A3,ParietalLobe
SLC6A3|EXACT_SINGLE_PROTEIN|HSAMP_eb2587e74e2d6457032d4ae7|HUMAN_BIOGPS_GNF1H_GCRMA_77_TISSUE_DDOF1,-0.6317076260451668,-0.791209842603163,0.15950221655799612,HISTORICAL_HISTORECEPTOMIC_CONTROLS,Historical historeceptomic controls,SLC6A3,TemporalLobe
SLC6A3|EXACT_SINGLE_PROTEIN|HSAMP_f43595f3557cf05e6a721aeb|HUMAN_BIOGPS_GNF1H_GCRMA_77_TISSUE_DDOF1,0.5666983409912103,0.5905058786015197,-0.023807537610309404,HISTORICAL_HISTORECEPTOMIC_CONTROLS,Historical historeceptomic controls,SLC6A3,Thalamus
SLC6A3|EXACT_SINGLE_PROTEIN|HSAMP_ff841df7ecd9f2c8ea2660f5|HUMAN_BIOGPS_GNF1H_GCRMA_77_TISSUE_DDOF1,-1.1424650971158654,-1.4457076579552646,0.30324256083939916,HISTORICAL_HISTORECEPTOMIC_CONTROLS,Historical historeceptomic controls,SLC6A3,OlfactoryBulb
SLC6A4|EXACT_SINGLE_PROTEIN|HSAMP_06645e2e8409a5b743985cdd|HUMAN_BIOGPS_GNF1H_GCRMA_77_TISSUE_DDOF1,-0.25135445637222936,-0.6518387120430953,0.40048425567086593,HISTORICAL_HISTORECEPTOMIC_CONTROLS,Historical historeceptomic controls,SLC6A4,Wholebrain
SLC6A4|EXACT_SINGLE_PROTEIN|HSAMP_0cb8b4d1db8c390eeeecca55|HUMAN_BIOGPS_GNF1H_GCRMA_77_TISSUE_DDOF1,0.07188917544024263,-0.09983059999031772,0.17171977543056036,HISTORICAL_HISTORECEPTOMIC_CONTROLS,Historical historeceptomic controls,SLC6A4,Pons
SLC6A4|EXACT_SINGLE_PROTEIN|HSAMP_13a552b6ffc4aac3b85a50ca|HUMAN_BIOGPS_GNF1H_GCRMA_77_TISSUE_DDOF1,0.0271444976889488,-0.22718279709822314,0.2543272947871719,HISTORICAL_HISTORECEPTOMIC_CONTROLS,Historical historeceptomic controls,SLC6A4,Amygdala
SLC6A4|EXACT_SINGLE_PROTEIN|HSAMP_192dff4b8df5862a227b1163|HUMAN_BIOGPS_GNF1H_GCRMA_77_TISSUE_DDOF1,-0.1367075388384357,-0.5397924784311968,0.40308493959276115,HISTORICAL_HISTORECEPTOMIC_CONTROLS,Historical historeceptomic controls,SLC6A4,SubthalamicNucleus
SLC6A4|EXACT_SINGLE_PROTEIN|HSAMP_20b60708f05d03c76f9fe702|HUMAN_BIOGPS_GNF1H_GCRMA_77_TISSUE_DDOF1,0.1102442582911983,0.0020217232945143855,0.10822253499668391,HISTORICAL_HISTORECEPTOMIC_CONTROLS,Historical historeceptomic controls,SLC6A4,CerebellumPeduncles
SLC6A4|EXACT_SINGLE_PROTEIN|HSAMP_374f872ebf1bbba2be514f9f|HUMAN_BIOGPS_GNF1H_GCRMA_77_TISSUE_DDOF1,-0.4371859824980134,-0.8401570711939075,0.4029710886958941,HISTORICAL_HISTORECEPTOMIC_CONTROLS,Historical historeceptomic controls,SLC6A4,GlobusPallidus
SLC6A4|EXACT_SINGLE_PROTEIN|HSAMP_5c090f15f3e5194312a7e8ed|HUMAN_BIOGPS_GNF1H_GCRMA_77_TISSUE_DDOF1,-0.054655890656651725,-0.4253133718511796,0.3706574811945279,HISTORICAL_HISTORECEPTOMIC_CONTROLS,Historical historeceptomic controls,SLC6A4,MedullaOblongata
SLC6A4|EXACT_SINGLE_PROTEIN|HSAMP_752ebc880edc13bb4e2b2de8|HUMAN_BIOGPS_GNF1H_GCRMA_77_TISSUE_DDOF1,0.2907949004382928,0.20787406627181884,0.08292083416647397,HISTORICAL_HISTORECEPTOMIC_CONTROLS,Historical historeceptomic controls,SLC6A4,PrefrontalCortex
SLC6A4|EXACT_SINGLE_PROTEIN|HSAMP_7725bb8a75064c4d7246d9ba|HUMAN_BIOGPS_GNF1H_GCRMA_77_TISSUE_DDOF1,-0.17884169477383446,-0.5895340423104884,0.41069234753665396,HISTORICAL_HISTORECEPTOMIC_CONTROLS,Historical historeceptomic controls,SLC6A4,OccipitalLobe
SLC6A4|EXACT_SINGLE_PROTEIN|HSAMP_8ed020260a1d25cf72324c8a|HUMAN_BIOGPS_GNF1H_GCRMA_77_TISSUE_DDOF1,0.0271444976889488,-0.22718279709822314,0.2543272947871719,HISTORICAL_HISTORECEPTOMIC_CONTROLS,Historical historeceptomic controls,SLC6A4,Hypothalamus
SLC6A4|EXACT_SINGLE_PROTEIN|HSAMP_936b77a4b11b5c19027de438|HUMAN_BIOGPS_GNF1H_GCRMA_77_TISSUE_DDOF1,0.05055470938774039,-0.15794964248845547,0.20850435187619587,HISTORICAL_HISTORECEPTOMIC_CONTROLS,Historical historeceptomic controls,SLC6A4,Spinalcord
SLC6A4|EXACT_SINGLE_PROTEIN|HSAMP_9aa72e4fb1ff63e1792b1ec7|HUMAN_BIOGPS_GNF1H_GCRMA_77_TISSUE_DDOF1,0.9355939929881446,1.1704532451157865,-0.23485925212764192,HISTORICAL_HISTORECEPTOMIC_CONTROLS,Historical historeceptomic controls,SLC6A4,Cerebellum
SLC6A4|EXACT_SINGLE_PROTEIN|HSAMP_a32ce488a48b0df9b8c4c40a|HUMAN_BIOGPS_GNF1H_GCRMA_77_TISSUE_DDOF1,0.09786726621788498,-0.014466037192581443,0.11233330341046642,HISTORICAL_HISTORECEPTOMIC_CONTROLS,Historical historeceptomic controls,SLC6A4,Caudatenucleus
SLC6A4|EXACT_SINGLE_PROTEIN|HSAMP_d99ba5ea584363f8600ade55|HUMAN_BIOGPS_GNF1H_GCRMA_77_TISSUE_DDOF1,-0.0003896569041729336,-0.3021348029104422,0.3017451460062693,HISTORICAL_HISTORECEPTOMIC_CONTROLS,Historical historeceptomic controls,SLC6A4,CingulateCortex
SLC6A4|EXACT_SINGLE_PROTEIN|HSAMP_e75262fc0acfda69d976a6d3|HUMAN_BIOGPS_GNF1H_GCRMA_77_TISSUE_DDOF1,0.09786726621788498,-0.014466037192581443,0.11233330341046642,HISTORICAL_HISTORECEPTOMIC_CONTROLS,Historical historeceptomic controls,SLC6A4,ParietalLobe
SLC6A4|EXACT_SINGLE_PROTEIN|HSAMP_eb2587e74e2d6457032d4ae7|HUMAN_BIOGPS_GNF1H_GCRMA_77_TISSUE_DDOF1,-0.17884169477383446,-0.5895340423104884,0.41069234753665396,HISTORICAL_HISTORECEPTOMIC_CONTROLS,Historical historeceptomic controls,SLC6A4,TemporalLobe
SLC6A4|EXACT_SINGLE_PROTEIN|HSAMP_f43595f3557cf05e6a721aeb|HUMAN_BIOGPS_GNF1H_GCRMA_77_TISSUE_DDOF1,-0.011083252746525038,-0.3367608728548797,0.32567762010835466,HISTORICAL_HISTORECEPTOMIC_CONTROLS,Historical historeceptomic controls,SLC6A4,Thalamus
SLC6A4|EXACT_SINGLE_PROTEIN|HSAMP_ff841df7ecd9f2c8ea2660f5|HUMAN_BIOGPS_GNF1H_GCRMA_77_TISSUE_DDOF1,-0.36220970206270436,-0.7621103593268598,0.3999006572641554,HISTORICAL_HISTORECEPTOMIC_CONTROLS,Historical historeceptomic controls,SLC6A4,OlfactoryBulb
ADRA1A|EXACT_SINGLE_PROTEIN|HSAMP_06645e2e8409a5b743985cdd|HUMAN_BIOGPS_GNF1H_GCRMA_77_TISSUE_DDOF1,-1.5437279671639712,0.014545017107334645,-1.558272984271306,MONOAMINERGIC_ANTIDEPRESSANTS,Monoaminergic antidepressants,ADRA1A,Wholebrain
ADRA1A|EXACT_SINGLE_PROTEIN|HSAMP_0cb8b4d1db8c390eeeecca55|HUMAN_BIOGPS_GNF1H_GCRMA_77_TISSUE_DDOF1,1.4195828780719864,0.6911419077176716,0.7284409703543148,MONOAMINERGIC_ANTIDEPRESSANTS,Monoaminergic antidepressants,ADRA1A,Pons
ADRA1A|EXACT_SINGLE_PROTEIN|HSAMP_13a552b6ffc4aac3b85a50ca|HUMAN_BIOGPS_GNF1H_GCRMA_77_TISSUE_DDOF1,0.01727729262442284,0.31696708390608574,-0.2996897912816629,MONOAMINERGIC_ANTIDEPRESSANTS,Monoaminergic antidepressants,ADRA1A,Amygdala
ADRA1A|EXACT_SINGLE_PROTEIN|HSAMP_192dff4b8df5862a227b1163|HUMAN_BIOGPS_GNF1H_GCRMA_77_TISSUE_DDOF1,-0.17327345734461072,0.23756862898768832,-0.410842086332299,MONOAMINERGIC_ANTIDEPRESSANTS,Monoaminergic antidepressants,ADRA1A,SubthalamicNucleus
ADRA1A|EXACT_SINGLE_PROTEIN|HSAMP_20b60708f05d03c76f9fe702|HUMAN_BIOGPS_GNF1H_GCRMA_77_TISSUE_DDOF1,1.2202698721222003,0.648127767935358,0.5721421041868423,MONOAMINERGIC_ANTIDEPRESSANTS,Monoaminergic antidepressants,ADRA1A,CerebellumPeduncles
ADRA1A|EXACT_SINGLE_PROTEIN|HSAMP_374f872ebf1bbba2be514f9f|HUMAN_BIOGPS_GNF1H_GCRMA_77_TISSUE_DDOF1,-1.0125913122842531,0.08835352220492006,-1.1009448344891732,MONOAMINERGIC_ANTIDEPRESSANTS,Monoaminergic antidepressants,ADRA1A,GlobusPallidus
ADRA1A|EXACT_SINGLE_PROTEIN|HSAMP_5c090f15f3e5194312a7e8ed|HUMAN_BIOGPS_GNF1H_GCRMA_77_TISSUE_DDOF1,-0.7142836231329676,0.1376702210104309,-0.8519538441433985,MONOAMINERGIC_ANTIDEPRESSANTS,Monoaminergic antidepressants,ADRA1A,MedullaOblongata
ADRA1A|EXACT_SINGLE_PROTEIN|HSAMP_752ebc880edc13bb4e2b2de8|HUMAN_BIOGPS_GNF1H_GCRMA_77_TISSUE_DDOF1,1.0330401383418797,0.5925804265325865,0.4404597118092932,MONOAMINERGIC_ANTIDEPRESSANTS,Monoaminergic antidepressants,ADRA1A,PrefrontalCortex
ADRA1A|EXACT_SINGLE_PROTEIN|HSAMP_7725bb8a75064c4d7246d9ba|HUMAN_BIOGPS_GNF1H_GCRMA_77_TISSUE_DDOF1,-0.7735111971300326,0.12594013902695755,-0.8994513361569901,MONOAMINERGIC_ANTIDEPRESSANTS,Monoaminergic antidepressants,ADRA1A,OccipitalLobe
ADRA1A|EXACT_SINGLE_PROTEIN|HSAMP_8ed020260a1d25cf72324c8a|HUMAN_BIOGPS_GNF1H_GCRMA_77_TISSUE_DDOF1,0.48383712564449033,0.4741907933223091,0.009646332322181206,MONOAMINERGIC_ANTIDEPRESSANTS,Monoaminergic antidepressants,ADRA1A,Hypothalamus
ADRA1A|EXACT_SINGLE_PROTEIN|HSAMP_936b77a4b11b5c19027de438|HUMAN_BIOGPS_GNF1H_GCRMA_77_TISSUE_DDOF1,0.6803833642951119,0.5162865548455283,0.1640968094495836,MONOAMINERGIC_ANTIDEPRESSANTS,Monoaminergic antidepressants,ADRA1A,Spinalcord
ADRA1A|EXACT_SINGLE_PROTEIN|HSAMP_9aa72e4fb1ff63e1792b1ec7|HUMAN_BIOGPS_GNF1H_GCRMA_77_TISSUE_DDOF1,-1.176829333645712,0.0645316638802742,-1.2413609975259863,MONOAMINERGIC_ANTIDEPRESSANTS,Monoaminergic antidepressants,ADRA1A,Cerebellum
ADRA1A|EXACT_SINGLE_PROTEIN|HSAMP_a32ce488a48b0df9b8c4c40a|HUMAN_BIOGPS_GNF1H_GCRMA_77_TISSUE_DDOF1,-0.7735111971300326,0.12594013902695755,-0.8994513361569901,MONOAMINERGIC_ANTIDEPRESSANTS,Monoaminergic antidepressants,ADRA1A,Caudatenucleus
ADRA1A|EXACT_SINGLE_PROTEIN|HSAMP_d99ba5ea584363f8600ade55|HUMAN_BIOGPS_GNF1H_GCRMA_77_TISSUE_DDOF1,0.5697969462378093,0.4985943428475091,0.07120260339030021,MONOAMINERGIC_ANTIDEPRESSANTS,Monoaminergic antidepressants,ADRA1A,CingulateCortex
ADRA1A|EXACT_SINGLE_PROTEIN|HSAMP_e75262fc0acfda69d976a6d3|HUMAN_BIOGPS_GNF1H_GCRMA_77_TISSUE_DDOF1,0.7908831192896955,0.5326937574810886,0.25818936180860685,MONOAMINERGIC_ANTIDEPRESSANTS,Monoaminergic antidepressants,ADRA1A,ParietalLobe
ADRA1A|EXACT_SINGLE_PROTEIN|HSAMP_eb2587e74e2d6457032d4ae7|HUMAN_BIOGPS_GNF1H_GCRMA_77_TISSUE_DDOF1,-0.47438680247321735,0.17421840742431918,-0.6486052098975366,MONOAMINERGIC_ANTIDEPRESSANTS,Monoaminergic antidepressants,ADRA1A,TemporalLobe
ADRA1A|EXACT_SINGLE_PROTEIN|HSAMP_f43595f3557cf05e6a721aeb|HUMAN_BIOGPS_GNF1H_GCRMA_77_TISSUE_DDOF1,0.2937959716720335,0.4479091649693456,-0.1541131932973121,MONOAMINERGIC_ANTIDEPRESSANTS,Monoaminergic antidepressants,ADRA1A,Thalamus
ADRA1A|EXACT_SINGLE_PROTEIN|HSAMP_ff841df7ecd9f2c8ea2660f5|HUMAN_BIOGPS_GNF1H_GCRMA_77_TISSUE_DDOF1,-1.3916941247707881,0.03061401662346141,-1.4223081413942495,MONOAMINERGIC_ANTIDEPRESSANTS,Monoaminergic antidepressants,ADRA1A,OlfactoryBulb
ADRA2A|EXACT_SINGLE_PROTEIN|HSAMP_06645e2e8409a5b743985cdd|HUMAN_BIOGPS_GNF1H_GCRMA_77_TISSUE_DDOF1,1.3256712318464634,0.7218124676362176,0.6038587642102458,MONOAMINERGIC_ANTIDEPRESSANTS,Monoaminergic antidepressants,ADRA2A,Wholebrain
ADRA2A|EXACT_SINGLE_PROTEIN|HSAMP_0cb8b4d1db8c390eeeecca55|HUMAN_BIOGPS_GNF1H_GCRMA_77_TISSUE_DDOF1,-0.5044395774634475,0.14659502835096988,-0.6510346058144174,MONOAMINERGIC_ANTIDEPRESSANTS,Monoaminergic antidepressants,ADRA2A,Pons
ADRA2A|EXACT_SINGLE_PROTEIN|HSAMP_13a552b6ffc4aac3b85a50ca|HUMAN_BIOGPS_GNF1H_GCRMA_77_TISSUE_DDOF1,0.5741290899637739,0.5061407857396009,0.06798830422417301,MONOAMINERGIC_ANTIDEPRESSANTS,Monoaminergic antidepressants,ADRA2A,Amygdala
ADRA2A|EXACT_SINGLE_PROTEIN|HSAMP_192dff4b8df5862a227b1163|HUMAN_BIOGPS_GNF1H_GCRMA_77_TISSUE_DDOF1,-0.6732064603943135,0.11888316855285588,-0.7920896289471694,MONOAMINERGIC_ANTIDEPRESSANTS,Monoaminergic antidepressants,ADRA2A,SubthalamicNucleus
ADRA2A|EXACT_SINGLE_PROTEIN|HSAMP_20b60708f05d03c76f9fe702|HUMAN_BIOGPS_GNF1H_GCRMA_77_TISSUE_DDOF1,0.5992580300558955,0.5108989676084178,0.08835906244747771,MONOAMINERGIC_ANTIDEPRESSANTS,Monoaminergic antidepressants,ADRA2A,CerebellumPeduncles
ADRA2A|EXACT_SINGLE_PROTEIN|HSAMP_374f872ebf1bbba2be514f9f|HUMAN_BIOGPS_GNF1H_GCRMA_77_TISSUE_DDOF1,-1.129932837769179,0.02465919295865834,-1.1545920307278374,MONOAMINERGIC_ANTIDEPRESSANTS,Monoaminergic antidepressants,ADRA2A,GlobusPallidus
ADRA2A|EXACT_SINGLE_PROTEIN|HSAMP_5c090f15f3e5194312a7e8ed|HUMAN_BIOGPS_GNF1H_GCRMA_77_TISSUE_DDOF1,-0.7142836231329676,0.11179643000042505,-0.8260800531333926,MONOAMINERGIC_ANTIDEPRESSANTS,Monoaminergic antidepressants,ADRA2A,MedullaOblongata
ADRA2A|EXACT_SINGLE_PROTEIN|HSAMP_752ebc880edc13bb4e2b2de8|HUMAN_BIOGPS_GNF1H_GCRMA_77_TISSUE_DDOF1,0.6639939006317417,0.5201803571852894,0.14381354344645225,MONOAMINERGIC_ANTIDEPRESSANTS,Monoaminergic antidepressants,ADRA2A,PrefrontalCortex
ADRA2A|EXACT_SINGLE_PROTEIN|HSAMP_7725bb8a75064c4d7246d9ba|HUMAN_BIOGPS_GNF1H_GCRMA_77_TISSUE_DDOF1,-0.6732064603943135,0.11888316855285588,-0.7920896289471694,MONOAMINERGIC_ANTIDEPRESSANTS,Monoaminergic antidepressants,ADRA2A,OccipitalLobe
ADRA2A|EXACT_SINGLE_PROTEIN|HSAMP_8ed020260a1d25cf72324c8a|HUMAN_BIOGPS_GNF1H_GCRMA_77_TISSUE_DDOF1,0.22956957141467732,0.43558029043638474,-0.20601071902170742,MONOAMINERGIC_ANTIDEPRESSANTS,Monoaminergic antidepressants,ADRA2A,Hypothalamus
ADRA2A|EXACT_SINGLE_PROTEIN|HSAMP_936b77a4b11b5c19027de438|HUMAN_BIOGPS_GNF1H_GCRMA_77_TISSUE_DDOF1,-0.047357446085577085,0.23756928315904843,-0.28492672924462553,MONOAMINERGIC_ANTIDEPRESSANTS,Monoaminergic antidepressants,ADRA2A,Spinalcord
ADRA2A|EXACT_SINGLE_PROTEIN|HSAMP_9aa72e4fb1ff63e1792b1ec7|HUMAN_BIOGPS_GNF1H_GCRMA_77_TISSUE_DDOF1,-0.8108793577649526,0.08833174964591282,-0.8992111074108654,MONOAMINERGIC_ANTIDEPRESSANTS,Monoaminergic antidepressants,ADRA2A,Cerebellum
ADRA2A|EXACT_SINGLE_PROTEIN|HSAMP_a32ce488a48b0df9b8c4c40a|HUMAN_BIOGPS_GNF1H_GCRMA_77_TISSUE_DDOF1,-0.733236447782707,0.10848468089756388,-0.8417211286802709,MONOAMINERGIC_ANTIDEPRESSANTS,Monoaminergic antidepressants,ADRA2A,Caudatenucleus
ADRA2A|EXACT_SINGLE_PROTEIN|HSAMP_d99ba5ea584363f8600ade55|HUMAN_BIOGPS_GNF1H_GCRMA_77_TISSUE_DDOF1,-0.2634322811930612,0.1763715312042557,-0.4398038123973169,MONOAMINERGIC_ANTIDEPRESSANTS,Monoaminergic antidepressants,ADRA2A,CingulateCortex
ADRA2A|EXACT_SINGLE_PROTEIN|HSAMP_e75262fc0acfda69d976a6d3|HUMAN_BIOGPS_GNF1H_GCRMA_77_TISSUE_DDOF1,0.055922154422395114,0.3014593455503561,-0.24553719112796096,MONOAMINERGIC_ANTIDEPRESSANTS,Monoaminergic antidepressants,ADRA2A,ParietalLobe
ADRA2A|EXACT_SINGLE_PROTEIN|HSAMP_eb2587e74e2d6457032d4ae7|HUMAN_BIOGPS_GNF1H_GCRMA_77_TISSUE_DDOF1,-0.5955305040679503,0.12978307314472634,-0.7253135772126766,MONOAMINERGIC_ANTIDEPRESSANTS,Monoaminergic antidepressants,ADRA2A,TemporalLobe
ADRA2A|EXACT_SINGLE_PROTEIN|HSAMP_f43595f3557cf05e6a721aeb|HUMAN_BIOGPS_GNF1H_GCRMA_77_TISSUE_DDOF1,-0.2634322811930612,0.1763715312042557,-0.4398038123973169,MONOAMINERGIC_ANTIDEPRESSANTS,Monoaminergic antidepressants,ADRA2A,Thalamus
ADRA2A|EXACT_SINGLE_PROTEIN|HSAMP_ff841df7ecd9f2c8ea2660f5|HUMAN_BIOGPS_GNF1H_GCRMA_77_TISSUE_DDOF1,-1.0157075272297438,0.047503383298423844,-1.0632109105281675,MONOAMINERGIC_ANTIDEPRESSANTS,Monoaminergic antidepressants,ADRA2A,OlfactoryBulb
ADRA2B|EXACT_SINGLE_PROTEIN|HSAMP_06645e2e8409a5b743985cdd|HUMAN_BIOGPS_GNF1H_GCRMA_77_TISSUE_DDOF1,-1.081013102938054,-0.6975180663478833,-0.3834950365901708,MONOAMINERGIC_ANTIDEPRESSANTS,Monoaminergic antidepressants,ADRA2B,Wholebrain
ADRA2B|EXACT_SINGLE_PROTEIN|HSAMP_0cb8b4d1db8c390eeeecca55|HUMAN_BIOGPS_GNF1H_GCRMA_77_TISSUE_DDOF1,-0.19085554650662634,-0.08766818627795267,-0.10318736022867367,MONOAMINERGIC_ANTIDEPRESSANTS,Monoaminergic antidepressants,ADRA2B,Pons
ADRA2B|EXACT_SINGLE_PROTEIN|HSAMP_13a552b6ffc4aac3b85a50ca|HUMAN_BIOGPS_GNF1H_GCRMA_77_TISSUE_DDOF1,0.8015037237186955,0.7125262332884541,0.08897749043024139,MONOAMINERGIC_ANTIDEPRESSANTS,Monoaminergic antidepressants,ADRA2B,Amygdala
ADRA2B|EXACT_SINGLE_PROTEIN|HSAMP_192dff4b8df5862a227b1163|HUMAN_BIOGPS_GNF1H_GCRMA_77_TISSUE_DDOF1,-0.5960540842206639,-0.3269849257125809,-0.26906915850808294,MONOAMINERGIC_ANTIDEPRESSANTS,Monoaminergic antidepressants,ADRA2B,SubthalamicNucleus
ADRA2B|EXACT_SINGLE_PROTEIN|HSAMP_20b60708f05d03c76f9fe702|HUMAN_BIOGPS_GNF1H_GCRMA_77_TISSUE_DDOF1,1.0999181395371558,0.9614446437311881,0.13847349580596768,MONOAMINERGIC_ANTIDEPRESSANTS,Monoaminergic antidepressants,ADRA2B,CerebellumPeduncles
ADRA2B|EXACT_SINGLE_PROTEIN|HSAMP_374f872ebf1bbba2be514f9f|HUMAN_BIOGPS_GNF1H_GCRMA_77_TISSUE_DDOF1,-1.7950706659821885,-1.2946364915912099,-0.5004341743909786,MONOAMINERGIC_ANTIDEPRESSANTS,Monoaminergic antidepressants,ADRA2B,GlobusPallidus
ADRA2B|EXACT_SINGLE_PROTEIN|HSAMP_5c090f15f3e5194312a7e8ed|HUMAN_BIOGPS_GNF1H_GCRMA_77_TISSUE_DDOF1,-0.5960540842206639,-0.3269849257125809,-0.26906915850808294,MONOAMINERGIC_ANTIDEPRESSANTS,Monoaminergic antidepressants,ADRA2B,MedullaOblongata
ADRA2B|EXACT_SINGLE_PROTEIN|HSAMP_752ebc880edc13bb4e2b2de8|HUMAN_BIOGPS_GNF1H_GCRMA_77_TISSUE_DDOF1,1.4747756920705977,1.2293599179785797,0.24541577409201798,MONOAMINERGIC_ANTIDEPRESSANTS,Monoaminergic antidepressants,ADRA2B,PrefrontalCortex
ADRA2B|EXACT_SINGLE_PROTEIN|HSAMP_7725bb8a75064c4d7246d9ba|HUMAN_BIOGPS_GNF1H_GCRMA_77_TISSUE_DDOF1,-0.6793234109591311,-0.3886845323675817,-0.29063887859154935,MONOAMINERGIC_ANTIDEPRESSANTS,Monoaminergic antidepressants,ADRA2B,OccipitalLobe
ADRA2B|EXACT_SINGLE_PROTEIN|HSAMP_8ed020260a1d25cf72324c8a|HUMAN_BIOGPS_GNF1H_GCRMA_77_TISSUE_DDOF1,0.9398984229482849,0.8225358419510874,0.11736258099719743,MONOAMINERGIC_ANTIDEPRESSANTS,Monoaminergic antidepressants,ADRA2B,Hypothalamus
ADRA2B|EXACT_SINGLE_PROTEIN|HSAMP_936b77a4b11b5c19027de438|HUMAN_BIOGPS_GNF1H_GCRMA_77_TISSUE_DDOF1,0.8943310695375521,0.787344187708666,0.10698688182888616,MONOAMINERGIC_ANTIDEPRESSANTS,Monoaminergic antidepressants,ADRA2B,Spinalcord
ADRA2B|EXACT_SINGLE_PROTEIN|HSAMP_9aa72e4fb1ff63e1792b1ec7|HUMAN_BIOGPS_GNF1H_GCRMA_77_TISSUE_DDOF1,-1.3071910274498197,-0.9319710268450653,-0.37522000060475447,MONOAMINERGIC_ANTIDEPRESSANTS,Monoaminergic antidepressants,ADRA2B,Cerebellum
ADRA2B|EXACT_SINGLE_PROTEIN|HSAMP_a32ce488a48b0df9b8c4c40a|HUMAN_BIOGPS_GNF1H_GCRMA_77_TISSUE_DDOF1,-0.6793234109591311,-0.3886845323675817,-0.29063887859154935,MONOAMINERGIC_ANTIDEPRESSANTS,Monoaminergic antidepressants,ADRA2B,Caudatenucleus
ADRA2B|EXACT_SINGLE_PROTEIN|HSAMP_d99ba5ea584363f8600ade55|HUMAN_BIOGPS_GNF1H_GCRMA_77_TISSUE_DDOF1,0.6885996288359957,0.6313387833607502,0.05726084547524546,MONOAMINERGIC_ANTIDEPRESSANTS,Monoaminergic antidepressants,ADRA2B,CingulateCortex
ADRA2B|EXACT_SINGLE_PROTEIN|HSAMP_e75262fc0acfda69d976a6d3|HUMAN_BIOGPS_GNF1H_GCRMA_77_TISSUE_DDOF1,0.8015037237186955,0.7125262332884541,0.08897749043024139,MONOAMINERGIC_ANTIDEPRESSANTS,Monoaminergic antidepressants,ADRA2B,ParietalLobe
ADRA2B|EXACT_SINGLE_PROTEIN|HSAMP_eb2587e74e2d6457032d4ae7|HUMAN_BIOGPS_GNF1H_GCRMA_77_TISSUE_DDOF1,-0.5960540842206639,-0.3269849257125809,-0.26906915850808294,MONOAMINERGIC_ANTIDEPRESSANTS,Monoaminergic antidepressants,ADRA2B,TemporalLobe
ADRA2B|EXACT_SINGLE_PROTEIN|HSAMP_f43595f3557cf05e6a721aeb|HUMAN_BIOGPS_GNF1H_GCRMA_77_TISSUE_DDOF1,0.5957988184928056,0.5742309587914315,0.021567859701374092,MONOAMINERGIC_ANTIDEPRESSANTS,Monoaminergic antidepressants,ADRA2B,Thalamus
ADRA2B|EXACT_SINGLE_PROTEIN|HSAMP_ff841df7ecd9f2c8ea2660f5|HUMAN_BIOGPS_GNF1H_GCRMA_77_TISSUE_DDOF1,-1.4188882087327248,-1.016727076431092,-0.40216113230163275,MONOAMINERGIC_ANTIDEPRESSANTS,Monoaminergic antidepressants,ADRA2B,OlfactoryBulb
ADRA2C|EXACT_SINGLE_PROTEIN|HSAMP_06645e2e8409a5b743985cdd|HUMAN_BIOGPS_GNF1H_GCRMA_77_TISSUE_DDOF1,-1.0157075272297438,0.0496407119210957,-1.0653482391508395,MONOAMINERGIC_ANTIDEPRESSANTS,Monoaminergic antidepressants,ADRA2C,Wholebrain
ADRA2C|EXACT_SINGLE_PROTEIN|HSAMP_0cb8b4d1db8c390eeeecca55|HUMAN_BIOGPS_GNF1H_GCRMA_77_TISSUE_DDOF1,1.1871452865866186,0.6821191598374504,0.5050261267491681,MONOAMINERGIC_ANTIDEPRESSANTS,Monoaminergic antidepressants,ADRA2C,Pons
ADRA2C|EXACT_SINGLE_PROTEIN|HSAMP_13a552b6ffc4aac3b85a50ca|HUMAN_BIOGPS_GNF1H_GCRMA_77_TISSUE_DDOF1,0.422807042795757,0.46621579287387926,-0.04340875007812228,MONOAMINERGIC_ANTIDEPRESSANTS,Monoaminergic antidepressants,ADRA2C,Amygdala
ADRA2C|EXACT_SINGLE_PROTEIN|HSAMP_192dff4b8df5862a227b1163|HUMAN_BIOGPS_GNF1H_GCRMA_77_TISSUE_DDOF1,-0.5848132215317517,0.13585302351808584,-0.7206662450498376,MONOAMINERGIC_ANTIDEPRESSANTS,Monoaminergic antidepressants,ADRA2C,SubthalamicNucleus
ADRA2C|EXACT_SINGLE_PROTEIN|HSAMP_20b60708f05d03c76f9fe702|HUMAN_BIOGPS_GNF1H_GCRMA_77_TISSUE_DDOF1,1.2527025925413384,0.7010944925708351,0.5516080999705033,MONOAMINERGIC_ANTIDEPRESSANTS,Monoaminergic antidepressants,ADRA2C,CerebellumPeduncles
ADRA2C|EXACT_SINGLE_PROTEIN|HSAMP_374f872ebf1bbba2be514f9f|HUMAN_BIOGPS_GNF1H_GCRMA_77_TISSUE_DDOF1,0.8881172637591862,0.5686005410032368,0.31951672275594944,MONOAMINERGIC_ANTIDEPRESSANTS,Monoaminergic antidepressants,ADRA2C,GlobusPallidus
ADRA2C|EXACT_SINGLE_PROTEIN|HSAMP_5c090f15f3e5194312a7e8ed|HUMAN_BIOGPS_GNF1H_GCRMA_77_TISSUE_DDOF1,-0.5483840564311945,0.13857540633710963,-0.6869594627683041,MONOAMINERGIC_ANTIDEPRESSANTS,Monoaminergic antidepressants,ADRA2C,MedullaOblongata
ADRA2C|EXACT_SINGLE_PROTEIN|HSAMP_752ebc880edc13bb4e2b2de8|HUMAN_BIOGPS_GNF1H_GCRMA_77_TISSUE_DDOF1,0.8685906746985917,0.5651690080662649,0.30342166663232684,MONOAMINERGIC_ANTIDEPRESSANTS,Monoaminergic antidepressants,ADRA2C,PrefrontalCortex
ADRA2C|EXACT_SINGLE_PROTEIN|HSAMP_7725bb8a75064c4d7246d9ba|HUMAN_BIOGPS_GNF1H_GCRMA_77_TISSUE_DDOF1,-0.4668564817714058,0.15148354027212782,-0.6183400220435337,MONOAMINERGIC_ANTIDEPRESSANTS,Monoaminergic antidepressants,ADRA2C,OccipitalLobe
ADRA2C|EXACT_SINGLE_PROTEIN|HSAMP_8ed020260a1d25cf72324c8a|HUMAN_BIOGPS_GNF1H_GCRMA_77_TISSUE_DDOF1,-0.29018208286083713,0.1743034961623717,-0.46448557902320886,MONOAMINERGIC_ANTIDEPRESSANTS,Monoaminergic antidepressants,ADRA2C,Hypothalamus
ADRA2C|EXACT_SINGLE_PROTEIN|HSAMP_936b77a4b11b5c19027de438|HUMAN_BIOGPS_GNF1H_GCRMA_77_TISSUE_DDOF1,0.07252381466825766,0.31940057335518346,-0.2468767586869258,MONOAMINERGIC_ANTIDEPRESSANTS,Monoaminergic antidepressants,ADRA2C,Spinalcord
ADRA2C|EXACT_SINGLE_PROTEIN|HSAMP_9aa72e4fb1ff63e1792b1ec7|HUMAN_BIOGPS_GNF1H_GCRMA_77_TISSUE_DDOF1,-0.974213409077616,0.06152952275206043,-1.0357429318296765,MONOAMINERGIC_ANTIDEPRESSANTS,Monoaminergic antidepressants,ADRA2C,Cerebellum
ADRA2C|EXACT_SINGLE_PROTEIN|HSAMP_a32ce488a48b0df9b8c4c40a|HUMAN_BIOGPS_GNF1H_GCRMA_77_TISSUE_DDOF1,1.2402225586858004,0.6952856912505438,0.5449368674352566,MONOAMINERGIC_ANTIDEPRESSANTS,Monoaminergic antidepressants,ADRA2C,Caudatenucleus
ADRA2C|EXACT_SINGLE_PROTEIN|HSAMP_d99ba5ea584363f8600ade55|HUMAN_BIOGPS_GNF1H_GCRMA_77_TISSUE_DDOF1,0.933270355461989,0.5808869110635098,0.35238344439847924,MONOAMINERGIC_ANTIDEPRESSANTS,Monoaminergic antidepressants,ADRA2C,CingulateCortex
ADRA2C|EXACT_SINGLE_PROTEIN|HSAMP_e75262fc0acfda69d976a6d3|HUMAN_BIOGPS_GNF1H_GCRMA_77_TISSUE_DDOF1,0.18156492528368454,0.4277886796432366,-0.24622375435955204,MONOAMINERGIC_ANTIDEPRESSANTS,Monoaminergic antidepressants,ADRA2C,ParietalLobe
ADRA2C|EXACT_SINGLE_PROTEIN|HSAMP_eb2587e74e2d6457032d4ae7|HUMAN_BIOGPS_GNF1H_GCRMA_77_TISSUE_DDOF1,-0.0750434307571286,0.22927330323598605,-0.30431673399311465,MONOAMINERGIC_ANTIDEPRESSANTS,Monoaminergic antidepressants,ADRA2C,TemporalLobe
ADRA2C|EXACT_SINGLE_PROTEIN|HSAMP_f43595f3557cf05e6a721aeb|HUMAN_BIOGPS_GNF1H_GCRMA_77_TISSUE_DDOF1,0.8099409524234332,0.5519458096504138,0.2579951427730194,MONOAMINERGIC_ANTIDEPRESSANTS,Monoaminergic antidepressants,ADRA2C,Thalamus
ADRA2C|EXACT_SINGLE_PROTEIN|HSAMP_ff841df7ecd9f2c8ea2660f5|HUMAN_BIOGPS_GNF1H_GCRMA_77_TISSUE_DDOF1,-1.051608640108919,0.042980651861179595,-1.0945892919700986,MONOAMINERGIC_ANTIDEPRESSANTS,Monoaminergic antidepressants,ADRA2C,OlfactoryBulb
ADRB1|EXACT_SINGLE_PROTEIN|HSAMP_06645e2e8409a5b743985cdd|HUMAN_BIOGPS_GNF1H_GCRMA_77_TISSUE_DDOF1,-0.7141563155466898,0.1566684408394547,-0.8708247563861444,MONOAMINERGIC_ANTIDEPRESSANTS,Monoaminergic antidepressants,ADRB1,Wholebrain
ADRB1|EXACT_SINGLE_PROTEIN|HSAMP_0cb8b4d1db8c390eeeecca55|HUMAN_BIOGPS_GNF1H_GCRMA_77_TISSUE_DDOF1,0.2837272094134519,0.4551353661859643,-0.17140815677251237,MONOAMINERGIC_ANTIDEPRESSANTS,Monoaminergic antidepressants,ADRB1,Pons
ADRB1|EXACT_SINGLE_PROTEIN|HSAMP_13a552b6ffc4aac3b85a50ca|HUMAN_BIOGPS_GNF1H_GCRMA_77_TISSUE_DDOF1,-0.08144219107044,0.29435161593656123,-0.3757938070070012,MONOAMINERGIC_ANTIDEPRESSANTS,Monoaminergic antidepressants,ADRB1,Amygdala
ADRB1|EXACT_SINGLE_PROTEIN|HSAMP_192dff4b8df5862a227b1163|HUMAN_BIOGPS_GNF1H_GCRMA_77_TISSUE_DDOF1,0.5839908564331898,0.49564681045807896,0.08834404597511086,MONOAMINERGIC_ANTIDEPRESSANTS,Monoaminergic antidepressants,ADRB1,SubthalamicNucleus
ADRB1|EXACT_SINGLE_PROTEIN|HSAMP_20b60708f05d03c76f9fe702|HUMAN_BIOGPS_GNF1H_GCRMA_77_TISSUE_DDOF1,0.7393416021604018,0.5181524002200824,0.22118920194031944,MONOAMINERGIC_ANTIDEPRESSANTS,Monoaminergic antidepressants,ADRB1,CerebellumPeduncles
ADRB1|EXACT_SINGLE_PROTEIN|HSAMP_374f872ebf1bbba2be514f9f|HUMAN_BIOGPS_GNF1H_GCRMA_77_TISSUE_DDOF1,-0.4668564817714058,0.21470971184712928,-0.6815661936185351,MONOAMINERGIC_ANTIDEPRESSANTS,Monoaminergic antidepressants,ADRB1,GlobusPallidus
ADRB1|EXACT_SINGLE_PROTEIN|HSAMP_5c090f15f3e5194312a7e8ed|HUMAN_BIOGPS_GNF1H_GCRMA_77_TISSUE_DDOF1,-0.4821694168786324,0.20925355387225586,-0.6914229707508883,MONOAMINERGIC_ANTIDEPRESSANTS,Monoaminergic antidepressants,ADRB1,MedullaOblongata
ADRB1|EXACT_SINGLE_PROTEIN|HSAMP_752ebc880edc13bb4e2b2de8|HUMAN_BIOGPS_GNF1H_GCRMA_77_TISSUE_DDOF1,0.569170473143565,0.49035104769623167,0.07881942544733328,MONOAMINERGIC_ANTIDEPRESSANTS,Monoaminergic antidepressants,ADRB1,PrefrontalCortex
ADRB1|EXACT_SINGLE_PROTEIN|HSAMP_7725bb8a75064c4d7246d9ba|HUMAN_BIOGPS_GNF1H_GCRMA_77_TISSUE_DDOF1,-0.5461687686101482,0.18658217151624587,-0.7327509401263941,MONOAMINERGIC_ANTIDEPRESSANTS,Monoaminergic antidepressants,ADRB1,OccipitalLobe
ADRB1|EXACT_SINGLE_PROTEIN|HSAMP_8ed020260a1d25cf72324c8a|HUMAN_BIOGPS_GNF1H_GCRMA_77_TISSUE_DDOF1,0.08728974070777511,0.40998989550832254,-0.3227001548005474,MONOAMINERGIC_ANTIDEPRESSANTS,Monoaminergic antidepressants,ADRB1,Hypothalamus
ADRB1|EXACT_SINGLE_PROTEIN|HSAMP_936b77a4b11b5c19027de438|HUMAN_BIOGPS_GNF1H_GCRMA_77_TISSUE_DDOF1,0.08728974070777511,0.40998989550832254,-0.3227001548005474,MONOAMINERGIC_ANTIDEPRESSANTS,Monoaminergic antidepressants,ADRB1,Spinalcord
ADRB1|EXACT_SINGLE_PROTEIN|HSAMP_9aa72e4fb1ff63e1792b1ec7|HUMAN_BIOGPS_GNF1H_GCRMA_77_TISSUE_DDOF1,-0.6925507239086541,0.15914434505768882,-0.851695068966343,MONOAMINERGIC_ANTIDEPRESSANTS,Monoaminergic antidepressants,ADRB1,Cerebellum
ADRB1|EXACT_SINGLE_PROTEIN|HSAMP_a32ce488a48b0df9b8c4c40a|HUMAN_BIOGPS_GNF1H_GCRMA_77_TISSUE_DDOF1,-0.5461687686101482,0.18658217151624587,-0.7327509401263941,MONOAMINERGIC_ANTIDEPRESSANTS,Monoaminergic antidepressants,ADRB1,Caudatenucleus
ADRB1|EXACT_SINGLE_PROTEIN|HSAMP_d99ba5ea584363f8600ade55|HUMAN_BIOGPS_GNF1H_GCRMA_77_TISSUE_DDOF1,0.652683436201902,0.5064543328679659,0.14622910333393602,MONOAMINERGIC_ANTIDEPRESSANTS,Monoaminergic antidepressants,ADRB1,CingulateCortex
ADRB1|EXACT_SINGLE_PROTEIN|HSAMP_e75262fc0acfda69d976a6d3|HUMAN_BIOGPS_GNF1H_GCRMA_77_TISSUE_DDOF1,0.8690862670857428,0.5380171311351464,0.3310691359505964,MONOAMINERGIC_ANTIDEPRESSANTS,Monoaminergic antidepressants,ADRB1,ParietalLobe
ADRB1|EXACT_SINGLE_PROTEIN|HSAMP_eb2587e74e2d6457032d4ae7|HUMAN_BIOGPS_GNF1H_GCRMA_77_TISSUE_DDOF1,-0.3574888479226209,0.22915340211929547,-0.5866422500419164,MONOAMINERGIC_ANTIDEPRESSANTS,Monoaminergic antidepressants,ADRB1,TemporalLobe
ADRB1|EXACT_SINGLE_PROTEIN|HSAMP_f43595f3557cf05e6a721aeb|HUMAN_BIOGPS_GNF1H_GCRMA_77_TISSUE_DDOF1,0.036968827855691416,0.3810850737653678,-0.3441162459096764,MONOAMINERGIC_ANTIDEPRESSANTS,Monoaminergic antidepressants,ADRB1,Thalamus
ADRB1|EXACT_SINGLE_PROTEIN|HSAMP_ff841df7ecd9f2c8ea2660f5|HUMAN_BIOGPS_GNF1H_GCRMA_77_TISSUE_DDOF1,-0.8232697206603634,0.14576064667964567,-0.9690303673400091,MONOAMINERGIC_ANTIDEPRESSANTS,Monoaminergic antidepressants,ADRB1,OlfactoryBulb
CHRM2|EXACT_SINGLE_PROTEIN|HSAMP_06645e2e8409a5b743985cdd|HUMAN_BIOGPS_GNF1H_GCRMA_77_TISSUE_DDOF1,-0.7574001275804327,0.11088610034105428,-0.868286227921487,MONOAMINERGIC_ANTIDEPRESSANTS,Monoaminergic antidepressants,CHRM2,Wholebrain
CHRM2|EXACT_SINGLE_PROTEIN|HSAMP_0cb8b4d1db8c390eeeecca55|HUMAN_BIOGPS_GNF1H_GCRMA_77_TISSUE_DDOF1,-0.3653832947616556,0.16623118397417144,-0.531614478735827,MONOAMINERGIC_ANTIDEPRESSANTS,Monoaminergic antidepressants,CHRM2,Pons
CHRM2|EXACT_SINGLE_PROTEIN|HSAMP_13a552b6ffc4aac3b85a50ca|HUMAN_BIOGPS_GNF1H_GCRMA_77_TISSUE_DDOF1,0.5258989545917097,0.48343258959893964,0.04246636499277001,MONOAMINERGIC_ANTIDEPRESSANTS,Monoaminergic antidepressants,CHRM2,Amygdala
CHRM2|EXACT_SINGLE_PROTEIN|HSAMP_192dff4b8df5862a227b1163|HUMAN_BIOGPS_GNF1H_GCRMA_77_TISSUE_DDOF1,-0.5598986653287035,0.14465598493854662,-0.7045546502672501,MONOAMINERGIC_ANTIDEPRESSANTS,Monoaminergic antidepressants,CHRM2,SubthalamicNucleus
CHRM2|EXACT_SINGLE_PROTEIN|HSAMP_20b60708f05d03c76f9fe702|HUMAN_BIOGPS_GNF1H_GCRMA_77_TISSUE_DDOF1,0.7569183516842588,0.532885184835712,0.2240331668485468,MONOAMINERGIC_ANTIDEPRESSANTS,Monoaminergic antidepressants,CHRM2,CerebellumPeduncles
CHRM2|EXACT_SINGLE_PROTEIN|HSAMP_374f872ebf1bbba2be514f9f|HUMAN_BIOGPS_GNF1H_GCRMA_77_TISSUE_DDOF1,-0.7574001275804327,0.11088610034105428,-0.868286227921487,MONOAMINERGIC_ANTIDEPRESSANTS,Monoaminergic antidepressants,CHRM2,GlobusPallidus
CHRM2|EXACT_SINGLE_PROTEIN|HSAMP_5c090f15f3e5194312a7e8ed|HUMAN_BIOGPS_GNF1H_GCRMA_77_TISSUE_DDOF1,-0.47798387534273784,0.15215205777848298,-0.6301359331212208,MONOAMINERGIC_ANTIDEPRESSANTS,Monoaminergic antidepressants,CHRM2,MedullaOblongata
CHRM2|EXACT_SINGLE_PROTEIN|HSAMP_752ebc880edc13bb4e2b2de8|HUMAN_BIOGPS_GNF1H_GCRMA_77_TISSUE_DDOF1,1.0145542963360945,0.6150859554413306,0.3994683408947639,MONOAMINERGIC_ANTIDEPRESSANTS,Monoaminergic antidepressants,CHRM2,PrefrontalCortex
CHRM2|EXACT_SINGLE_PROTEIN|HSAMP_7725bb8a75064c4d7246d9ba|HUMAN_BIOGPS_GNF1H_GCRMA_77_TISSUE_DDOF1,-0.5598986653287035,0.14465598493854662,-0.7045546502672501,MONOAMINERGIC_ANTIDEPRESSANTS,Monoaminergic antidepressants,CHRM2,OccipitalLobe
CHRM2|EXACT_SINGLE_PROTEIN|HSAMP_8ed020260a1d25cf72324c8a|HUMAN_BIOGPS_GNF1H_GCRMA_77_TISSUE_DDOF1,0.6535991930171212,0.5174049924182178,0.13619420059890341,MONOAMINERGIC_ANTIDEPRESSANTS,Monoaminergic antidepressants,CHRM2,Hypothalamus
CHRM2|EXACT_SINGLE_PROTEIN|HSAMP_936b77a4b11b5c19027de438|HUMAN_BIOGPS_GNF1H_GCRMA_77_TISSUE_DDOF1,0.5798966045664208,0.5060842126794746,0.07381239188694622,MONOAMINERGIC_ANTIDEPRESSANTS,Monoaminergic antidepressants,CHRM2,Spinalcord
CHRM2|EXACT_SINGLE_PROTEIN|HSAMP_9aa72e4fb1ff63e1792b1ec7|HUMAN_BIOGPS_GNF1H_GCRMA_77_TISSUE_DDOF1,-0.6306909781843474,0.12903341924832698,-0.7597243974326744,MONOAMINERGIC_ANTIDEPRESSANTS,Monoaminergic antidepressants,CHRM2,Cerebellum
CHRM2|EXACT_SINGLE_PROTEIN|HSAMP_a32ce488a48b0df9b8c4c40a|HUMAN_BIOGPS_GNF1H_GCRMA_77_TISSUE_DDOF1,-0.6306909781843474,0.12903341924832698,-0.7597243974326744,MONOAMINERGIC_ANTIDEPRESSANTS,Monoaminergic antidepressants,CHRM2,Caudatenucleus
CHRM2|EXACT_SINGLE_PROTEIN|HSAMP_d99ba5ea584363f8600ade55|HUMAN_BIOGPS_GNF1H_GCRMA_77_TISSUE_DDOF1,0.13577879871956952,0.40552901444633604,-0.2697502157267665,MONOAMINERGIC_ANTIDEPRESSANTS,Monoaminergic antidepressants,CHRM2,CingulateCortex
CHRM2|EXACT_SINGLE_PROTEIN|HSAMP_e75262fc0acfda69d976a6d3|HUMAN_BIOGPS_GNF1H_GCRMA_77_TISSUE_DDOF1,0.8281086162368785,0.5521657772786823,0.27594283895819616,MONOAMINERGIC_ANTIDEPRESSANTS,Monoaminergic antidepressants,CHRM2,ParietalLobe
CHRM2|EXACT_SINGLE_PROTEIN|HSAMP_eb2587e74e2d6457032d4ae7|HUMAN_BIOGPS_GNF1H_GCRMA_77_TISSUE_DDOF1,-0.01142305945911525,0.2535852897573771,-0.26500834921649236,MONOAMINERGIC_ANTIDEPRESSANTS,Monoaminergic antidepressants,CHRM2,TemporalLobe
CHRM2|EXACT_SINGLE_PROTEIN|HSAMP_f43595f3557cf05e6a721aeb|HUMAN_BIOGPS_GNF1H_GCRMA_77_TISSUE_DDOF1,0.13577879871956952,0.40552901444633604,-0.2697502157267665,MONOAMINERGIC_ANTIDEPRESSANTS,Monoaminergic antidepressants,CHRM2,Thalamus
CHRM2|EXACT_SINGLE_PROTEIN|HSAMP_ff841df7ecd9f2c8ea2660f5|HUMAN_BIOGPS_GNF1H_GCRMA_77_TISSUE_DDOF1,-0.9473566328514829,0.07455221963060985,-1.0219088524820927,MONOAMINERGIC_ANTIDEPRESSANTS,Monoaminergic antidepressants,CHRM2,OlfactoryBulb
CHRM3|EXACT_SINGLE_PROTEIN|HSAMP_06645e2e8409a5b743985cdd|HUMAN_BIOGPS_GNF1H_GCRMA_77_TISSUE_DDOF1,1.12499387306454,0.8919444522114297,0.2330494208531102,MONOAMINERGIC_ANTIDEPRESSANTS,Monoaminergic antidepressants,CHRM3,Wholebrain
CHRM3|EXACT_SINGLE_PROTEIN|HSAMP_0cb8b4d1db8c390eeeecca55|HUMAN_BIOGPS_GNF1H_GCRMA_77_TISSUE_DDOF1,0.009288874367541939,0.17660383200539345,-0.1673149576378515,MONOAMINERGIC_ANTIDEPRESSANTS,Monoaminergic antidepressants,CHRM3,Pons
CHRM3|EXACT_SINGLE_PROTEIN|HSAMP_13a552b6ffc4aac3b85a50ca|HUMAN_BIOGPS_GNF1H_GCRMA_77_TISSUE_DDOF1,1.2196470178369565,0.966434336125283,0.25321268171167355,MONOAMINERGIC_ANTIDEPRESSANTS,Monoaminergic antidepressants,CHRM3,Amygdala
CHRM3|EXACT_SINGLE_PROTEIN|HSAMP_192dff4b8df5862a227b1163|HUMAN_BIOGPS_GNF1H_GCRMA_77_TISSUE_DDOF1,0.4242907316639165,0.4423144628166702,-0.018023731152753686,MONOAMINERGIC_ANTIDEPRESSANTS,Monoaminergic antidepressants,CHRM3,SubthalamicNucleus
CHRM3|EXACT_SINGLE_PROTEIN|HSAMP_20b60708f05d03c76f9fe702|HUMAN_BIOGPS_GNF1H_GCRMA_77_TISSUE_DDOF1,0.0754253984854567,0.23075602081043795,-0.15533062232498124,MONOAMINERGIC_ANTIDEPRESSANTS,Monoaminergic antidepressants,CHRM3,CerebellumPeduncles
CHRM3|EXACT_SINGLE_PROTEIN|HSAMP_374f872ebf1bbba2be514f9f|HUMAN_BIOGPS_GNF1H_GCRMA_77_TISSUE_DDOF1,-0.10402842305478566,0.0775916729564812,-0.18162009601126686,MONOAMINERGIC_ANTIDEPRESSANTS,Monoaminergic antidepressants,CHRM3,GlobusPallidus
CHRM3|EXACT_SINGLE_PROTEIN|HSAMP_5c090f15f3e5194312a7e8ed|HUMAN_BIOGPS_GNF1H_GCRMA_77_TISSUE_DDOF1,0.3643441543381009,0.39379788186558284,-0.029453727527481932,MONOAMINERGIC_ANTIDEPRESSANTS,Monoaminergic antidepressants,CHRM3,MedullaOblongata
CHRM3|EXACT_SINGLE_PROTEIN|HSAMP_752ebc880edc13bb4e2b2de8|HUMAN_BIOGPS_GNF1H_GCRMA_77_TISSUE_DDOF1,2.6155934488421475,1.8511024141609633,0.7644910346811842,MONOAMINERGIC_ANTIDEPRESSANTS,Monoaminergic antidepressants,CHRM3,PrefrontalCortex
CHRM3|EXACT_SINGLE_PROTEIN|HSAMP_7725bb8a75064c4d7246d9ba|HUMAN_BIOGPS_GNF1H_GCRMA_77_TISSUE_DDOF1,0.7434044170757004,0.6440946281260791,0.09930978894962128,MONOAMINERGIC_ANTIDEPRESSANTS,Monoaminergic antidepressants,CHRM3,OccipitalLobe
CHRM3|EXACT_SINGLE_PROTEIN|HSAMP_8ed020260a1d25cf72324c8a|HUMAN_BIOGPS_GNF1H_GCRMA_77_TISSUE_DDOF1,0.07228204391287499,0.22788092425513604,-0.15559888034226105,MONOAMINERGIC_ANTIDEPRESSANTS,Monoaminergic antidepressants,CHRM3,Hypothalamus
CHRM3|EXACT_SINGLE_PROTEIN|HSAMP_936b77a4b11b5c19027de438|HUMAN_BIOGPS_GNF1H_GCRMA_77_TISSUE_DDOF1,0.04454906146442492,0.21043344613071396,-0.16588438466628905,MONOAMINERGIC_ANTIDEPRESSANTS,Monoaminergic antidepressants,CHRM3,Spinalcord
CHRM3|EXACT_SINGLE_PROTEIN|HSAMP_9aa72e4fb1ff63e1792b1ec7|HUMAN_BIOGPS_GNF1H_GCRMA_77_TISSUE_DDOF1,-0.07721997063400048,0.10284902998927838,-0.18006900062327885,MONOAMINERGIC_ANTIDEPRESSANTS,Monoaminergic antidepressants,CHRM3,Cerebellum
CHRM3|EXACT_SINGLE_PROTEIN|HSAMP_a32ce488a48b0df9b8c4c40a|HUMAN_BIOGPS_GNF1H_GCRMA_77_TISSUE_DDOF1,-0.022691925819512807,0.147715702384913,-0.1704076282044258,MONOAMINERGIC_ANTIDEPRESSANTS,Monoaminergic antidepressants,CHRM3,Caudatenucleus
CHRM3|EXACT_SINGLE_PROTEIN|HSAMP_d99ba5ea584363f8600ade55|HUMAN_BIOGPS_GNF1H_GCRMA_77_TISSUE_DDOF1,0.05521957840724115,0.217941499853944,-0.16272192144670286,MONOAMINERGIC_ANTIDEPRESSANTS,Monoaminergic antidepressants,CHRM3,CingulateCortex
CHRM3|EXACT_SINGLE_PROTEIN|HSAMP_e75262fc0acfda69d976a6d3|HUMAN_BIOGPS_GNF1H_GCRMA_77_TISSUE_DDOF1,0.0754253984854567,0.23075602081043795,-0.15533062232498124,MONOAMINERGIC_ANTIDEPRESSANTS,Monoaminergic antidepressants,CHRM3,ParietalLobe
CHRM3|EXACT_SINGLE_PROTEIN|HSAMP_eb2587e74e2d6457032d4ae7|HUMAN_BIOGPS_GNF1H_GCRMA_77_TISSUE_DDOF1,0.0271444976889488,0.19704243821943224,-0.16989794053048343,MONOAMINERGIC_ANTIDEPRESSANTS,Monoaminergic antidepressants,CHRM3,TemporalLobe
CHRM3|EXACT_SINGLE_PROTEIN|HSAMP_f43595f3557cf05e6a721aeb|HUMAN_BIOGPS_GNF1H_GCRMA_77_TISSUE_DDOF1,0.0271444976889488,0.19704243821943224,-0.16989794053048343,MONOAMINERGIC_ANTIDEPRESSANTS,Monoaminergic antidepressants,CHRM3,Thalamus
CHRM3|EXACT_SINGLE_PROTEIN|HSAMP_ff841df7ecd9f2c8ea2660f5|HUMAN_BIOGPS_GNF1H_GCRMA_77_TISSUE_DDOF1,-0.08253096470530781,0.09033598562611037,-0.1728669503314182,MONOAMINERGIC_ANTIDEPRESSANTS,Monoaminergic antidepressants,CHRM3,OlfactoryBulb
DRD2|EXACT_SINGLE_PROTEIN|HSAMP_06645e2e8409a5b743985cdd|HUMAN_BIOGPS_GNF1H_GCRMA_77_TISSUE_DDOF1,-1.1821473736323194,0.14900083010263973,-1.3311482037349591,MONOAMINERGIC_ANTIDEPRESSANTS,Monoaminergic antidepressants,DRD2,Wholebrain
DRD2|EXACT_SINGLE_PROTEIN|HSAMP_0cb8b4d1db8c390eeeecca55|HUMAN_BIOGPS_GNF1H_GCRMA_77_TISSUE_DDOF1,1.0777228410380117,0.5453361020027386,0.5323867390352731,MONOAMINERGIC_ANTIDEPRESSANTS,Monoaminergic antidepressants,DRD2,Pons
DRD2|EXACT_SINGLE_PROTEIN|HSAMP_13a552b6ffc4aac3b85a50ca|HUMAN_BIOGPS_GNF1H_GCRMA_77_TISSUE_DDOF1,0.5519602954603179,0.48103232927328743,0.07092796618703046,MONOAMINERGIC_ANTIDEPRESSANTS,Monoaminergic antidepressants,DRD2,Amygdala
DRD2|EXACT_SINGLE_PROTEIN|HSAMP_192dff4b8df5862a227b1163|HUMAN_BIOGPS_GNF1H_GCRMA_77_TISSUE_DDOF1,0.8392269062637512,0.5204191002201011,0.3188078060436501,MONOAMINERGIC_ANTIDEPRESSANTS,Monoaminergic antidepressants,DRD2,SubthalamicNucleus
DRD2|EXACT_SINGLE_PROTEIN|HSAMP_20b60708f05d03c76f9fe702|HUMAN_BIOGPS_GNF1H_GCRMA_77_TISSUE_DDOF1,0.9520135263546999,0.5308808286508954,0.42113269770380457,MONOAMINERGIC_ANTIDEPRESSANTS,Monoaminergic antidepressants,DRD2,CerebellumPeduncles
DRD2|EXACT_SINGLE_PROTEIN|HSAMP_374f872ebf1bbba2be514f9f|HUMAN_BIOGPS_GNF1H_GCRMA_77_TISSUE_DDOF1,-1.993788511289635,0.08743376977731936,-2.0812222810669545,MONOAMINERGIC_ANTIDEPRESSANTS,Monoaminergic antidepressants,DRD2,GlobusPallidus
DRD2|EXACT_SINGLE_PROTEIN|HSAMP_5c090f15f3e5194312a7e8ed|HUMAN_BIOGPS_GNF1H_GCRMA_77_TISSUE_DDOF1,1.0166286964608697,0.5402460129186569,0.4763826835422128,MONOAMINERGIC_ANTIDEPRESSANTS,Monoaminergic antidepressants,DRD2,MedullaOblongata
DRD2|EXACT_SINGLE_PROTEIN|HSAMP_752ebc880edc13bb4e2b2de8|HUMAN_BIOGPS_GNF1H_GCRMA_77_TISSUE_DDOF1,1.3168919284993814,0.5731062721608228,0.7437856563385586,MONOAMINERGIC_ANTIDEPRESSANTS,Monoaminergic antidepressants,DRD2,PrefrontalCortex
DRD2|EXACT_SINGLE_PROTEIN|HSAMP_7725bb8a75064c4d7246d9ba|HUMAN_BIOGPS_GNF1H_GCRMA_77_TISSUE_DDOF1,-0.8939575297331432,0.1774508554474909,-1.0714083851806342,MONOAMINERGIC_ANTIDEPRESSANTS,Monoaminergic antidepressants,DRD2,OccipitalLobe
DRD2|EXACT_SINGLE_PROTEIN|HSAMP_8ed020260a1d25cf72324c8a|HUMAN_BIOGPS_GNF1H_GCRMA_77_TISSUE_DDOF1,0.8392269062637512,0.5204191002201011,0.3188078060436501,MONOAMINERGIC_ANTIDEPRESSANTS,Monoaminergic antidepressants,DRD2,Hypothalamus
DRD2|EXACT_SINGLE_PROTEIN|HSAMP_936b77a4b11b5c19027de438|HUMAN_BIOGPS_GNF1H_GCRMA_77_TISSUE_DDOF1,0.7322673193930682,0.5064571502720758,0.2258101691209924,MONOAMINERGIC_ANTIDEPRESSANTS,Monoaminergic antidepressants,DRD2,Spinalcord
DRD2|EXACT_SINGLE_PROTEIN|HSAMP_9aa72e4fb1ff63e1792b1ec7|HUMAN_BIOGPS_GNF1H_GCRMA_77_TISSUE_DDOF1,-1.4446799087147795,0.12401421646591793,-1.5686941251806974,MONOAMINERGIC_ANTIDEPRESSANTS,Monoaminergic antidepressants,DRD2,Cerebellum
DRD2|EXACT_SINGLE_PROTEIN|HSAMP_a32ce488a48b0df9b8c4c40a|HUMAN_BIOGPS_GNF1H_GCRMA_77_TISSUE_DDOF1,1.4868728122600303,0.6065846641874618,0.8802881480725685,MONOAMINERGIC_ANTIDEPRESSANTS,Monoaminergic antidepressants,DRD2,Caudatenucleus
DRD2|EXACT_SINGLE_PROTEIN|HSAMP_d99ba5ea584363f8600ade55|HUMAN_BIOGPS_GNF1H_GCRMA_77_TISSUE_DDOF1,0.899493305183655,0.5264782642503584,0.3730150409332966,MONOAMINERGIC_ANTIDEPRESSANTS,Monoaminergic antidepressants,DRD2,CingulateCortex
DRD2|EXACT_SINGLE_PROTEIN|HSAMP_e75262fc0acfda69d976a6d3|HUMAN_BIOGPS_GNF1H_GCRMA_77_TISSUE_DDOF1,0.6289768611493518,0.4912435440948623,0.1377333170544895,MONOAMINERGIC_ANTIDEPRESSANTS,Monoaminergic antidepressants,DRD2,ParietalLobe
DRD2|EXACT_SINGLE_PROTEIN|HSAMP_eb2587e74e2d6457032d4ae7|HUMAN_BIOGPS_GNF1H_GCRMA_77_TISSUE_DDOF1,-0.7735111971300326,0.2080346203580214,-0.981545817488054,MONOAMINERGIC_ANTIDEPRESSANTS,Monoaminergic antidepressants,DRD2,TemporalLobe
DRD2|EXACT_SINGLE_PROTEIN|HSAMP_f43595f3557cf05e6a721aeb|HUMAN_BIOGPS_GNF1H_GCRMA_77_TISSUE_DDOF1,0.6658465233539429,0.49887071423547535,0.16697580911846754,MONOAMINERGIC_ANTIDEPRESSANTS,Monoaminergic antidepressants,DRD2,Thalamus
DRD2|EXACT_SINGLE_PROTEIN|HSAMP_ff841df7ecd9f2c8ea2660f5|HUMAN_BIOGPS_GNF1H_GCRMA_77_TISSUE_DDOF1,-1.5655491787396816,0.11945379072577661,-1.6850029694654582,MONOAMINERGIC_ANTIDEPRESSANTS,Monoaminergic antidepressants,DRD2,OlfactoryBulb
DRD3|EXACT_SINGLE_PROTEIN|HSAMP_06645e2e8409a5b743985cdd|HUMAN_BIOGPS_GNF1H_GCRMA_77_TISSUE_DDOF1,-1.2842121542417289,0.151929210970759,-1.436141365212488,MONOAMINERGIC_ANTIDEPRESSANTS,Monoaminergic antidepressants,DRD3,Wholebrain
DRD3|EXACT_SINGLE_PROTEIN|HSAMP_0cb8b4d1db8c390eeeecca55|HUMAN_BIOGPS_GNF1H_GCRMA_77_TISSUE_DDOF1,0.0023834309956057204,0.41847726600412977,-0.41609383500852404,MONOAMINERGIC_ANTIDEPRESSANTS,Monoaminergic antidepressants,DRD3,Pons
DRD3|EXACT_SINGLE_PROTEIN|HSAMP_13a552b6ffc4aac3b85a50ca|HUMAN_BIOGPS_GNF1H_GCRMA_77_TISSUE_DDOF1,0.030568438403599383,0.4246303326810514,-0.394061894277452,MONOAMINERGIC_ANTIDEPRESSANTS,Monoaminergic antidepressants,DRD3,Amygdala
DRD3|EXACT_SINGLE_PROTEIN|HSAMP_192dff4b8df5862a227b1163|HUMAN_BIOGPS_GNF1H_GCRMA_77_TISSUE_DDOF1,-0.08003462664942151,0.40477594927183874,-0.48481057592126026,MONOAMINERGIC_ANTIDEPRESSANTS,Monoaminergic antidepressants,DRD3,SubthalamicNucleus
DRD3|EXACT_SINGLE_PROTEIN|HSAMP_20b60708f05d03c76f9fe702|HUMAN_BIOGPS_GNF1H_GCRMA_77_TISSUE_DDOF1,1.2866473345289737,0.5639474657914185,0.7226998687375552,MONOAMINERGIC_ANTIDEPRESSANTS,Monoaminergic antidepressants,DRD3,CerebellumPeduncles
DRD3|EXACT_SINGLE_PROTEIN|HSAMP_374f872ebf1bbba2be514f9f|HUMAN_BIOGPS_GNF1H_GCRMA_77_TISSUE_DDOF1,-1.0748620696191764,0.17264799609488068,-1.247510065714057,MONOAMINERGIC_ANTIDEPRESSANTS,Monoaminergic antidepressants,DRD3,GlobusPallidus
DRD3|EXACT_SINGLE_PROTEIN|HSAMP_5c090f15f3e5194312a7e8ed|HUMAN_BIOGPS_GNF1H_GCRMA_77_TISSUE_DDOF1,-0.839299390925231,0.21895804603200106,-1.058257436957232,MONOAMINERGIC_ANTIDEPRESSANTS,Monoaminergic antidepressants,DRD3,MedullaOblongata
DRD3|EXACT_SINGLE_PROTEIN|HSAMP_752ebc880edc13bb4e2b2de8|HUMAN_BIOGPS_GNF1H_GCRMA_77_TISSUE_DDOF1,1.0490540983509957,0.5357263716618963,0.5133277266890994,MONOAMINERGIC_ANTIDEPRESSANTS,Monoaminergic antidepressants,DRD3,PrefrontalCortex
DRD3|EXACT_SINGLE_PROTEIN|HSAMP_7725bb8a75064c4d7246d9ba|HUMAN_BIOGPS_GNF1H_GCRMA_77_TISSUE_DDOF1,-0.7362370849074823,0.23407744268686462,-0.9703145275943469,MONOAMINERGIC_ANTIDEPRESSANTS,Monoaminergic antidepressants,DRD3,OccipitalLobe
DRD3|EXACT_SINGLE_PROTEIN|HSAMP_8ed020260a1d25cf72324c8a|HUMAN_BIOGPS_GNF1H_GCRMA_77_TISSUE_DDOF1,0.6563538384335851,0.4915923137419609,0.1647615246916242,MONOAMINERGIC_ANTIDEPRESSANTS,Monoaminergic antidepressants,DRD3,Hypothalamus
DRD3|EXACT_SINGLE_PROTEIN|HSAMP_936b77a4b11b5c19027de438|HUMAN_BIOGPS_GNF1H_GCRMA_77_TISSUE_DDOF1,0.7451626111009189,0.5060490604940675,0.23911355060685135,MONOAMINERGIC_ANTIDEPRESSANTS,Monoaminergic antidepressants,DRD3,Spinalcord
DRD3|EXACT_SINGLE_PROTEIN|HSAMP_9aa72e4fb1ff63e1792b1ec7|HUMAN_BIOGPS_GNF1H_GCRMA_77_TISSUE_DDOF1,-1.2351547291729417,0.15422527193303087,-1.3893800011059725,MONOAMINERGIC_ANTIDEPRESSANTS,Monoaminergic antidepressants,DRD3,Cerebellum
DRD3|EXACT_SINGLE_PROTEIN|HSAMP_a32ce488a48b0df9b8c4c40a|HUMAN_BIOGPS_GNF1H_GCRMA_77_TISSUE_DDOF1,-0.7592120109312279,0.22936676554966473,-0.9885787764808927,MONOAMINERGIC_ANTIDEPRESSANTS,Monoaminergic antidepressants,DRD3,Caudatenucleus
DRD3|EXACT_SINGLE_PROTEIN|HSAMP_d99ba5ea584363f8600ade55|HUMAN_BIOGPS_GNF1H_GCRMA_77_TISSUE_DDOF1,0.48383712564449033,0.4724135213400315,0.011423604304458823,MONOAMINERGIC_ANTIDEPRESSANTS,Monoaminergic antidepressants,DRD3,CingulateCortex
DRD3|EXACT_SINGLE_PROTEIN|HSAMP_e75262fc0acfda69d976a6d3|HUMAN_BIOGPS_GNF1H_GCRMA_77_TISSUE_DDOF1,0.8685906746985917,0.5190049280245108,0.34958574667408093,MONOAMINERGIC_ANTIDEPRESSANTS,Monoaminergic antidepressants,DRD3,ParietalLobe
DRD3|EXACT_SINGLE_PROTEIN|HSAMP_eb2587e74e2d6457032d4ae7|HUMAN_BIOGPS_GNF1H_GCRMA_77_TISSUE_DDOF1,-0.5738641542024093,0.2694757321943012,-0.8433398863967105,MONOAMINERGIC_ANTIDEPRESSANTS,Monoaminergic antidepressants,DRD3,TemporalLobe
DRD3|EXACT_SINGLE_PROTEIN|HSAMP_f43595f3557cf05e6a721aeb|HUMAN_BIOGPS_GNF1H_GCRMA_77_TISSUE_DDOF1,0.5240810981462861,0.4776417382549823,0.04643935989130382,MONOAMINERGIC_ANTIDEPRESSANTS,Monoaminergic antidepressants,DRD3,Thalamus
DRD3|EXACT_SINGLE_PROTEIN|HSAMP_ff841df7ecd9f2c8ea2660f5|HUMAN_BIOGPS_GNF1H_GCRMA_77_TISSUE_DDOF1,-1.3752266954158143,0.14883622778631603,-1.5240629232021303,MONOAMINERGIC_ANTIDEPRESSANTS,Monoaminergic antidepressants,DRD3,OlfactoryBulb
HRH1|EXACT_SINGLE_PROTEIN|HSAMP_06645e2e8409a5b743985cdd|HUMAN_BIOGPS_GNF1H_GCRMA_77_TISSUE_DDOF1,-1.1095455805079992,0.18678711305012508,-1.2963326935581243,MONOAMINERGIC_ANTIDEPRESSANTS,Monoaminergic antidepressants,HRH1,Wholebrain
HRH1|EXACT_SINGLE_PROTEIN|HSAMP_0cb8b4d1db8c390eeeecca55|HUMAN_BIOGPS_GNF1H_GCRMA_77_TISSUE_DDOF1,-0.4069665813435382,0.3534957480269958,-0.7604623293705339,MONOAMINERGIC_ANTIDEPRESSANTS,Monoaminergic antidepressants,HRH1,Pons
HRH1|EXACT_SINGLE_PROTEIN|HSAMP_13a552b6ffc4aac3b85a50ca|HUMAN_BIOGPS_GNF1H_GCRMA_77_TISSUE_DDOF1,0.8066860352749088,0.5105252859107526,0.29616074936415615,MONOAMINERGIC_ANTIDEPRESSANTS,Monoaminergic antidepressants,HRH1,Amygdala
HRH1|EXACT_SINGLE_PROTEIN|HSAMP_192dff4b8df5862a227b1163|HUMAN_BIOGPS_GNF1H_GCRMA_77_TISSUE_DDOF1,-0.5267059096251675,0.3166559591434095,-0.843361868768577,MONOAMINERGIC_ANTIDEPRESSANTS,Monoaminergic antidepressants,HRH1,SubthalamicNucleus
HRH1|EXACT_SINGLE_PROTEIN|HSAMP_20b60708f05d03c76f9fe702|HUMAN_BIOGPS_GNF1H_GCRMA_77_TISSUE_DDOF1,0.825224067399588,0.5126404754239771,0.3125835919756109,MONOAMINERGIC_ANTIDEPRESSANTS,Monoaminergic antidepressants,HRH1,CerebellumPeduncles
HRH1|EXACT_SINGLE_PROTEIN|HSAMP_374f872ebf1bbba2be514f9f|HUMAN_BIOGPS_GNF1H_GCRMA_77_TISSUE_DDOF1,-1.149155340482987,0.18155333053870593,-1.3307086710216929,MONOAMINERGIC_ANTIDEPRESSANTS,Monoaminergic antidepressants,HRH1,GlobusPallidus
HRH1|EXACT_SINGLE_PROTEIN|HSAMP_5c090f15f3e5194312a7e8ed|HUMAN_BIOGPS_GNF1H_GCRMA_77_TISSUE_DDOF1,0.7948154050603815,0.5084707490417112,0.2863446560186703,MONOAMINERGIC_ANTIDEPRESSANTS,Monoaminergic antidepressants,HRH1,MedullaOblongata
HRH1|EXACT_SINGLE_PROTEIN|HSAMP_752ebc880edc13bb4e2b2de8|HUMAN_BIOGPS_GNF1H_GCRMA_77_TISSUE_DDOF1,1.3680622891810272,0.5598651072929809,0.8081971818880463,MONOAMINERGIC_ANTIDEPRESSANTS,Monoaminergic antidepressants,HRH1,PrefrontalCortex
HRH1|EXACT_SINGLE_PROTEIN|HSAMP_7725bb8a75064c4d7246d9ba|HUMAN_BIOGPS_GNF1H_GCRMA_77_TISSUE_DDOF1,-0.8232697206603634,0.23952722463376305,-1.0627969452941264,MONOAMINERGIC_ANTIDEPRESSANTS,Monoaminergic antidepressants,HRH1,OccipitalLobe
HRH1|EXACT_SINGLE_PROTEIN|HSAMP_8ed020260a1d25cf72324c8a|HUMAN_BIOGPS_GNF1H_GCRMA_77_TISSUE_DDOF1,0.5591731547488072,0.47991181607814365,0.0792613386706636,MONOAMINERGIC_ANTIDEPRESSANTS,Monoaminergic antidepressants,HRH1,Hypothalamus
HRH1|EXACT_SINGLE_PROTEIN|HSAMP_936b77a4b11b5c19027de438|HUMAN_BIOGPS_GNF1H_GCRMA_77_TISSUE_DDOF1,0.5328947606229455,0.47851795092515237,0.05437680969779313,MONOAMINERGIC_ANTIDEPRESSANTS,Monoaminergic antidepressants,HRH1,Spinalcord
HRH1|EXACT_SINGLE_PROTEIN|HSAMP_9aa72e4fb1ff63e1792b1ec7|HUMAN_BIOGPS_GNF1H_GCRMA_77_TISSUE_DDOF1,-1.194185433796494,0.17627383870851476,-1.3704592725050087,MONOAMINERGIC_ANTIDEPRESSANTS,Monoaminergic antidepressants,HRH1,Cerebellum
HRH1|EXACT_SINGLE_PROTEIN|HSAMP_a32ce488a48b0df9b8c4c40a|HUMAN_BIOGPS_GNF1H_GCRMA_77_TISSUE_DDOF1,-0.8823718421604713,0.2323577597164975,-1.1147296018769688,MONOAMINERGIC_ANTIDEPRESSANTS,Monoaminergic antidepressants,HRH1,Caudatenucleus
HRH1|EXACT_SINGLE_PROTEIN|HSAMP_d99ba5ea584363f8600ade55|HUMAN_BIOGPS_GNF1H_GCRMA_77_TISSUE_DDOF1,0.6441544693789119,0.4862408373586301,0.15791363202028175,MONOAMINERGIC_ANTIDEPRESSANTS,Monoaminergic antidepressants,HRH1,CingulateCortex
HRH1|EXACT_SINGLE_PROTEIN|HSAMP_e75262fc0acfda69d976a6d3|HUMAN_BIOGPS_GNF1H_GCRMA_77_TISSUE_DDOF1,0.6140082925950555,0.4839696574746571,0.13003863512039843,MONOAMINERGIC_ANTIDEPRESSANTS,Monoaminergic antidepressants,HRH1,ParietalLobe
HRH1|EXACT_SINGLE_PROTEIN|HSAMP_eb2587e74e2d6457032d4ae7|HUMAN_BIOGPS_GNF1H_GCRMA_77_TISSUE_DDOF1,-0.6895196608949238,0.26585199621629946,-0.9553716571112232,MONOAMINERGIC_ANTIDEPRESSANTS,Monoaminergic antidepressants,HRH1,TemporalLobe
HRH1|EXACT_SINGLE_PROTEIN|HSAMP_f43595f3557cf05e6a721aeb|HUMAN_BIOGPS_GNF1H_GCRMA_77_TISSUE_DDOF1,0.01727729262442284,0.4270315827041664,-0.40975429007974357,MONOAMINERGIC_ANTIDEPRESSANTS,Monoaminergic antidepressants,HRH1,Thalamus
HRH1|EXACT_SINGLE_PROTEIN|HSAMP_ff841df7ecd9f2c8ea2660f5|HUMAN_BIOGPS_GNF1H_GCRMA_77_TISSUE_DDOF1,-1.3254271532431554,0.16537460211560928,-1.4908017553587647,MONOAMINERGIC_ANTIDEPRESSANTS,Monoaminergic antidepressants,HRH1,OlfactoryBulb
HRH3|EXACT_SINGLE_PROTEIN|HSAMP_06645e2e8409a5b743985cdd|HUMAN_BIOGPS_GNF1H_GCRMA_77_TISSUE_DDOF1,-0.6006161550639517,-0.18042461729637496,-0.4201915377675768,MONOAMINERGIC_ANTIDEPRESSANTS,Monoaminergic antidepressants,HRH3,Wholebrain
HRH3|EXACT_SINGLE_PROTEIN|HSAMP_0cb8b4d1db8c390eeeecca55|HUMAN_BIOGPS_GNF1H_GCRMA_77_TISSUE_DDOF1,1.692248372544127,1.1806015203170106,0.5116468522271165,MONOAMINERGIC_ANTIDEPRESSANTS,Monoaminergic antidepressants,HRH3,Pons
HRH3|EXACT_SINGLE_PROTEIN|HSAMP_13a552b6ffc4aac3b85a50ca|HUMAN_BIOGPS_GNF1H_GCRMA_77_TISSUE_DDOF1,1.2527025925413384,0.9457654995489304,0.306937092992408,MONOAMINERGIC_ANTIDEPRESSANTS,Monoaminergic antidepressants,HRH3,Amygdala
HRH3|EXACT_SINGLE_PROTEIN|HSAMP_192dff4b8df5862a227b1163|HUMAN_BIOGPS_GNF1H_GCRMA_77_TISSUE_DDOF1,-0.2944374804881566,0.00032936094979765795,-0.2947668414379543,MONOAMINERGIC_ANTIDEPRESSANTS,Monoaminergic antidepressants,HRH3,SubthalamicNucleus
HRH3|EXACT_SINGLE_PROTEIN|HSAMP_20b60708f05d03c76f9fe702|HUMAN_BIOGPS_GNF1H_GCRMA_77_TISSUE_DDOF1,1.3879524819067366,1.0121137364739403,0.3758387454327963,MONOAMINERGIC_ANTIDEPRESSANTS,Monoaminergic antidepressants,HRH3,CerebellumPeduncles
HRH3|EXACT_SINGLE_PROTEIN|HSAMP_374f872ebf1bbba2be514f9f|HUMAN_BIOGPS_GNF1H_GCRMA_77_TISSUE_DDOF1,-0.2944374804881566,0.00032936094979765795,-0.2947668414379543,MONOAMINERGIC_ANTIDEPRESSANTS,Monoaminergic antidepressants,HRH3,GlobusPallidus
HRH3|EXACT_SINGLE_PROTEIN|HSAMP_5c090f15f3e5194312a7e8ed|HUMAN_BIOGPS_GNF1H_GCRMA_77_TISSUE_DDOF1,-0.579486871939126,-0.16686080719960442,-0.41262606473952157,MONOAMINERGIC_ANTIDEPRESSANTS,Monoaminergic antidepressants,HRH3,MedullaOblongata
HRH3|EXACT_SINGLE_PROTEIN|HSAMP_752ebc880edc13bb4e2b2de8|HUMAN_BIOGPS_GNF1H_GCRMA_77_TISSUE_DDOF1,0.9161777783021304,0.738863680709005,0.17731409759312544,MONOAMINERGIC_ANTIDEPRESSANTS,Monoaminergic antidepressants,HRH3,PrefrontalCortex
HRH3|EXACT_SINGLE_PROTEIN|HSAMP_7725bb8a75064c4d7246d9ba|HUMAN_BIOGPS_GNF1H_GCRMA_77_TISSUE_DDOF1,-0.752466582207291,-0.285287376709639,-0.467179205497652,MONOAMINERGIC_ANTIDEPRESSANTS,Monoaminergic antidepressants,HRH3,OccipitalLobe
HRH3|EXACT_SINGLE_PROTEIN|HSAMP_8ed020260a1d25cf72324c8a|HUMAN_BIOGPS_GNF1H_GCRMA_77_TISSUE_DDOF1,0.6529275844741798,0.5792223505039676,0.07370523397021211,MONOAMINERGIC_ANTIDEPRESSANTS,Monoaminergic antidepressants,HRH3,Hypothalamus
HRH3|EXACT_SINGLE_PROTEIN|HSAMP_936b77a4b11b5c19027de438|HUMAN_BIOGPS_GNF1H_GCRMA_77_TISSUE_DDOF1,0.11925842600217923,0.2743951965865419,-0.15513677058436265,MONOAMINERGIC_ANTIDEPRESSANTS,Monoaminergic antidepressants,HRH3,Spinalcord
HRH3|EXACT_SINGLE_PROTEIN|HSAMP_9aa72e4fb1ff63e1792b1ec7|HUMAN_BIOGPS_GNF1H_GCRMA_77_TISSUE_DDOF1,0.11925842600217923,0.27427396937093873,-0.1550155433687595,MONOAMINERGIC_ANTIDEPRESSANTS,Monoaminergic antidepressants,HRH3,Cerebellum
HRH3|EXACT_SINGLE_PROTEIN|HSAMP_a32ce488a48b0df9b8c4c40a|HUMAN_BIOGPS_GNF1H_GCRMA_77_TISSUE_DDOF1,1.778882154850171,1.2362969987139598,0.5425851561362112,MONOAMINERGIC_ANTIDEPRESSANTS,Monoaminergic antidepressants,HRH3,Caudatenucleus
HRH3|EXACT_SINGLE_PROTEIN|HSAMP_d99ba5ea584363f8600ade55|HUMAN_BIOGPS_GNF1H_GCRMA_77_TISSUE_DDOF1,0.9001439685126971,0.72784472255057,0.1722992459621271,MONOAMINERGIC_ANTIDEPRESSANTS,Monoaminergic antidepressants,HRH3,CingulateCortex
HRH3|EXACT_SINGLE_PROTEIN|HSAMP_e75262fc0acfda69d976a6d3|HUMAN_BIOGPS_GNF1H_GCRMA_77_TISSUE_DDOF1,0.7409271833660481,0.6306217375905199,0.11030544577552825,MONOAMINERGIC_ANTIDEPRESSANTS,Monoaminergic antidepressants,HRH3,ParietalLobe
HRH3|EXACT_SINGLE_PROTEIN|HSAMP_eb2587e74e2d6457032d4ae7|HUMAN_BIOGPS_GNF1H_GCRMA_77_TISSUE_DDOF1,1.5656611786996053,1.109621948038534,0.4560392306610712,MONOAMINERGIC_ANTIDEPRESSANTS,Monoaminergic antidepressants,HRH3,TemporalLobe
HRH3|EXACT_SINGLE_PROTEIN|HSAMP_f43595f3557cf05e6a721aeb|HUMAN_BIOGPS_GNF1H_GCRMA_77_TISSUE_DDOF1,1.8513203098129016,1.2709204432876449,0.5803998665252568,MONOAMINERGIC_ANTIDEPRESSANTS,Monoaminergic antidepressants,HRH3,Thalamus
HRH3|EXACT_SINGLE_PROTEIN|HSAMP_ff841df7ecd9f2c8ea2660f5|HUMAN_BIOGPS_GNF1H_GCRMA_77_TISSUE_DDOF1,-1.2842121542417289,-0.6634392017903686,-0.6207729524513602,MONOAMINERGIC_ANTIDEPRESSANTS,Monoaminergic antidepressants,HRH3,OlfactoryBulb
HTR1A|EXACT_SINGLE_PROTEIN|HSAMP_06645e2e8409a5b743985cdd|HUMAN_BIOGPS_GNF1H_GCRMA_77_TISSUE_DDOF1,-0.5957660949253106,0.2484640815324615,-0.8442301764577721,MONOAMINERGIC_ANTIDEPRESSANTS,Monoaminergic antidepressants,HTR1A,Wholebrain
HTR1A|EXACT_SINGLE_PROTEIN|HSAMP_0cb8b4d1db8c390eeeecca55|HUMAN_BIOGPS_GNF1H_GCRMA_77_TISSUE_DDOF1,-0.07343873567882814,0.3954572382825277,-0.46889597396135585,MONOAMINERGIC_ANTIDEPRESSANTS,Monoaminergic antidepressants,HTR1A,Pons
HTR1A|EXACT_SINGLE_PROTEIN|HSAMP_13a552b6ffc4aac3b85a50ca|HUMAN_BIOGPS_GNF1H_GCRMA_77_TISSUE_DDOF1,0.5992580300558955,0.48612884892644714,0.11312918112944836,MONOAMINERGIC_ANTIDEPRESSANTS,Monoaminergic antidepressants,HTR1A,Amygdala
HTR1A|EXACT_SINGLE_PROTEIN|HSAMP_192dff4b8df5862a227b1163|HUMAN_BIOGPS_GNF1H_GCRMA_77_TISSUE_DDOF1,-0.46981645046688625,0.2779723925828011,-0.7477888430496873,MONOAMINERGIC_ANTIDEPRESSANTS,Monoaminergic antidepressants,HTR1A,SubthalamicNucleus
HTR1A|EXACT_SINGLE_PROTEIN|HSAMP_20b60708f05d03c76f9fe702|HUMAN_BIOGPS_GNF1H_GCRMA_77_TISSUE_DDOF1,0.8380957814805369,0.5180879811448471,0.32000780033568976,MONOAMINERGIC_ANTIDEPRESSANTS,Monoaminergic antidepressants,HTR1A,CerebellumPeduncles
HTR1A|EXACT_SINGLE_PROTEIN|HSAMP_374f872ebf1bbba2be514f9f|HUMAN_BIOGPS_GNF1H_GCRMA_77_TISSUE_DDOF1,-1.1424650971158654,0.15322109630006167,-1.2956861934159272,MONOAMINERGIC_ANTIDEPRESSANTS,Monoaminergic antidepressants,HTR1A,GlobusPallidus
HTR1A|EXACT_SINGLE_PROTEIN|HSAMP_5c090f15f3e5194312a7e8ed|HUMAN_BIOGPS_GNF1H_GCRMA_77_TISSUE_DDOF1,-0.3789744887206786,0.3033146542393742,-0.6822891429600528,MONOAMINERGIC_ANTIDEPRESSANTS,Monoaminergic antidepressants,HTR1A,MedullaOblongata
HTR1A|EXACT_SINGLE_PROTEIN|HSAMP_752ebc880edc13bb4e2b2de8|HUMAN_BIOGPS_GNF1H_GCRMA_77_TISSUE_DDOF1,1.1245399538714471,0.5510374115123282,0.5735025423591189,MONOAMINERGIC_ANTIDEPRESSANTS,Monoaminergic antidepressants,HTR1A,PrefrontalCortex
HTR1A|EXACT_SINGLE_PROTEIN|HSAMP_7725bb8a75064c4d7246d9ba|HUMAN_BIOGPS_GNF1H_GCRMA_77_TISSUE_DDOF1,-0.46981645046688625,0.2779723925828011,-0.7477888430496873,MONOAMINERGIC_ANTIDEPRESSANTS,Monoaminergic antidepressants,HTR1A,OccipitalLobe
HTR1A|EXACT_SINGLE_PROTEIN|HSAMP_8ed020260a1d25cf72324c8a|HUMAN_BIOGPS_GNF1H_GCRMA_77_TISSUE_DDOF1,0.7780412977138788,0.5131575248440293,0.26488377286984943,MONOAMINERGIC_ANTIDEPRESSANTS,Monoaminergic antidepressants,HTR1A,Hypothalamus
HTR1A|EXACT_SINGLE_PROTEIN|HSAMP_936b77a4b11b5c19027de438|HUMAN_BIOGPS_GNF1H_GCRMA_77_TISSUE_DDOF1,0.6595350719470643,0.4942577289165873,0.16527734303047698,MONOAMINERGIC_ANTIDEPRESSANTS,Monoaminergic antidepressants,HTR1A,Spinalcord
HTR1A|EXACT_SINGLE_PROTEIN|HSAMP_9aa72e4fb1ff63e1792b1ec7|HUMAN_BIOGPS_GNF1H_GCRMA_77_TISSUE_DDOF1,-0.8647156225397274,0.19527182763597367,-1.0599874501757012,MONOAMINERGIC_ANTIDEPRESSANTS,Monoaminergic antidepressants,HTR1A,Cerebellum
HTR1A|EXACT_SINGLE_PROTEIN|HSAMP_a32ce488a48b0df9b8c4c40a|HUMAN_BIOGPS_GNF1H_GCRMA_77_TISSUE_DDOF1,-0.46981645046688625,0.2779723925828011,-0.7477888430496873,MONOAMINERGIC_ANTIDEPRESSANTS,Monoaminergic antidepressants,HTR1A,Caudatenucleus
HTR1A|EXACT_SINGLE_PROTEIN|HSAMP_d99ba5ea584363f8600ade55|HUMAN_BIOGPS_GNF1H_GCRMA_77_TISSUE_DDOF1,0.5992580300558955,0.48612884892644714,0.11312918112944836,MONOAMINERGIC_ANTIDEPRESSANTS,Monoaminergic antidepressants,HTR1A,CingulateCortex
HTR1A|EXACT_SINGLE_PROTEIN|HSAMP_e75262fc0acfda69d976a6d3|HUMAN_BIOGPS_GNF1H_GCRMA_77_TISSUE_DDOF1,0.5992580300558955,0.48612884892644714,0.11312918112944836,MONOAMINERGIC_ANTIDEPRESSANTS,Monoaminergic antidepressants,HTR1A,ParietalLobe
HTR1A|EXACT_SINGLE_PROTEIN|HSAMP_eb2587e74e2d6457032d4ae7|HUMAN_BIOGPS_GNF1H_GCRMA_77_TISSUE_DDOF1,-0.07343873567882814,0.3954572382825277,-0.46889597396135585,MONOAMINERGIC_ANTIDEPRESSANTS,Monoaminergic antidepressants,HTR1A,TemporalLobe
HTR1A|EXACT_SINGLE_PROTEIN|HSAMP_f43595f3557cf05e6a721aeb|HUMAN_BIOGPS_GNF1H_GCRMA_77_TISSUE_DDOF1,0.4891503870061959,0.4726011698412406,0.016549217164955277,MONOAMINERGIC_ANTIDEPRESSANTS,Monoaminergic antidepressants,HTR1A,Thalamus
HTR1A|EXACT_SINGLE_PROTEIN|HSAMP_ff841df7ecd9f2c8ea2660f5|HUMAN_BIOGPS_GNF1H_GCRMA_77_TISSUE_DDOF1,-0.918925401217871,0.182016720788788,-1.100942122006659,MONOAMINERGIC_ANTIDEPRESSANTS,Monoaminergic antidepressants,HTR1A,OlfactoryBulb
HTR2A|EXACT_SINGLE_PROTEIN|HSAMP_06645e2e8409a5b743985cdd|HUMAN_BIOGPS_GNF1H_GCRMA_77_TISSUE_DDOF1,-0.501889385623247,-0.29169405381338687,-0.21019533180986016,MONOAMINERGIC_ANTIDEPRESSANTS,Monoaminergic antidepressants,HTR2A,Wholebrain
HTR2A|EXACT_SINGLE_PROTEIN|HSAMP_0cb8b4d1db8c390eeeecca55|HUMAN_BIOGPS_GNF1H_GCRMA_77_TISSUE_DDOF1,0.7550862876365918,0.6776343681770302,0.07745191945956165,MONOAMINERGIC_ANTIDEPRESSANTS,Monoaminergic antidepressants,HTR2A,Pons
HTR2A|EXACT_SINGLE_PROTEIN|HSAMP_13a552b6ffc4aac3b85a50ca|HUMAN_BIOGPS_GNF1H_GCRMA_77_TISSUE_DDOF1,-0.0010801883095069333,0.04955230220953662,-0.050632490519043546,MONOAMINERGIC_ANTIDEPRESSANTS,Monoaminergic antidepressants,HTR2A,Amygdala
HTR2A|EXACT_SINGLE_PROTEIN|HSAMP_192dff4b8df5862a227b1163|HUMAN_BIOGPS_GNF1H_GCRMA_77_TISSUE_DDOF1,1.8248712253216783,1.4405813140346784,0.38428991128699996,MONOAMINERGIC_ANTIDEPRESSANTS,Monoaminergic antidepressants,HTR2A,SubthalamicNucleus
HTR2A|EXACT_SINGLE_PROTEIN|HSAMP_20b60708f05d03c76f9fe702|HUMAN_BIOGPS_GNF1H_GCRMA_77_TISSUE_DDOF1,0.15542914123537316,0.270995139640484,-0.11556599840511084,MONOAMINERGIC_ANTIDEPRESSANTS,Monoaminergic antidepressants,HTR2A,CerebellumPeduncles
HTR2A|EXACT_SINGLE_PROTEIN|HSAMP_374f872ebf1bbba2be514f9f|HUMAN_BIOGPS_GNF1H_GCRMA_77_TISSUE_DDOF1,0.7873574784129308,0.7068578878505775,0.08049959056235334,MONOAMINERGIC_ANTIDEPRESSANTS,Monoaminergic antidepressants,HTR2A,GlobusPallidus
HTR2A|EXACT_SINGLE_PROTEIN|HSAMP_5c090f15f3e5194312a7e8ed|HUMAN_BIOGPS_GNF1H_GCRMA_77_TISSUE_DDOF1,0.9983355707971303,0.8866831799440473,0.11165239085308298,MONOAMINERGIC_ANTIDEPRESSANTS,Monoaminergic antidepressants,HTR2A,MedullaOblongata
HTR2A|EXACT_SINGLE_PROTEIN|HSAMP_752ebc880edc13bb4e2b2de8|HUMAN_BIOGPS_GNF1H_GCRMA_77_TISSUE_DDOF1,2.5178271736327495,1.9394411514594188,0.5783860221733308,MONOAMINERGIC_ANTIDEPRESSANTS,Monoaminergic antidepressants,HTR2A,PrefrontalCortex
HTR2A|EXACT_SINGLE_PROTEIN|HSAMP_7725bb8a75064c4d7246d9ba|HUMAN_BIOGPS_GNF1H_GCRMA_77_TISSUE_DDOF1,1.9189228621609054,1.5251319715173624,0.393790890643543,MONOAMINERGIC_ANTIDEPRESSANTS,Monoaminergic antidepressants,HTR2A,OccipitalLobe
HTR2A|EXACT_SINGLE_PROTEIN|HSAMP_8ed020260a1d25cf72324c8a|HUMAN_BIOGPS_GNF1H_GCRMA_77_TISSUE_DDOF1,0.10269010257251229,0.20685750029940914,-0.10416739772689684,MONOAMINERGIC_ANTIDEPRESSANTS,Monoaminergic antidepressants,HTR2A,Hypothalamus
HTR2A|EXACT_SINGLE_PROTEIN|HSAMP_936b77a4b11b5c19027de438|HUMAN_BIOGPS_GNF1H_GCRMA_77_TISSUE_DDOF1,0.01848317484977023,0.08562269638666023,-0.06713952153689,MONOAMINERGIC_ANTIDEPRESSANTS,Monoaminergic antidepressants,HTR2A,Spinalcord
HTR2A|EXACT_SINGLE_PROTEIN|HSAMP_9aa72e4fb1ff63e1792b1ec7|HUMAN_BIOGPS_GNF1H_GCRMA_77_TISSUE_DDOF1,-0.6576786000974707,-0.4135920895584415,-0.2440865105390292,MONOAMINERGIC_ANTIDEPRESSANTS,Monoaminergic antidepressants,HTR2A,Cerebellum
HTR2A|EXACT_SINGLE_PROTEIN|HSAMP_a32ce488a48b0df9b8c4c40a|HUMAN_BIOGPS_GNF1H_GCRMA_77_TISSUE_DDOF1,-0.501889385623247,-0.29169405381338687,-0.21019533180986016,MONOAMINERGIC_ANTIDEPRESSANTS,Monoaminergic antidepressants,HTR2A,Caudatenucleus
HTR2A|EXACT_SINGLE_PROTEIN|HSAMP_d99ba5ea584363f8600ade55|HUMAN_BIOGPS_GNF1H_GCRMA_77_TISSUE_DDOF1,1.4832047216785647,1.2371787562420613,0.24602596543650335,MONOAMINERGIC_ANTIDEPRESSANTS,Monoaminergic antidepressants,HTR2A,CingulateCortex
HTR2A|EXACT_SINGLE_PROTEIN|HSAMP_e75262fc0acfda69d976a6d3|HUMAN_BIOGPS_GNF1H_GCRMA_77_TISSUE_DDOF1,1.4195828780719864,1.1967054361441267,0.22287744192785963,MONOAMINERGIC_ANTIDEPRESSANTS,Monoaminergic antidepressants,HTR2A,ParietalLobe
HTR2A|EXACT_SINGLE_PROTEIN|HSAMP_eb2587e74e2d6457032d4ae7|HUMAN_BIOGPS_GNF1H_GCRMA_77_TISSUE_DDOF1,1.2527025925413384,1.1033145293258095,0.1493880632155289,MONOAMINERGIC_ANTIDEPRESSANTS,Monoaminergic antidepressants,HTR2A,TemporalLobe
HTR2A|EXACT_SINGLE_PROTEIN|HSAMP_f43595f3557cf05e6a721aeb|HUMAN_BIOGPS_GNF1H_GCRMA_77_TISSUE_DDOF1,-0.11666409904318278,-0.06452931194813574,-0.05213478709504704,MONOAMINERGIC_ANTIDEPRESSANTS,Monoaminergic antidepressants,HTR2A,Thalamus
HTR2A|EXACT_SINGLE_PROTEIN|HSAMP_ff841df7ecd9f2c8ea2660f5|HUMAN_BIOGPS_GNF1H_GCRMA_77_TISSUE_DDOF1,-0.6923974874967989,-0.42814396206949945,-0.2642535254272994,MONOAMINERGIC_ANTIDEPRESSANTS,Monoaminergic antidepressants,HTR2A,OlfactoryBulb
HTR2B|EXACT_SINGLE_PROTEIN|HSAMP_06645e2e8409a5b743985cdd|HUMAN_BIOGPS_GNF1H_GCRMA_77_TISSUE_DDOF1,-1.0334111776743673,0.07229495896760797,-1.1057061366419754,MONOAMINERGIC_ANTIDEPRESSANTS,Monoaminergic antidepressants,HTR2B,Wholebrain
HTR2B|EXACT_SINGLE_PROTEIN|HSAMP_0cb8b4d1db8c390eeeecca55|HUMAN_BIOGPS_GNF1H_GCRMA_77_TISSUE_DDOF1,-0.3101525274680148,0.18610680517080208,-0.4962593326388169,MONOAMINERGIC_ANTIDEPRESSANTS,Monoaminergic antidepressants,HTR2B,Pons
HTR2B|EXACT_SINGLE_PROTEIN|HSAMP_13a552b6ffc4aac3b85a50ca|HUMAN_BIOGPS_GNF1H_GCRMA_77_TISSUE_DDOF1,0.18107465613939241,0.43115494147527245,-0.25008028533588,MONOAMINERGIC_ANTIDEPRESSANTS,Monoaminergic antidepressants,HTR2B,Amygdala
HTR2B|EXACT_SINGLE_PROTEIN|HSAMP_192dff4b8df5862a227b1163|HUMAN_BIOGPS_GNF1H_GCRMA_77_TISSUE_DDOF1,-0.5404392638990756,0.152042662760948,-0.6924819266600236,MONOAMINERGIC_ANTIDEPRESSANTS,Monoaminergic antidepressants,HTR2B,SubthalamicNucleus
HTR2B|EXACT_SINGLE_PROTEIN|HSAMP_20b60708f05d03c76f9fe702|HUMAN_BIOGPS_GNF1H_GCRMA_77_TISSUE_DDOF1,0.8946254119794056,0.5643622658345485,0.3302631461448571,MONOAMINERGIC_ANTIDEPRESSANTS,Monoaminergic antidepressants,HTR2B,CerebellumPeduncles
HTR2B|EXACT_SINGLE_PROTEIN|HSAMP_374f872ebf1bbba2be514f9f|HUMAN_BIOGPS_GNF1H_GCRMA_77_TISSUE_DDOF1,-1.3347395406665359,0.015279803283739913,-1.350019343950276,MONOAMINERGIC_ANTIDEPRESSANTS,Monoaminergic antidepressants,HTR2B,GlobusPallidus
HTR2B|EXACT_SINGLE_PROTEIN|HSAMP_5c090f15f3e5194312a7e8ed|HUMAN_BIOGPS_GNF1H_GCRMA_77_TISSUE_DDOF1,-0.6387511578710472,0.13731654522242046,-0.7760677030934676,MONOAMINERGIC_ANTIDEPRESSANTS,Monoaminergic antidepressants,HTR2B,MedullaOblongata
HTR2B|EXACT_SINGLE_PROTEIN|HSAMP_752ebc880edc13bb4e2b2de8|HUMAN_BIOGPS_GNF1H_GCRMA_77_TISSUE_DDOF1,1.0464163659167245,0.6150510686551617,0.4313652972615628,MONOAMINERGIC_ANTIDEPRESSANTS,Monoaminergic antidepressants,HTR2B,PrefrontalCortex
HTR2B|EXACT_SINGLE_PROTEIN|HSAMP_7725bb8a75064c4d7246d9ba|HUMAN_BIOGPS_GNF1H_GCRMA_77_TISSUE_DDOF1,-0.7317658218873848,0.12171996027539736,-0.8534857821627821,MONOAMINERGIC_ANTIDEPRESSANTS,Monoaminergic antidepressants,HTR2B,OccipitalLobe
HTR2B|EXACT_SINGLE_PROTEIN|HSAMP_8ed020260a1d25cf72324c8a|HUMAN_BIOGPS_GNF1H_GCRMA_77_TISSUE_DDOF1,0.616731591469423,0.5099988836532304,0.1067327078161926,MONOAMINERGIC_ANTIDEPRESSANTS,Monoaminergic antidepressants,HTR2B,Hypothalamus
HTR2B|EXACT_SINGLE_PROTEIN|HSAMP_936b77a4b11b5c19027de438|HUMAN_BIOGPS_GNF1H_GCRMA_77_TISSUE_DDOF1,0.616731591469423,0.5099988836532304,0.1067327078161926,MONOAMINERGIC_ANTIDEPRESSANTS,Monoaminergic antidepressants,HTR2B,Spinalcord
HTR2B|EXACT_SINGLE_PROTEIN|HSAMP_9aa72e4fb1ff63e1792b1ec7|HUMAN_BIOGPS_GNF1H_GCRMA_77_TISSUE_DDOF1,-1.0334111776743673,0.07229495896760797,-1.1057061366419754,MONOAMINERGIC_ANTIDEPRESSANTS,Monoaminergic antidepressants,HTR2B,Cerebellum
HTR2B|EXACT_SINGLE_PROTEIN|HSAMP_a32ce488a48b0df9b8c4c40a|HUMAN_BIOGPS_GNF1H_GCRMA_77_TISSUE_DDOF1,-0.6794752792208592,0.1275896835921206,-0.8070649628129798,MONOAMINERGIC_ANTIDEPRESSANTS,Monoaminergic antidepressants,HTR2B,Caudatenucleus
HTR2B|EXACT_SINGLE_PROTEIN|HSAMP_d99ba5ea584363f8600ade55|HUMAN_BIOGPS_GNF1H_GCRMA_77_TISSUE_DDOF1,0.4245875814465141,0.4669446896243731,-0.04235710817785898,MONOAMINERGIC_ANTIDEPRESSANTS,Monoaminergic antidepressants,HTR2B,CingulateCortex
HTR2B|EXACT_SINGLE_PROTEIN|HSAMP_e75262fc0acfda69d976a6d3|HUMAN_BIOGPS_GNF1H_GCRMA_77_TISSUE_DDOF1,0.7144229674830372,0.5235906314191989,0.19083233606383831,MONOAMINERGIC_ANTIDEPRESSANTS,Monoaminergic antidepressants,HTR2B,ParietalLobe
HTR2B|EXACT_SINGLE_PROTEIN|HSAMP_eb2587e74e2d6457032d4ae7|HUMAN_BIOGPS_GNF1H_GCRMA_77_TISSUE_DDOF1,-0.47798387534273784,0.1628712622213274,-0.6408551375640652,MONOAMINERGIC_ANTIDEPRESSANTS,Monoaminergic antidepressants,HTR2B,TemporalLobe
HTR2B|EXACT_SINGLE_PROTEIN|HSAMP_f43595f3557cf05e6a721aeb|HUMAN_BIOGPS_GNF1H_GCRMA_77_TISSUE_DDOF1,0.18107465613939241,0.43115494147527245,-0.25008028533588,MONOAMINERGIC_ANTIDEPRESSANTS,Monoaminergic antidepressants,HTR2B,Thalamus
HTR2B|EXACT_SINGLE_PROTEIN|HSAMP_ff841df7ecd9f2c8ea2660f5|HUMAN_BIOGPS_GNF1H_GCRMA_77_TISSUE_DDOF1,-1.194185433796494,0.03643662078338691,-1.2306220545798807,MONOAMINERGIC_ANTIDEPRESSANTS,Monoaminergic antidepressants,HTR2B,OlfactoryBulb
HTR2C|EXACT_SINGLE_PROTEIN|HSAMP_06645e2e8409a5b743985cdd|HUMAN_BIOGPS_GNF1H_GCRMA_77_TISSUE_DDOF1,-0.16416783623614478,-0.11713473235347865,-0.04703310388266613,MONOAMINERGIC_ANTIDEPRESSANTS,Monoaminergic antidepressants,HTR2C,Wholebrain
HTR2C|EXACT_SINGLE_PROTEIN|HSAMP_0cb8b4d1db8c390eeeecca55|HUMAN_BIOGPS_GNF1H_GCRMA_77_TISSUE_DDOF1,-0.05803169638664834,-0.02218830660248014,-0.0358433897841682,MONOAMINERGIC_ANTIDEPRESSANTS,Monoaminergic antidepressants,HTR2C,Pons
HTR2C|EXACT_SINGLE_PROTEIN|HSAMP_13a552b6ffc4aac3b85a50ca|HUMAN_BIOGPS_GNF1H_GCRMA_77_TISSUE_DDOF1,1.4450285494855648,1.2227973474710587,0.22223120201450608,MONOAMINERGIC_ANTIDEPRESSANTS,Monoaminergic antidepressants,HTR2C,Amygdala
HTR2C|EXACT_SINGLE_PROTEIN|HSAMP_192dff4b8df5862a227b1163|HUMAN_BIOGPS_GNF1H_GCRMA_77_TISSUE_DDOF1,-0.09682379681683796,-0.049999328832771375,-0.04682446798406659,MONOAMINERGIC_ANTIDEPRESSANTS,Monoaminergic antidepressants,HTR2C,SubthalamicNucleus
HTR2C|EXACT_SINGLE_PROTEIN|HSAMP_20b60708f05d03c76f9fe702|HUMAN_BIOGPS_GNF1H_GCRMA_77_TISSUE_DDOF1,0.04454906146442492,0.10907107995653068,-0.06452201849210576,MONOAMINERGIC_ANTIDEPRESSANTS,Monoaminergic antidepressants,HTR2C,CerebellumPeduncles
HTR2C|EXACT_SINGLE_PROTEIN|HSAMP_374f872ebf1bbba2be514f9f|HUMAN_BIOGPS_GNF1H_GCRMA_77_TISSUE_DDOF1,-0.22356263192545178,-0.15182506057623144,-0.07173757134922035,MONOAMINERGIC_ANTIDEPRESSANTS,Monoaminergic antidepressants,HTR2C,GlobusPallidus
HTR2C|EXACT_SINGLE_PROTEIN|HSAMP_5c090f15f3e5194312a7e8ed|HUMAN_BIOGPS_GNF1H_GCRMA_77_TISSUE_DDOF1,0.13761647969175556,0.24730841308604834,-0.10969193339429278,MONOAMINERGIC_ANTIDEPRESSANTS,Monoaminergic antidepressants,HTR2C,MedullaOblongata
HTR2C|EXACT_SINGLE_PROTEIN|HSAMP_752ebc880edc13bb4e2b2de8|HUMAN_BIOGPS_GNF1H_GCRMA_77_TISSUE_DDOF1,0.05497807421463483,0.12541909398004283,-0.07044101976540801,MONOAMINERGIC_ANTIDEPRESSANTS,Monoaminergic antidepressants,HTR2C,PrefrontalCortex
HTR2C|EXACT_SINGLE_PROTEIN|HSAMP_7725bb8a75064c4d7246d9ba|HUMAN_BIOGPS_GNF1H_GCRMA_77_TISSUE_DDOF1,-0.13851778771955958,-0.09412177616575283,-0.04439601155380675,MONOAMINERGIC_ANTIDEPRESSANTS,Monoaminergic antidepressants,HTR2C,OccipitalLobe
HTR2C|EXACT_SINGLE_PROTEIN|HSAMP_8ed020260a1d25cf72324c8a|HUMAN_BIOGPS_GNF1H_GCRMA_77_TISSUE_DDOF1,1.9574004412324757,1.5786004189580443,0.37880002227443144,MONOAMINERGIC_ANTIDEPRESSANTS,Monoaminergic antidepressants,HTR2C,Hypothalamus
HTR2C|EXACT_SINGLE_PROTEIN|HSAMP_936b77a4b11b5c19027de438|HUMAN_BIOGPS_GNF1H_GCRMA_77_TISSUE_DDOF1,-0.01142305945911525,0.023864408860915176,-0.03528746832003043,MONOAMINERGIC_ANTIDEPRESSANTS,Monoaminergic antidepressants,HTR2C,Spinalcord
HTR2C|EXACT_SINGLE_PROTEIN|HSAMP_9aa72e4fb1ff63e1792b1ec7|HUMAN_BIOGPS_GNF1H_GCRMA_77_TISSUE_DDOF1,-0.18623638692149827,-0.1281261260918552,-0.05811026082964307,MONOAMINERGIC_ANTIDEPRESSANTS,Monoaminergic antidepressants,HTR2C,Cerebellum
HTR2C|EXACT_SINGLE_PROTEIN|HSAMP_a32ce488a48b0df9b8c4c40a|HUMAN_BIOGPS_GNF1H_GCRMA_77_TISSUE_DDOF1,2.533933170791423,2.0119140811004916,0.5220190896909314,MONOAMINERGIC_ANTIDEPRESSANTS,Monoaminergic antidepressants,HTR2C,Caudatenucleus
HTR2C|EXACT_SINGLE_PROTEIN|HSAMP_d99ba5ea584363f8600ade55|HUMAN_BIOGPS_GNF1H_GCRMA_77_TISSUE_DDOF1,-0.022691925819512807,0.009803861282773565,-0.03249578710228637,MONOAMINERGIC_ANTIDEPRESSANTS,Monoaminergic antidepressants,HTR2C,CingulateCortex
HTR2C|EXACT_SINGLE_PROTEIN|HSAMP_e75262fc0acfda69d976a6d3|HUMAN_BIOGPS_GNF1H_GCRMA_77_TISSUE_DDOF1,0.004312545155705039,0.04966267483875168,-0.04535012968304664,MONOAMINERGIC_ANTIDEPRESSANTS,Monoaminergic antidepressants,HTR2C,ParietalLobe
HTR2C|EXACT_SINGLE_PROTEIN|HSAMP_eb2587e74e2d6457032d4ae7|HUMAN_BIOGPS_GNF1H_GCRMA_77_TISSUE_DDOF1,-0.10140595068348542,-0.05601610976021225,-0.04538984092327317,MONOAMINERGIC_ANTIDEPRESSANTS,Monoaminergic antidepressants,HTR2C,TemporalLobe
HTR2C|EXACT_SINGLE_PROTEIN|HSAMP_f43595f3557cf05e6a721aeb|HUMAN_BIOGPS_GNF1H_GCRMA_77_TISSUE_DDOF1,-0.00472467592650918,0.032548305984191034,-0.03727298191070021,MONOAMINERGIC_ANTIDEPRESSANTS,Monoaminergic antidepressants,HTR2C,Thalamus
HTR2C|EXACT_SINGLE_PROTEIN|HSAMP_ff841df7ecd9f2c8ea2660f5|HUMAN_BIOGPS_GNF1H_GCRMA_77_TISSUE_DDOF1,-0.22109091370694864,-0.15086086698734957,-0.07023004671959907,MONOAMINERGIC_ANTIDEPRESSANTS,Monoaminergic antidepressants,HTR2C,OlfactoryBulb
KCNH2|EXACT_SINGLE_PROTEIN|HSAMP_06645e2e8409a5b743985cdd|HUMAN_BIOGPS_GNF1H_GCRMA_77_TISSUE_DDOF1,0.6721433940176287,0.6032301694374673,0.06891322458016136,MONOAMINERGIC_ANTIDEPRESSANTS,Monoaminergic antidepressants,KCNH2,Wholebrain
KCNH2|EXACT_SINGLE_PROTEIN|HSAMP_0cb8b4d1db8c390eeeecca55|HUMAN_BIOGPS_GNF1H_GCRMA_77_TISSUE_DDOF1,-0.5097769944378396,-0.20936041163348657,-0.30041658280435307,MONOAMINERGIC_ANTIDEPRESSANTS,Monoaminergic antidepressants,KCNH2,Pons
KCNH2|EXACT_SINGLE_PROTEIN|HSAMP_13a552b6ffc4aac3b85a50ca|HUMAN_BIOGPS_GNF1H_GCRMA_77_TISSUE_DDOF1,-0.5953865481483204,-0.25251405358029055,-0.3428724945680298,MONOAMINERGIC_ANTIDEPRESSANTS,Monoaminergic antidepressants,KCNH2,Amygdala
KCNH2|EXACT_SINGLE_PROTEIN|HSAMP_192dff4b8df5862a227b1163|HUMAN_BIOGPS_GNF1H_GCRMA_77_TISSUE_DDOF1,-0.32329295097347915,-0.11005898102506856,-0.2132339699484106,MONOAMINERGIC_ANTIDEPRESSANTS,Monoaminergic antidepressants,KCNH2,SubthalamicNucleus
KCNH2|EXACT_SINGLE_PROTEIN|HSAMP_20b60708f05d03c76f9fe702|HUMAN_BIOGPS_GNF1H_GCRMA_77_TISSUE_DDOF1,0.7780412977138788,0.6639238104477129,0.11411748726616588,MONOAMINERGIC_ANTIDEPRESSANTS,Monoaminergic antidepressants,KCNH2,CerebellumPeduncles
KCNH2|EXACT_SINGLE_PROTEIN|HSAMP_374f872ebf1bbba2be514f9f|HUMAN_BIOGPS_GNF1H_GCRMA_77_TISSUE_DDOF1,-0.5296294324364784,-0.22031680211156152,-0.3093126303249169,MONOAMINERGIC_ANTIDEPRESSANTS,Monoaminergic antidepressants,KCNH2,GlobusPallidus
KCNH2|EXACT_SINGLE_PROTEIN|HSAMP_5c090f15f3e5194312a7e8ed|HUMAN_BIOGPS_GNF1H_GCRMA_77_TISSUE_DDOF1,-0.5296294324364784,-0.22031680211156152,-0.3093126303249169,MONOAMINERGIC_ANTIDEPRESSANTS,Monoaminergic antidepressants,KCNH2,MedullaOblongata
KCNH2|EXACT_SINGLE_PROTEIN|HSAMP_752ebc880edc13bb4e2b2de8|HUMAN_BIOGPS_GNF1H_GCRMA_77_TISSUE_DDOF1,0.9306272020005141,0.7620002654773241,0.16862693652318994,MONOAMINERGIC_ANTIDEPRESSANTS,Monoaminergic antidepressants,KCNH2,PrefrontalCortex
KCNH2|EXACT_SINGLE_PROTEIN|HSAMP_7725bb8a75064c4d7246d9ba|HUMAN_BIOGPS_GNF1H_GCRMA_77_TISSUE_DDOF1,-0.4927973877239192,-0.1973707701823139,-0.29542661754160526,MONOAMINERGIC_ANTIDEPRESSANTS,Monoaminergic antidepressants,KCNH2,OccipitalLobe
KCNH2|EXACT_SINGLE_PROTEIN|HSAMP_8ed020260a1d25cf72324c8a|HUMAN_BIOGPS_GNF1H_GCRMA_77_TISSUE_DDOF1,-0.4927973877239192,-0.19765166232302622,-0.29514572540089296,MONOAMINERGIC_ANTIDEPRESSANTS,Monoaminergic antidepressants,KCNH2,Hypothalamus
KCNH2|EXACT_SINGLE_PROTEIN|HSAMP_936b77a4b11b5c19027de438|HUMAN_BIOGPS_GNF1H_GCRMA_77_TISSUE_DDOF1,-0.011083252746525038,0.10840018112527865,-0.11948343387180368,MONOAMINERGIC_ANTIDEPRESSANTS,Monoaminergic antidepressants,KCNH2,Spinalcord
KCNH2|EXACT_SINGLE_PROTEIN|HSAMP_9aa72e4fb1ff63e1792b1ec7|HUMAN_BIOGPS_GNF1H_GCRMA_77_TISSUE_DDOF1,0.56404460735885,0.5335402141101493,0.03050439324870069,MONOAMINERGIC_ANTIDEPRESSANTS,Monoaminergic antidepressants,KCNH2,Cerebellum
KCNH2|EXACT_SINGLE_PROTEIN|HSAMP_a32ce488a48b0df9b8c4c40a|HUMAN_BIOGPS_GNF1H_GCRMA_77_TISSUE_DDOF1,-0.47787329317090727,-0.192308720446289,-0.28556457272461827,MONOAMINERGIC_ANTIDEPRESSANTS,Monoaminergic antidepressants,KCNH2,Caudatenucleus
KCNH2|EXACT_SINGLE_PROTEIN|HSAMP_d99ba5ea584363f8600ade55|HUMAN_BIOGPS_GNF1H_GCRMA_77_TISSUE_DDOF1,-0.07848428987787703,0.056678636188465456,-0.1351629260663425,MONOAMINERGIC_ANTIDEPRESSANTS,Monoaminergic antidepressants,KCNH2,CingulateCortex
KCNH2|EXACT_SINGLE_PROTEIN|HSAMP_e75262fc0acfda69d976a6d3|HUMAN_BIOGPS_GNF1H_GCRMA_77_TISSUE_DDOF1,-0.47787329317090727,-0.192308720446289,-0.28556457272461827,MONOAMINERGIC_ANTIDEPRESSANTS,Monoaminergic antidepressants,KCNH2,ParietalLobe
KCNH2|EXACT_SINGLE_PROTEIN|HSAMP_eb2587e74e2d6457032d4ae7|HUMAN_BIOGPS_GNF1H_GCRMA_77_TISSUE_DDOF1,-0.5296294324364784,-0.22031680211156152,-0.3093126303249169,MONOAMINERGIC_ANTIDEPRESSANTS,Monoaminergic antidepressants,KCNH2,TemporalLobe
KCNH2|EXACT_SINGLE_PROTEIN|HSAMP_f43595f3557cf05e6a721aeb|HUMAN_BIOGPS_GNF1H_GCRMA_77_TISSUE_DDOF1,0.5683767457770087,0.5372405269253249,0.031136218851683828,MONOAMINERGIC_ANTIDEPRESSANTS,Monoaminergic antidepressants,KCNH2,Thalamus
KCNH2|EXACT_SINGLE_PROTEIN|HSAMP_ff841df7ecd9f2c8ea2660f5|HUMAN_BIOGPS_GNF1H_GCRMA_77_TISSUE_DDOF1,-0.40154289381541125,-0.15085594120118406,-0.2506869526142272,MONOAMINERGIC_ANTIDEPRESSANTS,Monoaminergic antidepressants,KCNH2,OlfactoryBulb
OPRK1|EXACT_SINGLE_PROTEIN|HSAMP_06645e2e8409a5b743985cdd|HUMAN_BIOGPS_GNF1H_GCRMA_77_TISSUE_DDOF1,-1.0563266320899458,-0.09236848549243738,-0.9639581465975084,MONOAMINERGIC_ANTIDEPRESSANTS,Monoaminergic antidepressants,OPRK1,Wholebrain
OPRK1|EXACT_SINGLE_PROTEIN|HSAMP_0cb8b4d1db8c390eeeecca55|HUMAN_BIOGPS_GNF1H_GCRMA_77_TISSUE_DDOF1,0.036968827855691416,0.22486106912379483,-0.18789224126810342,MONOAMINERGIC_ANTIDEPRESSANTS,Monoaminergic antidepressants,OPRK1,Pons
OPRK1|EXACT_SINGLE_PROTEIN|HSAMP_13a552b6ffc4aac3b85a50ca|HUMAN_BIOGPS_GNF1H_GCRMA_77_TISSUE_DDOF1,0.9020982492605245,0.628659464055391,0.27343878520513354,MONOAMINERGIC_ANTIDEPRESSANTS,Monoaminergic antidepressants,OPRK1,Amygdala
OPRK1|EXACT_SINGLE_PROTEIN|HSAMP_192dff4b8df5862a227b1163|HUMAN_BIOGPS_GNF1H_GCRMA_77_TISSUE_DDOF1,-0.6797238247320325,0.052475030669945376,-0.7321988554019779,MONOAMINERGIC_ANTIDEPRESSANTS,Monoaminergic antidepressants,OPRK1,SubthalamicNucleus
OPRK1|EXACT_SINGLE_PROTEIN|HSAMP_20b60708f05d03c76f9fe702|HUMAN_BIOGPS_GNF1H_GCRMA_77_TISSUE_DDOF1,1.2039892604636027,0.7626392744557202,0.44134998600788244,MONOAMINERGIC_ANTIDEPRESSANTS,Monoaminergic antidepressants,OPRK1,CerebellumPeduncles
OPRK1|EXACT_SINGLE_PROTEIN|HSAMP_374f872ebf1bbba2be514f9f|HUMAN_BIOGPS_GNF1H_GCRMA_77_TISSUE_DDOF1,-1.696023134305084,-0.4020229443888566,-1.2940001899162275,MONOAMINERGIC_ANTIDEPRESSANTS,Monoaminergic antidepressants,OPRK1,GlobusPallidus
OPRK1|EXACT_SINGLE_PROTEIN|HSAMP_5c090f15f3e5194312a7e8ed|HUMAN_BIOGPS_GNF1H_GCRMA_77_TISSUE_DDOF1,0.036968827855691416,0.22486106912379483,-0.18789224126810342,MONOAMINERGIC_ANTIDEPRESSANTS,Monoaminergic antidepressants,OPRK1,MedullaOblongata
OPRK1|EXACT_SINGLE_PROTEIN|HSAMP_752ebc880edc13bb4e2b2de8|HUMAN_BIOGPS_GNF1H_GCRMA_77_TISSUE_DDOF1,1.5403699585599027,0.8680707185781535,0.6722992399817491,MONOAMINERGIC_ANTIDEPRESSANTS,Monoaminergic antidepressants,OPRK1,PrefrontalCortex
OPRK1|EXACT_SINGLE_PROTEIN|HSAMP_7725bb8a75064c4d7246d9ba|HUMAN_BIOGPS_GNF1H_GCRMA_77_TISSUE_DDOF1,-0.6797238247320325,0.052475030669945376,-0.7321988554019779,MONOAMINERGIC_ANTIDEPRESSANTS,Monoaminergic antidepressants,OPRK1,OccipitalLobe
OPRK1|EXACT_SINGLE_PROTEIN|HSAMP_8ed020260a1d25cf72324c8a|HUMAN_BIOGPS_GNF1H_GCRMA_77_TISSUE_DDOF1,0.9020982492605245,0.628659464055391,0.27343878520513354,MONOAMINERGIC_ANTIDEPRESSANTS,Monoaminergic antidepressants,OPRK1,Hypothalamus
OPRK1|EXACT_SINGLE_PROTEIN|HSAMP_936b77a4b11b5c19027de438|HUMAN_BIOGPS_GNF1H_GCRMA_77_TISSUE_DDOF1,0.8087303750901438,0.5802002927613821,0.2285300823287617,MONOAMINERGIC_ANTIDEPRESSANTS,Monoaminergic antidepressants,OPRK1,Spinalcord
OPRK1|EXACT_SINGLE_PROTEIN|HSAMP_9aa72e4fb1ff63e1792b1ec7|HUMAN_BIOGPS_GNF1H_GCRMA_77_TISSUE_DDOF1,-1.2719778309776335,-0.21598200498121248,-1.055995825996421,MONOAMINERGIC_ANTIDEPRESSANTS,Monoaminergic antidepressants,OPRK1,Cerebellum
OPRK1|EXACT_SINGLE_PROTEIN|HSAMP_a32ce488a48b0df9b8c4c40a|HUMAN_BIOGPS_GNF1H_GCRMA_77_TISSUE_DDOF1,-0.7631746919002458,0.027055864070639705,-0.7902305559708855,MONOAMINERGIC_ANTIDEPRESSANTS,Monoaminergic antidepressants,OPRK1,Caudatenucleus
OPRK1|EXACT_SINGLE_PROTEIN|HSAMP_d99ba5ea584363f8600ade55|HUMAN_BIOGPS_GNF1H_GCRMA_77_TISSUE_DDOF1,0.6441544693789119,0.5274015373882216,0.11675293199069026,MONOAMINERGIC_ANTIDEPRESSANTS,Monoaminergic antidepressants,OPRK1,CingulateCortex
OPRK1|EXACT_SINGLE_PROTEIN|HSAMP_e75262fc0acfda69d976a6d3|HUMAN_BIOGPS_GNF1H_GCRMA_77_TISSUE_DDOF1,0.8648327126640044,0.6068372242749479,0.2579954883890565,MONOAMINERGIC_ANTIDEPRESSANTS,Monoaminergic antidepressants,OPRK1,ParietalLobe
OPRK1|EXACT_SINGLE_PROTEIN|HSAMP_eb2587e74e2d6457032d4ae7|HUMAN_BIOGPS_GNF1H_GCRMA_77_TISSUE_DDOF1,-0.6017139619223004,0.07398404660207275,-0.6756980085243731,MONOAMINERGIC_ANTIDEPRESSANTS,Monoaminergic antidepressants,OPRK1,TemporalLobe
OPRK1|EXACT_SINGLE_PROTEIN|HSAMP_f43595f3557cf05e6a721aeb|HUMAN_BIOGPS_GNF1H_GCRMA_77_TISSUE_DDOF1,0.5575245454714622,0.5084224453322772,0.049102100139185034,MONOAMINERGIC_ANTIDEPRESSANTS,Monoaminergic antidepressants,OPRK1,Thalamus
OPRK1|EXACT_SINGLE_PROTEIN|HSAMP_ff841df7ecd9f2c8ea2660f5|HUMAN_BIOGPS_GNF1H_GCRMA_77_TISSUE_DDOF1,-1.5539701975614002,-0.3237405608772765,-1.2302296366841237,MONOAMINERGIC_ANTIDEPRESSANTS,Monoaminergic antidepressants,OPRK1,OlfactoryBulb
OPRM1|EXACT_SINGLE_PROTEIN|HSAMP_06645e2e8409a5b743985cdd|HUMAN_BIOGPS_GNF1H_GCRMA_77_TISSUE_DDOF1,-0.7965723889941071,0.16549734087656173,-0.9620697298706689,MONOAMINERGIC_ANTIDEPRESSANTS,Monoaminergic antidepressants,OPRM1,Wholebrain
OPRM1|EXACT_SINGLE_PROTEIN|HSAMP_0cb8b4d1db8c390eeeecca55|HUMAN_BIOGPS_GNF1H_GCRMA_77_TISSUE_DDOF1,1.716808020032496,0.6983361292168134,1.0184718908156825,MONOAMINERGIC_ANTIDEPRESSANTS,Monoaminergic antidepressants,OPRM1,Pons
OPRM1|EXACT_SINGLE_PROTEIN|HSAMP_13a552b6ffc4aac3b85a50ca|HUMAN_BIOGPS_GNF1H_GCRMA_77_TISSUE_DDOF1,-0.22356263192545178,0.28763806175120277,-0.5112006936766545,MONOAMINERGIC_ANTIDEPRESSANTS,Monoaminergic antidepressants,OPRM1,Amygdala
OPRM1|EXACT_SINGLE_PROTEIN|HSAMP_192dff4b8df5862a227b1163|HUMAN_BIOGPS_GNF1H_GCRMA_77_TISSUE_DDOF1,-0.5616367314853511,0.2206012744999349,-0.782238005985286,MONOAMINERGIC_ANTIDEPRESSANTS,Monoaminergic antidepressants,OPRM1,SubthalamicNucleus
OPRM1|EXACT_SINGLE_PROTEIN|HSAMP_20b60708f05d03c76f9fe702|HUMAN_BIOGPS_GNF1H_GCRMA_77_TISSUE_DDOF1,0.48101672315406374,0.4724233637361742,0.008593359417889523,MONOAMINERGIC_ANTIDEPRESSANTS,Monoaminergic antidepressants,OPRM1,CerebellumPeduncles
OPRM1|EXACT_SINGLE_PROTEIN|HSAMP_374f872ebf1bbba2be514f9f|HUMAN_BIOGPS_GNF1H_GCRMA_77_TISSUE_DDOF1,-0.9276542412143662,0.15166061523653437,-1.0793148564509005,MONOAMINERGIC_ANTIDEPRESSANTS,Monoaminergic antidepressants,OPRM1,GlobusPallidus
OPRM1|EXACT_SINGLE_PROTEIN|HSAMP_5c090f15f3e5194312a7e8ed|HUMAN_BIOGPS_GNF1H_GCRMA_77_TISSUE_DDOF1,1.3621070345288713,0.6135940377623947,0.7485129967664765,MONOAMINERGIC_ANTIDEPRESSANTS,Monoaminergic antidepressants,OPRM1,MedullaOblongata
OPRM1|EXACT_SINGLE_PROTEIN|HSAMP_752ebc880edc13bb4e2b2de8|HUMAN_BIOGPS_GNF1H_GCRMA_77_TISSUE_DDOF1,0.5692864698202704,0.4864656658087298,0.08282080401154063,MONOAMINERGIC_ANTIDEPRESSANTS,Monoaminergic antidepressants,OPRM1,PrefrontalCortex
OPRM1|EXACT_SINGLE_PROTEIN|HSAMP_7725bb8a75064c4d7246d9ba|HUMAN_BIOGPS_GNF1H_GCRMA_77_TISSUE_DDOF1,-0.6314667820514213,0.20496533294848582,-0.8364321149999071,MONOAMINERGIC_ANTIDEPRESSANTS,Monoaminergic antidepressants,OPRM1,OccipitalLobe
OPRM1|EXACT_SINGLE_PROTEIN|HSAMP_8ed020260a1d25cf72324c8a|HUMAN_BIOGPS_GNF1H_GCRMA_77_TISSUE_DDOF1,0.0028657084236432275,0.3846513560477866,-0.38178564762414335,MONOAMINERGIC_ANTIDEPRESSANTS,Monoaminergic antidepressants,OPRM1,Hypothalamus
OPRM1|EXACT_SINGLE_PROTEIN|HSAMP_936b77a4b11b5c19027de438|HUMAN_BIOGPS_GNF1H_GCRMA_77_TISSUE_DDOF1,-0.022691925819512807,0.37117482368543303,-0.3938667495049458,MONOAMINERGIC_ANTIDEPRESSANTS,Monoaminergic antidepressants,OPRM1,Spinalcord
OPRM1|EXACT_SINGLE_PROTEIN|HSAMP_9aa72e4fb1ff63e1792b1ec7|HUMAN_BIOGPS_GNF1H_GCRMA_77_TISSUE_DDOF1,0.05316689399923939,0.4085193169411534,-0.355352422941914,MONOAMINERGIC_ANTIDEPRESSANTS,Monoaminergic antidepressants,OPRM1,Cerebellum
OPRM1|EXACT_SINGLE_PROTEIN|HSAMP_a32ce488a48b0df9b8c4c40a|HUMAN_BIOGPS_GNF1H_GCRMA_77_TISSUE_DDOF1,-0.604580083085179,0.21040781770480357,-0.8149879007899825,MONOAMINERGIC_ANTIDEPRESSANTS,Monoaminergic antidepressants,OPRM1,Caudatenucleus
OPRM1|EXACT_SINGLE_PROTEIN|HSAMP_d99ba5ea584363f8600ade55|HUMAN_BIOGPS_GNF1H_GCRMA_77_TISSUE_DDOF1,-0.13768784990688981,0.31708146233178325,-0.45476931223867306,MONOAMINERGIC_ANTIDEPRESSANTS,Monoaminergic antidepressants,OPRM1,CingulateCortex
OPRM1|EXACT_SINGLE_PROTEIN|HSAMP_e75262fc0acfda69d976a6d3|HUMAN_BIOGPS_GNF1H_GCRMA_77_TISSUE_DDOF1,0.10269010257251229,0.4244548493024714,-0.32176474672995914,MONOAMINERGIC_ANTIDEPRESSANTS,Monoaminergic antidepressants,OPRM1,ParietalLobe
OPRM1|EXACT_SINGLE_PROTEIN|HSAMP_eb2587e74e2d6457032d4ae7|HUMAN_BIOGPS_GNF1H_GCRMA_77_TISSUE_DDOF1,0.8130366679122062,0.5248923192898322,0.28814434862237404,MONOAMINERGIC_ANTIDEPRESSANTS,Monoaminergic antidepressants,OPRM1,TemporalLobe
OPRM1|EXACT_SINGLE_PROTEIN|HSAMP_f43595f3557cf05e6a721aeb|HUMAN_BIOGPS_GNF1H_GCRMA_77_TISSUE_DDOF1,-0.17815121178694848,0.3029146062606189,-0.4810658180475674,MONOAMINERGIC_ANTIDEPRESSANTS,Monoaminergic antidepressants,OPRM1,Thalamus
OPRM1|EXACT_SINGLE_PROTEIN|HSAMP_ff841df7ecd9f2c8ea2660f5|HUMAN_BIOGPS_GNF1H_GCRMA_77_TISSUE_DDOF1,-0.8624398965518474,0.1567795496216456,-1.019219446173493,MONOAMINERGIC_ANTIDEPRESSANTS,Monoaminergic antidepressants,OPRM1,OlfactoryBulb
SLC6A2|EXACT_SINGLE_PROTEIN|HSAMP_06645e2e8409a5b743985cdd|HUMAN_BIOGPS_GNF1H_GCRMA_77_TISSUE_DDOF1,-1.132738967762656,-1.5948275788779582,0.4620886111153022,MONOAMINERGIC_ANTIDEPRESSANTS,Monoaminergic antidepressants,SLC6A2,Wholebrain
SLC6A2|EXACT_SINGLE_PROTEIN|HSAMP_0cb8b4d1db8c390eeeecca55|HUMAN_BIOGPS_GNF1H_GCRMA_77_TISSUE_DDOF1,0.0271444976889488,-0.07824241046680097,0.10538690815574978,MONOAMINERGIC_ANTIDEPRESSANTS,Monoaminergic antidepressants,SLC6A2,Pons
SLC6A2|EXACT_SINGLE_PROTEIN|HSAMP_13a552b6ffc4aac3b85a50ca|HUMAN_BIOGPS_GNF1H_GCRMA_77_TISSUE_DDOF1,0.2164813869506129,0.16440558450584206,0.052075802444770836,MONOAMINERGIC_ANTIDEPRESSANTS,Monoaminergic antidepressants,SLC6A2,Amygdala
SLC6A2|EXACT_SINGLE_PROTEIN|HSAMP_192dff4b8df5862a227b1163|HUMAN_BIOGPS_GNF1H_GCRMA_77_TISSUE_DDOF1,0.6721433940176287,0.7346892796267795,-0.06254588560915086,MONOAMINERGIC_ANTIDEPRESSANTS,Monoaminergic antidepressants,SLC6A2,SubthalamicNucleus
SLC6A2|EXACT_SINGLE_PROTEIN|HSAMP_20b60708f05d03c76f9fe702|HUMAN_BIOGPS_GNF1H_GCRMA_77_TISSUE_DDOF1,1.6263504990310644,1.857375954116528,-0.23102545508546357,MONOAMINERGIC_ANTIDEPRESSANTS,Monoaminergic antidepressants,SLC6A2,CerebellumPeduncles
SLC6A2|EXACT_SINGLE_PROTEIN|HSAMP_374f872ebf1bbba2be514f9f|HUMAN_BIOGPS_GNF1H_GCRMA_77_TISSUE_DDOF1,-1.2460582398972329,-1.8096770529562636,0.5636188130590307,MONOAMINERGIC_ANTIDEPRESSANTS,Monoaminergic antidepressants,SLC6A2,GlobusPallidus
SLC6A2|EXACT_SINGLE_PROTEIN|HSAMP_5c090f15f3e5194312a7e8ed|HUMAN_BIOGPS_GNF1H_GCRMA_77_TISSUE_DDOF1,-0.7579259018644592,-1.0315620660671525,0.2736361642026933,MONOAMINERGIC_ANTIDEPRESSANTS,Monoaminergic antidepressants,SLC6A2,MedullaOblongata
SLC6A2|EXACT_SINGLE_PROTEIN|HSAMP_752ebc880edc13bb4e2b2de8|HUMAN_BIOGPS_GNF1H_GCRMA_77_TISSUE_DDOF1,1.0010182958870433,1.1588108390794274,-0.15779254319238412,MONOAMINERGIC_ANTIDEPRESSANTS,Monoaminergic antidepressants,SLC6A2,PrefrontalCortex
SLC6A2|EXACT_SINGLE_PROTEIN|HSAMP_7725bb8a75064c4d7246d9ba|HUMAN_BIOGPS_GNF1H_GCRMA_77_TISSUE_DDOF1,-0.7579259018644592,-1.0315620660671525,0.2736361642026933,MONOAMINERGIC_ANTIDEPRESSANTS,Monoaminergic antidepressants,SLC6A2,OccipitalLobe
SLC6A2|EXACT_SINGLE_PROTEIN|HSAMP_8ed020260a1d25cf72324c8a|HUMAN_BIOGPS_GNF1H_GCRMA_77_TISSUE_DDOF1,0.6721433940176287,0.7346892796267795,-0.06254588560915086,MONOAMINERGIC_ANTIDEPRESSANTS,Monoaminergic antidepressants,SLC6A2,Hypothalamus
SLC6A2|EXACT_SINGLE_PROTEIN|HSAMP_936b77a4b11b5c19027de438|HUMAN_BIOGPS_GNF1H_GCRMA_77_TISSUE_DDOF1,0.5325821191587664,0.5474657865219453,-0.01488366736317892,MONOAMINERGIC_ANTIDEPRESSANTS,Monoaminergic antidepressants,SLC6A2,Spinalcord
SLC6A2|EXACT_SINGLE_PROTEIN|HSAMP_9aa72e4fb1ff63e1792b1ec7|HUMAN_BIOGPS_GNF1H_GCRMA_77_TISSUE_DDOF1,-0.9755002670030188,-1.321375121048187,0.34587485404516816,MONOAMINERGIC_ANTIDEPRESSANTS,Monoaminergic antidepressants,SLC6A2,Cerebellum
SLC6A2|EXACT_SINGLE_PROTEIN|HSAMP_a32ce488a48b0df9b8c4c40a|HUMAN_BIOGPS_GNF1H_GCRMA_77_TISSUE_DDOF1,-0.8043186044715439,-1.081445739237552,0.27712713476600814,MONOAMINERGIC_ANTIDEPRESSANTS,Monoaminergic antidepressants,SLC6A2,Caudatenucleus
SLC6A2|EXACT_SINGLE_PROTEIN|HSAMP_d99ba5ea584363f8600ade55|HUMAN_BIOGPS_GNF1H_GCRMA_77_TISSUE_DDOF1,0.2164813869506129,0.16440558450584206,0.052075802444770836,MONOAMINERGIC_ANTIDEPRESSANTS,Monoaminergic antidepressants,SLC6A2,CingulateCortex
SLC6A2|EXACT_SINGLE_PROTEIN|HSAMP_e75262fc0acfda69d976a6d3|HUMAN_BIOGPS_GNF1H_GCRMA_77_TISSUE_DDOF1,0.7752997142902357,0.8465694971834045,-0.07126978289316876,MONOAMINERGIC_ANTIDEPRESSANTS,Monoaminergic antidepressants,SLC6A2,ParietalLobe
SLC6A2|EXACT_SINGLE_PROTEIN|HSAMP_eb2587e74e2d6457032d4ae7|HUMAN_BIOGPS_GNF1H_GCRMA_77_TISSUE_DDOF1,-0.6175198957580689,-0.862789717359335,0.2452698216012661,MONOAMINERGIC_ANTIDEPRESSANTS,Monoaminergic antidepressants,SLC6A2,TemporalLobe
SLC6A2|EXACT_SINGLE_PROTEIN|HSAMP_f43595f3557cf05e6a721aeb|HUMAN_BIOGPS_GNF1H_GCRMA_77_TISSUE_DDOF1,0.0793133115119636,0.015347932590477694,0.0639653789214859,MONOAMINERGIC_ANTIDEPRESSANTS,Monoaminergic antidepressants,SLC6A2,Thalamus
SLC6A2|EXACT_SINGLE_PROTEIN|HSAMP_ff841df7ecd9f2c8ea2660f5|HUMAN_BIOGPS_GNF1H_GCRMA_77_TISSUE_DDOF1,-0.7579259018644592,-1.0315620660671525,0.2736361642026933,MONOAMINERGIC_ANTIDEPRESSANTS,Monoaminergic antidepressants,SLC6A2,OlfactoryBulb
SLC6A3|EXACT_SINGLE_PROTEIN|HSAMP_06645e2e8409a5b743985cdd|HUMAN_BIOGPS_GNF1H_GCRMA_77_TISSUE_DDOF1,-0.9036593764170809,-1.1084306059047477,0.2047712294876668,MONOAMINERGIC_ANTIDEPRESSANTS,Monoaminergic antidepressants,SLC6A3,Wholebrain
SLC6A3|EXACT_SINGLE_PROTEIN|HSAMP_0cb8b4d1db8c390eeeecca55|HUMAN_BIOGPS_GNF1H_GCRMA_77_TISSUE_DDOF1,0.01727729262442284,-0.05419485419830785,0.07147214682273069,MONOAMINERGIC_ANTIDEPRESSANTS,Monoaminergic antidepressants,SLC6A3,Pons
SLC6A3|EXACT_SINGLE_PROTEIN|HSAMP_13a552b6ffc4aac3b85a50ca|HUMAN_BIOGPS_GNF1H_GCRMA_77_TISSUE_DDOF1,0.5666983409912103,0.5905058786015197,-0.023807537610309404,MONOAMINERGIC_ANTIDEPRESSANTS,Monoaminergic antidepressants,SLC6A3,Amygdala
SLC6A3|EXACT_SINGLE_PROTEIN|HSAMP_192dff4b8df5862a227b1163|HUMAN_BIOGPS_GNF1H_GCRMA_77_TISSUE_DDOF1,-0.221832286669166,-0.38601472052423613,0.16418243385507014,MONOAMINERGIC_ANTIDEPRESSANTS,Monoaminergic antidepressants,SLC6A3,SubthalamicNucleus
SLC6A3|EXACT_SINGLE_PROTEIN|HSAMP_20b60708f05d03c76f9fe702|HUMAN_BIOGPS_GNF1H_GCRMA_77_TISSUE_DDOF1,1.1641254681508675,1.3212085057956093,-0.15708303764474185,MONOAMINERGIC_ANTIDEPRESSANTS,Monoaminergic antidepressants,SLC6A3,CerebellumPeduncles
SLC6A3|EXACT_SINGLE_PROTEIN|HSAMP_374f872ebf1bbba2be514f9f|HUMAN_BIOGPS_GNF1H_GCRMA_77_TISSUE_DDOF1,-1.51085260287073,-1.9066723248349953,0.3958197219642652,MONOAMINERGIC_ANTIDEPRESSANTS,Monoaminergic antidepressants,SLC6A3,GlobusPallidus
SLC6A3|EXACT_SINGLE_PROTEIN|HSAMP_5c090f15f3e5194312a7e8ed|HUMAN_BIOGPS_GNF1H_GCRMA_77_TISSUE_DDOF1,-0.6317076260451668,-0.791209842603163,0.15950221655799612,MONOAMINERGIC_ANTIDEPRESSANTS,Monoaminergic antidepressants,SLC6A3,MedullaOblongata
SLC6A3|EXACT_SINGLE_PROTEIN|HSAMP_752ebc880edc13bb4e2b2de8|HUMAN_BIOGPS_GNF1H_GCRMA_77_TISSUE_DDOF1,1.139175773015892,1.2751309716948969,-0.13595519867900485,MONOAMINERGIC_ANTIDEPRESSANTS,Monoaminergic antidepressants,SLC6A3,PrefrontalCortex
SLC6A3|EXACT_SINGLE_PROTEIN|HSAMP_7725bb8a75064c4d7246d9ba|HUMAN_BIOGPS_GNF1H_GCRMA_77_TISSUE_DDOF1,-0.6317076260451668,-0.791209842603163,0.15950221655799612,MONOAMINERGIC_ANTIDEPRESSANTS,Monoaminergic antidepressants,SLC6A3,OccipitalLobe
SLC6A3|EXACT_SINGLE_PROTEIN|HSAMP_8ed020260a1d25cf72324c8a|HUMAN_BIOGPS_GNF1H_GCRMA_77_TISSUE_DDOF1,2.182869350941762,2.3389341265262447,-0.15606477558448262,MONOAMINERGIC_ANTIDEPRESSANTS,Monoaminergic antidepressants,SLC6A3,Hypothalamus
SLC6A3|EXACT_SINGLE_PROTEIN|HSAMP_936b77a4b11b5c19027de438|HUMAN_BIOGPS_GNF1H_GCRMA_77_TISSUE_DDOF1,0.6456219738069149,0.6843412979424806,-0.03871932413556567,MONOAMINERGIC_ANTIDEPRESSANTS,Monoaminergic antidepressants,SLC6A3,Spinalcord
SLC6A3|EXACT_SINGLE_PROTEIN|HSAMP_9aa72e4fb1ff63e1792b1ec7|HUMAN_BIOGPS_GNF1H_GCRMA_77_TISSUE_DDOF1,-1.1424650971158654,-1.4457076579552646,0.30324256083939916,MONOAMINERGIC_ANTIDEPRESSANTS,Monoaminergic antidepressants,SLC6A3,Cerebellum
SLC6A3|EXACT_SINGLE_PROTEIN|HSAMP_a32ce488a48b0df9b8c4c40a|HUMAN_BIOGPS_GNF1H_GCRMA_77_TISSUE_DDOF1,-0.69464193733049,-0.882549807758908,0.18790787042841806,MONOAMINERGIC_ANTIDEPRESSANTS,Monoaminergic antidepressants,SLC6A3,Caudatenucleus
SLC6A3|EXACT_SINGLE_PROTEIN|HSAMP_d99ba5ea584363f8600ade55|HUMAN_BIOGPS_GNF1H_GCRMA_77_TISSUE_DDOF1,0.5666983409912103,0.5905058786015197,-0.023807537610309404,MONOAMINERGIC_ANTIDEPRESSANTS,Monoaminergic antidepressants,SLC6A3,CingulateCortex
SLC6A3|EXACT_SINGLE_PROTEIN|HSAMP_e75262fc0acfda69d976a6d3|HUMAN_BIOGPS_GNF1H_GCRMA_77_TISSUE_DDOF1,0.6456219738069149,0.6843412979424806,-0.03871932413556567,MONOAMINERGIC_ANTIDEPRESSANTS,Monoaminergic antidepressants,SLC6A3,ParietalLobe
SLC6A3|EXACT_SINGLE_PROTEIN|HSAMP_eb2587e74e2d6457032d4ae7|HUMAN_BIOGPS_GNF1H_GCRMA_77_TISSUE_DDOF1,-0.6317076260451668,-0.791209842603163,0.15950221655799612,MONOAMINERGIC_ANTIDEPRESSANTS,Monoaminergic antidepressants,SLC6A3,TemporalLobe
SLC6A3|EXACT_SINGLE_PROTEIN|HSAMP_f43595f3557cf05e6a721aeb|HUMAN_BIOGPS_GNF1H_GCRMA_77_TISSUE_DDOF1,0.5666983409912103,0.5905058786015197,-0.023807537610309404,MONOAMINERGIC_ANTIDEPRESSANTS,Monoaminergic antidepressants,SLC6A3,Thalamus
SLC6A3|EXACT_SINGLE_PROTEIN|HSAMP_ff841df7ecd9f2c8ea2660f5|HUMAN_BIOGPS_GNF1H_GCRMA_77_TISSUE_DDOF1,-1.1424650971158654,-1.4457076579552646,0.30324256083939916,MONOAMINERGIC_ANTIDEPRESSANTS,Monoaminergic antidepressants,SLC6A3,OlfactoryBulb
SLC6A4|EXACT_SINGLE_PROTEIN|HSAMP_06645e2e8409a5b743985cdd|HUMAN_BIOGPS_GNF1H_GCRMA_77_TISSUE_DDOF1,-0.25135445637222936,-0.6985429826861601,0.44718852631393075,MONOAMINERGIC_ANTIDEPRESSANTS,Monoaminergic antidepressants,SLC6A4,Wholebrain
SLC6A4|EXACT_SINGLE_PROTEIN|HSAMP_0cb8b4d1db8c390eeeecca55|HUMAN_BIOGPS_GNF1H_GCRMA_77_TISSUE_DDOF1,0.07188917544024263,-0.1355118786754117,0.20740105411565435,MONOAMINERGIC_ANTIDEPRESSANTS,Monoaminergic antidepressants,SLC6A4,Pons
SLC6A4|EXACT_SINGLE_PROTEIN|HSAMP_13a552b6ffc4aac3b85a50ca|HUMAN_BIOGPS_GNF1H_GCRMA_77_TISSUE_DDOF1,0.0271444976889488,-0.26289581014837526,0.29004030783732404,MONOAMINERGIC_ANTIDEPRESSANTS,Monoaminergic antidepressants,SLC6A4,Amygdala
SLC6A4|EXACT_SINGLE_PROTEIN|HSAMP_192dff4b8df5862a227b1163|HUMAN_BIOGPS_GNF1H_GCRMA_77_TISSUE_DDOF1,-0.1367075388384357,-0.5771985479596726,0.44049100912123695,MONOAMINERGIC_ANTIDEPRESSANTS,Monoaminergic antidepressants,SLC6A4,SubthalamicNucleus
SLC6A4|EXACT_SINGLE_PROTEIN|HSAMP_20b60708f05d03c76f9fe702|HUMAN_BIOGPS_GNF1H_GCRMA_77_TISSUE_DDOF1,0.1102442582911983,-0.02012458970218647,0.13036884799338477,MONOAMINERGIC_ANTIDEPRESSANTS,Monoaminergic antidepressants,SLC6A4,CerebellumPeduncles
SLC6A4|EXACT_SINGLE_PROTEIN|HSAMP_374f872ebf1bbba2be514f9f|HUMAN_BIOGPS_GNF1H_GCRMA_77_TISSUE_DDOF1,-0.4371859824980134,-0.8974368485793123,0.4602508660812989,MONOAMINERGIC_ANTIDEPRESSANTS,Monoaminergic antidepressants,SLC6A4,GlobusPallidus
SLC6A4|EXACT_SINGLE_PROTEIN|HSAMP_5c090f15f3e5194312a7e8ed|HUMAN_BIOGPS_GNF1H_GCRMA_77_TISSUE_DDOF1,-0.054655890656651725,-0.47008350686786604,0.4154276162112143,MONOAMINERGIC_ANTIDEPRESSANTS,Monoaminergic antidepressants,SLC6A4,MedullaOblongata
SLC6A4|EXACT_SINGLE_PROTEIN|HSAMP_752ebc880edc13bb4e2b2de8|HUMAN_BIOGPS_GNF1H_GCRMA_77_TISSUE_DDOF1,0.2907949004382928,0.1945969257677586,0.0961979746705342,MONOAMINERGIC_ANTIDEPRESSANTS,Monoaminergic antidepressants,SLC6A4,PrefrontalCortex
SLC6A4|EXACT_SINGLE_PROTEIN|HSAMP_7725bb8a75064c4d7246d9ba|HUMAN_BIOGPS_GNF1H_GCRMA_77_TISSUE_DDOF1,-0.17884169477383446,-0.6261230572352328,0.44728136246139827,MONOAMINERGIC_ANTIDEPRESSANTS,Monoaminergic antidepressants,SLC6A4,OccipitalLobe
SLC6A4|EXACT_SINGLE_PROTEIN|HSAMP_8ed020260a1d25cf72324c8a|HUMAN_BIOGPS_GNF1H_GCRMA_77_TISSUE_DDOF1,0.0271444976889488,-0.26289581014837526,0.29004030783732404,MONOAMINERGIC_ANTIDEPRESSANTS,Monoaminergic antidepressants,SLC6A4,Hypothalamus
SLC6A4|EXACT_SINGLE_PROTEIN|HSAMP_936b77a4b11b5c19027de438|HUMAN_BIOGPS_GNF1H_GCRMA_77_TISSUE_DDOF1,0.05055470938774039,-0.20025851461378658,0.25081322400152695,MONOAMINERGIC_ANTIDEPRESSANTS,Monoaminergic antidepressants,SLC6A4,Spinalcord
SLC6A4|EXACT_SINGLE_PROTEIN|HSAMP_9aa72e4fb1ff63e1792b1ec7|HUMAN_BIOGPS_GNF1H_GCRMA_77_TISSUE_DDOF1,0.9355939929881446,1.2095890742942945,-0.2739950813061499,MONOAMINERGIC_ANTIDEPRESSANTS,Monoaminergic antidepressants,SLC6A4,Cerebellum
SLC6A4|EXACT_SINGLE_PROTEIN|HSAMP_a32ce488a48b0df9b8c4c40a|HUMAN_BIOGPS_GNF1H_GCRMA_77_TISSUE_DDOF1,0.09786726621788498,-0.03957625698331858,0.13744352320120357,MONOAMINERGIC_ANTIDEPRESSANTS,Monoaminergic antidepressants,SLC6A4,Caudatenucleus
SLC6A4|EXACT_SINGLE_PROTEIN|HSAMP_d99ba5ea584363f8600ade55|HUMAN_BIOGPS_GNF1H_GCRMA_77_TISSUE_DDOF1,-0.0003896569041729336,-0.35498537929621377,0.35459572239204085,MONOAMINERGIC_ANTIDEPRESSANTS,Monoaminergic antidepressants,SLC6A4,CingulateCortex
SLC6A4|EXACT_SINGLE_PROTEIN|HSAMP_e75262fc0acfda69d976a6d3|HUMAN_BIOGPS_GNF1H_GCRMA_77_TISSUE_DDOF1,0.09786726621788498,-0.03957625698331858,0.13744352320120357,MONOAMINERGIC_ANTIDEPRESSANTS,Monoaminergic antidepressants,SLC6A4,ParietalLobe
SLC6A4|EXACT_SINGLE_PROTEIN|HSAMP_eb2587e74e2d6457032d4ae7|HUMAN_BIOGPS_GNF1H_GCRMA_77_TISSUE_DDOF1,-0.17884169477383446,-0.6261230572352328,0.44728136246139827,MONOAMINERGIC_ANTIDEPRESSANTS,Monoaminergic antidepressants,SLC6A4,TemporalLobe
SLC6A4|EXACT_SINGLE_PROTEIN|HSAMP_f43595f3557cf05e6a721aeb|HUMAN_BIOGPS_GNF1H_GCRMA_77_TISSUE_DDOF1,-0.011083252746525038,-0.3856475975181092,0.3745643447715841,MONOAMINERGIC_ANTIDEPRESSANTS,Monoaminergic antidepressants,SLC6A4,Thalamus
SLC6A4|EXACT_SINGLE_PROTEIN|HSAMP_ff841df7ecd9f2c8ea2660f5|HUMAN_BIOGPS_GNF1H_GCRMA_77_TISSUE_DDOF1,-0.36220970206270436,-0.8154276421333215,0.45321794007061716,MONOAMINERGIC_ANTIDEPRESSANTS,Monoaminergic antidepressants,SLC6A4,OlfactoryBulb
ADRA1A|EXACT_SINGLE_PROTEIN|HSAMP_06645e2e8409a5b743985cdd|HUMAN_BIOGPS_GNF1H_GCRMA_77_TISSUE_DDOF1,-1.5437279671639712,-0.020211463217087472,-1.5235165039468836,MOOD_STABILIZERS,Mood stabilizer context,ADRA1A,Wholebrain
ADRA1A|EXACT_SINGLE_PROTEIN|HSAMP_0cb8b4d1db8c390eeeecca55|HUMAN_BIOGPS_GNF1H_GCRMA_77_TISSUE_DDOF1,1.4195828780719864,0.6793031880304867,0.7402796900414996,MOOD_STABILIZERS,Mood stabilizer context,ADRA1A,Pons
ADRA1A|EXACT_SINGLE_PROTEIN|HSAMP_13a552b6ffc4aac3b85a50ca|HUMAN_BIOGPS_GNF1H_GCRMA_77_TISSUE_DDOF1,0.01727729262442284,0.3288885198588137,-0.31161122723439083,MOOD_STABILIZERS,Mood stabilizer context,ADRA1A,Amygdala
ADRA1A|EXACT_SINGLE_PROTEIN|HSAMP_192dff4b8df5862a227b1163|HUMAN_BIOGPS_GNF1H_GCRMA_77_TISSUE_DDOF1,-0.17327345734461072,0.2672412097516238,-0.44051466709623455,MOOD_STABILIZERS,Mood stabilizer context,ADRA1A,SubthalamicNucleus
ADRA1A|EXACT_SINGLE_PROTEIN|HSAMP_20b60708f05d03c76f9fe702|HUMAN_BIOGPS_GNF1H_GCRMA_77_TISSUE_DDOF1,1.2202698721222003,0.6449076786531625,0.5753621934690378,MOOD_STABILIZERS,Mood stabilizer context,ADRA1A,CerebellumPeduncles
ADRA1A|EXACT_SINGLE_PROTEIN|HSAMP_374f872ebf1bbba2be514f9f|HUMAN_BIOGPS_GNF1H_GCRMA_77_TISSUE_DDOF1,-1.0125913122842531,0.08767220211478662,-1.1002635143990398,MOOD_STABILIZERS,Mood stabilizer context,ADRA1A,GlobusPallidus
ADRA1A|EXACT_SINGLE_PROTEIN|HSAMP_5c090f15f3e5194312a7e8ed|HUMAN_BIOGPS_GNF1H_GCRMA_77_TISSUE_DDOF1,-0.7142836231329676,0.15396325393968902,-0.8682468770726566,MOOD_STABILIZERS,Mood stabilizer context,ADRA1A,MedullaOblongata
ADRA1A|EXACT_SINGLE_PROTEIN|HSAMP_752ebc880edc13bb4e2b2de8|HUMAN_BIOGPS_GNF1H_GCRMA_77_TISSUE_DDOF1,1.0330401383418797,0.5992874488947172,0.4337526894471625,MOOD_STABILIZERS,Mood stabilizer context,ADRA1A,PrefrontalCortex
ADRA1A|EXACT_SINGLE_PROTEIN|HSAMP_7725bb8a75064c4d7246d9ba|HUMAN_BIOGPS_GNF1H_GCRMA_77_TISSUE_DDOF1,-0.7735111971300326,0.14121903829854732,-0.9147302354285799,MOOD_STABILIZERS,Mood stabilizer context,ADRA1A,OccipitalLobe
ADRA1A|EXACT_SINGLE_PROTEIN|HSAMP_8ed020260a1d25cf72324c8a|HUMAN_BIOGPS_GNF1H_GCRMA_77_TISSUE_DDOF1,0.48383712564449033,0.4739761289772226,0.009860996667267752,MOOD_STABILIZERS,Mood stabilizer context,ADRA1A,Hypothalamus
ADRA1A|EXACT_SINGLE_PROTEIN|HSAMP_936b77a4b11b5c19027de438|HUMAN_BIOGPS_GNF1H_GCRMA_77_TISSUE_DDOF1,0.6803833642951119,0.5134490290211859,0.16693433527392598,MOOD_STABILIZERS,Mood stabilizer context,ADRA1A,Spinalcord
ADRA1A|EXACT_SINGLE_PROTEIN|HSAMP_9aa72e4fb1ff63e1792b1ec7|HUMAN_BIOGPS_GNF1H_GCRMA_77_TISSUE_DDOF1,-1.176829333645712,0.053862303960125826,-1.2306916376058379,MOOD_STABILIZERS,Mood stabilizer context,ADRA1A,Cerebellum
ADRA1A|EXACT_SINGLE_PROTEIN|HSAMP_a32ce488a48b0df9b8c4c40a|HUMAN_BIOGPS_GNF1H_GCRMA_77_TISSUE_DDOF1,-0.7735111971300326,0.14121903829854732,-0.9147302354285799,MOOD_STABILIZERS,Mood stabilizer context,ADRA1A,Caudatenucleus
ADRA1A|EXACT_SINGLE_PROTEIN|HSAMP_d99ba5ea584363f8600ade55|HUMAN_BIOGPS_GNF1H_GCRMA_77_TISSUE_DDOF1,0.5697969462378093,0.49601518545638457,0.07378176078142473,MOOD_STABILIZERS,Mood stabilizer context,ADRA1A,CingulateCortex
ADRA1A|EXACT_SINGLE_PROTEIN|HSAMP_e75262fc0acfda69d976a6d3|HUMAN_BIOGPS_GNF1H_GCRMA_77_TISSUE_DDOF1,0.7908831192896955,0.5364061608505954,0.2544769584391,MOOD_STABILIZERS,Mood stabilizer context,ADRA1A,ParietalLobe
ADRA1A|EXACT_SINGLE_PROTEIN|HSAMP_eb2587e74e2d6457032d4ae7|HUMAN_BIOGPS_GNF1H_GCRMA_77_TISSUE_DDOF1,-0.47438680247321735,0.20216499295127344,-0.6765517954244908,MOOD_STABILIZERS,Mood stabilizer context,ADRA1A,TemporalLobe
ADRA1A|EXACT_SINGLE_PROTEIN|HSAMP_f43595f3557cf05e6a721aeb|HUMAN_BIOGPS_GNF1H_GCRMA_77_TISSUE_DDOF1,0.2937959716720335,0.4543019438990976,-0.16050597222706414,MOOD_STABILIZERS,Mood stabilizer context,ADRA1A,Thalamus
ADRA1A|EXACT_SINGLE_PROTEIN|HSAMP_ff841df7ecd9f2c8ea2660f5|HUMAN_BIOGPS_GNF1H_GCRMA_77_TISSUE_DDOF1,-1.3916941247707881,0.01266122806708652,-1.4043553528378747,MOOD_STABILIZERS,Mood stabilizer context,ADRA1A,OlfactoryBulb
CHRM3|EXACT_SINGLE_PROTEIN|HSAMP_06645e2e8409a5b743985cdd|HUMAN_BIOGPS_GNF1H_GCRMA_77_TISSUE_DDOF1,1.12499387306454,0.6849506324968216,0.44004324056771826,MOOD_STABILIZERS,Mood stabilizer context,CHRM3,Wholebrain
CHRM3|EXACT_SINGLE_PROTEIN|HSAMP_0cb8b4d1db8c390eeeecca55|HUMAN_BIOGPS_GNF1H_GCRMA_77_TISSUE_DDOF1,0.009288874367541939,0.23960647704660698,-0.23031760267906504,MOOD_STABILIZERS,Mood stabilizer context,CHRM3,Pons
CHRM3|EXACT_SINGLE_PROTEIN|HSAMP_13a552b6ffc4aac3b85a50ca|HUMAN_BIOGPS_GNF1H_GCRMA_77_TISSUE_DDOF1,1.2196470178369565,0.7179835004366946,0.5016635174002619,MOOD_STABILIZERS,Mood stabilizer context,CHRM3,Amygdala
CHRM3|EXACT_SINGLE_PROTEIN|HSAMP_192dff4b8df5862a227b1163|HUMAN_BIOGPS_GNF1H_GCRMA_77_TISSUE_DDOF1,0.4242907316639165,0.4661072983099345,-0.041816566646018016,MOOD_STABILIZERS,Mood stabilizer context,CHRM3,SubthalamicNucleus
CHRM3|EXACT_SINGLE_PROTEIN|HSAMP_20b60708f05d03c76f9fe702|HUMAN_BIOGPS_GNF1H_GCRMA_77_TISSUE_DDOF1,0.0754253984854567,0.2929280028534638,-0.2175026043680071,MOOD_STABILIZERS,Mood stabilizer context,CHRM3,CerebellumPeduncles
CHRM3|EXACT_SINGLE_PROTEIN|HSAMP_374f872ebf1bbba2be514f9f|HUMAN_BIOGPS_GNF1H_GCRMA_77_TISSUE_DDOF1,-0.10402842305478566,0.20360399962329168,-0.30763242267807733,MOOD_STABILIZERS,Mood stabilizer context,CHRM3,GlobusPallidus
CHRM3|EXACT_SINGLE_PROTEIN|HSAMP_5c090f15f3e5194312a7e8ed|HUMAN_BIOGPS_GNF1H_GCRMA_77_TISSUE_DDOF1,0.3643441543381009,0.4473321789624476,-0.08298802462434668,MOOD_STABILIZERS,Mood stabilizer context,CHRM3,MedullaOblongata
CHRM3|EXACT_SINGLE_PROTEIN|HSAMP_752ebc880edc13bb4e2b2de8|HUMAN_BIOGPS_GNF1H_GCRMA_77_TISSUE_DDOF1,2.6155934488421475,1.5071346943918207,1.1084587544503268,MOOD_STABILIZERS,Mood stabilizer context,CHRM3,PrefrontalCortex
CHRM3|EXACT_SINGLE_PROTEIN|HSAMP_7725bb8a75064c4d7246d9ba|HUMAN_BIOGPS_GNF1H_GCRMA_77_TISSUE_DDOF1,0.7434044170757004,0.537674274084401,0.20573014299129933,MOOD_STABILIZERS,Mood stabilizer context,CHRM3,OccipitalLobe
CHRM3|EXACT_SINGLE_PROTEIN|HSAMP_8ed020260a1d25cf72324c8a|HUMAN_BIOGPS_GNF1H_GCRMA_77_TISSUE_DDOF1,0.07228204391287499,0.2872191639326463,-0.2149371200197713,MOOD_STABILIZERS,Mood stabilizer context,CHRM3,Hypothalamus
CHRM3|EXACT_SINGLE_PROTEIN|HSAMP_936b77a4b11b5c19027de438|HUMAN_BIOGPS_GNF1H_GCRMA_77_TISSUE_DDOF1,0.04454906146442492,0.2641835069806231,-0.21963444551619818,MOOD_STABILIZERS,Mood stabilizer context,CHRM3,Spinalcord
CHRM3|EXACT_SINGLE_PROTEIN|HSAMP_9aa72e4fb1ff63e1792b1ec7|HUMAN_BIOGPS_GNF1H_GCRMA_77_TISSUE_DDOF1,-0.07721997063400048,0.21174127758514388,-0.2889612482191444,MOOD_STABILIZERS,Mood stabilizer context,CHRM3,Cerebellum
CHRM3|EXACT_SINGLE_PROTEIN|HSAMP_a32ce488a48b0df9b8c4c40a|HUMAN_BIOGPS_GNF1H_GCRMA_77_TISSUE_DDOF1,-0.022691925819512807,0.22700362705451171,-0.2496955528740245,MOOD_STABILIZERS,Mood stabilizer context,CHRM3,Caudatenucleus
CHRM3|EXACT_SINGLE_PROTEIN|HSAMP_d99ba5ea584363f8600ade55|HUMAN_BIOGPS_GNF1H_GCRMA_77_TISSUE_DDOF1,0.05521957840724115,0.2722855887790873,-0.21706601037184617,MOOD_STABILIZERS,Mood stabilizer context,CHRM3,CingulateCortex
CHRM3|EXACT_SINGLE_PROTEIN|HSAMP_e75262fc0acfda69d976a6d3|HUMAN_BIOGPS_GNF1H_GCRMA_77_TISSUE_DDOF1,0.0754253984854567,0.2929280028534638,-0.2175026043680071,MOOD_STABILIZERS,Mood stabilizer context,CHRM3,ParietalLobe
CHRM3|EXACT_SINGLE_PROTEIN|HSAMP_eb2587e74e2d6457032d4ae7|HUMAN_BIOGPS_GNF1H_GCRMA_77_TISSUE_DDOF1,0.0271444976889488,0.2522123026579918,-0.22506780496904302,MOOD_STABILIZERS,Mood stabilizer context,CHRM3,TemporalLobe
CHRM3|EXACT_SINGLE_PROTEIN|HSAMP_f43595f3557cf05e6a721aeb|HUMAN_BIOGPS_GNF1H_GCRMA_77_TISSUE_DDOF1,0.0271444976889488,0.2522123026579918,-0.22506780496904302,MOOD_STABILIZERS,Mood stabilizer context,CHRM3,Thalamus
CHRM3|EXACT_SINGLE_PROTEIN|HSAMP_ff841df7ecd9f2c8ea2660f5|HUMAN_BIOGPS_GNF1H_GCRMA_77_TISSUE_DDOF1,-0.08253096470530781,0.20835709945451988,-0.2908880641598277,MOOD_STABILIZERS,Mood stabilizer context,CHRM3,OlfactoryBulb
DRD3|EXACT_SINGLE_PROTEIN|HSAMP_06645e2e8409a5b743985cdd|HUMAN_BIOGPS_GNF1H_GCRMA_77_TISSUE_DDOF1,-1.2842121542417289,0.04512993501244609,-1.329342089254175,MOOD_STABILIZERS,Mood stabilizer context,DRD3,Wholebrain
DRD3|EXACT_SINGLE_PROTEIN|HSAMP_0cb8b4d1db8c390eeeecca55|HUMAN_BIOGPS_GNF1H_GCRMA_77_TISSUE_DDOF1,0.0023834309956057204,0.29877763990318346,-0.2963942089075777,MOOD_STABILIZERS,Mood stabilizer context,DRD3,Pons
DRD3|EXACT_SINGLE_PROTEIN|HSAMP_13a552b6ffc4aac3b85a50ca|HUMAN_BIOGPS_GNF1H_GCRMA_77_TISSUE_DDOF1,0.030568438403599383,0.3262432734670188,-0.2956748350634194,MOOD_STABILIZERS,Mood stabilizer context,DRD3,Amygdala
DRD3|EXACT_SINGLE_PROTEIN|HSAMP_192dff4b8df5862a227b1163|HUMAN_BIOGPS_GNF1H_GCRMA_77_TISSUE_DDOF1,-0.08003462664942151,0.2578799578423599,-0.3379145844917814,MOOD_STABILIZERS,Mood stabilizer context,DRD3,SubthalamicNucleus
DRD3|EXACT_SINGLE_PROTEIN|HSAMP_20b60708f05d03c76f9fe702|HUMAN_BIOGPS_GNF1H_GCRMA_77_TISSUE_DDOF1,1.2866473345289737,0.6642895548351834,0.6223577796937904,MOOD_STABILIZERS,Mood stabilizer context,DRD3,CerebellumPeduncles
DRD3|EXACT_SINGLE_PROTEIN|HSAMP_374f872ebf1bbba2be514f9f|HUMAN_BIOGPS_GNF1H_GCRMA_77_TISSUE_DDOF1,-1.0748620696191764,0.07737446249878557,-1.152236532117962,MOOD_STABILIZERS,Mood stabilizer context,DRD3,GlobusPallidus
DRD3|EXACT_SINGLE_PROTEIN|HSAMP_5c090f15f3e5194312a7e8ed|HUMAN_BIOGPS_GNF1H_GCRMA_77_TISSUE_DDOF1,-0.839299390925231,0.11922752108860007,-0.9585269120138311,MOOD_STABILIZERS,Mood stabilizer context,DRD3,MedullaOblongata
DRD3|EXACT_SINGLE_PROTEIN|HSAMP_752ebc880edc13bb4e2b2de8|HUMAN_BIOGPS_GNF1H_GCRMA_77_TISSUE_DDOF1,1.0490540983509957,0.595873012402945,0.45318108594805073,MOOD_STABILIZERS,Mood stabilizer context,DRD3,PrefrontalCortex
DRD3|EXACT_SINGLE_PROTEIN|HSAMP_7725bb8a75064c4d7246d9ba|HUMAN_BIOGPS_GNF1H_GCRMA_77_TISSUE_DDOF1,-0.7362370849074823,0.13596167432629566,-0.872198759233778,MOOD_STABILIZERS,Mood stabilizer context,DRD3,OccipitalLobe
DRD3|EXACT_SINGLE_PROTEIN|HSAMP_8ed020260a1d25cf72324c8a|HUMAN_BIOGPS_GNF1H_GCRMA_77_TISSUE_DDOF1,0.6563538384335851,0.5144905976181733,0.1418632408154118,MOOD_STABILIZERS,Mood stabilizer context,DRD3,Hypothalamus
DRD3|EXACT_SINGLE_PROTEIN|HSAMP_936b77a4b11b5c19027de438|HUMAN_BIOGPS_GNF1H_GCRMA_77_TISSUE_DDOF1,0.7451626111009189,0.5258495812272374,0.2193130298736815,MOOD_STABILIZERS,Mood stabilizer context,DRD3,Spinalcord
DRD3|EXACT_SINGLE_PROTEIN|HSAMP_9aa72e4fb1ff63e1792b1ec7|HUMAN_BIOGPS_GNF1H_GCRMA_77_TISSUE_DDOF1,-1.2351547291729417,0.05417418691907463,-1.2893289160920163,MOOD_STABILIZERS,Mood stabilizer context,DRD3,Cerebellum
DRD3|EXACT_SINGLE_PROTEIN|HSAMP_a32ce488a48b0df9b8c4c40a|HUMAN_BIOGPS_GNF1H_GCRMA_77_TISSUE_DDOF1,-0.7592120109312279,0.1264383737152062,-0.8856503846464341,MOOD_STABILIZERS,Mood stabilizer context,DRD3,Caudatenucleus
DRD3|EXACT_SINGLE_PROTEIN|HSAMP_d99ba5ea584363f8600ade55|HUMAN_BIOGPS_GNF1H_GCRMA_77_TISSUE_DDOF1,0.48383712564449033,0.4742958833338026,0.009541242310687703,MOOD_STABILIZERS,Mood stabilizer context,DRD3,CingulateCortex
DRD3|EXACT_SINGLE_PROTEIN|HSAMP_e75262fc0acfda69d976a6d3|HUMAN_BIOGPS_GNF1H_GCRMA_77_TISSUE_DDOF1,0.8685906746985917,0.5468545267625847,0.321736147936007,MOOD_STABILIZERS,Mood stabilizer context,DRD3,ParietalLobe
DRD3|EXACT_SINGLE_PROTEIN|HSAMP_eb2587e74e2d6457032d4ae7|HUMAN_BIOGPS_GNF1H_GCRMA_77_TISSUE_DDOF1,-0.5738641542024093,0.15653504545236532,-0.7303991996547746,MOOD_STABILIZERS,Mood stabilizer context,DRD3,TemporalLobe
DRD3|EXACT_SINGLE_PROTEIN|HSAMP_f43595f3557cf05e6a721aeb|HUMAN_BIOGPS_GNF1H_GCRMA_77_TISSUE_DDOF1,0.5240810981462861,0.4809816013477203,0.04309949679856584,MOOD_STABILIZERS,Mood stabilizer context,DRD3,Thalamus
DRD3|EXACT_SINGLE_PROTEIN|HSAMP_ff841df7ecd9f2c8ea2660f5|HUMAN_BIOGPS_GNF1H_GCRMA_77_TISSUE_DDOF1,-1.3752266954158143,0.030505128268503923,-1.4057318236843181,MOOD_STABILIZERS,Mood stabilizer context,DRD3,OlfactoryBulb
HRH1|EXACT_SINGLE_PROTEIN|HSAMP_06645e2e8409a5b743985cdd|HUMAN_BIOGPS_GNF1H_GCRMA_77_TISSUE_DDOF1,-1.1095455805079992,-0.20450389746144995,-0.9050416830465493,MOOD_STABILIZERS,Mood stabilizer context,HRH1,Wholebrain
HRH1|EXACT_SINGLE_PROTEIN|HSAMP_0cb8b4d1db8c390eeeecca55|HUMAN_BIOGPS_GNF1H_GCRMA_77_TISSUE_DDOF1,-0.4069665813435382,0.0975175332412446,-0.5044841145847828,MOOD_STABILIZERS,Mood stabilizer context,HRH1,Pons
HRH1|EXACT_SINGLE_PROTEIN|HSAMP_13a552b6ffc4aac3b85a50ca|HUMAN_BIOGPS_GNF1H_GCRMA_77_TISSUE_DDOF1,0.8066860352749088,0.5954413117334271,0.21124472354148172,MOOD_STABILIZERS,Mood stabilizer context,HRH1,Amygdala
HRH1|EXACT_SINGLE_PROTEIN|HSAMP_192dff4b8df5862a227b1163|HUMAN_BIOGPS_GNF1H_GCRMA_77_TISSUE_DDOF1,-0.5267059096251675,0.07295452964282172,-0.5996604392679892,MOOD_STABILIZERS,Mood stabilizer context,HRH1,SubthalamicNucleus
HRH1|EXACT_SINGLE_PROTEIN|HSAMP_20b60708f05d03c76f9fe702|HUMAN_BIOGPS_GNF1H_GCRMA_77_TISSUE_DDOF1,0.825224067399588,0.607171040212156,0.21805302718743202,MOOD_STABILIZERS,Mood stabilizer context,HRH1,CerebellumPeduncles
HRH1|EXACT_SINGLE_PROTEIN|HSAMP_374f872ebf1bbba2be514f9f|HUMAN_BIOGPS_GNF1H_GCRMA_77_TISSUE_DDOF1,-1.149155340482987,-0.23346101374638967,-0.9156943267365973,MOOD_STABILIZERS,Mood stabilizer context,HRH1,GlobusPallidus
HRH1|EXACT_SINGLE_PROTEIN|HSAMP_5c090f15f3e5194312a7e8ed|HUMAN_BIOGPS_GNF1H_GCRMA_77_TISSUE_DDOF1,0.7948154050603815,0.5889578867976812,0.20585751826270027,MOOD_STABILIZERS,Mood stabilizer context,HRH1,MedullaOblongata
HRH1|EXACT_SINGLE_PROTEIN|HSAMP_752ebc880edc13bb4e2b2de8|HUMAN_BIOGPS_GNF1H_GCRMA_77_TISSUE_DDOF1,1.3680622891810272,0.8375043579064168,0.5305579312746105,MOOD_STABILIZERS,Mood stabilizer context,HRH1,PrefrontalCortex
HRH1|EXACT_SINGLE_PROTEIN|HSAMP_7725bb8a75064c4d7246d9ba|HUMAN_BIOGPS_GNF1H_GCRMA_77_TISSUE_DDOF1,-0.8232697206603634,-0.029007688415452385,-0.794262032244911,MOOD_STABILIZERS,Mood stabilizer context,HRH1,OccipitalLobe
HRH1|EXACT_SINGLE_PROTEIN|HSAMP_8ed020260a1d25cf72324c8a|HUMAN_BIOGPS_GNF1H_GCRMA_77_TISSUE_DDOF1,0.5591731547488072,0.5140654401638965,0.045107714584910696,MOOD_STABILIZERS,Mood stabilizer context,HRH1,Hypothalamus
HRH1|EXACT_SINGLE_PROTEIN|HSAMP_936b77a4b11b5c19027de438|HUMAN_BIOGPS_GNF1H_GCRMA_77_TISSUE_DDOF1,0.5328947606229455,0.5022397963855826,0.030654964237362914,MOOD_STABILIZERS,Mood stabilizer context,HRH1,Spinalcord
HRH1|EXACT_SINGLE_PROTEIN|HSAMP_9aa72e4fb1ff63e1792b1ec7|HUMAN_BIOGPS_GNF1H_GCRMA_77_TISSUE_DDOF1,-1.194185433796494,-0.2599231847991838,-0.93426224899731,MOOD_STABILIZERS,Mood stabilizer context,HRH1,Cerebellum
HRH1|EXACT_SINGLE_PROTEIN|HSAMP_a32ce488a48b0df9b8c4c40a|HUMAN_BIOGPS_GNF1H_GCRMA_77_TISSUE_DDOF1,-0.8823718421604713,-0.05579214705262917,-0.8265796951078421,MOOD_STABILIZERS,Mood stabilizer context,HRH1,Caudatenucleus
HRH1|EXACT_SINGLE_PROTEIN|HSAMP_d99ba5ea584363f8600ade55|HUMAN_BIOGPS_GNF1H_GCRMA_77_TISSUE_DDOF1,0.6441544693789119,0.5300235657035471,0.11413090367536471,MOOD_STABILIZERS,Mood stabilizer context,HRH1,CingulateCortex
HRH1|EXACT_SINGLE_PROTEIN|HSAMP_e75262fc0acfda69d976a6d3|HUMAN_BIOGPS_GNF1H_GCRMA_77_TISSUE_DDOF1,0.6140082925950555,0.5259363409048206,0.08807195169023496,MOOD_STABILIZERS,Mood stabilizer context,HRH1,ParietalLobe
HRH1|EXACT_SINGLE_PROTEIN|HSAMP_eb2587e74e2d6457032d4ae7|HUMAN_BIOGPS_GNF1H_GCRMA_77_TISSUE_DDOF1,-0.6895196608949238,0.017303553559499862,-0.7068232144544236,MOOD_STABILIZERS,Mood stabilizer context,HRH1,TemporalLobe
HRH1|EXACT_SINGLE_PROTEIN|HSAMP_f43595f3557cf05e6a721aeb|HUMAN_BIOGPS_GNF1H_GCRMA_77_TISSUE_DDOF1,0.01727729262442284,0.18448478548226627,-0.16720749285784342,MOOD_STABILIZERS,Mood stabilizer context,HRH1,Thalamus
HRH1|EXACT_SINGLE_PROTEIN|HSAMP_ff841df7ecd9f2c8ea2660f5|HUMAN_BIOGPS_GNF1H_GCRMA_77_TISSUE_DDOF1,-1.3254271532431554,-0.32708052385673825,-0.9983466293864172,MOOD_STABILIZERS,Mood stabilizer context,HRH1,OlfactoryBulb
HTR2A|EXACT_SINGLE_PROTEIN|HSAMP_06645e2e8409a5b743985cdd|HUMAN_BIOGPS_GNF1H_GCRMA_77_TISSUE_DDOF1,-0.501889385623247,0.08699942213247747,-0.5888888077557245,MOOD_STABILIZERS,Mood stabilizer context,HTR2A,Wholebrain
HTR2A|EXACT_SINGLE_PROTEIN|HSAMP_0cb8b4d1db8c390eeeecca55|HUMAN_BIOGPS_GNF1H_GCRMA_77_TISSUE_DDOF1,0.7550862876365918,0.5639695141590445,0.1911167734775473,MOOD_STABILIZERS,Mood stabilizer context,HTR2A,Pons
HTR2A|EXACT_SINGLE_PROTEIN|HSAMP_13a552b6ffc4aac3b85a50ca|HUMAN_BIOGPS_GNF1H_GCRMA_77_TISSUE_DDOF1,-0.0010801883095069333,0.17958059315671293,-0.18066078146621986,MOOD_STABILIZERS,Mood stabilizer context,HTR2A,Amygdala
HTR2A|EXACT_SINGLE_PROTEIN|HSAMP_192dff4b8df5862a227b1163|HUMAN_BIOGPS_GNF1H_GCRMA_77_TISSUE_DDOF1,1.8248712253216783,0.9921485887355188,0.8327226365861595,MOOD_STABILIZERS,Mood stabilizer context,HTR2A,SubthalamicNucleus
HTR2A|EXACT_SINGLE_PROTEIN|HSAMP_20b60708f05d03c76f9fe702|HUMAN_BIOGPS_GNF1H_GCRMA_77_TISSUE_DDOF1,0.15542914123537316,0.36718339136556744,-0.21175425013019428,MOOD_STABILIZERS,Mood stabilizer context,HTR2A,CerebellumPeduncles
HTR2A|EXACT_SINGLE_PROTEIN|HSAMP_374f872ebf1bbba2be514f9f|HUMAN_BIOGPS_GNF1H_GCRMA_77_TISSUE_DDOF1,0.7873574784129308,0.5731324391383983,0.2142250392745325,MOOD_STABILIZERS,Mood stabilizer context,HTR2A,GlobusPallidus
HTR2A|EXACT_SINGLE_PROTEIN|HSAMP_5c090f15f3e5194312a7e8ed|HUMAN_BIOGPS_GNF1H_GCRMA_77_TISSUE_DDOF1,0.9983355707971303,0.6983818959681692,0.29995367482896107,MOOD_STABILIZERS,Mood stabilizer context,HTR2A,MedullaOblongata
HTR2A|EXACT_SINGLE_PROTEIN|HSAMP_752ebc880edc13bb4e2b2de8|HUMAN_BIOGPS_GNF1H_GCRMA_77_TISSUE_DDOF1,2.5178271736327495,1.6055548460134126,0.912272327619337,MOOD_STABILIZERS,Mood stabilizer context,HTR2A,PrefrontalCortex
HTR2A|EXACT_SINGLE_PROTEIN|HSAMP_7725bb8a75064c4d7246d9ba|HUMAN_BIOGPS_GNF1H_GCRMA_77_TISSUE_DDOF1,1.9189228621609054,1.0652076678006106,0.8537151943602947,MOOD_STABILIZERS,Mood stabilizer context,HTR2A,OccipitalLobe
HTR2A|EXACT_SINGLE_PROTEIN|HSAMP_8ed020260a1d25cf72324c8a|HUMAN_BIOGPS_GNF1H_GCRMA_77_TISSUE_DDOF1,0.10269010257251229,0.2612396367971402,-0.1585495342246279,MOOD_STABILIZERS,Mood stabilizer context,HTR2A,Hypothalamus
HTR2A|EXACT_SINGLE_PROTEIN|HSAMP_936b77a4b11b5c19027de438|HUMAN_BIOGPS_GNF1H_GCRMA_77_TISSUE_DDOF1,0.01848317484977023,0.2035996463988558,-0.18511647154908556,MOOD_STABILIZERS,Mood stabilizer context,HTR2A,Spinalcord
HTR2A|EXACT_SINGLE_PROTEIN|HSAMP_9aa72e4fb1ff63e1792b1ec7|HUMAN_BIOGPS_GNF1H_GCRMA_77_TISSUE_DDOF1,-0.6576786000974707,0.042852050674780526,-0.7005306507722512,MOOD_STABILIZERS,Mood stabilizer context,HTR2A,Cerebellum
HTR2A|EXACT_SINGLE_PROTEIN|HSAMP_a32ce488a48b0df9b8c4c40a|HUMAN_BIOGPS_GNF1H_GCRMA_77_TISSUE_DDOF1,-0.501889385623247,0.08699942213247747,-0.5888888077557245,MOOD_STABILIZERS,Mood stabilizer context,HTR2A,Caudatenucleus
HTR2A|EXACT_SINGLE_PROTEIN|HSAMP_d99ba5ea584363f8600ade55|HUMAN_BIOGPS_GNF1H_GCRMA_77_TISSUE_DDOF1,1.4832047216785647,0.8642739028940134,0.6189308187845513,MOOD_STABILIZERS,Mood stabilizer context,HTR2A,CingulateCortex
HTR2A|EXACT_SINGLE_PROTEIN|HSAMP_e75262fc0acfda69d976a6d3|HUMAN_BIOGPS_GNF1H_GCRMA_77_TISSUE_DDOF1,1.4195828780719864,0.8358325766510611,0.5837503014209252,MOOD_STABILIZERS,Mood stabilizer context,HTR2A,ParietalLobe
HTR2A|EXACT_SINGLE_PROTEIN|HSAMP_eb2587e74e2d6457032d4ae7|HUMAN_BIOGPS_GNF1H_GCRMA_77_TISSUE_DDOF1,1.2527025925413384,0.7891588267375317,0.46354376580380674,MOOD_STABILIZERS,Mood stabilizer context,HTR2A,TemporalLobe
HTR2A|EXACT_SINGLE_PROTEIN|HSAMP_f43595f3557cf05e6a721aeb|HUMAN_BIOGPS_GNF1H_GCRMA_77_TISSUE_DDOF1,-0.11666409904318278,0.15159439018287296,-0.2682584892260558,MOOD_STABILIZERS,Mood stabilizer context,HTR2A,Thalamus
HTR2A|EXACT_SINGLE_PROTEIN|HSAMP_ff841df7ecd9f2c8ea2660f5|HUMAN_BIOGPS_GNF1H_GCRMA_77_TISSUE_DDOF1,-0.6923974874967989,0.03049588736042669,-0.7228933748572256,MOOD_STABILIZERS,Mood stabilizer context,HTR2A,OlfactoryBulb
HTR2C|EXACT_SINGLE_PROTEIN|HSAMP_06645e2e8409a5b743985cdd|HUMAN_BIOGPS_GNF1H_GCRMA_77_TISSUE_DDOF1,-0.16416783623614478,0.36021320230604403,-0.5243810385421888,MOOD_STABILIZERS,Mood stabilizer context,HTR2C,Wholebrain
HTR2C|EXACT_SINGLE_PROTEIN|HSAMP_0cb8b4d1db8c390eeeecca55|HUMAN_BIOGPS_GNF1H_GCRMA_77_TISSUE_DDOF1,-0.05803169638664834,0.3936233391072269,-0.45165503549387526,MOOD_STABILIZERS,Mood stabilizer context,HTR2C,Pons
HTR2C|EXACT_SINGLE_PROTEIN|HSAMP_13a552b6ffc4aac3b85a50ca|HUMAN_BIOGPS_GNF1H_GCRMA_77_TISSUE_DDOF1,1.4450285494855648,0.5936467481214771,0.8513818013640877,MOOD_STABILIZERS,Mood stabilizer context,HTR2C,Amygdala
HTR2C|EXACT_SINGLE_PROTEIN|HSAMP_192dff4b8df5862a227b1163|HUMAN_BIOGPS_GNF1H_GCRMA_77_TISSUE_DDOF1,-0.09682379681683796,0.3822339609409998,-0.47905775775783777,MOOD_STABILIZERS,Mood stabilizer context,HTR2C,SubthalamicNucleus
HTR2C|EXACT_SINGLE_PROTEIN|HSAMP_20b60708f05d03c76f9fe702|HUMAN_BIOGPS_GNF1H_GCRMA_77_TISSUE_DDOF1,0.04454906146442492,0.41977791472719445,-0.3752288532627695,MOOD_STABILIZERS,Mood stabilizer context,HTR2C,CerebellumPeduncles
HTR2C|EXACT_SINGLE_PROTEIN|HSAMP_374f872ebf1bbba2be514f9f|HUMAN_BIOGPS_GNF1H_GCRMA_77_TISSUE_DDOF1,-0.22356263192545178,0.3389336307328338,-0.5624962626582856,MOOD_STABILIZERS,Mood stabilizer context,HTR2C,GlobusPallidus
HTR2C|EXACT_SINGLE_PROTEIN|HSAMP_5c090f15f3e5194312a7e8ed|HUMAN_BIOGPS_GNF1H_GCRMA_77_TISSUE_DDOF1,0.13761647969175556,0.4398162542673557,-0.30219977457560016,MOOD_STABILIZERS,Mood stabilizer context,HTR2C,MedullaOblongata
HTR2C|EXACT_SINGLE_PROTEIN|HSAMP_752ebc880edc13bb4e2b2de8|HUMAN_BIOGPS_GNF1H_GCRMA_77_TISSUE_DDOF1,0.05497807421463483,0.4226681849786606,-0.36769011076402575,MOOD_STABILIZERS,Mood stabilizer context,HTR2C,PrefrontalCortex
HTR2C|EXACT_SINGLE_PROTEIN|HSAMP_7725bb8a75064c4d7246d9ba|HUMAN_BIOGPS_GNF1H_GCRMA_77_TISSUE_DDOF1,-0.13851778771955958,0.3699170958663879,-0.5084348835859475,MOOD_STABILIZERS,Mood stabilizer context,HTR2C,OccipitalLobe
HTR2C|EXACT_SINGLE_PROTEIN|HSAMP_8ed020260a1d25cf72324c8a|HUMAN_BIOGPS_GNF1H_GCRMA_77_TISSUE_DDOF1,1.9574004412324757,0.7218298573274147,1.235570583905061,MOOD_STABILIZERS,Mood stabilizer context,HTR2C,Hypothalamus
HTR2C|EXACT_SINGLE_PROTEIN|HSAMP_936b77a4b11b5c19027de438|HUMAN_BIOGPS_GNF1H_GCRMA_77_TISSUE_DDOF1,-0.01142305945911525,0.4050452364451454,-0.41646829590426065,MOOD_STABILIZERS,Mood stabilizer context,HTR2C,Spinalcord
HTR2C|EXACT_SINGLE_PROTEIN|HSAMP_9aa72e4fb1ff63e1792b1ec7|HUMAN_BIOGPS_GNF1H_GCRMA_77_TISSUE_DDOF1,-0.18623638692149827,0.35121901402203776,-0.537455400943536,MOOD_STABILIZERS,Mood stabilizer context,HTR2C,Cerebellum
HTR2C|EXACT_SINGLE_PROTEIN|HSAMP_a32ce488a48b0df9b8c4c40a|HUMAN_BIOGPS_GNF1H_GCRMA_77_TISSUE_DDOF1,2.533933170791423,0.8881972004245875,1.6457359703668355,MOOD_STABILIZERS,Mood stabilizer context,HTR2C,Caudatenucleus
HTR2C|EXACT_SINGLE_PROTEIN|HSAMP_d99ba5ea584363f8600ade55|HUMAN_BIOGPS_GNF1H_GCRMA_77_TISSUE_DDOF1,-0.022691925819512807,0.4041224243298947,-0.4268143501494075,MOOD_STABILIZERS,Mood stabilizer context,HTR2C,CingulateCortex
HTR2C|EXACT_SINGLE_PROTEIN|HSAMP_e75262fc0acfda69d976a6d3|HUMAN_BIOGPS_GNF1H_GCRMA_77_TISSUE_DDOF1,0.004312545155705039,0.4098168438903235,-0.40550429873461846,MOOD_STABILIZERS,Mood stabilizer context,HTR2C,ParietalLobe
HTR2C|EXACT_SINGLE_PROTEIN|HSAMP_eb2587e74e2d6457032d4ae7|HUMAN_BIOGPS_GNF1H_GCRMA_77_TISSUE_DDOF1,-0.10140595068348542,0.381179045285241,-0.4825849959687264,MOOD_STABILIZERS,Mood stabilizer context,HTR2C,TemporalLobe
HTR2C|EXACT_SINGLE_PROTEIN|HSAMP_f43595f3557cf05e6a721aeb|HUMAN_BIOGPS_GNF1H_GCRMA_77_TISSUE_DDOF1,-0.00472467592650918,0.4077220071639254,-0.4124466830904346,MOOD_STABILIZERS,Mood stabilizer context,HTR2C,Thalamus
HTR2C|EXACT_SINGLE_PROTEIN|HSAMP_ff841df7ecd9f2c8ea2660f5|HUMAN_BIOGPS_GNF1H_GCRMA_77_TISSUE_DDOF1,-0.22109091370694864,0.3392757913060447,-0.5603667050129933,MOOD_STABILIZERS,Mood stabilizer context,HTR2C,OlfactoryBulb
KCNH2|EXACT_SINGLE_PROTEIN|HSAMP_06645e2e8409a5b743985cdd|HUMAN_BIOGPS_GNF1H_GCRMA_77_TISSUE_DDOF1,0.6721433940176287,0.4753590456700763,0.19678434834755237,MOOD_STABILIZERS,Mood stabilizer context,KCNH2,Wholebrain
KCNH2|EXACT_SINGLE_PROTEIN|HSAMP_0cb8b4d1db8c390eeeecca55|HUMAN_BIOGPS_GNF1H_GCRMA_77_TISSUE_DDOF1,-0.5097769944378396,0.45132240129543655,-0.9610993957332762,MOOD_STABILIZERS,Mood stabilizer context,KCNH2,Pons
KCNH2|EXACT_SINGLE_PROTEIN|HSAMP_13a552b6ffc4aac3b85a50ca|HUMAN_BIOGPS_GNF1H_GCRMA_77_TISSUE_DDOF1,-0.5953865481483204,0.4475902013249365,-1.042976749473257,MOOD_STABILIZERS,Mood stabilizer context,KCNH2,Amygdala
KCNH2|EXACT_SINGLE_PROTEIN|HSAMP_192dff4b8df5862a227b1163|HUMAN_BIOGPS_GNF1H_GCRMA_77_TISSUE_DDOF1,-0.32329295097347915,0.46512174313071697,-0.7884146941041961,MOOD_STABILIZERS,Mood stabilizer context,KCNH2,SubthalamicNucleus
KCNH2|EXACT_SINGLE_PROTEIN|HSAMP_20b60708f05d03c76f9fe702|HUMAN_BIOGPS_GNF1H_GCRMA_77_TISSUE_DDOF1,0.7780412977138788,0.4783545134349045,0.29968678427897427,MOOD_STABILIZERS,Mood stabilizer context,KCNH2,CerebellumPeduncles
KCNH2|EXACT_SINGLE_PROTEIN|HSAMP_374f872ebf1bbba2be514f9f|HUMAN_BIOGPS_GNF1H_GCRMA_77_TISSUE_DDOF1,-0.5296294324364784,0.4497468235726371,-0.9793762560091155,MOOD_STABILIZERS,Mood stabilizer context,KCNH2,GlobusPallidus
KCNH2|EXACT_SINGLE_PROTEIN|HSAMP_5c090f15f3e5194312a7e8ed|HUMAN_BIOGPS_GNF1H_GCRMA_77_TISSUE_DDOF1,-0.5296294324364784,0.4497468235726371,-0.9793762560091155,MOOD_STABILIZERS,Mood stabilizer context,KCNH2,MedullaOblongata
KCNH2|EXACT_SINGLE_PROTEIN|HSAMP_752ebc880edc13bb4e2b2de8|HUMAN_BIOGPS_GNF1H_GCRMA_77_TISSUE_DDOF1,0.9306272020005141,0.48078096754403293,0.44984623445648114,MOOD_STABILIZERS,Mood stabilizer context,KCNH2,PrefrontalCortex
KCNH2|EXACT_SINGLE_PROTEIN|HSAMP_7725bb8a75064c4d7246d9ba|HUMAN_BIOGPS_GNF1H_GCRMA_77_TISSUE_DDOF1,-0.4927973877239192,0.45381073803184396,-0.9466081257557631,MOOD_STABILIZERS,Mood stabilizer context,KCNH2,OccipitalLobe
KCNH2|EXACT_SINGLE_PROTEIN|HSAMP_8ed020260a1d25cf72324c8a|HUMAN_BIOGPS_GNF1H_GCRMA_77_TISSUE_DDOF1,-0.4927973877239192,0.45381073803184396,-0.9466081257557631,MOOD_STABILIZERS,Mood stabilizer context,KCNH2,Hypothalamus
KCNH2|EXACT_SINGLE_PROTEIN|HSAMP_936b77a4b11b5c19027de438|HUMAN_BIOGPS_GNF1H_GCRMA_77_TISSUE_DDOF1,-0.011083252746525038,0.46711665620942233,-0.4781999089559474,MOOD_STABILIZERS,Mood stabilizer context,KCNH2,Spinalcord
KCNH2|EXACT_SINGLE_PROTEIN|HSAMP_9aa72e4fb1ff63e1792b1ec7|HUMAN_BIOGPS_GNF1H_GCRMA_77_TISSUE_DDOF1,0.56404460735885,0.4725623548608063,0.0914822524980437,MOOD_STABILIZERS,Mood stabilizer context,KCNH2,Cerebellum
KCNH2|EXACT_SINGLE_PROTEIN|HSAMP_a32ce488a48b0df9b8c4c40a|HUMAN_BIOGPS_GNF1H_GCRMA_77_TISSUE_DDOF1,-0.47787329317090727,0.4543830261818838,-0.9322563193527911,MOOD_STABILIZERS,Mood stabilizer context,KCNH2,Caudatenucleus
KCNH2|EXACT_SINGLE_PROTEIN|HSAMP_d99ba5ea584363f8600ade55|HUMAN_BIOGPS_GNF1H_GCRMA_77_TISSUE_DDOF1,-0.07848428987787703,0.4662678463142951,-0.5447521361921721,MOOD_STABILIZERS,Mood stabilizer context,KCNH2,CingulateCortex
KCNH2|EXACT_SINGLE_PROTEIN|HSAMP_e75262fc0acfda69d976a6d3|HUMAN_BIOGPS_GNF1H_GCRMA_77_TISSUE_DDOF1,-0.47787329317090727,0.4543830261818838,-0.9322563193527911,MOOD_STABILIZERS,Mood stabilizer context,KCNH2,ParietalLobe
KCNH2|EXACT_SINGLE_PROTEIN|HSAMP_eb2587e74e2d6457032d4ae7|HUMAN_BIOGPS_GNF1H_GCRMA_77_TISSUE_DDOF1,-0.5296294324364784,0.4497468235726371,-0.9793762560091155,MOOD_STABILIZERS,Mood stabilizer context,KCNH2,TemporalLobe
KCNH2|EXACT_SINGLE_PROTEIN|HSAMP_f43595f3557cf05e6a721aeb|HUMAN_BIOGPS_GNF1H_GCRMA_77_TISSUE_DDOF1,0.5683767457770087,0.4726155683390131,0.09576117743799561,MOOD_STABILIZERS,Mood stabilizer context,KCNH2,Thalamus
KCNH2|EXACT_SINGLE_PROTEIN|HSAMP_ff841df7ecd9f2c8ea2660f5|HUMAN_BIOGPS_GNF1H_GCRMA_77_TISSUE_DDOF1,-0.40154289381541125,0.46086552807625464,-0.8624084218916659,MOOD_STABILIZERS,Mood stabilizer context,KCNH2,OlfactoryBulb
SLC6A3|EXACT_SINGLE_PROTEIN|HSAMP_06645e2e8409a5b743985cdd|HUMAN_BIOGPS_GNF1H_GCRMA_77_TISSUE_DDOF1,-0.9036593764170809,0.09939233065006856,-1.0030517070671494,MOOD_STABILIZERS,Mood stabilizer context,SLC6A3,Wholebrain
SLC6A3|EXACT_SINGLE_PROTEIN|HSAMP_0cb8b4d1db8c390eeeecca55|HUMAN_BIOGPS_GNF1H_GCRMA_77_TISSUE_DDOF1,0.01727729262442284,0.2970181894919327,-0.27974089686750986,MOOD_STABILIZERS,Mood stabilizer context,SLC6A3,Pons
SLC6A3|EXACT_SINGLE_PROTEIN|HSAMP_13a552b6ffc4aac3b85a50ca|HUMAN_BIOGPS_GNF1H_GCRMA_77_TISSUE_DDOF1,0.5666983409912103,0.4987781320471463,0.06792020894406398,MOOD_STABILIZERS,Mood stabilizer context,SLC6A3,Amygdala
SLC6A3|EXACT_SINGLE_PROTEIN|HSAMP_192dff4b8df5862a227b1163|HUMAN_BIOGPS_GNF1H_GCRMA_77_TISSUE_DDOF1,-0.221832286669166,0.22026652951154063,-0.4420988161807066,MOOD_STABILIZERS,Mood stabilizer context,SLC6A3,SubthalamicNucleus
SLC6A3|EXACT_SINGLE_PROTEIN|HSAMP_20b60708f05d03c76f9fe702|HUMAN_BIOGPS_GNF1H_GCRMA_77_TISSUE_DDOF1,1.1641254681508675,0.6463862155358664,0.5177392526150011,MOOD_STABILIZERS,Mood stabilizer context,SLC6A3,CerebellumPeduncles
SLC6A3|EXACT_SINGLE_PROTEIN|HSAMP_374f872ebf1bbba2be514f9f|HUMAN_BIOGPS_GNF1H_GCRMA_77_TISSUE_DDOF1,-1.51085260287073,0.0015789652287505462,-1.5124315680994806,MOOD_STABILIZERS,Mood stabilizer context,SLC6A3,GlobusPallidus
SLC6A3|EXACT_SINGLE_PROTEIN|HSAMP_5c090f15f3e5194312a7e8ed|HUMAN_BIOGPS_GNF1H_GCRMA_77_TISSUE_DDOF1,-0.6317076260451668,0.14506780608339434,-0.7767754321285611,MOOD_STABILIZERS,Mood stabilizer context,SLC6A3,MedullaOblongata
SLC6A3|EXACT_SINGLE_PROTEIN|HSAMP_752ebc880edc13bb4e2b2de8|HUMAN_BIOGPS_GNF1H_GCRMA_77_TISSUE_DDOF1,1.139175773015892,0.6376142585583388,0.5015615144575533,MOOD_STABILIZERS,Mood stabilizer context,SLC6A3,PrefrontalCortex
SLC6A3|EXACT_SINGLE_PROTEIN|HSAMP_7725bb8a75064c4d7246d9ba|HUMAN_BIOGPS_GNF1H_GCRMA_77_TISSUE_DDOF1,-0.6317076260451668,0.14506780608339434,-0.7767754321285611,MOOD_STABILIZERS,Mood stabilizer context,SLC6A3,OccipitalLobe
SLC6A3|EXACT_SINGLE_PROTEIN|HSAMP_8ed020260a1d25cf72324c8a|HUMAN_BIOGPS_GNF1H_GCRMA_77_TISSUE_DDOF1,2.182869350941762,0.9703900955412428,1.2124792554005193,MOOD_STABILIZERS,Mood stabilizer context,SLC6A3,Hypothalamus
SLC6A3|EXACT_SINGLE_PROTEIN|HSAMP_936b77a4b11b5c19027de438|HUMAN_BIOGPS_GNF1H_GCRMA_77_TISSUE_DDOF1,0.6456219738069149,0.5143207008127171,0.1313012729941978,MOOD_STABILIZERS,Mood stabilizer context,SLC6A3,Spinalcord
SLC6A3|EXACT_SINGLE_PROTEIN|HSAMP_9aa72e4fb1ff63e1792b1ec7|HUMAN_BIOGPS_GNF1H_GCRMA_77_TISSUE_DDOF1,-1.1424650971158654,0.05534742547418675,-1.1978125225900522,MOOD_STABILIZERS,Mood stabilizer context,SLC6A3,Cerebellum
SLC6A3|EXACT_SINGLE_PROTEIN|HSAMP_a32ce488a48b0df9b8c4c40a|HUMAN_BIOGPS_GNF1H_GCRMA_77_TISSUE_DDOF1,-0.69464193733049,0.13027152450221127,-0.8249134618327012,MOOD_STABILIZERS,Mood stabilizer context,SLC6A3,Caudatenucleus
SLC6A3|EXACT_SINGLE_PROTEIN|HSAMP_d99ba5ea584363f8600ade55|HUMAN_BIOGPS_GNF1H_GCRMA_77_TISSUE_DDOF1,0.5666983409912103,0.4987781320471463,0.06792020894406398,MOOD_STABILIZERS,Mood stabilizer context,SLC6A3,CingulateCortex
SLC6A3|EXACT_SINGLE_PROTEIN|HSAMP_e75262fc0acfda69d976a6d3|HUMAN_BIOGPS_GNF1H_GCRMA_77_TISSUE_DDOF1,0.6456219738069149,0.5143207008127171,0.1313012729941978,MOOD_STABILIZERS,Mood stabilizer context,SLC6A3,ParietalLobe
SLC6A3|EXACT_SINGLE_PROTEIN|HSAMP_eb2587e74e2d6457032d4ae7|HUMAN_BIOGPS_GNF1H_GCRMA_77_TISSUE_DDOF1,-0.6317076260451668,0.14506780608339434,-0.7767754321285611,MOOD_STABILIZERS,Mood stabilizer context,SLC6A3,TemporalLobe
SLC6A3|EXACT_SINGLE_PROTEIN|HSAMP_f43595f3557cf05e6a721aeb|HUMAN_BIOGPS_GNF1H_GCRMA_77_TISSUE_DDOF1,0.5666983409912103,0.4987781320471463,0.06792020894406398,MOOD_STABILIZERS,Mood stabilizer context,SLC6A3,Thalamus
SLC6A3|EXACT_SINGLE_PROTEIN|HSAMP_ff841df7ecd9f2c8ea2660f5|HUMAN_BIOGPS_GNF1H_GCRMA_77_TISSUE_DDOF1,-1.1424650971158654,0.05534742547418675,-1.1978125225900522,MOOD_STABILIZERS,Mood stabilizer context,SLC6A3,OlfactoryBulb
ADRB1|EXACT_SINGLE_PROTEIN|HSAMP_06645e2e8409a5b743985cdd|HUMAN_BIOGPS_GNF1H_GCRMA_77_TISSUE_DDOF1,-0.7141563155466898,-0.9592214450347079,0.24506512948801806,PSYCHEDELIC_SEROTONERGIC,Serotonergic psychedelic context,ADRB1,Wholebrain
ADRB1|EXACT_SINGLE_PROTEIN|HSAMP_0cb8b4d1db8c390eeeecca55|HUMAN_BIOGPS_GNF1H_GCRMA_77_TISSUE_DDOF1,0.2837272094134519,0.23771466406152905,0.04601254535192287,PSYCHEDELIC_SEROTONERGIC,Serotonergic psychedelic context,ADRB1,Pons
ADRB1|EXACT_SINGLE_PROTEIN|HSAMP_13a552b6ffc4aac3b85a50ca|HUMAN_BIOGPS_GNF1H_GCRMA_77_TISSUE_DDOF1,-0.08144219107044,-0.2685661183349034,0.18712392726446342,PSYCHEDELIC_SEROTONERGIC,Serotonergic psychedelic context,ADRB1,Amygdala
ADRB1|EXACT_SINGLE_PROTEIN|HSAMP_192dff4b8df5862a227b1163|HUMAN_BIOGPS_GNF1H_GCRMA_77_TISSUE_DDOF1,0.5839908564331898,0.6301528201107245,-0.04616196367753467,PSYCHEDELIC_SEROTONERGIC,Serotonergic psychedelic context,ADRB1,SubthalamicNucleus
ADRB1|EXACT_SINGLE_PROTEIN|HSAMP_20b60708f05d03c76f9fe702|HUMAN_BIOGPS_GNF1H_GCRMA_77_TISSUE_DDOF1,0.7393416021604018,0.7934932691332205,-0.0541516669728187,PSYCHEDELIC_SEROTONERGIC,Serotonergic psychedelic context,ADRB1,CerebellumPeduncles
ADRB1|EXACT_SINGLE_PROTEIN|HSAMP_374f872ebf1bbba2be514f9f|HUMAN_BIOGPS_GNF1H_GCRMA_77_TISSUE_DDOF1,-0.4668564817714058,-0.6575289285714667,0.1906724468000609,PSYCHEDELIC_SEROTONERGIC,Serotonergic psychedelic context,ADRB1,GlobusPallidus
ADRB1|EXACT_SINGLE_PROTEIN|HSAMP_5c090f15f3e5194312a7e8ed|HUMAN_BIOGPS_GNF1H_GCRMA_77_TISSUE_DDOF1,-0.4821694168786324,-0.6784677190149383,0.1962983021363059,PSYCHEDELIC_SEROTONERGIC,Serotonergic psychedelic context,ADRB1,MedullaOblongata
ADRB1|EXACT_SINGLE_PROTEIN|HSAMP_752ebc880edc13bb4e2b2de8|HUMAN_BIOGPS_GNF1H_GCRMA_77_TISSUE_DDOF1,0.569170473143565,0.607774161146516,-0.038603688002951,PSYCHEDELIC_SEROTONERGIC,Serotonergic psychedelic context,ADRB1,PrefrontalCortex
ADRB1|EXACT_SINGLE_PROTEIN|HSAMP_7725bb8a75064c4d7246d9ba|HUMAN_BIOGPS_GNF1H_GCRMA_77_TISSUE_DDOF1,-0.5461687686101482,-0.7458840498362723,0.19971528122612414,PSYCHEDELIC_SEROTONERGIC,Serotonergic psychedelic context,ADRB1,OccipitalLobe
ADRB1|EXACT_SINGLE_PROTEIN|HSAMP_8ed020260a1d25cf72324c8a|HUMAN_BIOGPS_GNF1H_GCRMA_77_TISSUE_DDOF1,0.08728974070777511,0.03093031626901374,0.056359424438761366,PSYCHEDELIC_SEROTONERGIC,Serotonergic psychedelic context,ADRB1,Hypothalamus
ADRB1|EXACT_SINGLE_PROTEIN|HSAMP_936b77a4b11b5c19027de438|HUMAN_BIOGPS_GNF1H_GCRMA_77_TISSUE_DDOF1,0.08728974070777511,0.03093031626901374,0.056359424438761366,PSYCHEDELIC_SEROTONERGIC,Serotonergic psychedelic context,ADRB1,Spinalcord
ADRB1|EXACT_SINGLE_PROTEIN|HSAMP_9aa72e4fb1ff63e1792b1ec7|HUMAN_BIOGPS_GNF1H_GCRMA_77_TISSUE_DDOF1,-0.6925507239086541,-0.9456137652162876,0.25306304130763346,PSYCHEDELIC_SEROTONERGIC,Serotonergic psychedelic context,ADRB1,Cerebellum
ADRB1|EXACT_SINGLE_PROTEIN|HSAMP_a32ce488a48b0df9b8c4c40a|HUMAN_BIOGPS_GNF1H_GCRMA_77_TISSUE_DDOF1,-0.5461687686101482,-0.7458840498362723,0.19971528122612414,PSYCHEDELIC_SEROTONERGIC,Serotonergic psychedelic context,ADRB1,Caudatenucleus
ADRB1|EXACT_SINGLE_PROTEIN|HSAMP_d99ba5ea584363f8600ade55|HUMAN_BIOGPS_GNF1H_GCRMA_77_TISSUE_DDOF1,0.652683436201902,0.7092552769287661,-0.056571840726864164,PSYCHEDELIC_SEROTONERGIC,Serotonergic psychedelic context,ADRB1,CingulateCortex
ADRB1|EXACT_SINGLE_PROTEIN|HSAMP_e75262fc0acfda69d976a6d3|HUMAN_BIOGPS_GNF1H_GCRMA_77_TISSUE_DDOF1,0.8690862670857428,0.9666823978567457,-0.09759613077100293,PSYCHEDELIC_SEROTONERGIC,Serotonergic psychedelic context,ADRB1,ParietalLobe
ADRB1|EXACT_SINGLE_PROTEIN|HSAMP_eb2587e74e2d6457032d4ae7|HUMAN_BIOGPS_GNF1H_GCRMA_77_TISSUE_DDOF1,-0.3574888479226209,-0.5792016724817298,0.2217128245591089,PSYCHEDELIC_SEROTONERGIC,Serotonergic psychedelic context,ADRB1,TemporalLobe
ADRB1|EXACT_SINGLE_PROTEIN|HSAMP_f43595f3557cf05e6a721aeb|HUMAN_BIOGPS_GNF1H_GCRMA_77_TISSUE_DDOF1,0.036968827855691416,-0.0503752717556546,0.08734409961134601,PSYCHEDELIC_SEROTONERGIC,Serotonergic psychedelic context,ADRB1,Thalamus
ADRB1|EXACT_SINGLE_PROTEIN|HSAMP_ff841df7ecd9f2c8ea2660f5|HUMAN_BIOGPS_GNF1H_GCRMA_77_TISSUE_DDOF1,-0.8232697206603634,-1.0844798789159906,0.2612101582556272,PSYCHEDELIC_SEROTONERGIC,Serotonergic psychedelic context,ADRB1,OlfactoryBulb
ADRB2|EXACT_SINGLE_PROTEIN|HSAMP_06645e2e8409a5b743985cdd|HUMAN_BIOGPS_GNF1H_GCRMA_77_TISSUE_DDOF1,-0.24281573163512865,-0.3925531805553892,0.14973744892026053,PSYCHEDELIC_SEROTONERGIC,Serotonergic psychedelic context,ADRB2,Wholebrain
ADRB2|EXACT_SINGLE_PROTEIN|HSAMP_0cb8b4d1db8c390eeeecca55|HUMAN_BIOGPS_GNF1H_GCRMA_77_TISSUE_DDOF1,-0.2060532562546954,-0.3402720438093417,0.13421878755464628,PSYCHEDELIC_SEROTONERGIC,Serotonergic psychedelic context,ADRB2,Pons
ADRB2|EXACT_SINGLE_PROTEIN|HSAMP_13a552b6ffc4aac3b85a50ca|HUMAN_BIOGPS_GNF1H_GCRMA_77_TISSUE_DDOF1,-0.17884169477383446,-0.31331682754820467,0.1344751327743702,PSYCHEDELIC_SEROTONERGIC,Serotonergic psychedelic context,ADRB2,Amygdala
ADRB2|EXACT_SINGLE_PROTEIN|HSAMP_192dff4b8df5862a227b1163|HUMAN_BIOGPS_GNF1H_GCRMA_77_TISSUE_DDOF1,-0.23101982438360044,-0.36102551843642533,0.1300056940528249,PSYCHEDELIC_SEROTONERGIC,Serotonergic psychedelic context,ADRB2,SubthalamicNucleus
ADRB2|EXACT_SINGLE_PROTEIN|HSAMP_20b60708f05d03c76f9fe702|HUMAN_BIOGPS_GNF1H_GCRMA_77_TISSUE_DDOF1,-0.1562118715068632,-0.29030783876752625,0.13409596726066306,PSYCHEDELIC_SEROTONERGIC,Serotonergic psychedelic context,ADRB2,CerebellumPeduncles
ADRB2|EXACT_SINGLE_PROTEIN|HSAMP_374f872ebf1bbba2be514f9f|HUMAN_BIOGPS_GNF1H_GCRMA_77_TISSUE_DDOF1,-0.2675662805664238,-0.42061468517828615,0.15304840461186237,PSYCHEDELIC_SEROTONERGIC,Serotonergic psychedelic context,ADRB2,GlobusPallidus
ADRB2|EXACT_SINGLE_PROTEIN|HSAMP_5c090f15f3e5194312a7e8ed|HUMAN_BIOGPS_GNF1H_GCRMA_77_TISSUE_DDOF1,-0.21665643288106112,-0.3479241428122451,0.13126770993118397,PSYCHEDELIC_SEROTONERGIC,Serotonergic psychedelic context,ADRB2,MedullaOblongata
ADRB2|EXACT_SINGLE_PROTEIN|HSAMP_752ebc880edc13bb4e2b2de8|HUMAN_BIOGPS_GNF1H_GCRMA_77_TISSUE_DDOF1,-0.11969944710468484,-0.24798924787805615,0.12828980077337132,PSYCHEDELIC_SEROTONERGIC,Serotonergic psychedelic context,ADRB2,PrefrontalCortex
ADRB2|EXACT_SINGLE_PROTEIN|HSAMP_7725bb8a75064c4d7246d9ba|HUMAN_BIOGPS_GNF1H_GCRMA_77_TISSUE_DDOF1,-0.23307813868906513,-0.36345059740231517,0.13037245871325004,PSYCHEDELIC_SEROTONERGIC,Serotonergic psychedelic context,ADRB2,OccipitalLobe
ADRB2|EXACT_SINGLE_PROTEIN|HSAMP_8ed020260a1d25cf72324c8a|HUMAN_BIOGPS_GNF1H_GCRMA_77_TISSUE_DDOF1,-0.17815121178694848,-0.3050157047359304,0.12686449294898194,PSYCHEDELIC_SEROTONERGIC,Serotonergic psychedelic context,ADRB2,Hypothalamus
ADRB2|EXACT_SINGLE_PROTEIN|HSAMP_936b77a4b11b5c19027de438|HUMAN_BIOGPS_GNF1H_GCRMA_77_TISSUE_DDOF1,-0.17327345734461072,-0.2979785526306845,0.12470509528607379,PSYCHEDELIC_SEROTONERGIC,Serotonergic psychedelic context,ADRB2,Spinalcord
ADRB2|EXACT_SINGLE_PROTEIN|HSAMP_9aa72e4fb1ff63e1792b1ec7|HUMAN_BIOGPS_GNF1H_GCRMA_77_TISSUE_DDOF1,-0.25920189374970876,-0.40277883007831056,0.1435769363286018,PSYCHEDELIC_SEROTONERGIC,Serotonergic psychedelic context,ADRB2,Cerebellum
ADRB2|EXACT_SINGLE_PROTEIN|HSAMP_a32ce488a48b0df9b8c4c40a|HUMAN_BIOGPS_GNF1H_GCRMA_77_TISSUE_DDOF1,-0.23307813868906513,-0.36345059740231517,0.13037245871325004,PSYCHEDELIC_SEROTONERGIC,Serotonergic psychedelic context,ADRB2,Caudatenucleus
ADRB2|EXACT_SINGLE_PROTEIN|HSAMP_d99ba5ea584363f8600ade55|HUMAN_BIOGPS_GNF1H_GCRMA_77_TISSUE_DDOF1,-0.19535588872305867,-0.3251528754841461,0.12979698676108745,PSYCHEDELIC_SEROTONERGIC,Serotonergic psychedelic context,ADRB2,CingulateCortex
ADRB2|EXACT_SINGLE_PROTEIN|HSAMP_e75262fc0acfda69d976a6d3|HUMAN_BIOGPS_GNF1H_GCRMA_77_TISSUE_DDOF1,-0.17327345734461072,-0.2979785526306845,0.12470509528607379,PSYCHEDELIC_SEROTONERGIC,Serotonergic psychedelic context,ADRB2,ParietalLobe
ADRB2|EXACT_SINGLE_PROTEIN|HSAMP_eb2587e74e2d6457032d4ae7|HUMAN_BIOGPS_GNF1H_GCRMA_77_TISSUE_DDOF1,-0.23101982438360044,-0.36102551843642533,0.1300056940528249,PSYCHEDELIC_SEROTONERGIC,Serotonergic psychedelic context,ADRB2,TemporalLobe
ADRB2|EXACT_SINGLE_PROTEIN|HSAMP_f43595f3557cf05e6a721aeb|HUMAN_BIOGPS_GNF1H_GCRMA_77_TISSUE_DDOF1,-0.19535588872305867,-0.3251528754841461,0.12979698676108745,PSYCHEDELIC_SEROTONERGIC,Serotonergic psychedelic context,ADRB2,Thalamus
ADRB2|EXACT_SINGLE_PROTEIN|HSAMP_ff841df7ecd9f2c8ea2660f5|HUMAN_BIOGPS_GNF1H_GCRMA_77_TISSUE_DDOF1,-0.2349661700369612,-0.37871541034073974,0.14374924030377853,PSYCHEDELIC_SEROTONERGIC,Serotonergic psychedelic context,ADRB2,OlfactoryBulb
DRD2|EXACT_SINGLE_PROTEIN|HSAMP_06645e2e8409a5b743985cdd|HUMAN_BIOGPS_GNF1H_GCRMA_77_TISSUE_DDOF1,-1.1821473736323194,-1.6477605842256842,0.4656132105933648,PSYCHEDELIC_SEROTONERGIC,Serotonergic psychedelic context,DRD2,Wholebrain
DRD2|EXACT_SINGLE_PROTEIN|HSAMP_0cb8b4d1db8c390eeeecca55|HUMAN_BIOGPS_GNF1H_GCRMA_77_TISSUE_DDOF1,1.0777228410380117,1.2445766179575597,-0.16685377691954795,PSYCHEDELIC_SEROTONERGIC,Serotonergic psychedelic context,DRD2,Pons
DRD2|EXACT_SINGLE_PROTEIN|HSAMP_13a552b6ffc4aac3b85a50ca|HUMAN_BIOGPS_GNF1H_GCRMA_77_TISSUE_DDOF1,0.5519602954603179,0.5702224566992592,-0.01826216123894131,PSYCHEDELIC_SEROTONERGIC,Serotonergic psychedelic context,DRD2,Amygdala
DRD2|EXACT_SINGLE_PROTEIN|HSAMP_192dff4b8df5862a227b1163|HUMAN_BIOGPS_GNF1H_GCRMA_77_TISSUE_DDOF1,0.8392269062637512,0.9269154393682976,-0.08768853310454638,PSYCHEDELIC_SEROTONERGIC,Serotonergic psychedelic context,DRD2,SubthalamicNucleus
DRD2|EXACT_SINGLE_PROTEIN|HSAMP_20b60708f05d03c76f9fe702|HUMAN_BIOGPS_GNF1H_GCRMA_77_TISSUE_DDOF1,0.9520135263546999,1.0745779404444746,-0.1225644140897747,PSYCHEDELIC_SEROTONERGIC,Serotonergic psychedelic context,DRD2,CerebellumPeduncles
DRD2|EXACT_SINGLE_PROTEIN|HSAMP_374f872ebf1bbba2be514f9f|HUMAN_BIOGPS_GNF1H_GCRMA_77_TISSUE_DDOF1,-1.993788511289635,-2.7412777318226884,0.7474892205330534,PSYCHEDELIC_SEROTONERGIC,Serotonergic psychedelic context,DRD2,GlobusPallidus
DRD2|EXACT_SINGLE_PROTEIN|HSAMP_5c090f15f3e5194312a7e8ed|HUMAN_BIOGPS_GNF1H_GCRMA_77_TISSUE_DDOF1,1.0166286964608697,1.1662778621579188,-0.1496491656970491,PSYCHEDELIC_SEROTONERGIC,Serotonergic psychedelic context,DRD2,MedullaOblongata
DRD2|EXACT_SINGLE_PROTEIN|HSAMP_752ebc880edc13bb4e2b2de8|HUMAN_BIOGPS_GNF1H_GCRMA_77_TISSUE_DDOF1,1.3168919284993814,1.5428697152757527,-0.22597778677637126,PSYCHEDELIC_SEROTONERGIC,Serotonergic psychedelic context,DRD2,PrefrontalCortex
DRD2|EXACT_SINGLE_PROTEIN|HSAMP_7725bb8a75064c4d7246d9ba|HUMAN_BIOGPS_GNF1H_GCRMA_77_TISSUE_DDOF1,-0.8939575297331432,-1.175865987332986,0.28190845759984273,PSYCHEDELIC_SEROTONERGIC,Serotonergic psychedelic context,DRD2,OccipitalLobe
DRD2|EXACT_SINGLE_PROTEIN|HSAMP_8ed020260a1d25cf72324c8a|HUMAN_BIOGPS_GNF1H_GCRMA_77_TISSUE_DDOF1,0.8392269062637512,0.9263597760163309,-0.08713286975257972,PSYCHEDELIC_SEROTONERGIC,Serotonergic psychedelic context,DRD2,Hypothalamus
DRD2|EXACT_SINGLE_PROTEIN|HSAMP_936b77a4b11b5c19027de438|HUMAN_BIOGPS_GNF1H_GCRMA_77_TISSUE_DDOF1,0.7322673193930682,0.7883441484228071,-0.05607682902973887,PSYCHEDELIC_SEROTONERGIC,Serotonergic psychedelic context,DRD2,Spinalcord
DRD2|EXACT_SINGLE_PROTEIN|HSAMP_9aa72e4fb1ff63e1792b1ec7|HUMAN_BIOGPS_GNF1H_GCRMA_77_TISSUE_DDOF1,-1.4446799087147795,-2.023602544665542,0.5789226359507624,PSYCHEDELIC_SEROTONERGIC,Serotonergic psychedelic context,DRD2,Cerebellum
DRD2|EXACT_SINGLE_PROTEIN|HSAMP_a32ce488a48b0df9b8c4c40a|HUMAN_BIOGPS_GNF1H_GCRMA_77_TISSUE_DDOF1,1.4868728122600303,1.7153265991385434,-0.22845378687851303,PSYCHEDELIC_SEROTONERGIC,Serotonergic psychedelic context,DRD2,Caudatenucleus
DRD2|EXACT_SINGLE_PROTEIN|HSAMP_d99ba5ea584363f8600ade55|HUMAN_BIOGPS_GNF1H_GCRMA_77_TISSUE_DDOF1,0.899493305183655,0.9915641063033146,-0.0920708011196596,PSYCHEDELIC_SEROTONERGIC,Serotonergic psychedelic context,DRD2,CingulateCortex
DRD2|EXACT_SINGLE_PROTEIN|HSAMP_e75262fc0acfda69d976a6d3|HUMAN_BIOGPS_GNF1H_GCRMA_77_TISSUE_DDOF1,0.6289768611493518,0.6850756813317087,-0.0560988201823569,PSYCHEDELIC_SEROTONERGIC,Serotonergic psychedelic context,DRD2,ParietalLobe
DRD2|EXACT_SINGLE_PROTEIN|HSAMP_eb2587e74e2d6457032d4ae7|HUMAN_BIOGPS_GNF1H_GCRMA_77_TISSUE_DDOF1,-0.7735111971300326,-1.0370074421086959,0.2634962449786633,PSYCHEDELIC_SEROTONERGIC,Serotonergic psychedelic context,DRD2,TemporalLobe
DRD2|EXACT_SINGLE_PROTEIN|HSAMP_f43595f3557cf05e6a721aeb|HUMAN_BIOGPS_GNF1H_GCRMA_77_TISSUE_DDOF1,0.6658465233539429,0.7274962132992665,-0.061649689945323605,PSYCHEDELIC_SEROTONERGIC,Serotonergic psychedelic context,DRD2,Thalamus
DRD2|EXACT_SINGLE_PROTEIN|HSAMP_ff841df7ecd9f2c8ea2660f5|HUMAN_BIOGPS_GNF1H_GCRMA_77_TISSUE_DDOF1,-1.5655491787396816,-2.1579148494381135,0.5923656706984319,PSYCHEDELIC_SEROTONERGIC,Serotonergic psychedelic context,DRD2,OlfactoryBulb
DRD3|EXACT_SINGLE_PROTEIN|HSAMP_06645e2e8409a5b743985cdd|HUMAN_BIOGPS_GNF1H_GCRMA_77_TISSUE_DDOF1,-1.2842121542417289,-2.0137643315222746,0.7295521772805458,PSYCHEDELIC_SEROTONERGIC,Serotonergic psychedelic context,DRD3,Wholebrain
DRD3|EXACT_SINGLE_PROTEIN|HSAMP_0cb8b4d1db8c390eeeecca55|HUMAN_BIOGPS_GNF1H_GCRMA_77_TISSUE_DDOF1,0.0023834309956057204,-0.17871918351512034,0.18110261451072607,PSYCHEDELIC_SEROTONERGIC,Serotonergic psychedelic context,DRD3,Pons
DRD3|EXACT_SINGLE_PROTEIN|HSAMP_13a552b6ffc4aac3b85a50ca|HUMAN_BIOGPS_GNF1H_GCRMA_77_TISSUE_DDOF1,0.030568438403599383,-0.10737917897867884,0.13794761738227823,PSYCHEDELIC_SEROTONERGIC,Serotonergic psychedelic context,DRD3,Amygdala
DRD3|EXACT_SINGLE_PROTEIN|HSAMP_192dff4b8df5862a227b1163|HUMAN_BIOGPS_GNF1H_GCRMA_77_TISSUE_DDOF1,-0.08003462664942151,-0.33448808341801384,0.2544534567685923,PSYCHEDELIC_SEROTONERGIC,Serotonergic psychedelic context,DRD3,SubthalamicNucleus
DRD3|EXACT_SINGLE_PROTEIN|HSAMP_20b60708f05d03c76f9fe702|HUMAN_BIOGPS_GNF1H_GCRMA_77_TISSUE_DDOF1,1.2866473345289737,1.5964914380216455,-0.3098441034926718,PSYCHEDELIC_SEROTONERGIC,Serotonergic psychedelic context,DRD3,CerebellumPeduncles
DRD3|EXACT_SINGLE_PROTEIN|HSAMP_374f872ebf1bbba2be514f9f|HUMAN_BIOGPS_GNF1H_GCRMA_77_TISSUE_DDOF1,-1.0748620696191764,-1.6344036508429143,0.5595415812237379,PSYCHEDELIC_SEROTONERGIC,Serotonergic psychedelic context,DRD3,GlobusPallidus
DRD3|EXACT_SINGLE_PROTEIN|HSAMP_5c090f15f3e5194312a7e8ed|HUMAN_BIOGPS_GNF1H_GCRMA_77_TISSUE_DDOF1,-0.839299390925231,-1.206937065107456,0.36763767418222504,PSYCHEDELIC_SEROTONERGIC,Serotonergic psychedelic context,DRD3,MedullaOblongata
DRD3|EXACT_SINGLE_PROTEIN|HSAMP_752ebc880edc13bb4e2b2de8|HUMAN_BIOGPS_GNF1H_GCRMA_77_TISSUE_DDOF1,1.0490540983509957,1.2791198088012323,-0.2300657104502366,PSYCHEDELIC_SEROTONERGIC,Serotonergic psychedelic context,DRD3,PrefrontalCortex
DRD3|EXACT_SINGLE_PROTEIN|HSAMP_7725bb8a75064c4d7246d9ba|HUMAN_BIOGPS_GNF1H_GCRMA_77_TISSUE_DDOF1,-0.7362370849074823,-1.0599526965256225,0.3237156116181402,PSYCHEDELIC_SEROTONERGIC,Serotonergic psychedelic context,DRD3,OccipitalLobe
DRD3|EXACT_SINGLE_PROTEIN|HSAMP_8ed020260a1d25cf72324c8a|HUMAN_BIOGPS_GNF1H_GCRMA_77_TISSUE_DDOF1,0.6563538384335851,0.7304556326119034,-0.0741017941783183,PSYCHEDELIC_SEROTONERGIC,Serotonergic psychedelic context,DRD3,Hypothalamus
DRD3|EXACT_SINGLE_PROTEIN|HSAMP_936b77a4b11b5c19027de438|HUMAN_BIOGPS_GNF1H_GCRMA_77_TISSUE_DDOF1,0.7451626111009189,0.8226384441415743,-0.07747583304065542,PSYCHEDELIC_SEROTONERGIC,Serotonergic psychedelic context,DRD3,Spinalcord
DRD3|EXACT_SINGLE_PROTEIN|HSAMP_9aa72e4fb1ff63e1792b1ec7|HUMAN_BIOGPS_GNF1H_GCRMA_77_TISSUE_DDOF1,-1.2351547291729417,-1.9206946621987435,0.6855399330258019,PSYCHEDELIC_SEROTONERGIC,Serotonergic psychedelic context,DRD3,Cerebellum
DRD3|EXACT_SINGLE_PROTEIN|HSAMP_a32ce488a48b0df9b8c4c40a|HUMAN_BIOGPS_GNF1H_GCRMA_77_TISSUE_DDOF1,-0.7592120109312279,-1.1099919567770304,0.3507799458458025,PSYCHEDELIC_SEROTONERGIC,Serotonergic psychedelic context,DRD3,Caudatenucleus
DRD3|EXACT_SINGLE_PROTEIN|HSAMP_d99ba5ea584363f8600ade55|HUMAN_BIOGPS_GNF1H_GCRMA_77_TISSUE_DDOF1,0.48383712564449033,0.4914414417448402,-0.007604316100349895,PSYCHEDELIC_SEROTONERGIC,Serotonergic psychedelic context,DRD3,CingulateCortex
DRD3|EXACT_SINGLE_PROTEIN|HSAMP_e75262fc0acfda69d976a6d3|HUMAN_BIOGPS_GNF1H_GCRMA_77_TISSUE_DDOF1,0.8685906746985917,0.9808279380994649,-0.11223726340087314,PSYCHEDELIC_SEROTONERGIC,Serotonergic psychedelic context,DRD3,ParietalLobe
DRD3|EXACT_SINGLE_PROTEIN|HSAMP_eb2587e74e2d6457032d4ae7|HUMAN_BIOGPS_GNF1H_GCRMA_77_TISSUE_DDOF1,-0.5738641542024093,-0.8559871314981522,0.28212297729574287,PSYCHEDELIC_SEROTONERGIC,Serotonergic psychedelic context,DRD3,TemporalLobe
DRD3|EXACT_SINGLE_PROTEIN|HSAMP_f43595f3557cf05e6a721aeb|HUMAN_BIOGPS_GNF1H_GCRMA_77_TISSUE_DDOF1,0.5240810981462861,0.5345630627846798,-0.010481964638393682,PSYCHEDELIC_SEROTONERGIC,Serotonergic psychedelic context,DRD3,Thalamus
DRD3|EXACT_SINGLE_PROTEIN|HSAMP_ff841df7ecd9f2c8ea2660f5|HUMAN_BIOGPS_GNF1H_GCRMA_77_TISSUE_DDOF1,-1.3752266954158143,-2.10726437403147,0.7320376786156557,PSYCHEDELIC_SEROTONERGIC,Serotonergic psychedelic context,DRD3,OlfactoryBulb
HRH1|EXACT_SINGLE_PROTEIN|HSAMP_06645e2e8409a5b743985cdd|HUMAN_BIOGPS_GNF1H_GCRMA_77_TISSUE_DDOF1,-1.1095455805079992,-1.2605906141156988,0.1510450336076996,PSYCHEDELIC_SEROTONERGIC,Serotonergic psychedelic context,HRH1,Wholebrain
HRH1|EXACT_SINGLE_PROTEIN|HSAMP_0cb8b4d1db8c390eeeecca55|HUMAN_BIOGPS_GNF1H_GCRMA_77_TISSUE_DDOF1,-0.4069665813435382,-0.510188933452603,0.10322235210906477,PSYCHEDELIC_SEROTONERGIC,Serotonergic psychedelic context,HRH1,Pons
HRH1|EXACT_SINGLE_PROTEIN|HSAMP_13a552b6ffc4aac3b85a50ca|HUMAN_BIOGPS_GNF1H_GCRMA_77_TISSUE_DDOF1,0.8066860352749088,0.8484845463037377,-0.04179851102882892,PSYCHEDELIC_SEROTONERGIC,Serotonergic psychedelic context,HRH1,Amygdala
HRH1|EXACT_SINGLE_PROTEIN|HSAMP_192dff4b8df5862a227b1163|HUMAN_BIOGPS_GNF1H_GCRMA_77_TISSUE_DDOF1,-0.5267059096251675,-0.6130298926873423,0.08632398306217481,PSYCHEDELIC_SEROTONERGIC,Serotonergic psychedelic context,HRH1,SubthalamicNucleus
HRH1|EXACT_SINGLE_PROTEIN|HSAMP_20b60708f05d03c76f9fe702|HUMAN_BIOGPS_GNF1H_GCRMA_77_TISSUE_DDOF1,0.825224067399588,0.86721692092272,-0.04199285352313198,PSYCHEDELIC_SEROTONERGIC,Serotonergic psychedelic context,HRH1,CerebellumPeduncles
HRH1|EXACT_SINGLE_PROTEIN|HSAMP_374f872ebf1bbba2be514f9f|HUMAN_BIOGPS_GNF1H_GCRMA_77_TISSUE_DDOF1,-1.149155340482987,-1.333271850467706,0.18411650998471885,PSYCHEDELIC_SEROTONERGIC,Serotonergic psychedelic context,HRH1,GlobusPallidus
HRH1|EXACT_SINGLE_PROTEIN|HSAMP_5c090f15f3e5194312a7e8ed|HUMAN_BIOGPS_GNF1H_GCRMA_77_TISSUE_DDOF1,0.7948154050603815,0.828278510115672,-0.03346310505529049,PSYCHEDELIC_SEROTONERGIC,Serotonergic psychedelic context,HRH1,MedullaOblongata
HRH1|EXACT_SINGLE_PROTEIN|HSAMP_752ebc880edc13bb4e2b2de8|HUMAN_BIOGPS_GNF1H_GCRMA_77_TISSUE_DDOF1,1.3680622891810272,1.474125634408701,-0.1060633452276738,PSYCHEDELIC_SEROTONERGIC,Serotonergic psychedelic context,HRH1,PrefrontalCortex
HRH1|EXACT_SINGLE_PROTEIN|HSAMP_7725bb8a75064c4d7246d9ba|HUMAN_BIOGPS_GNF1H_GCRMA_77_TISSUE_DDOF1,-0.8232697206603634,-0.9531963004770768,0.1299265798167134,PSYCHEDELIC_SEROTONERGIC,Serotonergic psychedelic context,HRH1,OccipitalLobe
HRH1|EXACT_SINGLE_PROTEIN|HSAMP_8ed020260a1d25cf72324c8a|HUMAN_BIOGPS_GNF1H_GCRMA_77_TISSUE_DDOF1,0.5591731547488072,0.5673001166802121,-0.00812696193140483,PSYCHEDELIC_SEROTONERGIC,Serotonergic psychedelic context,HRH1,Hypothalamus
HRH1|EXACT_SINGLE_PROTEIN|HSAMP_936b77a4b11b5c19027de438|HUMAN_BIOGPS_GNF1H_GCRMA_77_TISSUE_DDOF1,0.5328947606229455,0.5400822357474391,-0.007187475124493581,PSYCHEDELIC_SEROTONERGIC,Serotonergic psychedelic context,HRH1,Spinalcord
HRH1|EXACT_SINGLE_PROTEIN|HSAMP_9aa72e4fb1ff63e1792b1ec7|HUMAN_BIOGPS_GNF1H_GCRMA_77_TISSUE_DDOF1,-1.194185433796494,-1.394876644365767,0.20069121056927308,PSYCHEDELIC_SEROTONERGIC,Serotonergic psychedelic context,HRH1,Cerebellum
HRH1|EXACT_SINGLE_PROTEIN|HSAMP_a32ce488a48b0df9b8c4c40a|HUMAN_BIOGPS_GNF1H_GCRMA_77_TISSUE_DDOF1,-0.8823718421604713,-0.9978224273437473,0.115450585183276,PSYCHEDELIC_SEROTONERGIC,Serotonergic psychedelic context,HRH1,Caudatenucleus
HRH1|EXACT_SINGLE_PROTEIN|HSAMP_d99ba5ea584363f8600ade55|HUMAN_BIOGPS_GNF1H_GCRMA_77_TISSUE_DDOF1,0.6441544693789119,0.6642945403702235,-0.020140070991311654,PSYCHEDELIC_SEROTONERGIC,Serotonergic psychedelic context,HRH1,CingulateCortex
HRH1|EXACT_SINGLE_PROTEIN|HSAMP_e75262fc0acfda69d976a6d3|HUMAN_BIOGPS_GNF1H_GCRMA_77_TISSUE_DDOF1,0.6140082925950555,0.6371464232053005,-0.023138130610244945,PSYCHEDELIC_SEROTONERGIC,Serotonergic psychedelic context,HRH1,ParietalLobe
HRH1|EXACT_SINGLE_PROTEIN|HSAMP_eb2587e74e2d6457032d4ae7|HUMAN_BIOGPS_GNF1H_GCRMA_77_TISSUE_DDOF1,-0.6895196608949238,-0.8006886637474152,0.11116900285249143,PSYCHEDELIC_SEROTONERGIC,Serotonergic psychedelic context,HRH1,TemporalLobe
HRH1|EXACT_SINGLE_PROTEIN|HSAMP_f43595f3557cf05e6a721aeb|HUMAN_BIOGPS_GNF1H_GCRMA_77_TISSUE_DDOF1,0.01727729262442284,-0.01611418822784823,0.033391480852271074,PSYCHEDELIC_SEROTONERGIC,Serotonergic psychedelic context,HRH1,Thalamus
HRH1|EXACT_SINGLE_PROTEIN|HSAMP_ff841df7ecd9f2c8ea2660f5|HUMAN_BIOGPS_GNF1H_GCRMA_77_TISSUE_DDOF1,-1.3254271532431554,-1.5651386801436045,0.23971152690044906,PSYCHEDELIC_SEROTONERGIC,Serotonergic psychedelic context,HRH1,OlfactoryBulb
HTR1A|EXACT_SINGLE_PROTEIN|HSAMP_06645e2e8409a5b743985cdd|HUMAN_BIOGPS_GNF1H_GCRMA_77_TISSUE_DDOF1,-0.5957660949253106,-0.7434976188050475,0.14773152387973687,PSYCHEDELIC_SEROTONERGIC,Serotonergic psychedelic context,HTR1A,Wholebrain
HTR1A|EXACT_SINGLE_PROTEIN|HSAMP_0cb8b4d1db8c390eeeecca55|HUMAN_BIOGPS_GNF1H_GCRMA_77_TISSUE_DDOF1,-0.07343873567882814,-0.20241591586576227,0.12897718018693413,PSYCHEDELIC_SEROTONERGIC,Serotonergic psychedelic context,HTR1A,Pons
HTR1A|EXACT_SINGLE_PROTEIN|HSAMP_13a552b6ffc4aac3b85a50ca|HUMAN_BIOGPS_GNF1H_GCRMA_77_TISSUE_DDOF1,0.5992580300558955,0.6356700931529248,-0.03641206309702927,PSYCHEDELIC_SEROTONERGIC,Serotonergic psychedelic context,HTR1A,Amygdala
HTR1A|EXACT_SINGLE_PROTEIN|HSAMP_192dff4b8df5862a227b1163|HUMAN_BIOGPS_GNF1H_GCRMA_77_TISSUE_DDOF1,-0.46981645046688625,-0.6061730562206246,0.1363566057537383,PSYCHEDELIC_SEROTONERGIC,Serotonergic psychedelic context,HTR1A,SubthalamicNucleus
HTR1A|EXACT_SINGLE_PROTEIN|HSAMP_20b60708f05d03c76f9fe702|HUMAN_BIOGPS_GNF1H_GCRMA_77_TISSUE_DDOF1,0.8380957814805369,0.892485019995688,-0.054389238515151095,PSYCHEDELIC_SEROTONERGIC,Serotonergic psychedelic context,HTR1A,CerebellumPeduncles
HTR1A|EXACT_SINGLE_PROTEIN|HSAMP_374f872ebf1bbba2be514f9f|HUMAN_BIOGPS_GNF1H_GCRMA_77_TISSUE_DDOF1,-1.1424650971158654,-1.4294221285571869,0.28695703144132145,PSYCHEDELIC_SEROTONERGIC,Serotonergic psychedelic context,HTR1A,GlobusPallidus
HTR1A|EXACT_SINGLE_PROTEIN|HSAMP_5c090f15f3e5194312a7e8ed|HUMAN_BIOGPS_GNF1H_GCRMA_77_TISSUE_DDOF1,-0.3789744887206786,-0.5353572924937958,0.1563828037731172,PSYCHEDELIC_SEROTONERGIC,Serotonergic psychedelic context,HTR1A,MedullaOblongata
HTR1A|EXACT_SINGLE_PROTEIN|HSAMP_752ebc880edc13bb4e2b2de8|HUMAN_BIOGPS_GNF1H_GCRMA_77_TISSUE_DDOF1,1.1245399538714471,1.2386631056941977,-0.11412315182275057,PSYCHEDELIC_SEROTONERGIC,Serotonergic psychedelic context,HTR1A,PrefrontalCortex
HTR1A|EXACT_SINGLE_PROTEIN|HSAMP_7725bb8a75064c4d7246d9ba|HUMAN_BIOGPS_GNF1H_GCRMA_77_TISSUE_DDOF1,-0.46981645046688625,-0.6061730562206246,0.1363566057537383,PSYCHEDELIC_SEROTONERGIC,Serotonergic psychedelic context,HTR1A,OccipitalLobe
HTR1A|EXACT_SINGLE_PROTEIN|HSAMP_8ed020260a1d25cf72324c8a|HUMAN_BIOGPS_GNF1H_GCRMA_77_TISSUE_DDOF1,0.7780412977138788,0.8199355815475453,-0.04189428383366656,PSYCHEDELIC_SEROTONERGIC,Serotonergic psychedelic context,HTR1A,Hypothalamus
HTR1A|EXACT_SINGLE_PROTEIN|HSAMP_936b77a4b11b5c19027de438|HUMAN_BIOGPS_GNF1H_GCRMA_77_TISSUE_DDOF1,0.6595350719470643,0.6984012106436526,-0.03886613869658828,PSYCHEDELIC_SEROTONERGIC,Serotonergic psychedelic context,HTR1A,Spinalcord
HTR1A|EXACT_SINGLE_PROTEIN|HSAMP_9aa72e4fb1ff63e1792b1ec7|HUMAN_BIOGPS_GNF1H_GCRMA_77_TISSUE_DDOF1,-0.8647156225397274,-1.046724358008694,0.18200873546896656,PSYCHEDELIC_SEROTONERGIC,Serotonergic psychedelic context,HTR1A,Cerebellum
HTR1A|EXACT_SINGLE_PROTEIN|HSAMP_a32ce488a48b0df9b8c4c40a|HUMAN_BIOGPS_GNF1H_GCRMA_77_TISSUE_DDOF1,-0.46981645046688625,-0.6061730562206246,0.1363566057537383,PSYCHEDELIC_SEROTONERGIC,Serotonergic psychedelic context,HTR1A,Caudatenucleus
HTR1A|EXACT_SINGLE_PROTEIN|HSAMP_d99ba5ea584363f8600ade55|HUMAN_BIOGPS_GNF1H_GCRMA_77_TISSUE_DDOF1,0.5992580300558955,0.6356700931529248,-0.03641206309702927,PSYCHEDELIC_SEROTONERGIC,Serotonergic psychedelic context,HTR1A,CingulateCortex
HTR1A|EXACT_SINGLE_PROTEIN|HSAMP_e75262fc0acfda69d976a6d3|HUMAN_BIOGPS_GNF1H_GCRMA_77_TISSUE_DDOF1,0.5992580300558955,0.6356700931529248,-0.03641206309702927,PSYCHEDELIC_SEROTONERGIC,Serotonergic psychedelic context,HTR1A,ParietalLobe
HTR1A|EXACT_SINGLE_PROTEIN|HSAMP_eb2587e74e2d6457032d4ae7|HUMAN_BIOGPS_GNF1H_GCRMA_77_TISSUE_DDOF1,-0.07343873567882814,-0.20241591586576227,0.12897718018693413,PSYCHEDELIC_SEROTONERGIC,Serotonergic psychedelic context,HTR1A,TemporalLobe
HTR1A|EXACT_SINGLE_PROTEIN|HSAMP_f43595f3557cf05e6a721aeb|HUMAN_BIOGPS_GNF1H_GCRMA_77_TISSUE_DDOF1,0.4891503870061959,0.4951730965896687,-0.006022709583472785,PSYCHEDELIC_SEROTONERGIC,Serotonergic psychedelic context,HTR1A,Thalamus
HTR1A|EXACT_SINGLE_PROTEIN|HSAMP_ff841df7ecd9f2c8ea2660f5|HUMAN_BIOGPS_GNF1H_GCRMA_77_TISSUE_DDOF1,-0.918925401217871,-1.105093920628994,0.186168519411123,PSYCHEDELIC_SEROTONERGIC,Serotonergic psychedelic context,HTR1A,OlfactoryBulb
HTR2A|EXACT_SINGLE_PROTEIN|HSAMP_06645e2e8409a5b743985cdd|HUMAN_BIOGPS_GNF1H_GCRMA_77_TISSUE_DDOF1,-0.501889385623247,-0.7121633383496747,0.21027395272642768,PSYCHEDELIC_SEROTONERGIC,Serotonergic psychedelic context,HTR2A,Wholebrain
HTR2A|EXACT_SINGLE_PROTEIN|HSAMP_0cb8b4d1db8c390eeeecca55|HUMAN_BIOGPS_GNF1H_GCRMA_77_TISSUE_DDOF1,0.7550862876365918,0.810443173086952,-0.055356885450360216,PSYCHEDELIC_SEROTONERGIC,Serotonergic psychedelic context,HTR2A,Pons
HTR2A|EXACT_SINGLE_PROTEIN|HSAMP_13a552b6ffc4aac3b85a50ca|HUMAN_BIOGPS_GNF1H_GCRMA_77_TISSUE_DDOF1,-0.0010801883095069333,-0.14284608915803634,0.1417659008485294,PSYCHEDELIC_SEROTONERGIC,Serotonergic psychedelic context,HTR2A,Amygdala
HTR2A|EXACT_SINGLE_PROTEIN|HSAMP_192dff4b8df5862a227b1163|HUMAN_BIOGPS_GNF1H_GCRMA_77_TISSUE_DDOF1,1.8248712253216783,2.0249036629098116,-0.20003243758813327,PSYCHEDELIC_SEROTONERGIC,Serotonergic psychedelic context,HTR2A,SubthalamicNucleus
HTR2A|EXACT_SINGLE_PROTEIN|HSAMP_20b60708f05d03c76f9fe702|HUMAN_BIOGPS_GNF1H_GCRMA_77_TISSUE_DDOF1,0.15542914123537316,0.12266024953137565,0.03276889170399751,PSYCHEDELIC_SEROTONERGIC,Serotonergic psychedelic context,HTR2A,CerebellumPeduncles
HTR2A|EXACT_SINGLE_PROTEIN|HSAMP_374f872ebf1bbba2be514f9f|HUMAN_BIOGPS_GNF1H_GCRMA_77_TISSUE_DDOF1,0.7873574784129308,0.8680633429265359,-0.08070586451360506,PSYCHEDELIC_SEROTONERGIC,Serotonergic psychedelic context,HTR2A,GlobusPallidus
HTR2A|EXACT_SINGLE_PROTEIN|HSAMP_5c090f15f3e5194312a7e8ed|HUMAN_BIOGPS_GNF1H_GCRMA_77_TISSUE_DDOF1,0.9983355707971303,1.1511867166870577,-0.15285114588992743,PSYCHEDELIC_SEROTONERGIC,Serotonergic psychedelic context,HTR2A,MedullaOblongata
HTR2A|EXACT_SINGLE_PROTEIN|HSAMP_752ebc880edc13bb4e2b2de8|HUMAN_BIOGPS_GNF1H_GCRMA_77_TISSUE_DDOF1,2.5178271736327495,2.6746045739516218,-0.15677740031887222,PSYCHEDELIC_SEROTONERGIC,Serotonergic psychedelic context,HTR2A,PrefrontalCortex
HTR2A|EXACT_SINGLE_PROTEIN|HSAMP_7725bb8a75064c4d7246d9ba|HUMAN_BIOGPS_GNF1H_GCRMA_77_TISSUE_DDOF1,1.9189228621609054,2.132475542887373,-0.21355268072646783,PSYCHEDELIC_SEROTONERGIC,Serotonergic psychedelic context,HTR2A,OccipitalLobe
HTR2A|EXACT_SINGLE_PROTEIN|HSAMP_8ed020260a1d25cf72324c8a|HUMAN_BIOGPS_GNF1H_GCRMA_77_TISSUE_DDOF1,0.10269010257251229,0.04675996862353603,0.055930133948976266,PSYCHEDELIC_SEROTONERGIC,Serotonergic psychedelic context,HTR2A,Hypothalamus
HTR2A|EXACT_SINGLE_PROTEIN|HSAMP_936b77a4b11b5c19027de438|HUMAN_BIOGPS_GNF1H_GCRMA_77_TISSUE_DDOF1,0.01848317484977023,-0.0927060017210441,0.11118917657081433,PSYCHEDELIC_SEROTONERGIC,Serotonergic psychedelic context,HTR2A,Spinalcord
HTR2A|EXACT_SINGLE_PROTEIN|HSAMP_9aa72e4fb1ff63e1792b1ec7|HUMAN_BIOGPS_GNF1H_GCRMA_77_TISSUE_DDOF1,-0.6576786000974707,-0.9165372220850011,0.2588586219875304,PSYCHEDELIC_SEROTONERGIC,Serotonergic psychedelic context,HTR2A,Cerebellum
HTR2A|EXACT_SINGLE_PROTEIN|HSAMP_a32ce488a48b0df9b8c4c40a|HUMAN_BIOGPS_GNF1H_GCRMA_77_TISSUE_DDOF1,-0.501889385623247,-0.7121633383496747,0.21027395272642768,PSYCHEDELIC_SEROTONERGIC,Serotonergic psychedelic context,HTR2A,Caudatenucleus
HTR2A|EXACT_SINGLE_PROTEIN|HSAMP_d99ba5ea584363f8600ade55|HUMAN_BIOGPS_GNF1H_GCRMA_77_TISSUE_DDOF1,1.4832047216785647,1.7082299367104081,-0.22502521503184347,PSYCHEDELIC_SEROTONERGIC,Serotonergic psychedelic context,HTR2A,CingulateCortex
HTR2A|EXACT_SINGLE_PROTEIN|HSAMP_e75262fc0acfda69d976a6d3|HUMAN_BIOGPS_GNF1H_GCRMA_77_TISSUE_DDOF1,1.4195828780719864,1.6437141923898855,-0.22413131431789912,PSYCHEDELIC_SEROTONERGIC,Serotonergic psychedelic context,HTR2A,ParietalLobe
HTR2A|EXACT_SINGLE_PROTEIN|HSAMP_eb2587e74e2d6457032d4ae7|HUMAN_BIOGPS_GNF1H_GCRMA_77_TISSUE_DDOF1,1.2527025925413384,1.49872296777985,-0.2460203752385115,PSYCHEDELIC_SEROTONERGIC,Serotonergic psychedelic context,HTR2A,TemporalLobe
HTR2A|EXACT_SINGLE_PROTEIN|HSAMP_f43595f3557cf05e6a721aeb|HUMAN_BIOGPS_GNF1H_GCRMA_77_TISSUE_DDOF1,-0.11666409904318278,-0.3287442148840313,0.21208011584084854,PSYCHEDELIC_SEROTONERGIC,Serotonergic psychedelic context,HTR2A,Thalamus
HTR2A|EXACT_SINGLE_PROTEIN|HSAMP_ff841df7ecd9f2c8ea2660f5|HUMAN_BIOGPS_GNF1H_GCRMA_77_TISSUE_DDOF1,-0.6923974874967989,-0.9554776168109579,0.26308012931415903,PSYCHEDELIC_SEROTONERGIC,Serotonergic psychedelic context,HTR2A,OlfactoryBulb
HTR2B|EXACT_SINGLE_PROTEIN|HSAMP_06645e2e8409a5b743985cdd|HUMAN_BIOGPS_GNF1H_GCRMA_77_TISSUE_DDOF1,-1.0334111776743673,-1.5527614903639295,0.5193503126895622,PSYCHEDELIC_SEROTONERGIC,Serotonergic psychedelic context,HTR2B,Wholebrain
HTR2B|EXACT_SINGLE_PROTEIN|HSAMP_0cb8b4d1db8c390eeeecca55|HUMAN_BIOGPS_GNF1H_GCRMA_77_TISSUE_DDOF1,-0.3101525274680148,-0.5961980974072573,0.28604556993924246,PSYCHEDELIC_SEROTONERGIC,Serotonergic psychedelic context,HTR2B,Pons
HTR2B|EXACT_SINGLE_PROTEIN|HSAMP_13a552b6ffc4aac3b85a50ca|HUMAN_BIOGPS_GNF1H_GCRMA_77_TISSUE_DDOF1,0.18107465613939241,0.14396069699567518,0.037113959143717234,PSYCHEDELIC_SEROTONERGIC,Serotonergic psychedelic context,HTR2B,Amygdala
HTR2B|EXACT_SINGLE_PROTEIN|HSAMP_192dff4b8df5862a227b1163|HUMAN_BIOGPS_GNF1H_GCRMA_77_TISSUE_DDOF1,-0.5404392638990756,-0.8080959039531944,0.2676566400541188,PSYCHEDELIC_SEROTONERGIC,Serotonergic psychedelic context,HTR2B,SubthalamicNucleus
HTR2B|EXACT_SINGLE_PROTEIN|HSAMP_20b60708f05d03c76f9fe702|HUMAN_BIOGPS_GNF1H_GCRMA_77_TISSUE_DDOF1,0.8946254119794056,1.0211783070075953,-0.12655289502818967,PSYCHEDELIC_SEROTONERGIC,Serotonergic psychedelic context,HTR2B,CerebellumPeduncles
HTR2B|EXACT_SINGLE_PROTEIN|HSAMP_374f872ebf1bbba2be514f9f|HUMAN_BIOGPS_GNF1H_GCRMA_77_TISSUE_DDOF1,-1.3347395406665359,-2.0460166406604525,0.7112770999939166,PSYCHEDELIC_SEROTONERGIC,Serotonergic psychedelic context,HTR2B,GlobusPallidus
HTR2B|EXACT_SINGLE_PROTEIN|HSAMP_5c090f15f3e5194312a7e8ed|HUMAN_BIOGPS_GNF1H_GCRMA_77_TISSUE_DDOF1,-0.6387511578710472,-0.9516781750108928,0.3129270171398456,PSYCHEDELIC_SEROTONERGIC,Serotonergic psychedelic context,HTR2B,MedullaOblongata
HTR2B|EXACT_SINGLE_PROTEIN|HSAMP_752ebc880edc13bb4e2b2de8|HUMAN_BIOGPS_GNF1H_GCRMA_77_TISSUE_DDOF1,1.0464163659167245,1.264536772989612,-0.2181204070728875,PSYCHEDELIC_SEROTONERGIC,Serotonergic psychedelic context,HTR2B,PrefrontalCortex
HTR2B|EXACT_SINGLE_PROTEIN|HSAMP_7725bb8a75064c4d7246d9ba|HUMAN_BIOGPS_GNF1H_GCRMA_77_TISSUE_DDOF1,-0.7317658218873848,-1.0559054524514682,0.32413963056408335,PSYCHEDELIC_SEROTONERGIC,Serotonergic psychedelic context,HTR2B,OccipitalLobe
HTR2B|EXACT_SINGLE_PROTEIN|HSAMP_8ed020260a1d25cf72324c8a|HUMAN_BIOGPS_GNF1H_GCRMA_77_TISSUE_DDOF1,0.616731591469423,0.6856856389059289,-0.0689540474365059,PSYCHEDELIC_SEROTONERGIC,Serotonergic psychedelic context,HTR2B,Hypothalamus
HTR2B|EXACT_SINGLE_PROTEIN|HSAMP_936b77a4b11b5c19027de438|HUMAN_BIOGPS_GNF1H_GCRMA_77_TISSUE_DDOF1,0.616731591469423,0.6856856389059289,-0.0689540474365059,PSYCHEDELIC_SEROTONERGIC,Serotonergic psychedelic context,HTR2B,Spinalcord
HTR2B|EXACT_SINGLE_PROTEIN|HSAMP_9aa72e4fb1ff63e1792b1ec7|HUMAN_BIOGPS_GNF1H_GCRMA_77_TISSUE_DDOF1,-1.0334111776743673,-1.5527614903639295,0.5193503126895622,PSYCHEDELIC_SEROTONERGIC,Serotonergic psychedelic context,HTR2B,Cerebellum
HTR2B|EXACT_SINGLE_PROTEIN|HSAMP_a32ce488a48b0df9b8c4c40a|HUMAN_BIOGPS_GNF1H_GCRMA_77_TISSUE_DDOF1,-0.6794752792208592,-0.9994105068007341,0.3199352275798749,PSYCHEDELIC_SEROTONERGIC,Serotonergic psychedelic context,HTR2B,Caudatenucleus
HTR2B|EXACT_SINGLE_PROTEIN|HSAMP_d99ba5ea584363f8600ade55|HUMAN_BIOGPS_GNF1H_GCRMA_77_TISSUE_DDOF1,0.4245875814465141,0.3999739006736713,0.024613680772842816,PSYCHEDELIC_SEROTONERGIC,Serotonergic psychedelic context,HTR2B,CingulateCortex
HTR2B|EXACT_SINGLE_PROTEIN|HSAMP_e75262fc0acfda69d976a6d3|HUMAN_BIOGPS_GNF1H_GCRMA_77_TISSUE_DDOF1,0.7144229674830372,0.7825248940913584,-0.06810192660832115,PSYCHEDELIC_SEROTONERGIC,Serotonergic psychedelic context,HTR2B,ParietalLobe
HTR2B|EXACT_SINGLE_PROTEIN|HSAMP_eb2587e74e2d6457032d4ae7|HUMAN_BIOGPS_GNF1H_GCRMA_77_TISSUE_DDOF1,-0.47798387534273784,-0.7419090147467468,0.2639251394040089,PSYCHEDELIC_SEROTONERGIC,Serotonergic psychedelic context,HTR2B,TemporalLobe
HTR2B|EXACT_SINGLE_PROTEIN|HSAMP_f43595f3557cf05e6a721aeb|HUMAN_BIOGPS_GNF1H_GCRMA_77_TISSUE_DDOF1,0.18107465613939241,0.14396069699567518,0.037113959143717234,PSYCHEDELIC_SEROTONERGIC,Serotonergic psychedelic context,HTR2B,Thalamus
HTR2B|EXACT_SINGLE_PROTEIN|HSAMP_ff841df7ecd9f2c8ea2660f5|HUMAN_BIOGPS_GNF1H_GCRMA_77_TISSUE_DDOF1,-1.194185433796494,-1.8210086902338931,0.6268232564373992,PSYCHEDELIC_SEROTONERGIC,Serotonergic psychedelic context,HTR2B,OlfactoryBulb
HTR2C|EXACT_SINGLE_PROTEIN|HSAMP_06645e2e8409a5b743985cdd|HUMAN_BIOGPS_GNF1H_GCRMA_77_TISSUE_DDOF1,-0.16416783623614478,-0.1826583491032644,0.018490512867119613,PSYCHEDELIC_SEROTONERGIC,Serotonergic psychedelic context,HTR2C,Wholebrain
HTR2C|EXACT_SINGLE_PROTEIN|HSAMP_0cb8b4d1db8c390eeeecca55|HUMAN_BIOGPS_GNF1H_GCRMA_77_TISSUE_DDOF1,-0.05803169638664834,-0.09551652242685314,0.037484826040204804,PSYCHEDELIC_SEROTONERGIC,Serotonergic psychedelic context,HTR2C,Pons
HTR2C|EXACT_SINGLE_PROTEIN|HSAMP_13a552b6ffc4aac3b85a50ca|HUMAN_BIOGPS_GNF1H_GCRMA_77_TISSUE_DDOF1,1.4450285494855648,1.2944770838174398,0.15055146566812505,PSYCHEDELIC_SEROTONERGIC,Serotonergic psychedelic context,HTR2C,Amygdala
HTR2C|EXACT_SINGLE_PROTEIN|HSAMP_192dff4b8df5862a227b1163|HUMAN_BIOGPS_GNF1H_GCRMA_77_TISSUE_DDOF1,-0.09682379681683796,-0.13114351409768077,0.03431971728084281,PSYCHEDELIC_SEROTONERGIC,Serotonergic psychedelic context,HTR2C,SubthalamicNucleus
HTR2C|EXACT_SINGLE_PROTEIN|HSAMP_20b60708f05d03c76f9fe702|HUMAN_BIOGPS_GNF1H_GCRMA_77_TISSUE_DDOF1,0.04454906146442492,0.055963323023197314,-0.011414261558772391,PSYCHEDELIC_SEROTONERGIC,Serotonergic psychedelic context,HTR2C,CerebellumPeduncles
HTR2C|EXACT_SINGLE_PROTEIN|HSAMP_374f872ebf1bbba2be514f9f|HUMAN_BIOGPS_GNF1H_GCRMA_77_TISSUE_DDOF1,-0.22356263192545178,-0.21134105689918653,-0.012221575026265252,PSYCHEDELIC_SEROTONERGIC,Serotonergic psychedelic context,HTR2C,GlobusPallidus
HTR2C|EXACT_SINGLE_PROTEIN|HSAMP_5c090f15f3e5194312a7e8ed|HUMAN_BIOGPS_GNF1H_GCRMA_77_TISSUE_DDOF1,0.13761647969175556,0.2120707238235151,-0.07445424413175955,PSYCHEDELIC_SEROTONERGIC,Serotonergic psychedelic context,HTR2C,MedullaOblongata
HTR2C|EXACT_SINGLE_PROTEIN|HSAMP_752ebc880edc13bb4e2b2de8|HUMAN_BIOGPS_GNF1H_GCRMA_77_TISSUE_DDOF1,0.05497807421463483,0.07040393878244072,-0.01542586456780589,PSYCHEDELIC_SEROTONERGIC,Serotonergic psychedelic context,HTR2C,PrefrontalCortex
HTR2C|EXACT_SINGLE_PROTEIN|HSAMP_7725bb8a75064c4d7246d9ba|HUMAN_BIOGPS_GNF1H_GCRMA_77_TISSUE_DDOF1,-0.13851778771955958,-0.16756316008599773,0.029045372366438144,PSYCHEDELIC_SEROTONERGIC,Serotonergic psychedelic context,HTR2C,OccipitalLobe
HTR2C|EXACT_SINGLE_PROTEIN|HSAMP_8ed020260a1d25cf72324c8a|HUMAN_BIOGPS_GNF1H_GCRMA_77_TISSUE_DDOF1,1.9574004412324757,1.6697807485034026,0.28761969272907306,PSYCHEDELIC_SEROTONERGIC,Serotonergic psychedelic context,HTR2C,Hypothalamus
HTR2C|EXACT_SINGLE_PROTEIN|HSAMP_936b77a4b11b5c19027de438|HUMAN_BIOGPS_GNF1H_GCRMA_77_TISSUE_DDOF1,-0.01142305945911525,-0.04070921012282766,0.02928615066371241,PSYCHEDELIC_SEROTONERGIC,Serotonergic psychedelic context,HTR2C,Spinalcord
HTR2C|EXACT_SINGLE_PROTEIN|HSAMP_9aa72e4fb1ff63e1792b1ec7|HUMAN_BIOGPS_GNF1H_GCRMA_77_TISSUE_DDOF1,-0.18623638692149827,-0.19782600378998938,0.01158961686849111,PSYCHEDELIC_SEROTONERGIC,Serotonergic psychedelic context,HTR2C,Cerebellum
HTR2C|EXACT_SINGLE_PROTEIN|HSAMP_a32ce488a48b0df9b8c4c40a|HUMAN_BIOGPS_GNF1H_GCRMA_77_TISSUE_DDOF1,2.533933170791423,2.1673006475683927,0.3666325232230303,PSYCHEDELIC_SEROTONERGIC,Serotonergic psychedelic context,HTR2C,Caudatenucleus
HTR2C|EXACT_SINGLE_PROTEIN|HSAMP_d99ba5ea584363f8600ade55|HUMAN_BIOGPS_GNF1H_GCRMA_77_TISSUE_DDOF1,-0.022691925819512807,-0.055022988628573966,0.03233106280906116,PSYCHEDELIC_SEROTONERGIC,Serotonergic psychedelic context,HTR2C,CingulateCortex
HTR2C|EXACT_SINGLE_PROTEIN|HSAMP_e75262fc0acfda69d976a6d3|HUMAN_BIOGPS_GNF1H_GCRMA_77_TISSUE_DDOF1,0.004312545155705039,-0.012992659777380566,0.017305204933085606,PSYCHEDELIC_SEROTONERGIC,Serotonergic psychedelic context,HTR2C,ParietalLobe
HTR2C|EXACT_SINGLE_PROTEIN|HSAMP_eb2587e74e2d6457032d4ae7|HUMAN_BIOGPS_GNF1H_GCRMA_77_TISSUE_DDOF1,-0.10140595068348542,-0.1343632554175314,0.032957304734046,PSYCHEDELIC_SEROTONERGIC,Serotonergic psychedelic context,HTR2C,TemporalLobe
HTR2C|EXACT_SINGLE_PROTEIN|HSAMP_f43595f3557cf05e6a721aeb|HUMAN_BIOGPS_GNF1H_GCRMA_77_TISSUE_DDOF1,-0.00472467592650918,-0.031172716463815753,0.026448040537306573,PSYCHEDELIC_SEROTONERGIC,Serotonergic psychedelic context,HTR2C,Thalamus
HTR2C|EXACT_SINGLE_PROTEIN|HSAMP_ff841df7ecd9f2c8ea2660f5|HUMAN_BIOGPS_GNF1H_GCRMA_77_TISSUE_DDOF1,-0.22109091370694864,-0.21009436217240451,-0.010996551534544124,PSYCHEDELIC_SEROTONERGIC,Serotonergic psychedelic context,HTR2C,OlfactoryBulb
CHRM2|EXACT_SINGLE_PROTEIN|HSAMP_06645e2e8409a5b743985cdd|HUMAN_BIOGPS_GNF1H_GCRMA_77_TISSUE_DDOF1,-0.7574001275804327,-1.3499343659037142,0.5925342383232814,RAPID_ACTING_ANTIDEPRESSANT_CONTEXT,Rapid-acting antidepressant context,CHRM2,Wholebrain
CHRM2|EXACT_SINGLE_PROTEIN|HSAMP_0cb8b4d1db8c390eeeecca55|HUMAN_BIOGPS_GNF1H_GCRMA_77_TISSUE_DDOF1,-0.3653832947616556,-0.7997752806278404,0.4343919858661848,RAPID_ACTING_ANTIDEPRESSANT_CONTEXT,Rapid-acting antidepressant context,CHRM2,Pons
CHRM2|EXACT_SINGLE_PROTEIN|HSAMP_13a552b6ffc4aac3b85a50ca|HUMAN_BIOGPS_GNF1H_GCRMA_77_TISSUE_DDOF1,0.5258989545917097,0.5543839546127359,-0.028485000021026274,RAPID_ACTING_ANTIDEPRESSANT_CONTEXT,Rapid-acting antidepressant context,CHRM2,Amygdala
CHRM2|EXACT_SINGLE_PROTEIN|HSAMP_192dff4b8df5862a227b1163|HUMAN_BIOGPS_GNF1H_GCRMA_77_TISSUE_DDOF1,-0.5598986653287035,-1.010616696750703,0.4507180314219996,RAPID_ACTING_ANTIDEPRESSANT_CONTEXT,Rapid-acting antidepressant context,CHRM2,SubthalamicNucleus
CHRM2|EXACT_SINGLE_PROTEIN|HSAMP_20b60708f05d03c76f9fe702|HUMAN_BIOGPS_GNF1H_GCRMA_77_TISSUE_DDOF1,0.7569183516842588,0.8970567014546698,-0.14013834977041095,RAPID_ACTING_ANTIDEPRESSANT_CONTEXT,Rapid-acting antidepressant context,CHRM2,CerebellumPeduncles
CHRM2|EXACT_SINGLE_PROTEIN|HSAMP_374f872ebf1bbba2be514f9f|HUMAN_BIOGPS_GNF1H_GCRMA_77_TISSUE_DDOF1,-0.7574001275804327,-1.3499343659037142,0.5925342383232814,RAPID_ACTING_ANTIDEPRESSANT_CONTEXT,Rapid-acting antidepressant context,CHRM2,GlobusPallidus
CHRM2|EXACT_SINGLE_PROTEIN|HSAMP_5c090f15f3e5194312a7e8ed|HUMAN_BIOGPS_GNF1H_GCRMA_77_TISSUE_DDOF1,-0.47798387534273784,-0.9243558706960396,0.4463719953533018,RAPID_ACTING_ANTIDEPRESSANT_CONTEXT,Rapid-acting antidepressant context,CHRM2,MedullaOblongata
CHRM2|EXACT_SINGLE_PROTEIN|HSAMP_752ebc880edc13bb4e2b2de8|HUMAN_BIOGPS_GNF1H_GCRMA_77_TISSUE_DDOF1,1.0145542963360945,1.3752958321524404,-0.36074153581634594,RAPID_ACTING_ANTIDEPRESSANT_CONTEXT,Rapid-acting antidepressant context,CHRM2,PrefrontalCortex
CHRM2|EXACT_SINGLE_PROTEIN|HSAMP_7725bb8a75064c4d7246d9ba|HUMAN_BIOGPS_GNF1H_GCRMA_77_TISSUE_DDOF1,-0.5598986653287035,-1.010616696750703,0.4507180314219996,RAPID_ACTING_ANTIDEPRESSANT_CONTEXT,Rapid-acting antidepressant context,CHRM2,OccipitalLobe
CHRM2|EXACT_SINGLE_PROTEIN|HSAMP_8ed020260a1d25cf72324c8a|HUMAN_BIOGPS_GNF1H_GCRMA_77_TISSUE_DDOF1,0.6535991930171212,0.7665993234288152,-0.11300013041169399,RAPID_ACTING_ANTIDEPRESSANT_CONTEXT,Rapid-acting antidepressant context,CHRM2,Hypothalamus
CHRM2|EXACT_SINGLE_PROTEIN|HSAMP_936b77a4b11b5c19027de438|HUMAN_BIOGPS_GNF1H_GCRMA_77_TISSUE_DDOF1,0.5798966045664208,0.6778779948840947,-0.09798139031767394,RAPID_ACTING_ANTIDEPRESSANT_CONTEXT,Rapid-acting antidepressant context,CHRM2,Spinalcord
CHRM2|EXACT_SINGLE_PROTEIN|HSAMP_9aa72e4fb1ff63e1792b1ec7|HUMAN_BIOGPS_GNF1H_GCRMA_77_TISSUE_DDOF1,-0.6306909781843474,-1.1270114591153453,0.4963204809309979,RAPID_ACTING_ANTIDEPRESSANT_CONTEXT,Rapid-acting antidepressant context,CHRM2,Cerebellum
CHRM2|EXACT_SINGLE_PROTEIN|HSAMP_a32ce488a48b0df9b8c4c40a|HUMAN_BIOGPS_GNF1H_GCRMA_77_TISSUE_DDOF1,-0.6306909781843474,-1.1270114591153453,0.4963204809309979,RAPID_ACTING_ANTIDEPRESSANT_CONTEXT,Rapid-acting antidepressant context,CHRM2,Caudatenucleus
CHRM2|EXACT_SINGLE_PROTEIN|HSAMP_d99ba5ea584363f8600ade55|HUMAN_BIOGPS_GNF1H_GCRMA_77_TISSUE_DDOF1,0.13577879871956952,0.04022661648609771,0.09555218223347181,RAPID_ACTING_ANTIDEPRESSANT_CONTEXT,Rapid-acting antidepressant context,CHRM2,CingulateCortex
CHRM2|EXACT_SINGLE_PROTEIN|HSAMP_e75262fc0acfda69d976a6d3|HUMAN_BIOGPS_GNF1H_GCRMA_77_TISSUE_DDOF1,0.8281086162368785,1.0079726836039382,-0.17986406736705973,RAPID_ACTING_ANTIDEPRESSANT_CONTEXT,Rapid-acting antidepressant context,CHRM2,ParietalLobe
CHRM2|EXACT_SINGLE_PROTEIN|HSAMP_eb2587e74e2d6457032d4ae7|HUMAN_BIOGPS_GNF1H_GCRMA_77_TISSUE_DDOF1,-0.01142305945911525,-0.37140099215575684,0.3599779326966416,RAPID_ACTING_ANTIDEPRESSANT_CONTEXT,Rapid-acting antidepressant context,CHRM2,TemporalLobe
CHRM2|EXACT_SINGLE_PROTEIN|HSAMP_f43595f3557cf05e6a721aeb|HUMAN_BIOGPS_GNF1H_GCRMA_77_TISSUE_DDOF1,0.13577879871956952,0.04022661648609771,0.09555218223347181,RAPID_ACTING_ANTIDEPRESSANT_CONTEXT,Rapid-acting antidepressant context,CHRM2,Thalamus
CHRM2|EXACT_SINGLE_PROTEIN|HSAMP_ff841df7ecd9f2c8ea2660f5|HUMAN_BIOGPS_GNF1H_GCRMA_77_TISSUE_DDOF1,-0.9473566328514829,-1.7355135963024395,0.7881569634509566,RAPID_ACTING_ANTIDEPRESSANT_CONTEXT,Rapid-acting antidepressant context,CHRM2,OlfactoryBulb
CHRM3|EXACT_SINGLE_PROTEIN|HSAMP_06645e2e8409a5b743985cdd|HUMAN_BIOGPS_GNF1H_GCRMA_77_TISSUE_DDOF1,1.12499387306454,1.449197816005134,-0.32420394294059407,RAPID_ACTING_ANTIDEPRESSANT_CONTEXT,Rapid-acting antidepressant context,CHRM3,Wholebrain
CHRM3|EXACT_SINGLE_PROTEIN|HSAMP_0cb8b4d1db8c390eeeecca55|HUMAN_BIOGPS_GNF1H_GCRMA_77_TISSUE_DDOF1,0.009288874367541939,-0.22411895626567366,0.2334078306332156,RAPID_ACTING_ANTIDEPRESSANT_CONTEXT,Rapid-acting antidepressant context,CHRM3,Pons
CHRM3|EXACT_SINGLE_PROTEIN|HSAMP_13a552b6ffc4aac3b85a50ca|HUMAN_BIOGPS_GNF1H_GCRMA_77_TISSUE_DDOF1,1.2196470178369565,1.5815197911166268,-0.36187277327967027,RAPID_ACTING_ANTIDEPRESSANT_CONTEXT,Rapid-acting antidepressant context,CHRM3,Amygdala
CHRM3|EXACT_SINGLE_PROTEIN|HSAMP_192dff4b8df5862a227b1163|HUMAN_BIOGPS_GNF1H_GCRMA_77_TISSUE_DDOF1,0.4242907316639165,0.38995767730344044,0.03433305436047607,RAPID_ACTING_ANTIDEPRESSANT_CONTEXT,Rapid-acting antidepressant context,CHRM3,SubthalamicNucleus
CHRM3|EXACT_SINGLE_PROTEIN|HSAMP_20b60708f05d03c76f9fe702|HUMAN_BIOGPS_GNF1H_GCRMA_77_TISSUE_DDOF1,0.0754253984854567,-0.03879346800693606,0.11421886649239275,RAPID_ACTING_ANTIDEPRESSANT_CONTEXT,Rapid-acting antidepressant context,CHRM3,CerebellumPeduncles
CHRM3|EXACT_SINGLE_PROTEIN|HSAMP_374f872ebf1bbba2be514f9f|HUMAN_BIOGPS_GNF1H_GCRMA_77_TISSUE_DDOF1,-0.10402842305478566,-0.42960912972022847,0.3255807066654428,RAPID_ACTING_ANTIDEPRESSANT_CONTEXT,Rapid-acting antidepressant context,CHRM3,GlobusPallidus
CHRM3|EXACT_SINGLE_PROTEIN|HSAMP_5c090f15f3e5194312a7e8ed|HUMAN_BIOGPS_GNF1H_GCRMA_77_TISSUE_DDOF1,0.3643441543381009,0.266462792907727,0.0978813614303739,RAPID_ACTING_ANTIDEPRESSANT_CONTEXT,Rapid-acting antidepressant context,CHRM3,MedullaOblongata
CHRM3|EXACT_SINGLE_PROTEIN|HSAMP_752ebc880edc13bb4e2b2de8|HUMAN_BIOGPS_GNF1H_GCRMA_77_TISSUE_DDOF1,2.6155934488421475,3.238286181364909,-0.6226927325227614,RAPID_ACTING_ANTIDEPRESSANT_CONTEXT,Rapid-acting antidepressant context,CHRM3,PrefrontalCortex
CHRM3|EXACT_SINGLE_PROTEIN|HSAMP_7725bb8a75064c4d7246d9ba|HUMAN_BIOGPS_GNF1H_GCRMA_77_TISSUE_DDOF1,0.7434044170757004,0.8406852417742684,-0.09728082469856802,RAPID_ACTING_ANTIDEPRESSANT_CONTEXT,Rapid-acting antidepressant context,CHRM3,OccipitalLobe
CHRM3|EXACT_SINGLE_PROTEIN|HSAMP_8ed020260a1d25cf72324c8a|HUMAN_BIOGPS_GNF1H_GCRMA_77_TISSUE_DDOF1,0.07228204391287499,-0.05184045267954717,0.12412249659242217,RAPID_ACTING_ANTIDEPRESSANT_CONTEXT,Rapid-acting antidepressant context,CHRM3,Hypothalamus
CHRM3|EXACT_SINGLE_PROTEIN|HSAMP_936b77a4b11b5c19027de438|HUMAN_BIOGPS_GNF1H_GCRMA_77_TISSUE_DDOF1,0.04454906146442492,-0.11401594706329217,0.1585650085277171,RAPID_ACTING_ANTIDEPRESSANT_CONTEXT,Rapid-acting antidepressant context,CHRM3,Spinalcord
CHRM3|EXACT_SINGLE_PROTEIN|HSAMP_9aa72e4fb1ff63e1792b1ec7|HUMAN_BIOGPS_GNF1H_GCRMA_77_TISSUE_DDOF1,-0.07721997063400048,-0.3945724836520839,0.3173525130180834,RAPID_ACTING_ANTIDEPRESSANT_CONTEXT,Rapid-acting antidepressant context,CHRM3,Cerebellum
CHRM3|EXACT_SINGLE_PROTEIN|HSAMP_a32ce488a48b0df9b8c4c40a|HUMAN_BIOGPS_GNF1H_GCRMA_77_TISSUE_DDOF1,-0.022691925819512807,-0.2920689046012839,0.2693769787817711,RAPID_ACTING_ANTIDEPRESSANT_CONTEXT,Rapid-acting antidepressant context,CHRM3,Caudatenucleus
CHRM3|EXACT_SINGLE_PROTEIN|HSAMP_d99ba5ea584363f8600ade55|HUMAN_BIOGPS_GNF1H_GCRMA_77_TISSUE_DDOF1,0.05521957840724115,-0.08755270707280957,0.14277228548005072,RAPID_ACTING_ANTIDEPRESSANT_CONTEXT,Rapid-acting antidepressant context,CHRM3,CingulateCortex
CHRM3|EXACT_SINGLE_PROTEIN|HSAMP_e75262fc0acfda69d976a6d3|HUMAN_BIOGPS_GNF1H_GCRMA_77_TISSUE_DDOF1,0.0754253984854567,-0.03879346800693606,0.11421886649239275,RAPID_ACTING_ANTIDEPRESSANT_CONTEXT,Rapid-acting antidepressant context,CHRM3,ParietalLobe
CHRM3|EXACT_SINGLE_PROTEIN|HSAMP_eb2587e74e2d6457032d4ae7|HUMAN_BIOGPS_GNF1H_GCRMA_77_TISSUE_DDOF1,0.0271444976889488,-0.16071374960670318,0.18785824729565198,RAPID_ACTING_ANTIDEPRESSANT_CONTEXT,Rapid-acting antidepressant context,CHRM3,TemporalLobe
CHRM3|EXACT_SINGLE_PROTEIN|HSAMP_f43595f3557cf05e6a721aeb|HUMAN_BIOGPS_GNF1H_GCRMA_77_TISSUE_DDOF1,0.0271444976889488,-0.16071374960670318,0.18785824729565198,RAPID_ACTING_ANTIDEPRESSANT_CONTEXT,Rapid-acting antidepressant context,CHRM3,Thalamus
CHRM3|EXACT_SINGLE_PROTEIN|HSAMP_ff841df7ecd9f2c8ea2660f5|HUMAN_BIOGPS_GNF1H_GCRMA_77_TISSUE_DDOF1,-0.08253096470530781,-0.4051990075936188,0.322668042888311,RAPID_ACTING_ANTIDEPRESSANT_CONTEXT,Rapid-acting antidepressant context,CHRM3,OlfactoryBulb
SLC6A4|EXACT_SINGLE_PROTEIN|HSAMP_06645e2e8409a5b743985cdd|HUMAN_BIOGPS_GNF1H_GCRMA_77_TISSUE_DDOF1,-0.25135445637222936,-0.6862424478761481,0.4348879915039187,RAPID_ACTING_ANTIDEPRESSANT_CONTEXT,Rapid-acting antidepressant context,SLC6A4,Wholebrain
SLC6A4|EXACT_SINGLE_PROTEIN|HSAMP_0cb8b4d1db8c390eeeecca55|HUMAN_BIOGPS_GNF1H_GCRMA_77_TISSUE_DDOF1,0.07188917544024263,-0.12295677503410603,0.19484595047434866,RAPID_ACTING_ANTIDEPRESSANT_CONTEXT,Rapid-acting antidepressant context,SLC6A4,Pons
SLC6A4|EXACT_SINGLE_PROTEIN|HSAMP_13a552b6ffc4aac3b85a50ca|HUMAN_BIOGPS_GNF1H_GCRMA_77_TISSUE_DDOF1,0.0271444976889488,-0.2558367797443219,0.2829812774332707,RAPID_ACTING_ANTIDEPRESSANT_CONTEXT,Rapid-acting antidepressant context,SLC6A4,Amygdala
SLC6A4|EXACT_SINGLE_PROTEIN|HSAMP_192dff4b8df5862a227b1163|HUMAN_BIOGPS_GNF1H_GCRMA_77_TISSUE_DDOF1,-0.1367075388384357,-0.5678718329495078,0.43116429411107215,RAPID_ACTING_ANTIDEPRESSANT_CONTEXT,Rapid-acting antidepressant context,SLC6A4,SubthalamicNucleus
SLC6A4|EXACT_SINGLE_PROTEIN|HSAMP_20b60708f05d03c76f9fe702|HUMAN_BIOGPS_GNF1H_GCRMA_77_TISSUE_DDOF1,0.1102442582911983,-0.0072851686554107975,0.1175294269466091,RAPID_ACTING_ANTIDEPRESSANT_CONTEXT,Rapid-acting antidepressant context,SLC6A4,CerebellumPeduncles
SLC6A4|EXACT_SINGLE_PROTEIN|HSAMP_374f872ebf1bbba2be514f9f|HUMAN_BIOGPS_GNF1H_GCRMA_77_TISSUE_DDOF1,-0.4371859824980134,-0.8893821823420391,0.45219619984402576,RAPID_ACTING_ANTIDEPRESSANT_CONTEXT,Rapid-acting antidepressant context,SLC6A4,GlobusPallidus
SLC6A4|EXACT_SINGLE_PROTEIN|HSAMP_5c090f15f3e5194312a7e8ed|HUMAN_BIOGPS_GNF1H_GCRMA_77_TISSUE_DDOF1,-0.054655890656651725,-0.4605465498771497,0.405890659220498,RAPID_ACTING_ANTIDEPRESSANT_CONTEXT,Rapid-acting antidepressant context,SLC6A4,MedullaOblongata
SLC6A4|EXACT_SINGLE_PROTEIN|HSAMP_752ebc880edc13bb4e2b2de8|HUMAN_BIOGPS_GNF1H_GCRMA_77_TISSUE_DDOF1,0.2907949004382928,0.19788641051484754,0.09290848992344528,RAPID_ACTING_ANTIDEPRESSANT_CONTEXT,Rapid-acting antidepressant context,SLC6A4,PrefrontalCortex
SLC6A4|EXACT_SINGLE_PROTEIN|HSAMP_7725bb8a75064c4d7246d9ba|HUMAN_BIOGPS_GNF1H_GCRMA_77_TISSUE_DDOF1,-0.17884169477383446,-0.6218228915142869,0.44298119674045244,RAPID_ACTING_ANTIDEPRESSANT_CONTEXT,Rapid-acting antidepressant context,SLC6A4,OccipitalLobe
SLC6A4|EXACT_SINGLE_PROTEIN|HSAMP_8ed020260a1d25cf72324c8a|HUMAN_BIOGPS_GNF1H_GCRMA_77_TISSUE_DDOF1,0.0271444976889488,-0.2558367797443219,0.2829812774332707,RAPID_ACTING_ANTIDEPRESSANT_CONTEXT,Rapid-acting antidepressant context,SLC6A4,Hypothalamus
SLC6A4|EXACT_SINGLE_PROTEIN|HSAMP_936b77a4b11b5c19027de438|HUMAN_BIOGPS_GNF1H_GCRMA_77_TISSUE_DDOF1,0.05055470938774039,-0.18844504838099738,0.23899975776873777,RAPID_ACTING_ANTIDEPRESSANT_CONTEXT,Rapid-acting antidepressant context,SLC6A4,Spinalcord
SLC6A4|EXACT_SINGLE_PROTEIN|HSAMP_9aa72e4fb1ff63e1792b1ec7|HUMAN_BIOGPS_GNF1H_GCRMA_77_TISSUE_DDOF1,0.9355939929881446,1.1969371327248586,-0.26134313973671397,RAPID_ACTING_ANTIDEPRESSANT_CONTEXT,Rapid-acting antidepressant context,SLC6A4,Cerebellum
SLC6A4|EXACT_SINGLE_PROTEIN|HSAMP_a32ce488a48b0df9b8c4c40a|HUMAN_BIOGPS_GNF1H_GCRMA_77_TISSUE_DDOF1,0.09786726621788498,-0.03408815185787961,0.1319554180757646,RAPID_ACTING_ANTIDEPRESSANT_CONTEXT,Rapid-acting antidepressant context,SLC6A4,Caudatenucleus
SLC6A4|EXACT_SINGLE_PROTEIN|HSAMP_d99ba5ea584363f8600ade55|HUMAN_BIOGPS_GNF1H_GCRMA_77_TISSUE_DDOF1,-0.0003896569041729336,-0.3425725357194122,0.3421828788152393,RAPID_ACTING_ANTIDEPRESSANT_CONTEXT,Rapid-acting antidepressant context,SLC6A4,CingulateCortex
SLC6A4|EXACT_SINGLE_PROTEIN|HSAMP_e75262fc0acfda69d976a6d3|HUMAN_BIOGPS_GNF1H_GCRMA_77_TISSUE_DDOF1,0.09786726621788498,-0.03408815185787961,0.1319554180757646,RAPID_ACTING_ANTIDEPRESSANT_CONTEXT,Rapid-acting antidepressant context,SLC6A4,ParietalLobe
SLC6A4|EXACT_SINGLE_PROTEIN|HSAMP_eb2587e74e2d6457032d4ae7|HUMAN_BIOGPS_GNF1H_GCRMA_77_TISSUE_DDOF1,-0.17884169477383446,-0.6218228915142869,0.44298119674045244,RAPID_ACTING_ANTIDEPRESSANT_CONTEXT,Rapid-acting antidepressant context,SLC6A4,TemporalLobe
SLC6A4|EXACT_SINGLE_PROTEIN|HSAMP_f43595f3557cf05e6a721aeb|HUMAN_BIOGPS_GNF1H_GCRMA_77_TISSUE_DDOF1,-0.011083252746525038,-0.3803998751488848,0.36931662240235974,RAPID_ACTING_ANTIDEPRESSANT_CONTEXT,Rapid-acting antidepressant context,SLC6A4,Thalamus
SLC6A4|EXACT_SINGLE_PROTEIN|HSAMP_ff841df7ecd9f2c8ea2660f5|HUMAN_BIOGPS_GNF1H_GCRMA_77_TISSUE_DDOF1,-0.36220970206270436,-0.8028199722460936,0.4406102701833892,RAPID_ACTING_ANTIDEPRESSANT_CONTEXT,Rapid-acting antidepressant context,SLC6A4,OlfactoryBulb
ADRA1A|EXACT_SINGLE_PROTEIN|HSAMP_06645e2e8409a5b743985cdd|HUMAN_BIOGPS_GNF1H_GCRMA_77_TISSUE_DDOF1,-1.5437279671639712,-0.8168054271268964,-0.7269225400370748,SEROTONERGIC_PSYCHOACTIVE_CONTEXT,Serotonergic psychoactive context,ADRA1A,Wholebrain
ADRA1A|EXACT_SINGLE_PROTEIN|HSAMP_0cb8b4d1db8c390eeeecca55|HUMAN_BIOGPS_GNF1H_GCRMA_77_TISSUE_DDOF1,1.4195828780719864,1.018653938876397,0.40092893919558925,SEROTONERGIC_PSYCHOACTIVE_CONTEXT,Serotonergic psychoactive context,ADRA1A,Pons
ADRA1A|EXACT_SINGLE_PROTEIN|HSAMP_13a552b6ffc4aac3b85a50ca|HUMAN_BIOGPS_GNF1H_GCRMA_77_TISSUE_DDOF1,0.01727729262442284,0.12350626159403277,-0.10622896896960993,SEROTONERGIC_PSYCHOACTIVE_CONTEXT,Serotonergic psychoactive context,ADRA1A,Amygdala
ADRA1A|EXACT_SINGLE_PROTEIN|HSAMP_192dff4b8df5862a227b1163|HUMAN_BIOGPS_GNF1H_GCRMA_77_TISSUE_DDOF1,-0.17327345734461072,0.05674501788904673,-0.23001847523365745,SEROTONERGIC_PSYCHOACTIVE_CONTEXT,Serotonergic psychoactive context,ADRA1A,SubthalamicNucleus
ADRA1A|EXACT_SINGLE_PROTEIN|HSAMP_20b60708f05d03c76f9fe702|HUMAN_BIOGPS_GNF1H_GCRMA_77_TISSUE_DDOF1,1.2202698721222003,0.9399954035955888,0.28027446852661153,SEROTONERGIC_PSYCHOACTIVE_CONTEXT,Serotonergic psychoactive context,ADRA1A,CerebellumPeduncles
ADRA1A|EXACT_SINGLE_PROTEIN|HSAMP_374f872ebf1bbba2be514f9f|HUMAN_BIOGPS_GNF1H_GCRMA_77_TISSUE_DDOF1,-1.0125913122842531,-0.5415320365305538,-0.4710592757536993,SEROTONERGIC_PSYCHOACTIVE_CONTEXT,Serotonergic psychoactive context,ADRA1A,GlobusPallidus
ADRA1A|EXACT_SINGLE_PROTEIN|HSAMP_5c090f15f3e5194312a7e8ed|HUMAN_BIOGPS_GNF1H_GCRMA_77_TISSUE_DDOF1,-0.7142836231329676,-0.2614785167333615,-0.4528051063996061,SEROTONERGIC_PSYCHOACTIVE_CONTEXT,Serotonergic psychoactive context,ADRA1A,MedullaOblongata
ADRA1A|EXACT_SINGLE_PROTEIN|HSAMP_752ebc880edc13bb4e2b2de8|HUMAN_BIOGPS_GNF1H_GCRMA_77_TISSUE_DDOF1,1.0330401383418797,0.8393013979293431,0.19373874041253658,SEROTONERGIC_PSYCHOACTIVE_CONTEXT,Serotonergic psychoactive context,ADRA1A,PrefrontalCortex
ADRA1A|EXACT_SINGLE_PROTEIN|HSAMP_7725bb8a75064c4d7246d9ba|HUMAN_BIOGPS_GNF1H_GCRMA_77_TISSUE_DDOF1,-0.7735111971300326,-0.32328582104903064,-0.45022537608100194,SEROTONERGIC_PSYCHOACTIVE_CONTEXT,Serotonergic psychoactive context,ADRA1A,OccipitalLobe
ADRA1A|EXACT_SINGLE_PROTEIN|HSAMP_8ed020260a1d25cf72324c8a|HUMAN_BIOGPS_GNF1H_GCRMA_77_TISSUE_DDOF1,0.48383712564449033,0.47962583289659955,0.0042112927478907825,SEROTONERGIC_PSYCHOACTIVE_CONTEXT,Serotonergic psychoactive context,ADRA1A,Hypothalamus
ADRA1A|EXACT_SINGLE_PROTEIN|HSAMP_936b77a4b11b5c19027de438|HUMAN_BIOGPS_GNF1H_GCRMA_77_TISSUE_DDOF1,0.6803833642951119,0.5756850545566491,0.10469830973846284,SEROTONERGIC_PSYCHOACTIVE_CONTEXT,Serotonergic psychoactive context,ADRA1A,Spinalcord
ADRA1A|EXACT_SINGLE_PROTEIN|HSAMP_9aa72e4fb1ff63e1792b1ec7|HUMAN_BIOGPS_GNF1H_GCRMA_77_TISSUE_DDOF1,-1.176829333645712,-0.6399235844225575,-0.5369057492231546,SEROTONERGIC_PSYCHOACTIVE_CONTEXT,Serotonergic psychoactive context,ADRA1A,Cerebellum
ADRA1A|EXACT_SINGLE_PROTEIN|HSAMP_a32ce488a48b0df9b8c4c40a|HUMAN_BIOGPS_GNF1H_GCRMA_77_TISSUE_DDOF1,-0.7735111971300326,-0.32328582104903064,-0.45022537608100194,SEROTONERGIC_PSYCHOACTIVE_CONTEXT,Serotonergic psychoactive context,ADRA1A,Caudatenucleus
ADRA1A|EXACT_SINGLE_PROTEIN|HSAMP_d99ba5ea584363f8600ade55|HUMAN_BIOGPS_GNF1H_GCRMA_77_TISSUE_DDOF1,0.5697969462378093,0.5328772613227942,0.03691968491501507,SEROTONERGIC_PSYCHOACTIVE_CONTEXT,Serotonergic psychoactive context,ADRA1A,CingulateCortex
ADRA1A|EXACT_SINGLE_PROTEIN|HSAMP_e75262fc0acfda69d976a6d3|HUMAN_BIOGPS_GNF1H_GCRMA_77_TISSUE_DDOF1,0.7908831192896955,0.6717637611125333,0.11911935817716213,SEROTONERGIC_PSYCHOACTIVE_CONTEXT,Serotonergic psychoactive context,ADRA1A,ParietalLobe
ADRA1A|EXACT_SINGLE_PROTEIN|HSAMP_eb2587e74e2d6457032d4ae7|HUMAN_BIOGPS_GNF1H_GCRMA_77_TISSUE_DDOF1,-0.47438680247321735,-0.05364235104550513,-0.4207444514277122,SEROTONERGIC_PSYCHOACTIVE_CONTEXT,Serotonergic psychoactive context,ADRA1A,TemporalLobe
ADRA1A|EXACT_SINGLE_PROTEIN|HSAMP_f43595f3557cf05e6a721aeb|HUMAN_BIOGPS_GNF1H_GCRMA_77_TISSUE_DDOF1,0.2937959716720335,0.4083817856020731,-0.11458581393003964,SEROTONERGIC_PSYCHOACTIVE_CONTEXT,Serotonergic psychoactive context,ADRA1A,Thalamus
ADRA1A|EXACT_SINGLE_PROTEIN|HSAMP_ff841df7ecd9f2c8ea2660f5|HUMAN_BIOGPS_GNF1H_GCRMA_77_TISSUE_DDOF1,-1.3916941247707881,-0.7548227539065933,-0.6368713708641949,SEROTONERGIC_PSYCHOACTIVE_CONTEXT,Serotonergic psychoactive context,ADRA1A,OlfactoryBulb
ADRA2A|EXACT_SINGLE_PROTEIN|HSAMP_06645e2e8409a5b743985cdd|HUMAN_BIOGPS_GNF1H_GCRMA_77_TISSUE_DDOF1,1.3256712318464634,0.9217249750358918,0.4039462568105716,SEROTONERGIC_PSYCHOACTIVE_CONTEXT,Serotonergic psychoactive context,ADRA2A,Wholebrain
ADRA2A|EXACT_SINGLE_PROTEIN|HSAMP_0cb8b4d1db8c390eeeecca55|HUMAN_BIOGPS_GNF1H_GCRMA_77_TISSUE_DDOF1,-0.5044395774634475,-0.029872483216315207,-0.4745670942471323,SEROTONERGIC_PSYCHOACTIVE_CONTEXT,Serotonergic psychoactive context,ADRA2A,Pons
ADRA2A|EXACT_SINGLE_PROTEIN|HSAMP_13a552b6ffc4aac3b85a50ca|HUMAN_BIOGPS_GNF1H_GCRMA_77_TISSUE_DDOF1,0.5741290899637739,0.5297956641251097,0.044333425838664176,SEROTONERGIC_PSYCHOACTIVE_CONTEXT,Serotonergic psychoactive context,ADRA2A,Amygdala
ADRA2A|EXACT_SINGLE_PROTEIN|HSAMP_192dff4b8df5862a227b1163|HUMAN_BIOGPS_GNF1H_GCRMA_77_TISSUE_DDOF1,-0.6732064603943135,-0.1385576578050044,-0.5346488025893091,SEROTONERGIC_PSYCHOACTIVE_CONTEXT,Serotonergic psychoactive context,ADRA2A,SubthalamicNucleus
ADRA2A|EXACT_SINGLE_PROTEIN|HSAMP_20b60708f05d03c76f9fe702|HUMAN_BIOGPS_GNF1H_GCRMA_77_TISSUE_DDOF1,0.5992580300558955,0.5394904013862515,0.059767628669644024,SEROTONERGIC_PSYCHOACTIVE_CONTEXT,Serotonergic psychoactive context,ADRA2A,CerebellumPeduncles
ADRA2A|EXACT_SINGLE_PROTEIN|HSAMP_374f872ebf1bbba2be514f9f|HUMAN_BIOGPS_GNF1H_GCRMA_77_TISSUE_DDOF1,-1.129932837769179,-0.4485074802323683,-0.6814253575368108,SEROTONERGIC_PSYCHOACTIVE_CONTEXT,Serotonergic psychoactive context,ADRA2A,GlobusPallidus
ADRA2A|EXACT_SINGLE_PROTEIN|HSAMP_5c090f15f3e5194312a7e8ed|HUMAN_BIOGPS_GNF1H_GCRMA_77_TISSUE_DDOF1,-0.7142836231329676,-0.1670993441504276,-0.54718427898254,SEROTONERGIC_PSYCHOACTIVE_CONTEXT,Serotonergic psychoactive context,ADRA2A,MedullaOblongata
ADRA2A|EXACT_SINGLE_PROTEIN|HSAMP_752ebc880edc13bb4e2b2de8|HUMAN_BIOGPS_GNF1H_GCRMA_77_TISSUE_DDOF1,0.6639939006317417,0.5588861738304991,0.10510772680124258,SEROTONERGIC_PSYCHOACTIVE_CONTEXT,Serotonergic psychoactive context,ADRA2A,PrefrontalCortex
ADRA2A|EXACT_SINGLE_PROTEIN|HSAMP_7725bb8a75064c4d7246d9ba|HUMAN_BIOGPS_GNF1H_GCRMA_77_TISSUE_DDOF1,-0.6732064603943135,-0.1385576578050044,-0.5346488025893091,SEROTONERGIC_PSYCHOACTIVE_CONTEXT,Serotonergic psychoactive context,ADRA2A,OccipitalLobe
ADRA2A|EXACT_SINGLE_PROTEIN|HSAMP_8ed020260a1d25cf72324c8a|HUMAN_BIOGPS_GNF1H_GCRMA_77_TISSUE_DDOF1,0.22956957141467732,0.3675733090636015,-0.1380037376489242,SEROTONERGIC_PSYCHOACTIVE_CONTEXT,Serotonergic psychoactive context,ADRA2A,Hypothalamus
ADRA2A|EXACT_SINGLE_PROTEIN|HSAMP_936b77a4b11b5c19027de438|HUMAN_BIOGPS_GNF1H_GCRMA_77_TISSUE_DDOF1,-0.047357446085577085,0.12038413824042696,-0.16774158432600406,SEROTONERGIC_PSYCHOACTIVE_CONTEXT,Serotonergic psychoactive context,ADRA2A,Spinalcord
ADRA2A|EXACT_SINGLE_PROTEIN|HSAMP_9aa72e4fb1ff63e1792b1ec7|HUMAN_BIOGPS_GNF1H_GCRMA_77_TISSUE_DDOF1,-0.8108793577649526,-0.2291472250978494,-0.5817321326671032,SEROTONERGIC_PSYCHOACTIVE_CONTEXT,Serotonergic psychoactive context,ADRA2A,Cerebellum
ADRA2A|EXACT_SINGLE_PROTEIN|HSAMP_a32ce488a48b0df9b8c4c40a|HUMAN_BIOGPS_GNF1H_GCRMA_77_TISSUE_DDOF1,-0.733236447782707,-0.1848955833832721,-0.548340864399435,SEROTONERGIC_PSYCHOACTIVE_CONTEXT,Serotonergic psychoactive context,ADRA2A,Caudatenucleus
ADRA2A|EXACT_SINGLE_PROTEIN|HSAMP_d99ba5ea584363f8600ade55|HUMAN_BIOGPS_GNF1H_GCRMA_77_TISSUE_DDOF1,-0.2634322811930612,0.06168596001608265,-0.3251182412091439,SEROTONERGIC_PSYCHOACTIVE_CONTEXT,Serotonergic psychoactive context,ADRA2A,CingulateCortex
ADRA2A|EXACT_SINGLE_PROTEIN|HSAMP_e75262fc0acfda69d976a6d3|HUMAN_BIOGPS_GNF1H_GCRMA_77_TISSUE_DDOF1,0.055922154422395114,0.17631005000778435,-0.12038789558538923,SEROTONERGIC_PSYCHOACTIVE_CONTEXT,Serotonergic psychoactive context,ADRA2A,ParietalLobe
ADRA2A|EXACT_SINGLE_PROTEIN|HSAMP_eb2587e74e2d6457032d4ae7|HUMAN_BIOGPS_GNF1H_GCRMA_77_TISSUE_DDOF1,-0.5955305040679503,-0.08889325499006626,-0.506637249077884,SEROTONERGIC_PSYCHOACTIVE_CONTEXT,Serotonergic psychoactive context,ADRA2A,TemporalLobe
ADRA2A|EXACT_SINGLE_PROTEIN|HSAMP_f43595f3557cf05e6a721aeb|HUMAN_BIOGPS_GNF1H_GCRMA_77_TISSUE_DDOF1,-0.2634322811930612,0.06168596001608265,-0.3251182412091439,SEROTONERGIC_PSYCHOACTIVE_CONTEXT,Serotonergic psychoactive context,ADRA2A,Thalamus
ADRA2A|EXACT_SINGLE_PROTEIN|HSAMP_ff841df7ecd9f2c8ea2660f5|HUMAN_BIOGPS_GNF1H_GCRMA_77_TISSUE_DDOF1,-1.0157075272297438,-0.38334993524468497,-0.6323575919850588,SEROTONERGIC_PSYCHOACTIVE_CONTEXT,Serotonergic psychoactive context,ADRA2A,OlfactoryBulb
ADRA2B|EXACT_SINGLE_PROTEIN|HSAMP_06645e2e8409a5b743985cdd|HUMAN_BIOGPS_GNF1H_GCRMA_77_TISSUE_DDOF1,-1.081013102938054,-0.22228986411730245,-0.8587232388207516,SEROTONERGIC_PSYCHOACTIVE_CONTEXT,Serotonergic psychoactive context,ADRA2B,Wholebrain
ADRA2B|EXACT_SINGLE_PROTEIN|HSAMP_0cb8b4d1db8c390eeeecca55|HUMAN_BIOGPS_GNF1H_GCRMA_77_TISSUE_DDOF1,-0.19085554650662634,0.12958660337861333,-0.32044214988523967,SEROTONERGIC_PSYCHOACTIVE_CONTEXT,Serotonergic psychoactive context,ADRA2B,Pons
ADRA2B|EXACT_SINGLE_PROTEIN|HSAMP_13a552b6ffc4aac3b85a50ca|HUMAN_BIOGPS_GNF1H_GCRMA_77_TISSUE_DDOF1,0.8015037237186955,0.5994723902569596,0.20203133346173585,SEROTONERGIC_PSYCHOACTIVE_CONTEXT,Serotonergic psychoactive context,ADRA2B,Amygdala
ADRA2B|EXACT_SINGLE_PROTEIN|HSAMP_192dff4b8df5862a227b1163|HUMAN_BIOGPS_GNF1H_GCRMA_77_TISSUE_DDOF1,-0.5960540842206639,0.03815352591003617,-0.6342076101307,SEROTONERGIC_PSYCHOACTIVE_CONTEXT,Serotonergic psychoactive context,ADRA2B,SubthalamicNucleus
ADRA2B|EXACT_SINGLE_PROTEIN|HSAMP_20b60708f05d03c76f9fe702|HUMAN_BIOGPS_GNF1H_GCRMA_77_TISSUE_DDOF1,1.0999181395371558,0.7587673298730748,0.34115080966408096,SEROTONERGIC_PSYCHOACTIVE_CONTEXT,Serotonergic psychoactive context,ADRA2B,CerebellumPeduncles
ADRA2B|EXACT_SINGLE_PROTEIN|HSAMP_374f872ebf1bbba2be514f9f|HUMAN_BIOGPS_GNF1H_GCRMA_77_TISSUE_DDOF1,-1.7950706659821885,-0.5468247417848868,-1.2482459241973016,SEROTONERGIC_PSYCHOACTIVE_CONTEXT,Serotonergic psychoactive context,ADRA2B,GlobusPallidus
ADRA2B|EXACT_SINGLE_PROTEIN|HSAMP_5c090f15f3e5194312a7e8ed|HUMAN_BIOGPS_GNF1H_GCRMA_77_TISSUE_DDOF1,-0.5960540842206639,0.03815352591003617,-0.6342076101307,SEROTONERGIC_PSYCHOACTIVE_CONTEXT,Serotonergic psychoactive context,ADRA2B,MedullaOblongata
ADRA2B|EXACT_SINGLE_PROTEIN|HSAMP_752ebc880edc13bb4e2b2de8|HUMAN_BIOGPS_GNF1H_GCRMA_77_TISSUE_DDOF1,1.4747756920705977,0.8899227330575403,0.5848529590130573,SEROTONERGIC_PSYCHOACTIVE_CONTEXT,Serotonergic psychoactive context,ADRA2B,PrefrontalCortex
ADRA2B|EXACT_SINGLE_PROTEIN|HSAMP_7725bb8a75064c4d7246d9ba|HUMAN_BIOGPS_GNF1H_GCRMA_77_TISSUE_DDOF1,-0.6793234109591311,0.0010806587921162701,-0.6804040697512473,SEROTONERGIC_PSYCHOACTIVE_CONTEXT,Serotonergic psychoactive context,ADRA2B,OccipitalLobe
ADRA2B|EXACT_SINGLE_PROTEIN|HSAMP_8ed020260a1d25cf72324c8a|HUMAN_BIOGPS_GNF1H_GCRMA_77_TISSUE_DDOF1,0.9398984229482849,0.6822366128555545,0.25766181009273037,SEROTONERGIC_PSYCHOACTIVE_CONTEXT,Serotonergic psychoactive context,ADRA2B,Hypothalamus
ADRA2B|EXACT_SINGLE_PROTEIN|HSAMP_936b77a4b11b5c19027de438|HUMAN_BIOGPS_GNF1H_GCRMA_77_TISSUE_DDOF1,0.8943310695375521,0.6566392132904246,0.23769185624712752,SEROTONERGIC_PSYCHOACTIVE_CONTEXT,Serotonergic psychoactive context,ADRA2B,Spinalcord
ADRA2B|EXACT_SINGLE_PROTEIN|HSAMP_9aa72e4fb1ff63e1792b1ec7|HUMAN_BIOGPS_GNF1H_GCRMA_77_TISSUE_DDOF1,-1.3071910274498197,-0.36859780815565074,-0.9385932192941691,SEROTONERGIC_PSYCHOACTIVE_CONTEXT,Serotonergic psychoactive context,ADRA2B,Cerebellum
ADRA2B|EXACT_SINGLE_PROTEIN|HSAMP_a32ce488a48b0df9b8c4c40a|HUMAN_BIOGPS_GNF1H_GCRMA_77_TISSUE_DDOF1,-0.6793234109591311,0.0010806587921162701,-0.6804040697512473,SEROTONERGIC_PSYCHOACTIVE_CONTEXT,Serotonergic psychoactive context,ADRA2B,Caudatenucleus
ADRA2B|EXACT_SINGLE_PROTEIN|HSAMP_d99ba5ea584363f8600ade55|HUMAN_BIOGPS_GNF1H_GCRMA_77_TISSUE_DDOF1,0.6885996288359957,0.5477997400297383,0.14079988880625738,SEROTONERGIC_PSYCHOACTIVE_CONTEXT,Serotonergic psychoactive context,ADRA2B,CingulateCortex
ADRA2B|EXACT_SINGLE_PROTEIN|HSAMP_e75262fc0acfda69d976a6d3|HUMAN_BIOGPS_GNF1H_GCRMA_77_TISSUE_DDOF1,0.8015037237186955,0.5994723902569596,0.20203133346173585,SEROTONERGIC_PSYCHOACTIVE_CONTEXT,Serotonergic psychoactive context,ADRA2B,ParietalLobe
ADRA2B|EXACT_SINGLE_PROTEIN|HSAMP_eb2587e74e2d6457032d4ae7|HUMAN_BIOGPS_GNF1H_GCRMA_77_TISSUE_DDOF1,-0.5960540842206639,0.03815352591003617,-0.6342076101307,SEROTONERGIC_PSYCHOACTIVE_CONTEXT,Serotonergic psychoactive context,ADRA2B,TemporalLobe
ADRA2B|EXACT_SINGLE_PROTEIN|HSAMP_f43595f3557cf05e6a721aeb|HUMAN_BIOGPS_GNF1H_GCRMA_77_TISSUE_DDOF1,0.5957988184928056,0.5245321085266983,0.07126670996610729,SEROTONERGIC_PSYCHOACTIVE_CONTEXT,Serotonergic psychoactive context,ADRA2B,Thalamus
ADRA2B|EXACT_SINGLE_PROTEIN|HSAMP_ff841df7ecd9f2c8ea2660f5|HUMAN_BIOGPS_GNF1H_GCRMA_77_TISSUE_DDOF1,-1.4188882087327248,-0.40526800825686854,-1.0136202004758563,SEROTONERGIC_PSYCHOACTIVE_CONTEXT,Serotonergic psychoactive context,ADRA2B,OlfactoryBulb
ADRA2C|EXACT_SINGLE_PROTEIN|HSAMP_06645e2e8409a5b743985cdd|HUMAN_BIOGPS_GNF1H_GCRMA_77_TISSUE_DDOF1,-1.0157075272297438,-0.6137029909528832,-0.4020045362768606,SEROTONERGIC_PSYCHOACTIVE_CONTEXT,Serotonergic psychoactive context,ADRA2C,Wholebrain
ADRA2C|EXACT_SINGLE_PROTEIN|HSAMP_0cb8b4d1db8c390eeeecca55|HUMAN_BIOGPS_GNF1H_GCRMA_77_TISSUE_DDOF1,1.1871452865866186,0.9970764964995,0.19006879008711852,SEROTONERGIC_PSYCHOACTIVE_CONTEXT,Serotonergic psychoactive context,ADRA2C,Pons
ADRA2C|EXACT_SINGLE_PROTEIN|HSAMP_13a552b6ffc4aac3b85a50ca|HUMAN_BIOGPS_GNF1H_GCRMA_77_TISSUE_DDOF1,0.422807042795757,0.43588638608631947,-0.013079343290562484,SEROTONERGIC_PSYCHOACTIVE_CONTEXT,Serotonergic psychoactive context,ADRA2C,Amygdala
ADRA2C|EXACT_SINGLE_PROTEIN|HSAMP_192dff4b8df5862a227b1163|HUMAN_BIOGPS_GNF1H_GCRMA_77_TISSUE_DDOF1,-0.5848132215317517,-0.2768557077282359,-0.3079575138035158,SEROTONERGIC_PSYCHOACTIVE_CONTEXT,Serotonergic psychoactive context,ADRA2C,SubthalamicNucleus
ADRA2C|EXACT_SINGLE_PROTEIN|HSAMP_20b60708f05d03c76f9fe702|HUMAN_BIOGPS_GNF1H_GCRMA_77_TISSUE_DDOF1,1.2527025925413384,1.0442468318574354,0.20845576068390304,SEROTONERGIC_PSYCHOACTIVE_CONTEXT,Serotonergic psychoactive context,ADRA2C,CerebellumPeduncles
ADRA2C|EXACT_SINGLE_PROTEIN|HSAMP_374f872ebf1bbba2be514f9f|HUMAN_BIOGPS_GNF1H_GCRMA_77_TISSUE_DDOF1,0.8881172637591862,0.773304277115674,0.11481298664351225,SEROTONERGIC_PSYCHOACTIVE_CONTEXT,Serotonergic psychoactive context,ADRA2C,GlobusPallidus
ADRA2C|EXACT_SINGLE_PROTEIN|HSAMP_5c090f15f3e5194312a7e8ed|HUMAN_BIOGPS_GNF1H_GCRMA_77_TISSUE_DDOF1,-0.5483840564311945,-0.2549610972614631,-0.2934229591697314,SEROTONERGIC_PSYCHOACTIVE_CONTEXT,Serotonergic psychoactive context,ADRA2C,MedullaOblongata
ADRA2C|EXACT_SINGLE_PROTEIN|HSAMP_752ebc880edc13bb4e2b2de8|HUMAN_BIOGPS_GNF1H_GCRMA_77_TISSUE_DDOF1,0.8685906746985917,0.7589127717807262,0.1096779029178655,SEROTONERGIC_PSYCHOACTIVE_CONTEXT,Serotonergic psychoactive context,ADRA2C,PrefrontalCortex
ADRA2C|EXACT_SINGLE_PROTEIN|HSAMP_7725bb8a75064c4d7246d9ba|HUMAN_BIOGPS_GNF1H_GCRMA_77_TISSUE_DDOF1,-0.4668564817714058,-0.20128191633092732,-0.2655745654404785,SEROTONERGIC_PSYCHOACTIVE_CONTEXT,Serotonergic psychoactive context,ADRA2C,OccipitalLobe
ADRA2C|EXACT_SINGLE_PROTEIN|HSAMP_8ed020260a1d25cf72324c8a|HUMAN_BIOGPS_GNF1H_GCRMA_77_TISSUE_DDOF1,-0.29018208286083713,-0.09230960714263031,-0.19787247571820682,SEROTONERGIC_PSYCHOACTIVE_CONTEXT,Serotonergic psychoactive context,ADRA2C,Hypothalamus
ADRA2C|EXACT_SINGLE_PROTEIN|HSAMP_936b77a4b11b5c19027de438|HUMAN_BIOGPS_GNF1H_GCRMA_77_TISSUE_DDOF1,0.07252381466825766,0.14598516929793243,-0.07346135462967476,SEROTONERGIC_PSYCHOACTIVE_CONTEXT,Serotonergic psychoactive context,ADRA2C,Spinalcord
ADRA2C|EXACT_SINGLE_PROTEIN|HSAMP_9aa72e4fb1ff63e1792b1ec7|HUMAN_BIOGPS_GNF1H_GCRMA_77_TISSUE_DDOF1,-0.974213409077616,-0.5613168324377644,-0.4128965766398516,SEROTONERGIC_PSYCHOACTIVE_CONTEXT,Serotonergic psychoactive context,ADRA2C,Cerebellum
ADRA2C|EXACT_SINGLE_PROTEIN|HSAMP_a32ce488a48b0df9b8c4c40a|HUMAN_BIOGPS_GNF1H_GCRMA_77_TISSUE_DDOF1,1.2402225586858004,1.0298625806493307,0.21035997803646977,SEROTONERGIC_PSYCHOACTIVE_CONTEXT,Serotonergic psychoactive context,ADRA2C,Caudatenucleus
ADRA2C|EXACT_SINGLE_PROTEIN|HSAMP_d99ba5ea584363f8600ade55|HUMAN_BIOGPS_GNF1H_GCRMA_77_TISSUE_DDOF1,0.933270355461989,0.8098150659078349,0.12345528955415408,SEROTONERGIC_PSYCHOACTIVE_CONTEXT,Serotonergic psychoactive context,ADRA2C,CingulateCortex
ADRA2C|EXACT_SINGLE_PROTEIN|HSAMP_e75262fc0acfda69d976a6d3|HUMAN_BIOGPS_GNF1H_GCRMA_77_TISSUE_DDOF1,0.18156492528368454,0.2812395317262283,-0.09967460644254375,SEROTONERGIC_PSYCHOACTIVE_CONTEXT,Serotonergic psychoactive context,ADRA2C,ParietalLobe
ADRA2C|EXACT_SINGLE_PROTEIN|HSAMP_eb2587e74e2d6457032d4ae7|HUMAN_BIOGPS_GNF1H_GCRMA_77_TISSUE_DDOF1,-0.0750434307571286,0.032226705272324734,-0.10727013602945334,SEROTONERGIC_PSYCHOACTIVE_CONTEXT,Serotonergic psychoactive context,ADRA2C,TemporalLobe
ADRA2C|EXACT_SINGLE_PROTEIN|HSAMP_f43595f3557cf05e6a721aeb|HUMAN_BIOGPS_GNF1H_GCRMA_77_TISSUE_DDOF1,0.8099409524234332,0.7163616799609522,0.09357927246248099,SEROTONERGIC_PSYCHOACTIVE_CONTEXT,Serotonergic psychoactive context,ADRA2C,Thalamus
ADRA2C|EXACT_SINGLE_PROTEIN|HSAMP_ff841df7ecd9f2c8ea2660f5|HUMAN_BIOGPS_GNF1H_GCRMA_77_TISSUE_DDOF1,-1.051608640108919,-0.639927912060777,-0.41168072804814204,SEROTONERGIC_PSYCHOACTIVE_CONTEXT,Serotonergic psychoactive context,ADRA2C,OlfactoryBulb
ADRB1|EXACT_SINGLE_PROTEIN|HSAMP_06645e2e8409a5b743985cdd|HUMAN_BIOGPS_GNF1H_GCRMA_77_TISSUE_DDOF1,-0.7141563155466898,-0.3522974264701934,-0.3618588890764964,SEROTONERGIC_PSYCHOACTIVE_CONTEXT,Serotonergic psychoactive context,ADRB1,Wholebrain
ADRB1|EXACT_SINGLE_PROTEIN|HSAMP_0cb8b4d1db8c390eeeecca55|HUMAN_BIOGPS_GNF1H_GCRMA_77_TISSUE_DDOF1,0.2837272094134519,0.35237640188278213,-0.06864919246933021,SEROTONERGIC_PSYCHOACTIVE_CONTEXT,Serotonergic psychoactive context,ADRB1,Pons
ADRB1|EXACT_SINGLE_PROTEIN|HSAMP_13a552b6ffc4aac3b85a50ca|HUMAN_BIOGPS_GNF1H_GCRMA_77_TISSUE_DDOF1,-0.08144219107044,0.07201277819162141,-0.15345496926206142,SEROTONERGIC_PSYCHOACTIVE_CONTEXT,Serotonergic psychoactive context,ADRB1,Amygdala
ADRB1|EXACT_SINGLE_PROTEIN|HSAMP_192dff4b8df5862a227b1163|HUMAN_BIOGPS_GNF1H_GCRMA_77_TISSUE_DDOF1,0.5839908564331898,0.5559906611524987,0.028000195280691087,SEROTONERGIC_PSYCHOACTIVE_CONTEXT,Serotonergic psychoactive context,ADRB1,SubthalamicNucleus
ADRB1|EXACT_SINGLE_PROTEIN|HSAMP_20b60708f05d03c76f9fe702|HUMAN_BIOGPS_GNF1H_GCRMA_77_TISSUE_DDOF1,0.7393416021604018,0.647906012885727,0.09143558927467477,SEROTONERGIC_PSYCHOACTIVE_CONTEXT,Serotonergic psychoactive context,ADRB1,CerebellumPeduncles
ADRB1|EXACT_SINGLE_PROTEIN|HSAMP_374f872ebf1bbba2be514f9f|HUMAN_BIOGPS_GNF1H_GCRMA_77_TISSUE_DDOF1,-0.4668564817714058,-0.16594257698522055,-0.3009139047861853,SEROTONERGIC_PSYCHOACTIVE_CONTEXT,Serotonergic psychoactive context,ADRB1,GlobusPallidus
ADRB1|EXACT_SINGLE_PROTEIN|HSAMP_5c090f15f3e5194312a7e8ed|HUMAN_BIOGPS_GNF1H_GCRMA_77_TISSUE_DDOF1,-0.4821694168786324,-0.17937912760517885,-0.30279028927345353,SEROTONERGIC_PSYCHOACTIVE_CONTEXT,Serotonergic psychoactive context,ADRB1,MedullaOblongata
ADRB1|EXACT_SINGLE_PROTEIN|HSAMP_752ebc880edc13bb4e2b2de8|HUMAN_BIOGPS_GNF1H_GCRMA_77_TISSUE_DDOF1,0.569170473143565,0.5444246698254545,0.024745803318110493,SEROTONERGIC_PSYCHOACTIVE_CONTEXT,Serotonergic psychoactive context,ADRB1,PrefrontalCortex
ADRB1|EXACT_SINGLE_PROTEIN|HSAMP_7725bb8a75064c4d7246d9ba|HUMAN_BIOGPS_GNF1H_GCRMA_77_TISSUE_DDOF1,-0.5461687686101482,-0.22138245868782436,-0.3247863099223238,SEROTONERGIC_PSYCHOACTIVE_CONTEXT,Serotonergic psychoactive context,ADRB1,OccipitalLobe
ADRB1|EXACT_SINGLE_PROTEIN|HSAMP_8ed020260a1d25cf72324c8a|HUMAN_BIOGPS_GNF1H_GCRMA_77_TISSUE_DDOF1,0.08728974070777511,0.2339245918148521,-0.14663485110707697,SEROTONERGIC_PSYCHOACTIVE_CONTEXT,Serotonergic psychoactive context,ADRB1,Hypothalamus
ADRB1|EXACT_SINGLE_PROTEIN|HSAMP_936b77a4b11b5c19027de438|HUMAN_BIOGPS_GNF1H_GCRMA_77_TISSUE_DDOF1,0.08728974070777511,0.2339245918148521,-0.14663485110707697,SEROTONERGIC_PSYCHOACTIVE_CONTEXT,Serotonergic psychoactive context,ADRB1,Spinalcord
ADRB1|EXACT_SINGLE_PROTEIN|HSAMP_9aa72e4fb1ff63e1792b1ec7|HUMAN_BIOGPS_GNF1H_GCRMA_77_TISSUE_DDOF1,-0.6925507239086541,-0.34370334172924705,-0.3488473821794071,SEROTONERGIC_PSYCHOACTIVE_CONTEXT,Serotonergic psychoactive context,ADRB1,Cerebellum
ADRB1|EXACT_SINGLE_PROTEIN|HSAMP_a32ce488a48b0df9b8c4c40a|HUMAN_BIOGPS_GNF1H_GCRMA_77_TISSUE_DDOF1,-0.5461687686101482,-0.22138245868782436,-0.3247863099223238,SEROTONERGIC_PSYCHOACTIVE_CONTEXT,Serotonergic psychoactive context,ADRB1,Caudatenucleus
ADRB1|EXACT_SINGLE_PROTEIN|HSAMP_d99ba5ea584363f8600ade55|HUMAN_BIOGPS_GNF1H_GCRMA_77_TISSUE_DDOF1,0.652683436201902,0.5984235342194046,0.054259901982497305,SEROTONERGIC_PSYCHOACTIVE_CONTEXT,Serotonergic psychoactive context,ADRB1,CingulateCortex
ADRB1|EXACT_SINGLE_PROTEIN|HSAMP_e75262fc0acfda69d976a6d3|HUMAN_BIOGPS_GNF1H_GCRMA_77_TISSUE_DDOF1,0.8690862670857428,0.7418633581594702,0.12722290892627253,SEROTONERGIC_PSYCHOACTIVE_CONTEXT,Serotonergic psychoactive context,ADRB1,ParietalLobe
ADRB1|EXACT_SINGLE_PROTEIN|HSAMP_eb2587e74e2d6457032d4ae7|HUMAN_BIOGPS_GNF1H_GCRMA_77_TISSUE_DDOF1,-0.3574888479226209,-0.11082031482211727,-0.24666853310050366,SEROTONERGIC_PSYCHOACTIVE_CONTEXT,Serotonergic psychoactive context,ADRB1,TemporalLobe
ADRB1|EXACT_SINGLE_PROTEIN|HSAMP_f43595f3557cf05e6a721aeb|HUMAN_BIOGPS_GNF1H_GCRMA_77_TISSUE_DDOF1,0.036968827855691416,0.1890959886895592,-0.1521271608338678,SEROTONERGIC_PSYCHOACTIVE_CONTEXT,Serotonergic psychoactive context,ADRB1,Thalamus
ADRB1|EXACT_SINGLE_PROTEIN|HSAMP_ff841df7ecd9f2c8ea2660f5|HUMAN_BIOGPS_GNF1H_GCRMA_77_TISSUE_DDOF1,-0.8232697206603634,-0.4246916773521807,-0.3985780433081827,SEROTONERGIC_PSYCHOACTIVE_CONTEXT,Serotonergic psychoactive context,ADRB1,OlfactoryBulb
ADRB2|EXACT_SINGLE_PROTEIN|HSAMP_06645e2e8409a5b743985cdd|HUMAN_BIOGPS_GNF1H_GCRMA_77_TISSUE_DDOF1,-0.24281573163512865,0.17651571332554267,-0.4193314449606713,SEROTONERGIC_PSYCHOACTIVE_CONTEXT,Serotonergic psychoactive context,ADRB2,Wholebrain
ADRB2|EXACT_SINGLE_PROTEIN|HSAMP_0cb8b4d1db8c390eeeecca55|HUMAN_BIOGPS_GNF1H_GCRMA_77_TISSUE_DDOF1,-0.2060532562546954,0.18618625768221495,-0.39223951393691037,SEROTONERGIC_PSYCHOACTIVE_CONTEXT,Serotonergic psychoactive context,ADRB2,Pons
ADRB2|EXACT_SINGLE_PROTEIN|HSAMP_13a552b6ffc4aac3b85a50ca|HUMAN_BIOGPS_GNF1H_GCRMA_77_TISSUE_DDOF1,-0.17884169477383446,0.19493974074846546,-0.3737814355222999,SEROTONERGIC_PSYCHOACTIVE_CONTEXT,Serotonergic psychoactive context,ADRB2,Amygdala
ADRB2|EXACT_SINGLE_PROTEIN|HSAMP_192dff4b8df5862a227b1163|HUMAN_BIOGPS_GNF1H_GCRMA_77_TISSUE_DDOF1,-0.23101982438360044,0.18162260332581567,-0.4126424277094161,SEROTONERGIC_PSYCHOACTIVE_CONTEXT,Serotonergic psychoactive context,ADRB2,SubthalamicNucleus
ADRB2|EXACT_SINGLE_PROTEIN|HSAMP_20b60708f05d03c76f9fe702|HUMAN_BIOGPS_GNF1H_GCRMA_77_TISSUE_DDOF1,-0.1562118715068632,0.2053349984868106,-0.3615468699936738,SEROTONERGIC_PSYCHOACTIVE_CONTEXT,Serotonergic psychoactive context,ADRB2,CerebellumPeduncles
ADRB2|EXACT_SINGLE_PROTEIN|HSAMP_374f872ebf1bbba2be514f9f|HUMAN_BIOGPS_GNF1H_GCRMA_77_TISSUE_DDOF1,-0.2675662805664238,0.17409730854990038,-0.4416635891163242,SEROTONERGIC_PSYCHOACTIVE_CONTEXT,Serotonergic psychoactive context,ADRB2,GlobusPallidus
ADRB2|EXACT_SINGLE_PROTEIN|HSAMP_5c090f15f3e5194312a7e8ed|HUMAN_BIOGPS_GNF1H_GCRMA_77_TISSUE_DDOF1,-0.21665643288106112,0.18495472534875598,-0.4016111582298171,SEROTONERGIC_PSYCHOACTIVE_CONTEXT,Serotonergic psychoactive context,ADRB2,MedullaOblongata
ADRB2|EXACT_SINGLE_PROTEIN|HSAMP_752ebc880edc13bb4e2b2de8|HUMAN_BIOGPS_GNF1H_GCRMA_77_TISSUE_DDOF1,-0.11969944710468484,0.21562359894836736,-0.3353230460530522,SEROTONERGIC_PSYCHOACTIVE_CONTEXT,Serotonergic psychoactive context,ADRB2,PrefrontalCortex
ADRB2|EXACT_SINGLE_PROTEIN|HSAMP_7725bb8a75064c4d7246d9ba|HUMAN_BIOGPS_GNF1H_GCRMA_77_TISSUE_DDOF1,-0.23307813868906513,0.1814366263435038,-0.4145147650325689,SEROTONERGIC_PSYCHOACTIVE_CONTEXT,Serotonergic psychoactive context,ADRB2,OccipitalLobe
ADRB2|EXACT_SINGLE_PROTEIN|HSAMP_8ed020260a1d25cf72324c8a|HUMAN_BIOGPS_GNF1H_GCRMA_77_TISSUE_DDOF1,-0.17815121178694848,0.19568233929226847,-0.37383355107921695,SEROTONERGIC_PSYCHOACTIVE_CONTEXT,Serotonergic psychoactive context,ADRB2,Hypothalamus
ADRB2|EXACT_SINGLE_PROTEIN|HSAMP_936b77a4b11b5c19027de438|HUMAN_BIOGPS_GNF1H_GCRMA_77_TISSUE_DDOF1,-0.17327345734461072,0.20313421693990208,-0.3764076742845128,SEROTONERGIC_PSYCHOACTIVE_CONTEXT,Serotonergic psychoactive context,ADRB2,Spinalcord
ADRB2|EXACT_SINGLE_PROTEIN|HSAMP_9aa72e4fb1ff63e1792b1ec7|HUMAN_BIOGPS_GNF1H_GCRMA_77_TISSUE_DDOF1,-0.25920189374970876,0.1762602382002566,-0.43546213194996536,SEROTONERGIC_PSYCHOACTIVE_CONTEXT,Serotonergic psychoactive context,ADRB2,Cerebellum
ADRB2|EXACT_SINGLE_PROTEIN|HSAMP_a32ce488a48b0df9b8c4c40a|HUMAN_BIOGPS_GNF1H_GCRMA_77_TISSUE_DDOF1,-0.23307813868906513,0.1814366263435038,-0.4145147650325689,SEROTONERGIC_PSYCHOACTIVE_CONTEXT,Serotonergic psychoactive context,ADRB2,Caudatenucleus
ADRB2|EXACT_SINGLE_PROTEIN|HSAMP_d99ba5ea584363f8600ade55|HUMAN_BIOGPS_GNF1H_GCRMA_77_TISSUE_DDOF1,-0.19535588872305867,0.18724996236963473,-0.3826058510926934,SEROTONERGIC_PSYCHOACTIVE_CONTEXT,Serotonergic psychoactive context,ADRB2,CingulateCortex
ADRB2|EXACT_SINGLE_PROTEIN|HSAMP_e75262fc0acfda69d976a6d3|HUMAN_BIOGPS_GNF1H_GCRMA_77_TISSUE_DDOF1,-0.17327345734461072,0.20313421693990208,-0.3764076742845128,SEROTONERGIC_PSYCHOACTIVE_CONTEXT,Serotonergic psychoactive context,ADRB2,ParietalLobe
ADRB2|EXACT_SINGLE_PROTEIN|HSAMP_eb2587e74e2d6457032d4ae7|HUMAN_BIOGPS_GNF1H_GCRMA_77_TISSUE_DDOF1,-0.23101982438360044,0.18162260332581567,-0.4126424277094161,SEROTONERGIC_PSYCHOACTIVE_CONTEXT,Serotonergic psychoactive context,ADRB2,TemporalLobe
ADRB2|EXACT_SINGLE_PROTEIN|HSAMP_f43595f3557cf05e6a721aeb|HUMAN_BIOGPS_GNF1H_GCRMA_77_TISSUE_DDOF1,-0.19535588872305867,0.18724996236963473,-0.3826058510926934,SEROTONERGIC_PSYCHOACTIVE_CONTEXT,Serotonergic psychoactive context,ADRB2,Thalamus
ADRB2|EXACT_SINGLE_PROTEIN|HSAMP_ff841df7ecd9f2c8ea2660f5|HUMAN_BIOGPS_GNF1H_GCRMA_77_TISSUE_DDOF1,-0.2349661700369612,0.1784377184701409,-0.4134038885071021,SEROTONERGIC_PSYCHOACTIVE_CONTEXT,Serotonergic psychoactive context,ADRB2,OlfactoryBulb
CHRM2|EXACT_SINGLE_PROTEIN|HSAMP_06645e2e8409a5b743985cdd|HUMAN_BIOGPS_GNF1H_GCRMA_77_TISSUE_DDOF1,-0.7574001275804327,-0.015514450852996364,-0.7418856767274363,SEROTONERGIC_PSYCHOACTIVE_CONTEXT,Serotonergic psychoactive context,CHRM2,Wholebrain
CHRM2|EXACT_SINGLE_PROTEIN|HSAMP_0cb8b4d1db8c390eeeecca55|HUMAN_BIOGPS_GNF1H_GCRMA_77_TISSUE_DDOF1,-0.3653832947616556,0.09626824781545,-0.4616515425771056,SEROTONERGIC_PSYCHOACTIVE_CONTEXT,Serotonergic psychoactive context,CHRM2,Pons
CHRM2|EXACT_SINGLE_PROTEIN|HSAMP_13a552b6ffc4aac3b85a50ca|HUMAN_BIOGPS_GNF1H_GCRMA_77_TISSUE_DDOF1,0.5258989545917097,0.4980721433740173,0.02782681121769237,SEROTONERGIC_PSYCHOACTIVE_CONTEXT,Serotonergic psychoactive context,CHRM2,Amygdala
CHRM2|EXACT_SINGLE_PROTEIN|HSAMP_192dff4b8df5862a227b1163|HUMAN_BIOGPS_GNF1H_GCRMA_77_TISSUE_DDOF1,-0.5598986653287035,0.052517717767093845,-0.6124163830957973,SEROTONERGIC_PSYCHOACTIVE_CONTEXT,Serotonergic psychoactive context,CHRM2,SubthalamicNucleus
CHRM2|EXACT_SINGLE_PROTEIN|HSAMP_20b60708f05d03c76f9fe702|HUMAN_BIOGPS_GNF1H_GCRMA_77_TISSUE_DDOF1,0.7569183516842588,0.569649451061111,0.18726890062314783,SEROTONERGIC_PSYCHOACTIVE_CONTEXT,Serotonergic psychoactive context,CHRM2,CerebellumPeduncles
CHRM2|EXACT_SINGLE_PROTEIN|HSAMP_374f872ebf1bbba2be514f9f|HUMAN_BIOGPS_GNF1H_GCRMA_77_TISSUE_DDOF1,-0.7574001275804327,-0.015514450852996364,-0.7418856767274363,SEROTONERGIC_PSYCHOACTIVE_CONTEXT,Serotonergic psychoactive context,CHRM2,GlobusPallidus
CHRM2|EXACT_SINGLE_PROTEIN|HSAMP_5c090f15f3e5194312a7e8ed|HUMAN_BIOGPS_GNF1H_GCRMA_77_TISSUE_DDOF1,-0.47798387534273784,0.07357981760323676,-0.5515636929459746,SEROTONERGIC_PSYCHOACTIVE_CONTEXT,Serotonergic psychoactive context,CHRM2,MedullaOblongata
CHRM2|EXACT_SINGLE_PROTEIN|HSAMP_752ebc880edc13bb4e2b2de8|HUMAN_BIOGPS_GNF1H_GCRMA_77_TISSUE_DDOF1,1.0145542963360945,0.7273238049896379,0.2872304913464566,SEROTONERGIC_PSYCHOACTIVE_CONTEXT,Serotonergic psychoactive context,CHRM2,PrefrontalCortex
CHRM2|EXACT_SINGLE_PROTEIN|HSAMP_7725bb8a75064c4d7246d9ba|HUMAN_BIOGPS_GNF1H_GCRMA_77_TISSUE_DDOF1,-0.5598986653287035,0.052517717767093845,-0.6124163830957973,SEROTONERGIC_PSYCHOACTIVE_CONTEXT,Serotonergic psychoactive context,CHRM2,OccipitalLobe
CHRM2|EXACT_SINGLE_PROTEIN|HSAMP_8ed020260a1d25cf72324c8a|HUMAN_BIOGPS_GNF1H_GCRMA_77_TISSUE_DDOF1,0.6535991930171212,0.535327719393304,0.11827147362381718,SEROTONERGIC_PSYCHOACTIVE_CONTEXT,Serotonergic psychoactive context,CHRM2,Hypothalamus
CHRM2|EXACT_SINGLE_PROTEIN|HSAMP_936b77a4b11b5c19027de438|HUMAN_BIOGPS_GNF1H_GCRMA_77_TISSUE_DDOF1,0.5798966045664208,0.5222713877090712,0.05762521685734956,SEROTONERGIC_PSYCHOACTIVE_CONTEXT,Serotonergic psychoactive context,CHRM2,Spinalcord
CHRM2|EXACT_SINGLE_PROTEIN|HSAMP_9aa72e4fb1ff63e1792b1ec7|HUMAN_BIOGPS_GNF1H_GCRMA_77_TISSUE_DDOF1,-0.6306909781843474,0.02717438624142561,-0.657865364425773,SEROTONERGIC_PSYCHOACTIVE_CONTEXT,Serotonergic psychoactive context,CHRM2,Cerebellum
CHRM2|EXACT_SINGLE_PROTEIN|HSAMP_a32ce488a48b0df9b8c4c40a|HUMAN_BIOGPS_GNF1H_GCRMA_77_TISSUE_DDOF1,-0.6306909781843474,0.02717438624142561,-0.657865364425773,SEROTONERGIC_PSYCHOACTIVE_CONTEXT,Serotonergic psychoactive context,CHRM2,Caudatenucleus
CHRM2|EXACT_SINGLE_PROTEIN|HSAMP_d99ba5ea584363f8600ade55|HUMAN_BIOGPS_GNF1H_GCRMA_77_TISSUE_DDOF1,0.13577879871956952,0.2867415736929937,-0.15096277497342417,SEROTONERGIC_PSYCHOACTIVE_CONTEXT,Serotonergic psychoactive context,CHRM2,CingulateCortex
CHRM2|EXACT_SINGLE_PROTEIN|HSAMP_e75262fc0acfda69d976a6d3|HUMAN_BIOGPS_GNF1H_GCRMA_77_TISSUE_DDOF1,0.8281086162368785,0.616071560688126,0.21203705554875252,SEROTONERGIC_PSYCHOACTIVE_CONTEXT,Serotonergic psychoactive context,CHRM2,ParietalLobe
CHRM2|EXACT_SINGLE_PROTEIN|HSAMP_eb2587e74e2d6457032d4ae7|HUMAN_BIOGPS_GNF1H_GCRMA_77_TISSUE_DDOF1,-0.01142305945911525,0.16345241330149973,-0.174875472760615,SEROTONERGIC_PSYCHOACTIVE_CONTEXT,Serotonergic psychoactive context,CHRM2,TemporalLobe
CHRM2|EXACT_SINGLE_PROTEIN|HSAMP_f43595f3557cf05e6a721aeb|HUMAN_BIOGPS_GNF1H_GCRMA_77_TISSUE_DDOF1,0.13577879871956952,0.2867415736929937,-0.15096277497342417,SEROTONERGIC_PSYCHOACTIVE_CONTEXT,Serotonergic psychoactive context,CHRM2,Thalamus
CHRM2|EXACT_SINGLE_PROTEIN|HSAMP_ff841df7ecd9f2c8ea2660f5|HUMAN_BIOGPS_GNF1H_GCRMA_77_TISSUE_DDOF1,-0.9473566328514829,-0.11788655889248284,-0.829470073959,SEROTONERGIC_PSYCHOACTIVE_CONTEXT,Serotonergic psychoactive context,CHRM2,OlfactoryBulb
CHRM3|EXACT_SINGLE_PROTEIN|HSAMP_06645e2e8409a5b743985cdd|HUMAN_BIOGPS_GNF1H_GCRMA_77_TISSUE_DDOF1,1.12499387306454,1.366708366312381,-0.241714493247841,SEROTONERGIC_PSYCHOACTIVE_CONTEXT,Serotonergic psychoactive context,CHRM3,Wholebrain
CHRM3|EXACT_SINGLE_PROTEIN|HSAMP_0cb8b4d1db8c390eeeecca55|HUMAN_BIOGPS_GNF1H_GCRMA_77_TISSUE_DDOF1,0.009288874367541939,-0.14953589404706685,0.1588247684146088,SEROTONERGIC_PSYCHOACTIVE_CONTEXT,Serotonergic psychoactive context,CHRM3,Pons
CHRM3|EXACT_SINGLE_PROTEIN|HSAMP_13a552b6ffc4aac3b85a50ca|HUMAN_BIOGPS_GNF1H_GCRMA_77_TISSUE_DDOF1,1.2196470178369565,1.4893936074476424,-0.26974658961068587,SEROTONERGIC_PSYCHOACTIVE_CONTEXT,Serotonergic psychoactive context,CHRM3,Amygdala
CHRM3|EXACT_SINGLE_PROTEIN|HSAMP_192dff4b8df5862a227b1163|HUMAN_BIOGPS_GNF1H_GCRMA_77_TISSUE_DDOF1,0.4242907316639165,0.40262133288016155,0.021669398783754956,SEROTONERGIC_PSYCHOACTIVE_CONTEXT,Serotonergic psychoactive context,CHRM3,SubthalamicNucleus
CHRM3|EXACT_SINGLE_PROTEIN|HSAMP_20b60708f05d03c76f9fe702|HUMAN_BIOGPS_GNF1H_GCRMA_77_TISSUE_DDOF1,0.0754253984854567,-0.0008828935841099729,0.07630829206956667,SEROTONERGIC_PSYCHOACTIVE_CONTEXT,Serotonergic psychoactive context,CHRM3,CerebellumPeduncles
CHRM3|EXACT_SINGLE_PROTEIN|HSAMP_374f872ebf1bbba2be514f9f|HUMAN_BIOGPS_GNF1H_GCRMA_77_TISSUE_DDOF1,-0.10402842305478566,-0.3437757867394431,0.23974736368465743,SEROTONERGIC_PSYCHOACTIVE_CONTEXT,Serotonergic psychoactive context,CHRM3,GlobusPallidus
CHRM3|EXACT_SINGLE_PROTEIN|HSAMP_5c090f15f3e5194312a7e8ed|HUMAN_BIOGPS_GNF1H_GCRMA_77_TISSUE_DDOF1,0.3643441543381009,0.282772238719493,0.08157191561860794,SEROTONERGIC_PSYCHOACTIVE_CONTEXT,Serotonergic psychoactive context,CHRM3,MedullaOblongata
CHRM3|EXACT_SINGLE_PROTEIN|HSAMP_752ebc880edc13bb4e2b2de8|HUMAN_BIOGPS_GNF1H_GCRMA_77_TISSUE_DDOF1,2.6155934488421475,2.857334111091779,-0.24174066224963164,SEROTONERGIC_PSYCHOACTIVE_CONTEXT,Serotonergic psychoactive context,CHRM3,PrefrontalCortex
CHRM3|EXACT_SINGLE_PROTEIN|HSAMP_7725bb8a75064c4d7246d9ba|HUMAN_BIOGPS_GNF1H_GCRMA_77_TISSUE_DDOF1,0.7434044170757004,0.8094009127275699,-0.06599649565186949,SEROTONERGIC_PSYCHOACTIVE_CONTEXT,Serotonergic psychoactive context,CHRM3,OccipitalLobe
CHRM3|EXACT_SINGLE_PROTEIN|HSAMP_8ed020260a1d25cf72324c8a|HUMAN_BIOGPS_GNF1H_GCRMA_77_TISSUE_DDOF1,0.07228204391287499,-0.005909556606516245,0.07819160051939124,SEROTONERGIC_PSYCHOACTIVE_CONTEXT,Serotonergic psychoactive context,CHRM3,Hypothalamus
CHRM3|EXACT_SINGLE_PROTEIN|HSAMP_936b77a4b11b5c19027de438|HUMAN_BIOGPS_GNF1H_GCRMA_77_TISSUE_DDOF1,0.04454906146442492,-0.06284131271145327,0.10739037417587818,SEROTONERGIC_PSYCHOACTIVE_CONTEXT,Serotonergic psychoactive context,CHRM3,Spinalcord
CHRM3|EXACT_SINGLE_PROTEIN|HSAMP_9aa72e4fb1ff63e1792b1ec7|HUMAN_BIOGPS_GNF1H_GCRMA_77_TISSUE_DDOF1,-0.07721997063400048,-0.30063222148693297,0.22341225085293248,SEROTONERGIC_PSYCHOACTIVE_CONTEXT,Serotonergic psychoactive context,CHRM3,Cerebellum
CHRM3|EXACT_SINGLE_PROTEIN|HSAMP_a32ce488a48b0df9b8c4c40a|HUMAN_BIOGPS_GNF1H_GCRMA_77_TISSUE_DDOF1,-0.022691925819512807,-0.2255185033632718,0.202826577543759,SEROTONERGIC_PSYCHOACTIVE_CONTEXT,Serotonergic psychoactive context,CHRM3,Caudatenucleus
CHRM3|EXACT_SINGLE_PROTEIN|HSAMP_d99ba5ea584363f8600ade55|HUMAN_BIOGPS_GNF1H_GCRMA_77_TISSUE_DDOF1,0.05521957840724115,-0.04711055253495113,0.10233013094219229,SEROTONERGIC_PSYCHOACTIVE_CONTEXT,Serotonergic psychoactive context,CHRM3,CingulateCortex
CHRM3|EXACT_SINGLE_PROTEIN|HSAMP_e75262fc0acfda69d976a6d3|HUMAN_BIOGPS_GNF1H_GCRMA_77_TISSUE_DDOF1,0.0754253984854567,-0.0008828935841099729,0.07630829206956667,SEROTONERGIC_PSYCHOACTIVE_CONTEXT,Serotonergic psychoactive context,CHRM3,ParietalLobe
CHRM3|EXACT_SINGLE_PROTEIN|HSAMP_eb2587e74e2d6457032d4ae7|HUMAN_BIOGPS_GNF1H_GCRMA_77_TISSUE_DDOF1,0.0271444976889488,-0.10392924102822439,0.13107373871717318,SEROTONERGIC_PSYCHOACTIVE_CONTEXT,Serotonergic psychoactive context,CHRM3,TemporalLobe
CHRM3|EXACT_SINGLE_PROTEIN|HSAMP_f43595f3557cf05e6a721aeb|HUMAN_BIOGPS_GNF1H_GCRMA_77_TISSUE_DDOF1,0.0271444976889488,-0.10392924102822439,0.13107373871717318,SEROTONERGIC_PSYCHOACTIVE_CONTEXT,Serotonergic psychoactive context,CHRM3,Thalamus
CHRM3|EXACT_SINGLE_PROTEIN|HSAMP_ff841df7ecd9f2c8ea2660f5|HUMAN_BIOGPS_GNF1H_GCRMA_77_TISSUE_DDOF1,-0.08253096470530781,-0.3217146256832487,0.23918366097794092,SEROTONERGIC_PSYCHOACTIVE_CONTEXT,Serotonergic psychoactive context,CHRM3,OlfactoryBulb
DRD1|EXACT_SINGLE_PROTEIN|HSAMP_06645e2e8409a5b743985cdd|HUMAN_BIOGPS_GNF1H_GCRMA_77_TISSUE_DDOF1,-1.0199319740352728,-0.5052652828894152,-0.5146666911458576,SEROTONERGIC_PSYCHOACTIVE_CONTEXT,Serotonergic psychoactive context,DRD1,Wholebrain
DRD1|EXACT_SINGLE_PROTEIN|HSAMP_0cb8b4d1db8c390eeeecca55|HUMAN_BIOGPS_GNF1H_GCRMA_77_TISSUE_DDOF1,2.0965443229637026,1.6324373915964023,0.4641069313673003,SEROTONERGIC_PSYCHOACTIVE_CONTEXT,Serotonergic psychoactive context,DRD1,Pons
DRD1|EXACT_SINGLE_PROTEIN|HSAMP_13a552b6ffc4aac3b85a50ca|HUMAN_BIOGPS_GNF1H_GCRMA_77_TISSUE_DDOF1,0.1952313227185618,0.31048129354377496,-0.11524997082521315,SEROTONERGIC_PSYCHOACTIVE_CONTEXT,Serotonergic psychoactive context,DRD1,Amygdala
DRD1|EXACT_SINGLE_PROTEIN|HSAMP_192dff4b8df5862a227b1163|HUMAN_BIOGPS_GNF1H_GCRMA_77_TISSUE_DDOF1,-0.27756093309630286,0.016161937957205018,-0.29372287105350786,SEROTONERGIC_PSYCHOACTIVE_CONTEXT,Serotonergic psychoactive context,DRD1,SubthalamicNucleus
DRD1|EXACT_SINGLE_PROTEIN|HSAMP_20b60708f05d03c76f9fe702|HUMAN_BIOGPS_GNF1H_GCRMA_77_TISSUE_DDOF1,1.1289154780131896,0.886170750286865,0.2427447277263246,SEROTONERGIC_PSYCHOACTIVE_CONTEXT,Serotonergic psychoactive context,DRD1,CerebellumPeduncles
DRD1|EXACT_SINGLE_PROTEIN|HSAMP_374f872ebf1bbba2be514f9f|HUMAN_BIOGPS_GNF1H_GCRMA_77_TISSUE_DDOF1,-1.176829333645712,-0.6226716439898459,-0.5541576896558662,SEROTONERGIC_PSYCHOACTIVE_CONTEXT,Serotonergic psychoactive context,DRD1,GlobusPallidus
DRD1|EXACT_SINGLE_PROTEIN|HSAMP_5c090f15f3e5194312a7e8ed|HUMAN_BIOGPS_GNF1H_GCRMA_77_TISSUE_DDOF1,-0.7018660678791991,-0.24673627729725944,-0.4551297905819397,SEROTONERGIC_PSYCHOACTIVE_CONTEXT,Serotonergic psychoactive context,DRD1,MedullaOblongata
DRD1|EXACT_SINGLE_PROTEIN|HSAMP_752ebc880edc13bb4e2b2de8|HUMAN_BIOGPS_GNF1H_GCRMA_77_TISSUE_DDOF1,1.2601358504247482,0.9556242049662144,0.3045116454585338,SEROTONERGIC_PSYCHOACTIVE_CONTEXT,Serotonergic psychoactive context,DRD1,PrefrontalCortex
DRD1|EXACT_SINGLE_PROTEIN|HSAMP_7725bb8a75064c4d7246d9ba|HUMAN_BIOGPS_GNF1H_GCRMA_77_TISSUE_DDOF1,-0.27756093309630286,0.016161937957205018,-0.29372287105350786,SEROTONERGIC_PSYCHOACTIVE_CONTEXT,Serotonergic psychoactive context,DRD1,OccipitalLobe
DRD1|EXACT_SINGLE_PROTEIN|HSAMP_8ed020260a1d25cf72324c8a|HUMAN_BIOGPS_GNF1H_GCRMA_77_TISSUE_DDOF1,0.5080833356324513,0.4915347362233701,0.016548599409081266,SEROTONERGIC_PSYCHOACTIVE_CONTEXT,Serotonergic psychoactive context,DRD1,Hypothalamus
DRD1|EXACT_SINGLE_PROTEIN|HSAMP_936b77a4b11b5c19027de438|HUMAN_BIOGPS_GNF1H_GCRMA_77_TISSUE_DDOF1,0.5686601787062724,0.5330413458398688,0.03561883286640355,SEROTONERGIC_PSYCHOACTIVE_CONTEXT,Serotonergic psychoactive context,DRD1,Spinalcord
DRD1|EXACT_SINGLE_PROTEIN|HSAMP_9aa72e4fb1ff63e1792b1ec7|HUMAN_BIOGPS_GNF1H_GCRMA_77_TISSUE_DDOF1,-1.1475531269509405,-0.6011571280399997,-0.5463959989109408,SEROTONERGIC_PSYCHOACTIVE_CONTEXT,Serotonergic psychoactive context,DRD1,Cerebellum
DRD1|EXACT_SINGLE_PROTEIN|HSAMP_a32ce488a48b0df9b8c4c40a|HUMAN_BIOGPS_GNF1H_GCRMA_77_TISSUE_DDOF1,2.1236563043673424,1.6651902954101412,0.45846600895720124,SEROTONERGIC_PSYCHOACTIVE_CONTEXT,Serotonergic psychoactive context,DRD1,Caudatenucleus
DRD1|EXACT_SINGLE_PROTEIN|HSAMP_d99ba5ea584363f8600ade55|HUMAN_BIOGPS_GNF1H_GCRMA_77_TISSUE_DDOF1,0.5392124659063131,0.5182142557592821,0.02099821014703096,SEROTONERGIC_PSYCHOACTIVE_CONTEXT,Serotonergic psychoactive context,DRD1,CingulateCortex
DRD1|EXACT_SINGLE_PROTEIN|HSAMP_e75262fc0acfda69d976a6d3|HUMAN_BIOGPS_GNF1H_GCRMA_77_TISSUE_DDOF1,0.7378729950855282,0.6191789249361354,0.11869407014939282,SEROTONERGIC_PSYCHOACTIVE_CONTEXT,Serotonergic psychoactive context,DRD1,ParietalLobe
DRD1|EXACT_SINGLE_PROTEIN|HSAMP_eb2587e74e2d6457032d4ae7|HUMAN_BIOGPS_GNF1H_GCRMA_77_TISSUE_DDOF1,-0.5598986653287035,-0.12810552496659575,-0.4317931403621077,SEROTONERGIC_PSYCHOACTIVE_CONTEXT,Serotonergic psychoactive context,DRD1,TemporalLobe
DRD1|EXACT_SINGLE_PROTEIN|HSAMP_f43595f3557cf05e6a721aeb|HUMAN_BIOGPS_GNF1H_GCRMA_77_TISSUE_DDOF1,0.3813597957078119,0.4275758318296022,-0.04621603612179026,SEROTONERGIC_PSYCHOACTIVE_CONTEXT,Serotonergic psychoactive context,DRD1,Thalamus
DRD1|EXACT_SINGLE_PROTEIN|HSAMP_ff841df7ecd9f2c8ea2660f5|HUMAN_BIOGPS_GNF1H_GCRMA_77_TISSUE_DDOF1,-1.2633855524827133,-0.6889993565343124,-0.5743861959484009,SEROTONERGIC_PSYCHOACTIVE_CONTEXT,Serotonergic psychoactive context,DRD1,OlfactoryBulb
DRD2|EXACT_SINGLE_PROTEIN|HSAMP_06645e2e8409a5b743985cdd|HUMAN_BIOGPS_GNF1H_GCRMA_77_TISSUE_DDOF1,-1.1821473736323194,-1.2918567188839067,0.10970934525158738,SEROTONERGIC_PSYCHOACTIVE_CONTEXT,Serotonergic psychoactive context,DRD2,Wholebrain
DRD2|EXACT_SINGLE_PROTEIN|HSAMP_0cb8b4d1db8c390eeeecca55|HUMAN_BIOGPS_GNF1H_GCRMA_77_TISSUE_DDOF1,1.0777228410380117,1.127805121966873,-0.050082280928861245,SEROTONERGIC_PSYCHOACTIVE_CONTEXT,Serotonergic psychoactive context,DRD2,Pons
DRD2|EXACT_SINGLE_PROTEIN|HSAMP_13a552b6ffc4aac3b85a50ca|HUMAN_BIOGPS_GNF1H_GCRMA_77_TISSUE_DDOF1,0.5519602954603179,0.5599423175673605,-0.007982022107042575,SEROTONERGIC_PSYCHOACTIVE_CONTEXT,Serotonergic psychoactive context,DRD2,Amygdala
DRD2|EXACT_SINGLE_PROTEIN|HSAMP_192dff4b8df5862a227b1163|HUMAN_BIOGPS_GNF1H_GCRMA_77_TISSUE_DDOF1,0.8392269062637512,0.8682358320614607,-0.02900892579770953,SEROTONERGIC_PSYCHOACTIVE_CONTEXT,Serotonergic psychoactive context,DRD2,SubthalamicNucleus
DRD2|EXACT_SINGLE_PROTEIN|HSAMP_20b60708f05d03c76f9fe702|HUMAN_BIOGPS_GNF1H_GCRMA_77_TISSUE_DDOF1,0.9520135263546999,0.980694261508593,-0.028680735153893022,SEROTONERGIC_PSYCHOACTIVE_CONTEXT,Serotonergic psychoactive context,DRD2,CerebellumPeduncles
DRD2|EXACT_SINGLE_PROTEIN|HSAMP_374f872ebf1bbba2be514f9f|HUMAN_BIOGPS_GNF1H_GCRMA_77_TISSUE_DDOF1,-1.993788511289635,-2.194359523415014,0.20057101212537898,SEROTONERGIC_PSYCHOACTIVE_CONTEXT,Serotonergic psychoactive context,DRD2,GlobusPallidus
DRD2|EXACT_SINGLE_PROTEIN|HSAMP_5c090f15f3e5194312a7e8ed|HUMAN_BIOGPS_GNF1H_GCRMA_77_TISSUE_DDOF1,1.0166286964608697,1.0570808395819888,-0.04045214312111911,SEROTONERGIC_PSYCHOACTIVE_CONTEXT,Serotonergic psychoactive context,DRD2,MedullaOblongata
DRD2|EXACT_SINGLE_PROTEIN|HSAMP_752ebc880edc13bb4e2b2de8|HUMAN_BIOGPS_GNF1H_GCRMA_77_TISSUE_DDOF1,1.3168919284993814,1.4100406749995276,-0.09314874650014615,SEROTONERGIC_PSYCHOACTIVE_CONTEXT,Serotonergic psychoactive context,DRD2,PrefrontalCortex
DRD2|EXACT_SINGLE_PROTEIN|HSAMP_7725bb8a75064c4d7246d9ba|HUMAN_BIOGPS_GNF1H_GCRMA_77_TISSUE_DDOF1,-0.8939575297331432,-0.9751560035183042,0.08119847378516099,SEROTONERGIC_PSYCHOACTIVE_CONTEXT,Serotonergic psychoactive context,DRD2,OccipitalLobe
DRD2|EXACT_SINGLE_PROTEIN|HSAMP_8ed020260a1d25cf72324c8a|HUMAN_BIOGPS_GNF1H_GCRMA_77_TISSUE_DDOF1,0.8392269062637512,0.8682358320614607,-0.02900892579770953,SEROTONERGIC_PSYCHOACTIVE_CONTEXT,Serotonergic psychoactive context,DRD2,Hypothalamus
DRD2|EXACT_SINGLE_PROTEIN|HSAMP_936b77a4b11b5c19027de438|HUMAN_BIOGPS_GNF1H_GCRMA_77_TISSUE_DDOF1,0.7322673193930682,0.7536647474437754,-0.021397428050707212,SEROTONERGIC_PSYCHOACTIVE_CONTEXT,Serotonergic psychoactive context,DRD2,Spinalcord
DRD2|EXACT_SINGLE_PROTEIN|HSAMP_9aa72e4fb1ff63e1792b1ec7|HUMAN_BIOGPS_GNF1H_GCRMA_77_TISSUE_DDOF1,-1.4446799087147795,-1.612546485508069,0.16786657679328942,SEROTONERGIC_PSYCHOACTIVE_CONTEXT,Serotonergic psychoactive context,DRD2,Cerebellum
DRD2|EXACT_SINGLE_PROTEIN|HSAMP_a32ce488a48b0df9b8c4c40a|HUMAN_BIOGPS_GNF1H_GCRMA_77_TISSUE_DDOF1,1.4868728122600303,1.564279370791705,-0.07740655853167477,SEROTONERGIC_PSYCHOACTIVE_CONTEXT,Serotonergic psychoactive context,DRD2,Caudatenucleus
DRD2|EXACT_SINGLE_PROTEIN|HSAMP_d99ba5ea584363f8600ade55|HUMAN_BIOGPS_GNF1H_GCRMA_77_TISSUE_DDOF1,0.899493305183655,0.9313650947277196,-0.031871789544064555,SEROTONERGIC_PSYCHOACTIVE_CONTEXT,Serotonergic psychoactive context,DRD2,CingulateCortex
DRD2|EXACT_SINGLE_PROTEIN|HSAMP_e75262fc0acfda69d976a6d3|HUMAN_BIOGPS_GNF1H_GCRMA_77_TISSUE_DDOF1,0.6289768611493518,0.6464022228980294,-0.017425361748677592,SEROTONERGIC_PSYCHOACTIVE_CONTEXT,Serotonergic psychoactive context,DRD2,ParietalLobe
DRD2|EXACT_SINGLE_PROTEIN|HSAMP_eb2587e74e2d6457032d4ae7|HUMAN_BIOGPS_GNF1H_GCRMA_77_TISSUE_DDOF1,-0.7735111971300326,-0.8593873949604911,0.08587619783045852,SEROTONERGIC_PSYCHOACTIVE_CONTEXT,Serotonergic psychoactive context,DRD2,TemporalLobe
DRD2|EXACT_SINGLE_PROTEIN|HSAMP_f43595f3557cf05e6a721aeb|HUMAN_BIOGPS_GNF1H_GCRMA_77_TISSUE_DDOF1,0.6658465233539429,0.6863151046597409,-0.020468581305797984,SEROTONERGIC_PSYCHOACTIVE_CONTEXT,Serotonergic psychoactive context,DRD2,Thalamus
DRD2|EXACT_SINGLE_PROTEIN|HSAMP_ff841df7ecd9f2c8ea2660f5|HUMAN_BIOGPS_GNF1H_GCRMA_77_TISSUE_DDOF1,-1.5655491787396816,-1.750871960499169,0.18532278175948735,SEROTONERGIC_PSYCHOACTIVE_CONTEXT,Serotonergic psychoactive context,DRD2,OlfactoryBulb
DRD3|EXACT_SINGLE_PROTEIN|HSAMP_06645e2e8409a5b743985cdd|HUMAN_BIOGPS_GNF1H_GCRMA_77_TISSUE_DDOF1,-1.2842121542417289,-1.4168427653277167,0.13263061108598784,SEROTONERGIC_PSYCHOACTIVE_CONTEXT,Serotonergic psychoactive context,DRD3,Wholebrain
DRD3|EXACT_SINGLE_PROTEIN|HSAMP_0cb8b4d1db8c390eeeecca55|HUMAN_BIOGPS_GNF1H_GCRMA_77_TISSUE_DDOF1,0.0023834309956057204,-0.016291564078056334,0.018674995073662055,SEROTONERGIC_PSYCHOACTIVE_CONTEXT,Serotonergic psychoactive context,DRD3,Pons
DRD3|EXACT_SINGLE_PROTEIN|HSAMP_13a552b6ffc4aac3b85a50ca|HUMAN_BIOGPS_GNF1H_GCRMA_77_TISSUE_DDOF1,0.030568438403599383,0.01519515108594071,0.015373287317658673,SEROTONERGIC_PSYCHOACTIVE_CONTEXT,Serotonergic psychoactive context,DRD3,Amygdala
DRD3|EXACT_SINGLE_PROTEIN|HSAMP_192dff4b8df5862a227b1163|HUMAN_BIOGPS_GNF1H_GCRMA_77_TISSUE_DDOF1,-0.08003462664942151,-0.11739789098258985,0.03736326433316833,SEROTONERGIC_PSYCHOACTIVE_CONTEXT,Serotonergic psychoactive context,DRD3,SubthalamicNucleus
DRD3|EXACT_SINGLE_PROTEIN|HSAMP_20b60708f05d03c76f9fe702|HUMAN_BIOGPS_GNF1H_GCRMA_77_TISSUE_DDOF1,1.2866473345289737,1.361230498911385,-0.0745831643824113,SEROTONERGIC_PSYCHOACTIVE_CONTEXT,Serotonergic psychoactive context,DRD3,CerebellumPeduncles
DRD3|EXACT_SINGLE_PROTEIN|HSAMP_374f872ebf1bbba2be514f9f|HUMAN_BIOGPS_GNF1H_GCRMA_77_TISSUE_DDOF1,-1.0748620696191764,-1.1533728634357,0.07851079381652348,SEROTONERGIC_PSYCHOACTIVE_CONTEXT,Serotonergic psychoactive context,DRD3,GlobusPallidus
DRD3|EXACT_SINGLE_PROTEIN|HSAMP_5c090f15f3e5194312a7e8ed|HUMAN_BIOGPS_GNF1H_GCRMA_77_TISSUE_DDOF1,-0.839299390925231,-0.9054223817271707,0.06612299080193973,SEROTONERGIC_PSYCHOACTIVE_CONTEXT,Serotonergic psychoactive context,DRD3,MedullaOblongata
DRD3|EXACT_SINGLE_PROTEIN|HSAMP_752ebc880edc13bb4e2b2de8|HUMAN_BIOGPS_GNF1H_GCRMA_77_TISSUE_DDOF1,1.0490540983509957,1.0947880095163982,-0.045733911165402485,SEROTONERGIC_PSYCHOACTIVE_CONTEXT,Serotonergic psychoactive context,DRD3,PrefrontalCortex
DRD3|EXACT_SINGLE_PROTEIN|HSAMP_7725bb8a75064c4d7246d9ba|HUMAN_BIOGPS_GNF1H_GCRMA_77_TISSUE_DDOF1,-0.7362370849074823,-0.7941712090082835,0.05793412410080123,SEROTONERGIC_PSYCHOACTIVE_CONTEXT,Serotonergic psychoactive context,DRD3,OccipitalLobe
DRD3|EXACT_SINGLE_PROTEIN|HSAMP_8ed020260a1d25cf72324c8a|HUMAN_BIOGPS_GNF1H_GCRMA_77_TISSUE_DDOF1,0.6563538384335851,0.6699267853566323,-0.013572946923047224,SEROTONERGIC_PSYCHOACTIVE_CONTEXT,Serotonergic psychoactive context,DRD3,Hypothalamus
DRD3|EXACT_SINGLE_PROTEIN|HSAMP_936b77a4b11b5c19027de438|HUMAN_BIOGPS_GNF1H_GCRMA_77_TISSUE_DDOF1,0.7451626111009189,0.759207285504207,-0.01404467440328816,SEROTONERGIC_PSYCHOACTIVE_CONTEXT,Serotonergic psychoactive context,DRD3,Spinalcord
DRD3|EXACT_SINGLE_PROTEIN|HSAMP_9aa72e4fb1ff63e1792b1ec7|HUMAN_BIOGPS_GNF1H_GCRMA_77_TISSUE_DDOF1,-1.2351547291729417,-1.341187289111956,0.10603255993901439,SEROTONERGIC_PSYCHOACTIVE_CONTEXT,Serotonergic psychoactive context,DRD3,Cerebellum
DRD3|EXACT_SINGLE_PROTEIN|HSAMP_a32ce488a48b0df9b8c4c40a|HUMAN_BIOGPS_GNF1H_GCRMA_77_TISSUE_DDOF1,-0.7592120109312279,-0.8233544446221479,0.06414243369091999,SEROTONERGIC_PSYCHOACTIVE_CONTEXT,Serotonergic psychoactive context,DRD3,Caudatenucleus
DRD3|EXACT_SINGLE_PROTEIN|HSAMP_d99ba5ea584363f8600ade55|HUMAN_BIOGPS_GNF1H_GCRMA_77_TISSUE_DDOF1,0.48383712564449033,0.4852249618846121,-0.001387836240121787,SEROTONERGIC_PSYCHOACTIVE_CONTEXT,Serotonergic psychoactive context,DRD3,CingulateCortex
DRD3|EXACT_SINGLE_PROTEIN|HSAMP_e75262fc0acfda69d976a6d3|HUMAN_BIOGPS_GNF1H_GCRMA_77_TISSUE_DDOF1,0.8685906746985917,0.8872141292056959,-0.01862345450710412,SEROTONERGIC_PSYCHOACTIVE_CONTEXT,Serotonergic psychoactive context,DRD3,ParietalLobe
DRD3|EXACT_SINGLE_PROTEIN|HSAMP_eb2587e74e2d6457032d4ae7|HUMAN_BIOGPS_GNF1H_GCRMA_77_TISSUE_DDOF1,-0.5738641542024093,-0.6266996076958784,0.052835453493469076,SEROTONERGIC_PSYCHOACTIVE_CONTEXT,Serotonergic psychoactive context,DRD3,TemporalLobe
DRD3|EXACT_SINGLE_PROTEIN|HSAMP_f43595f3557cf05e6a721aeb|HUMAN_BIOGPS_GNF1H_GCRMA_77_TISSUE_DDOF1,0.5240810981462861,0.5258990971445825,-0.0018179989982963773,SEROTONERGIC_PSYCHOACTIVE_CONTEXT,Serotonergic psychoactive context,DRD3,Thalamus
DRD3|EXACT_SINGLE_PROTEIN|HSAMP_ff841df7ecd9f2c8ea2660f5|HUMAN_BIOGPS_GNF1H_GCRMA_77_TISSUE_DDOF1,-1.3752266954158143,-1.5228502122946823,0.147623516878868,SEROTONERGIC_PSYCHOACTIVE_CONTEXT,Serotonergic psychoactive context,DRD3,OlfactoryBulb
HRH1|EXACT_SINGLE_PROTEIN|HSAMP_06645e2e8409a5b743985cdd|HUMAN_BIOGPS_GNF1H_GCRMA_77_TISSUE_DDOF1,-1.1095455805079992,-1.2605906141156988,0.1510450336076996,SEROTONERGIC_PSYCHOACTIVE_CONTEXT,Serotonergic psychoactive context,HRH1,Wholebrain
HRH1|EXACT_SINGLE_PROTEIN|HSAMP_0cb8b4d1db8c390eeeecca55|HUMAN_BIOGPS_GNF1H_GCRMA_77_TISSUE_DDOF1,-0.4069665813435382,-0.510188933452603,0.10322235210906477,SEROTONERGIC_PSYCHOACTIVE_CONTEXT,Serotonergic psychoactive context,HRH1,Pons
HRH1|EXACT_SINGLE_PROTEIN|HSAMP_13a552b6ffc4aac3b85a50ca|HUMAN_BIOGPS_GNF1H_GCRMA_77_TISSUE_DDOF1,0.8066860352749088,0.8484845463037377,-0.04179851102882892,SEROTONERGIC_PSYCHOACTIVE_CONTEXT,Serotonergic psychoactive context,HRH1,Amygdala
HRH1|EXACT_SINGLE_PROTEIN|HSAMP_192dff4b8df5862a227b1163|HUMAN_BIOGPS_GNF1H_GCRMA_77_TISSUE_DDOF1,-0.5267059096251675,-0.6130298926873423,0.08632398306217481,SEROTONERGIC_PSYCHOACTIVE_CONTEXT,Serotonergic psychoactive context,HRH1,SubthalamicNucleus
HRH1|EXACT_SINGLE_PROTEIN|HSAMP_20b60708f05d03c76f9fe702|HUMAN_BIOGPS_GNF1H_GCRMA_77_TISSUE_DDOF1,0.825224067399588,0.86721692092272,-0.04199285352313198,SEROTONERGIC_PSYCHOACTIVE_CONTEXT,Serotonergic psychoactive context,HRH1,CerebellumPeduncles
HRH1|EXACT_SINGLE_PROTEIN|HSAMP_374f872ebf1bbba2be514f9f|HUMAN_BIOGPS_GNF1H_GCRMA_77_TISSUE_DDOF1,-1.149155340482987,-1.333271850467706,0.18411650998471885,SEROTONERGIC_PSYCHOACTIVE_CONTEXT,Serotonergic psychoactive context,HRH1,GlobusPallidus
HRH1|EXACT_SINGLE_PROTEIN|HSAMP_5c090f15f3e5194312a7e8ed|HUMAN_BIOGPS_GNF1H_GCRMA_77_TISSUE_DDOF1,0.7948154050603815,0.828278510115672,-0.03346310505529049,SEROTONERGIC_PSYCHOACTIVE_CONTEXT,Serotonergic psychoactive context,HRH1,MedullaOblongata
HRH1|EXACT_SINGLE_PROTEIN|HSAMP_752ebc880edc13bb4e2b2de8|HUMAN_BIOGPS_GNF1H_GCRMA_77_TISSUE_DDOF1,1.3680622891810272,1.474125634408701,-0.1060633452276738,SEROTONERGIC_PSYCHOACTIVE_CONTEXT,Serotonergic psychoactive context,HRH1,PrefrontalCortex
HRH1|EXACT_SINGLE_PROTEIN|HSAMP_7725bb8a75064c4d7246d9ba|HUMAN_BIOGPS_GNF1H_GCRMA_77_TISSUE_DDOF1,-0.8232697206603634,-0.9531963004770768,0.1299265798167134,SEROTONERGIC_PSYCHOACTIVE_CONTEXT,Serotonergic psychoactive context,HRH1,OccipitalLobe
HRH1|EXACT_SINGLE_PROTEIN|HSAMP_8ed020260a1d25cf72324c8a|HUMAN_BIOGPS_GNF1H_GCRMA_77_TISSUE_DDOF1,0.5591731547488072,0.5673001166802121,-0.00812696193140483,SEROTONERGIC_PSYCHOACTIVE_CONTEXT,Serotonergic psychoactive context,HRH1,Hypothalamus
HRH1|EXACT_SINGLE_PROTEIN|HSAMP_936b77a4b11b5c19027de438|HUMAN_BIOGPS_GNF1H_GCRMA_77_TISSUE_DDOF1,0.5328947606229455,0.5400822357474391,-0.007187475124493581,SEROTONERGIC_PSYCHOACTIVE_CONTEXT,Serotonergic psychoactive context,HRH1,Spinalcord
HRH1|EXACT_SINGLE_PROTEIN|HSAMP_9aa72e4fb1ff63e1792b1ec7|HUMAN_BIOGPS_GNF1H_GCRMA_77_TISSUE_DDOF1,-1.194185433796494,-1.394876644365767,0.20069121056927308,SEROTONERGIC_PSYCHOACTIVE_CONTEXT,Serotonergic psychoactive context,HRH1,Cerebellum
HRH1|EXACT_SINGLE_PROTEIN|HSAMP_a32ce488a48b0df9b8c4c40a|HUMAN_BIOGPS_GNF1H_GCRMA_77_TISSUE_DDOF1,-0.8823718421604713,-0.9978224273437473,0.115450585183276,SEROTONERGIC_PSYCHOACTIVE_CONTEXT,Serotonergic psychoactive context,HRH1,Caudatenucleus
HRH1|EXACT_SINGLE_PROTEIN|HSAMP_d99ba5ea584363f8600ade55|HUMAN_BIOGPS_GNF1H_GCRMA_77_TISSUE_DDOF1,0.6441544693789119,0.6642945403702235,-0.020140070991311654,SEROTONERGIC_PSYCHOACTIVE_CONTEXT,Serotonergic psychoactive context,HRH1,CingulateCortex
HRH1|EXACT_SINGLE_PROTEIN|HSAMP_e75262fc0acfda69d976a6d3|HUMAN_BIOGPS_GNF1H_GCRMA_77_TISSUE_DDOF1,0.6140082925950555,0.6371464232053005,-0.023138130610244945,SEROTONERGIC_PSYCHOACTIVE_CONTEXT,Serotonergic psychoactive context,HRH1,ParietalLobe
HRH1|EXACT_SINGLE_PROTEIN|HSAMP_eb2587e74e2d6457032d4ae7|HUMAN_BIOGPS_GNF1H_GCRMA_77_TISSUE_DDOF1,-0.6895196608949238,-0.8006886637474152,0.11116900285249143,SEROTONERGIC_PSYCHOACTIVE_CONTEXT,Serotonergic psychoactive context,HRH1,TemporalLobe
HRH1|EXACT_SINGLE_PROTEIN|HSAMP_f43595f3557cf05e6a721aeb|HUMAN_BIOGPS_GNF1H_GCRMA_77_TISSUE_DDOF1,0.01727729262442284,-0.01611418822784823,0.033391480852271074,SEROTONERGIC_PSYCHOACTIVE_CONTEXT,Serotonergic psychoactive context,HRH1,Thalamus
HRH1|EXACT_SINGLE_PROTEIN|HSAMP_ff841df7ecd9f2c8ea2660f5|HUMAN_BIOGPS_GNF1H_GCRMA_77_TISSUE_DDOF1,-1.3254271532431554,-1.5651386801436045,0.23971152690044906,SEROTONERGIC_PSYCHOACTIVE_CONTEXT,Serotonergic psychoactive context,HRH1,OlfactoryBulb
HRH2|EXACT_SINGLE_PROTEIN|HSAMP_06645e2e8409a5b743985cdd|HUMAN_BIOGPS_GNF1H_GCRMA_77_TISSUE_DDOF1,-0.69464193733049,0.0526498451571607,-0.7472917824876506,SEROTONERGIC_PSYCHOACTIVE_CONTEXT,Serotonergic psychoactive context,HRH2,Wholebrain
HRH2|EXACT_SINGLE_PROTEIN|HSAMP_0cb8b4d1db8c390eeeecca55|HUMAN_BIOGPS_GNF1H_GCRMA_77_TISSUE_DDOF1,-0.32988980043348387,0.12617667243721717,-0.456066472870701,SEROTONERGIC_PSYCHOACTIVE_CONTEXT,Serotonergic psychoactive context,HRH2,Pons
HRH2|EXACT_SINGLE_PROTEIN|HSAMP_13a552b6ffc4aac3b85a50ca|HUMAN_BIOGPS_GNF1H_GCRMA_77_TISSUE_DDOF1,0.6236957598103152,0.5241879872291411,0.09950777258117416,SEROTONERGIC_PSYCHOACTIVE_CONTEXT,Serotonergic psychoactive context,HRH2,Amygdala
HRH2|EXACT_SINGLE_PROTEIN|HSAMP_192dff4b8df5862a227b1163|HUMAN_BIOGPS_GNF1H_GCRMA_77_TISSUE_DDOF1,-0.6147502572061241,0.07384558187910338,-0.6885958390852275,SEROTONERGIC_PSYCHOACTIVE_CONTEXT,Serotonergic psychoactive context,HRH2,SubthalamicNucleus
HRH2|EXACT_SINGLE_PROTEIN|HSAMP_20b60708f05d03c76f9fe702|HUMAN_BIOGPS_GNF1H_GCRMA_77_TISSUE_DDOF1,0.7849239795659405,0.5661497909099653,0.2187741886559752,SEROTONERGIC_PSYCHOACTIVE_CONTEXT,Serotonergic psychoactive context,HRH2,CerebellumPeduncles
HRH2|EXACT_SINGLE_PROTEIN|HSAMP_374f872ebf1bbba2be514f9f|HUMAN_BIOGPS_GNF1H_GCRMA_77_TISSUE_DDOF1,-1.2460582398972329,-0.1785382133957255,-1.0675200265015072,SEROTONERGIC_PSYCHOACTIVE_CONTEXT,Serotonergic psychoactive context,HRH2,GlobusPallidus
HRH2|EXACT_SINGLE_PROTEIN|HSAMP_5c090f15f3e5194312a7e8ed|HUMAN_BIOGPS_GNF1H_GCRMA_77_TISSUE_DDOF1,-0.40796698400623327,0.11920976406610119,-0.5271767480723345,SEROTONERGIC_PSYCHOACTIVE_CONTEXT,Serotonergic psychoactive context,HRH2,MedullaOblongata
HRH2|EXACT_SINGLE_PROTEIN|HSAMP_752ebc880edc13bb4e2b2de8|HUMAN_BIOGPS_GNF1H_GCRMA_77_TISSUE_DDOF1,0.9724259447294552,0.6639353321921038,0.30849061253735144,SEROTONERGIC_PSYCHOACTIVE_CONTEXT,Serotonergic psychoactive context,HRH2,PrefrontalCortex
HRH2|EXACT_SINGLE_PROTEIN|HSAMP_7725bb8a75064c4d7246d9ba|HUMAN_BIOGPS_GNF1H_GCRMA_77_TISSUE_DDOF1,-0.5287594645081605,0.09695621681725337,-0.6257156813254139,SEROTONERGIC_PSYCHOACTIVE_CONTEXT,Serotonergic psychoactive context,HRH2,OccipitalLobe
HRH2|EXACT_SINGLE_PROTEIN|HSAMP_8ed020260a1d25cf72324c8a|HUMAN_BIOGPS_GNF1H_GCRMA_77_TISSUE_DDOF1,0.5730954222822335,0.5158426087253394,0.057252813556894155,SEROTONERGIC_PSYCHOACTIVE_CONTEXT,Serotonergic psychoactive context,HRH2,Hypothalamus
HRH2|EXACT_SINGLE_PROTEIN|HSAMP_936b77a4b11b5c19027de438|HUMAN_BIOGPS_GNF1H_GCRMA_77_TISSUE_DDOF1,0.5402217412152431,0.5022114231760471,0.03801031803919608,SEROTONERGIC_PSYCHOACTIVE_CONTEXT,Serotonergic psychoactive context,HRH2,Spinalcord
HRH2|EXACT_SINGLE_PROTEIN|HSAMP_9aa72e4fb1ff63e1792b1ec7|HUMAN_BIOGPS_GNF1H_GCRMA_77_TISSUE_DDOF1,-0.8624398965518474,0.008775345186153402,-0.8712152417380008,SEROTONERGIC_PSYCHOACTIVE_CONTEXT,Serotonergic psychoactive context,HRH2,Cerebellum
HRH2|EXACT_SINGLE_PROTEIN|HSAMP_a32ce488a48b0df9b8c4c40a|HUMAN_BIOGPS_GNF1H_GCRMA_77_TISSUE_DDOF1,-0.5757415442072893,0.08520565951089062,-0.6609472037181799,SEROTONERGIC_PSYCHOACTIVE_CONTEXT,Serotonergic psychoactive context,HRH2,Caudatenucleus
HRH2|EXACT_SINGLE_PROTEIN|HSAMP_d99ba5ea584363f8600ade55|HUMAN_BIOGPS_GNF1H_GCRMA_77_TISSUE_DDOF1,0.11882129155482958,0.2989428696300788,-0.18012157807524926,SEROTONERGIC_PSYCHOACTIVE_CONTEXT,Serotonergic psychoactive context,HRH2,CingulateCortex
HRH2|EXACT_SINGLE_PROTEIN|HSAMP_e75262fc0acfda69d976a6d3|HUMAN_BIOGPS_GNF1H_GCRMA_77_TISSUE_DDOF1,0.2912477238662155,0.4361994436913805,-0.14495171982516497,SEROTONERGIC_PSYCHOACTIVE_CONTEXT,Serotonergic psychoactive context,HRH2,ParietalLobe
HRH2|EXACT_SINGLE_PROTEIN|HSAMP_eb2587e74e2d6457032d4ae7|HUMAN_BIOGPS_GNF1H_GCRMA_77_TISSUE_DDOF1,-0.6147502572061241,0.07384558187910338,-0.6885958390852275,SEROTONERGIC_PSYCHOACTIVE_CONTEXT,Serotonergic psychoactive context,HRH2,TemporalLobe
HRH2|EXACT_SINGLE_PROTEIN|HSAMP_f43595f3557cf05e6a721aeb|HUMAN_BIOGPS_GNF1H_GCRMA_77_TISSUE_DDOF1,0.16293091698469325,0.39264494700517105,-0.2297140300204778,SEROTONERGIC_PSYCHOACTIVE_CONTEXT,Serotonergic psychoactive context,HRH2,Thalamus
HRH2|EXACT_SINGLE_PROTEIN|HSAMP_ff841df7ecd9f2c8ea2660f5|HUMAN_BIOGPS_GNF1H_GCRMA_77_TISSUE_DDOF1,-1.111824416274675,-0.10761003456214704,-1.004214381712528,SEROTONERGIC_PSYCHOACTIVE_CONTEXT,Serotonergic psychoactive context,HRH2,OlfactoryBulb
HRH3|EXACT_SINGLE_PROTEIN|HSAMP_06645e2e8409a5b743985cdd|HUMAN_BIOGPS_GNF1H_GCRMA_77_TISSUE_DDOF1,-0.6006161550639517,0.14953861458161588,-0.7501547696455676,SEROTONERGIC_PSYCHOACTIVE_CONTEXT,Serotonergic psychoactive context,HRH3,Wholebrain
HRH3|EXACT_SINGLE_PROTEIN|HSAMP_0cb8b4d1db8c390eeeecca55|HUMAN_BIOGPS_GNF1H_GCRMA_77_TISSUE_DDOF1,1.692248372544127,0.7784244840520612,0.9138238884920659,SEROTONERGIC_PSYCHOACTIVE_CONTEXT,Serotonergic psychoactive context,HRH3,Pons
HRH3|EXACT_SINGLE_PROTEIN|HSAMP_13a552b6ffc4aac3b85a50ca|HUMAN_BIOGPS_GNF1H_GCRMA_77_TISSUE_DDOF1,1.2527025925413384,0.6653448931900406,0.5873576993512978,SEROTONERGIC_PSYCHOACTIVE_CONTEXT,Serotonergic psychoactive context,HRH3,Amygdala
HRH3|EXACT_SINGLE_PROTEIN|HSAMP_192dff4b8df5862a227b1163|HUMAN_BIOGPS_GNF1H_GCRMA_77_TISSUE_DDOF1,-0.2944374804881566,0.2052110011425303,-0.49964848163068687,SEROTONERGIC_PSYCHOACTIVE_CONTEXT,Serotonergic psychoactive context,HRH3,SubthalamicNucleus
HRH3|EXACT_SINGLE_PROTEIN|HSAMP_20b60708f05d03c76f9fe702|HUMAN_BIOGPS_GNF1H_GCRMA_77_TISSUE_DDOF1,1.3879524819067366,0.6948016422654579,0.6931508396412787,SEROTONERGIC_PSYCHOACTIVE_CONTEXT,Serotonergic psychoactive context,HRH3,CerebellumPeduncles
HRH3|EXACT_SINGLE_PROTEIN|HSAMP_374f872ebf1bbba2be514f9f|HUMAN_BIOGPS_GNF1H_GCRMA_77_TISSUE_DDOF1,-0.2944374804881566,0.2052110011425303,-0.49964848163068687,SEROTONERGIC_PSYCHOACTIVE_CONTEXT,Serotonergic psychoactive context,HRH3,GlobusPallidus
HRH3|EXACT_SINGLE_PROTEIN|HSAMP_5c090f15f3e5194312a7e8ed|HUMAN_BIOGPS_GNF1H_GCRMA_77_TISSUE_DDOF1,-0.579486871939126,0.15150653995378402,-0.73099341189291,SEROTONERGIC_PSYCHOACTIVE_CONTEXT,Serotonergic psychoactive context,HRH3,MedullaOblongata
HRH3|EXACT_SINGLE_PROTEIN|HSAMP_752ebc880edc13bb4e2b2de8|HUMAN_BIOGPS_GNF1H_GCRMA_77_TISSUE_DDOF1,0.9161777783021304,0.5657153887299871,0.3504623895721434,SEROTONERGIC_PSYCHOACTIVE_CONTEXT,Serotonergic psychoactive context,HRH3,PrefrontalCortex
HRH3|EXACT_SINGLE_PROTEIN|HSAMP_7725bb8a75064c4d7246d9ba|HUMAN_BIOGPS_GNF1H_GCRMA_77_TISSUE_DDOF1,-0.752466582207291,0.12359602767768782,-0.8760626098849789,SEROTONERGIC_PSYCHOACTIVE_CONTEXT,Serotonergic psychoactive context,HRH3,OccipitalLobe
HRH3|EXACT_SINGLE_PROTEIN|HSAMP_8ed020260a1d25cf72324c8a|HUMAN_BIOGPS_GNF1H_GCRMA_77_TISSUE_DDOF1,0.6529275844741798,0.5154230324799673,0.1375045519942124,SEROTONERGIC_PSYCHOACTIVE_CONTEXT,Serotonergic psychoactive context,HRH3,Hypothalamus
HRH3|EXACT_SINGLE_PROTEIN|HSAMP_936b77a4b11b5c19027de438|HUMAN_BIOGPS_GNF1H_GCRMA_77_TISSUE_DDOF1,0.11925842600217923,0.40600155376502545,-0.2867431277628462,SEROTONERGIC_PSYCHOACTIVE_CONTEXT,Serotonergic psychoactive context,HRH3,Spinalcord
HRH3|EXACT_SINGLE_PROTEIN|HSAMP_9aa72e4fb1ff63e1792b1ec7|HUMAN_BIOGPS_GNF1H_GCRMA_77_TISSUE_DDOF1,0.11925842600217923,0.4060015537650239,-0.28674312776284466,SEROTONERGIC_PSYCHOACTIVE_CONTEXT,Serotonergic psychoactive context,HRH3,Cerebellum
HRH3|EXACT_SINGLE_PROTEIN|HSAMP_a32ce488a48b0df9b8c4c40a|HUMAN_BIOGPS_GNF1H_GCRMA_77_TISSUE_DDOF1,1.778882154850171,0.8018102381094924,0.9770719167406786,SEROTONERGIC_PSYCHOACTIVE_CONTEXT,Serotonergic psychoactive context,HRH3,Caudatenucleus
HRH3|EXACT_SINGLE_PROTEIN|HSAMP_d99ba5ea584363f8600ade55|HUMAN_BIOGPS_GNF1H_GCRMA_77_TISSUE_DDOF1,0.9001439685126971,0.5628250624656673,0.33731890604702974,SEROTONERGIC_PSYCHOACTIVE_CONTEXT,Serotonergic psychoactive context,HRH3,CingulateCortex
HRH3|EXACT_SINGLE_PROTEIN|HSAMP_e75262fc0acfda69d976a6d3|HUMAN_BIOGPS_GNF1H_GCRMA_77_TISSUE_DDOF1,0.7409271833660481,0.5259511927607613,0.21497599060528683,SEROTONERGIC_PSYCHOACTIVE_CONTEXT,Serotonergic psychoactive context,HRH3,ParietalLobe
HRH3|EXACT_SINGLE_PROTEIN|HSAMP_eb2587e74e2d6457032d4ae7|HUMAN_BIOGPS_GNF1H_GCRMA_77_TISSUE_DDOF1,1.5656611786996053,0.7421015553224356,0.8235596233771697,SEROTONERGIC_PSYCHOACTIVE_CONTEXT,Serotonergic psychoactive context,HRH3,TemporalLobe
HRH3|EXACT_SINGLE_PROTEIN|HSAMP_f43595f3557cf05e6a721aeb|HUMAN_BIOGPS_GNF1H_GCRMA_77_TISSUE_DDOF1,1.8513203098129016,0.8202886374559821,1.0310316723569195,SEROTONERGIC_PSYCHOACTIVE_CONTEXT,Serotonergic psychoactive context,HRH3,Thalamus
HRH3|EXACT_SINGLE_PROTEIN|HSAMP_ff841df7ecd9f2c8ea2660f5|HUMAN_BIOGPS_GNF1H_GCRMA_77_TISSUE_DDOF1,-1.2842121542417289,0.030783563628908953,-1.3149957178706377,SEROTONERGIC_PSYCHOACTIVE_CONTEXT,Serotonergic psychoactive context,HRH3,OlfactoryBulb
HTR1A|EXACT_SINGLE_PROTEIN|HSAMP_06645e2e8409a5b743985cdd|HUMAN_BIOGPS_GNF1H_GCRMA_77_TISSUE_DDOF1,-0.5957660949253106,-0.5764063527812276,-0.01935974214408298,SEROTONERGIC_PSYCHOACTIVE_CONTEXT,Serotonergic psychoactive context,HTR1A,Wholebrain
HTR1A|EXACT_SINGLE_PROTEIN|HSAMP_0cb8b4d1db8c390eeeecca55|HUMAN_BIOGPS_GNF1H_GCRMA_77_TISSUE_DDOF1,-0.07343873567882814,-0.05751187856114093,-0.01592685711768721,SEROTONERGIC_PSYCHOACTIVE_CONTEXT,Serotonergic psychoactive context,HTR1A,Pons
HTR1A|EXACT_SINGLE_PROTEIN|HSAMP_13a552b6ffc4aac3b85a50ca|HUMAN_BIOGPS_GNF1H_GCRMA_77_TISSUE_DDOF1,0.5992580300558955,0.5950746602299226,0.0041833698259728935,SEROTONERGIC_PSYCHOACTIVE_CONTEXT,Serotonergic psychoactive context,HTR1A,Amygdala
HTR1A|EXACT_SINGLE_PROTEIN|HSAMP_192dff4b8df5862a227b1163|HUMAN_BIOGPS_GNF1H_GCRMA_77_TISSUE_DDOF1,-0.46981645046688625,-0.43722924772548966,-0.03258720274139659,SEROTONERGIC_PSYCHOACTIVE_CONTEXT,Serotonergic psychoactive context,HTR1A,SubthalamicNucleus
HTR1A|EXACT_SINGLE_PROTEIN|HSAMP_20b60708f05d03c76f9fe702|HUMAN_BIOGPS_GNF1H_GCRMA_77_TISSUE_DDOF1,0.8380957814805369,0.827885240512251,0.010210540968285886,SEROTONERGIC_PSYCHOACTIVE_CONTEXT,Serotonergic psychoactive context,HTR1A,CerebellumPeduncles
HTR1A|EXACT_SINGLE_PROTEIN|HSAMP_374f872ebf1bbba2be514f9f|HUMAN_BIOGPS_GNF1H_GCRMA_77_TISSUE_DDOF1,-1.1424650971158654,-1.1120963791098415,-0.03036871800602392,SEROTONERGIC_PSYCHOACTIVE_CONTEXT,Serotonergic psychoactive context,HTR1A,GlobusPallidus
HTR1A|EXACT_SINGLE_PROTEIN|HSAMP_5c090f15f3e5194312a7e8ed|HUMAN_BIOGPS_GNF1H_GCRMA_77_TISSUE_DDOF1,-0.3789744887206786,-0.34807044668987325,-0.03090404203080538,SEROTONERGIC_PSYCHOACTIVE_CONTEXT,Serotonergic psychoactive context,HTR1A,MedullaOblongata
HTR1A|EXACT_SINGLE_PROTEIN|HSAMP_752ebc880edc13bb4e2b2de8|HUMAN_BIOGPS_GNF1H_GCRMA_77_TISSUE_DDOF1,1.1245399538714471,1.1046805355056695,0.019859418365777648,SEROTONERGIC_PSYCHOACTIVE_CONTEXT,Serotonergic psychoactive context,HTR1A,PrefrontalCortex
HTR1A|EXACT_SINGLE_PROTEIN|HSAMP_7725bb8a75064c4d7246d9ba|HUMAN_BIOGPS_GNF1H_GCRMA_77_TISSUE_DDOF1,-0.46981645046688625,-0.43722924772548966,-0.03258720274139659,SEROTONERGIC_PSYCHOACTIVE_CONTEXT,Serotonergic psychoactive context,HTR1A,OccipitalLobe
HTR1A|EXACT_SINGLE_PROTEIN|HSAMP_8ed020260a1d25cf72324c8a|HUMAN_BIOGPS_GNF1H_GCRMA_77_TISSUE_DDOF1,0.7780412977138788,0.772478113662324,0.005563184051554759,SEROTONERGIC_PSYCHOACTIVE_CONTEXT,Serotonergic psychoactive context,HTR1A,Hypothalamus
HTR1A|EXACT_SINGLE_PROTEIN|HSAMP_936b77a4b11b5c19027de438|HUMAN_BIOGPS_GNF1H_GCRMA_77_TISSUE_DDOF1,0.6595350719470643,0.6528442388380209,0.006690833109043393,SEROTONERGIC_PSYCHOACTIVE_CONTEXT,Serotonergic psychoactive context,HTR1A,Spinalcord
HTR1A|EXACT_SINGLE_PROTEIN|HSAMP_9aa72e4fb1ff63e1792b1ec7|HUMAN_BIOGPS_GNF1H_GCRMA_77_TISSUE_DDOF1,-0.8647156225397274,-0.829077600593739,-0.03563802194598842,SEROTONERGIC_PSYCHOACTIVE_CONTEXT,Serotonergic psychoactive context,HTR1A,Cerebellum
HTR1A|EXACT_SINGLE_PROTEIN|HSAMP_a32ce488a48b0df9b8c4c40a|HUMAN_BIOGPS_GNF1H_GCRMA_77_TISSUE_DDOF1,-0.46981645046688625,-0.43722924772548966,-0.03258720274139659,SEROTONERGIC_PSYCHOACTIVE_CONTEXT,Serotonergic psychoactive context,HTR1A,Caudatenucleus
HTR1A|EXACT_SINGLE_PROTEIN|HSAMP_d99ba5ea584363f8600ade55|HUMAN_BIOGPS_GNF1H_GCRMA_77_TISSUE_DDOF1,0.5992580300558955,0.5950746602299226,0.0041833698259728935,SEROTONERGIC_PSYCHOACTIVE_CONTEXT,Serotonergic psychoactive context,HTR1A,CingulateCortex
HTR1A|EXACT_SINGLE_PROTEIN|HSAMP_e75262fc0acfda69d976a6d3|HUMAN_BIOGPS_GNF1H_GCRMA_77_TISSUE_DDOF1,0.5992580300558955,0.5950746602299226,0.0041833698259728935,SEROTONERGIC_PSYCHOACTIVE_CONTEXT,Serotonergic psychoactive context,HTR1A,ParietalLobe
HTR1A|EXACT_SINGLE_PROTEIN|HSAMP_eb2587e74e2d6457032d4ae7|HUMAN_BIOGPS_GNF1H_GCRMA_77_TISSUE_DDOF1,-0.07343873567882814,-0.05751187856114093,-0.01592685711768721,SEROTONERGIC_PSYCHOACTIVE_CONTEXT,Serotonergic psychoactive context,HTR1A,TemporalLobe
HTR1A|EXACT_SINGLE_PROTEIN|HSAMP_f43595f3557cf05e6a721aeb|HUMAN_BIOGPS_GNF1H_GCRMA_77_TISSUE_DDOF1,0.4891503870061959,0.4885262489425786,0.0006241380636172744,SEROTONERGIC_PSYCHOACTIVE_CONTEXT,Serotonergic psychoactive context,HTR1A,Thalamus
HTR1A|EXACT_SINGLE_PROTEIN|HSAMP_ff841df7ecd9f2c8ea2660f5|HUMAN_BIOGPS_GNF1H_GCRMA_77_TISSUE_DDOF1,-0.918925401217871,-0.8921474949448821,-0.026777906272988927,SEROTONERGIC_PSYCHOACTIVE_CONTEXT,Serotonergic psychoactive context,HTR1A,OlfactoryBulb
HTR2A|EXACT_SINGLE_PROTEIN|HSAMP_06645e2e8409a5b743985cdd|HUMAN_BIOGPS_GNF1H_GCRMA_77_TISSUE_DDOF1,-0.501889385623247,-0.6101913560389175,0.10830197041567047,SEROTONERGIC_PSYCHOACTIVE_CONTEXT,Serotonergic psychoactive context,HTR2A,Wholebrain
HTR2A|EXACT_SINGLE_PROTEIN|HSAMP_0cb8b4d1db8c390eeeecca55|HUMAN_BIOGPS_GNF1H_GCRMA_77_TISSUE_DDOF1,0.7550862876365918,0.7873651448389359,-0.032278857202344136,SEROTONERGIC_PSYCHOACTIVE_CONTEXT,Serotonergic psychoactive context,HTR2A,Pons
HTR2A|EXACT_SINGLE_PROTEIN|HSAMP_13a552b6ffc4aac3b85a50ca|HUMAN_BIOGPS_GNF1H_GCRMA_77_TISSUE_DDOF1,-0.0010801883095069333,-0.06424723338623617,0.06316704507672924,SEROTONERGIC_PSYCHOACTIVE_CONTEXT,Serotonergic psychoactive context,HTR2A,Amygdala
HTR2A|EXACT_SINGLE_PROTEIN|HSAMP_192dff4b8df5862a227b1163|HUMAN_BIOGPS_GNF1H_GCRMA_77_TISSUE_DDOF1,1.8248712253216783,1.9238694775126395,-0.09899825219096114,SEROTONERGIC_PSYCHOACTIVE_CONTEXT,Serotonergic psychoactive context,HTR2A,SubthalamicNucleus
HTR2A|EXACT_SINGLE_PROTEIN|HSAMP_20b60708f05d03c76f9fe702|HUMAN_BIOGPS_GNF1H_GCRMA_77_TISSUE_DDOF1,0.15542914123537316,0.14022399932062507,0.015205141914748088,SEROTONERGIC_PSYCHOACTIVE_CONTEXT,Serotonergic psychoactive context,HTR2A,CerebellumPeduncles
HTR2A|EXACT_SINGLE_PROTEIN|HSAMP_374f872ebf1bbba2be514f9f|HUMAN_BIOGPS_GNF1H_GCRMA_77_TISSUE_DDOF1,0.7873574784129308,0.8250546887920797,-0.03769721037914886,SEROTONERGIC_PSYCHOACTIVE_CONTEXT,Serotonergic psychoactive context,HTR2A,GlobusPallidus
HTR2A|EXACT_SINGLE_PROTEIN|HSAMP_5c090f15f3e5194312a7e8ed|HUMAN_BIOGPS_GNF1H_GCRMA_77_TISSUE_DDOF1,0.9983355707971303,1.0783180758157154,-0.07998250501858506,SEROTONERGIC_PSYCHOACTIVE_CONTEXT,Serotonergic psychoactive context,HTR2A,MedullaOblongata
HTR2A|EXACT_SINGLE_PROTEIN|HSAMP_752ebc880edc13bb4e2b2de8|HUMAN_BIOGPS_GNF1H_GCRMA_77_TISSUE_DDOF1,2.5178271736327495,2.609317610435968,-0.09149043680321833,SEROTONERGIC_PSYCHOACTIVE_CONTEXT,Serotonergic psychoactive context,HTR2A,PrefrontalCortex
HTR2A|EXACT_SINGLE_PROTEIN|HSAMP_7725bb8a75064c4d7246d9ba|HUMAN_BIOGPS_GNF1H_GCRMA_77_TISSUE_DDOF1,1.9189228621609054,2.0438260598246027,-0.1249031976636974,SEROTONERGIC_PSYCHOACTIVE_CONTEXT,Serotonergic psychoactive context,HTR2A,OccipitalLobe
HTR2A|EXACT_SINGLE_PROTEIN|HSAMP_8ed020260a1d25cf72324c8a|HUMAN_BIOGPS_GNF1H_GCRMA_77_TISSUE_DDOF1,0.10269010257251229,0.07348182754381803,0.02920827502869426,SEROTONERGIC_PSYCHOACTIVE_CONTEXT,Serotonergic psychoactive context,HTR2A,Hypothalamus
HTR2A|EXACT_SINGLE_PROTEIN|HSAMP_936b77a4b11b5c19027de438|HUMAN_BIOGPS_GNF1H_GCRMA_77_TISSUE_DDOF1,0.01848317484977023,-0.02796875361535335,0.04645192846512358,SEROTONERGIC_PSYCHOACTIVE_CONTEXT,Serotonergic psychoactive context,HTR2A,Spinalcord
HTR2A|EXACT_SINGLE_PROTEIN|HSAMP_9aa72e4fb1ff63e1792b1ec7|HUMAN_BIOGPS_GNF1H_GCRMA_77_TISSUE_DDOF1,-0.6576786000974707,-0.7910301936447265,0.1333515935472558,SEROTONERGIC_PSYCHOACTIVE_CONTEXT,Serotonergic psychoactive context,HTR2A,Cerebellum
HTR2A|EXACT_SINGLE_PROTEIN|HSAMP_a32ce488a48b0df9b8c4c40a|HUMAN_BIOGPS_GNF1H_GCRMA_77_TISSUE_DDOF1,-0.501889385623247,-0.6101913560389175,0.10830197041567047,SEROTONERGIC_PSYCHOACTIVE_CONTEXT,Serotonergic psychoactive context,HTR2A,Caudatenucleus
HTR2A|EXACT_SINGLE_PROTEIN|HSAMP_d99ba5ea584363f8600ade55|HUMAN_BIOGPS_GNF1H_GCRMA_77_TISSUE_DDOF1,1.4832047216785647,1.6137251816523195,-0.13052045997375483,SEROTONERGIC_PSYCHOACTIVE_CONTEXT,Serotonergic psychoactive context,HTR2A,CingulateCortex
HTR2A|EXACT_SINGLE_PROTEIN|HSAMP_e75262fc0acfda69d976a6d3|HUMAN_BIOGPS_GNF1H_GCRMA_77_TISSUE_DDOF1,1.4195828780719864,1.5283280460895967,-0.10874516801761036,SEROTONERGIC_PSYCHOACTIVE_CONTEXT,Serotonergic psychoactive context,HTR2A,ParietalLobe
HTR2A|EXACT_SINGLE_PROTEIN|HSAMP_eb2587e74e2d6457032d4ae7|HUMAN_BIOGPS_GNF1H_GCRMA_77_TISSUE_DDOF1,1.2527025925413384,1.4101389766161156,-0.15743638407477722,SEROTONERGIC_PSYCHOACTIVE_CONTEXT,Serotonergic psychoactive context,HTR2A,TemporalLobe
HTR2A|EXACT_SINGLE_PROTEIN|HSAMP_f43595f3557cf05e6a721aeb|HUMAN_BIOGPS_GNF1H_GCRMA_77_TISSUE_DDOF1,-0.11666409904318278,-0.23333194493363388,0.1166678458904511,SEROTONERGIC_PSYCHOACTIVE_CONTEXT,Serotonergic psychoactive context,HTR2A,Thalamus
HTR2A|EXACT_SINGLE_PROTEIN|HSAMP_ff841df7ecd9f2c8ea2660f5|HUMAN_BIOGPS_GNF1H_GCRMA_77_TISSUE_DDOF1,-0.6923974874967989,-0.8237772794848593,0.1313797919880605,SEROTONERGIC_PSYCHOACTIVE_CONTEXT,Serotonergic psychoactive context,HTR2A,OlfactoryBulb
HTR2B|EXACT_SINGLE_PROTEIN|HSAMP_06645e2e8409a5b743985cdd|HUMAN_BIOGPS_GNF1H_GCRMA_77_TISSUE_DDOF1,-1.0334111776743673,-0.6949184039493128,-0.3384927737250545,SEROTONERGIC_PSYCHOACTIVE_CONTEXT,Serotonergic psychoactive context,HTR2B,Wholebrain
HTR2B|EXACT_SINGLE_PROTEIN|HSAMP_0cb8b4d1db8c390eeeecca55|HUMAN_BIOGPS_GNF1H_GCRMA_77_TISSUE_DDOF1,-0.3101525274680148,-0.061185519361271964,-0.24896700810674283,SEROTONERGIC_PSYCHOACTIVE_CONTEXT,Serotonergic psychoactive context,HTR2B,Pons
HTR2B|EXACT_SINGLE_PROTEIN|HSAMP_13a552b6ffc4aac3b85a50ca|HUMAN_BIOGPS_GNF1H_GCRMA_77_TISSUE_DDOF1,0.18107465613939241,0.24507123686099225,-0.06399658072159983,SEROTONERGIC_PSYCHOACTIVE_CONTEXT,Serotonergic psychoactive context,HTR2B,Amygdala
HTR2B|EXACT_SINGLE_PROTEIN|HSAMP_192dff4b8df5862a227b1163|HUMAN_BIOGPS_GNF1H_GCRMA_77_TISSUE_DDOF1,-0.5404392638990756,-0.2411642391175453,-0.2992750247815303,SEROTONERGIC_PSYCHOACTIVE_CONTEXT,Serotonergic psychoactive context,HTR2B,SubthalamicNucleus
HTR2B|EXACT_SINGLE_PROTEIN|HSAMP_20b60708f05d03c76f9fe702|HUMAN_BIOGPS_GNF1H_GCRMA_77_TISSUE_DDOF1,0.8946254119794056,0.7929869501339885,0.10163846184541714,SEROTONERGIC_PSYCHOACTIVE_CONTEXT,Serotonergic psychoactive context,HTR2B,CerebellumPeduncles
HTR2B|EXACT_SINGLE_PROTEIN|HSAMP_374f872ebf1bbba2be514f9f|HUMAN_BIOGPS_GNF1H_GCRMA_77_TISSUE_DDOF1,-1.3347395406665359,-0.9104848703314665,-0.42425467033506936,SEROTONERGIC_PSYCHOACTIVE_CONTEXT,Serotonergic psychoactive context,HTR2B,GlobusPallidus
HTR2B|EXACT_SINGLE_PROTEIN|HSAMP_5c090f15f3e5194312a7e8ed|HUMAN_BIOGPS_GNF1H_GCRMA_77_TISSUE_DDOF1,-0.6387511578710472,-0.3480334091700653,-0.2907177487009819,SEROTONERGIC_PSYCHOACTIVE_CONTEXT,Serotonergic psychoactive context,HTR2B,MedullaOblongata
HTR2B|EXACT_SINGLE_PROTEIN|HSAMP_752ebc880edc13bb4e2b2de8|HUMAN_BIOGPS_GNF1H_GCRMA_77_TISSUE_DDOF1,1.0464163659167245,0.9032254376154271,0.14319092830129743,SEROTONERGIC_PSYCHOACTIVE_CONTEXT,Serotonergic psychoactive context,HTR2B,PrefrontalCortex
HTR2B|EXACT_SINGLE_PROTEIN|HSAMP_7725bb8a75064c4d7246d9ba|HUMAN_BIOGPS_GNF1H_GCRMA_77_TISSUE_DDOF1,-0.7317658218873848,-0.4450461074313534,-0.2867197144560314,SEROTONERGIC_PSYCHOACTIVE_CONTEXT,Serotonergic psychoactive context,HTR2B,OccipitalLobe
HTR2B|EXACT_SINGLE_PROTEIN|HSAMP_8ed020260a1d25cf72324c8a|HUMAN_BIOGPS_GNF1H_GCRMA_77_TISSUE_DDOF1,0.616731591469423,0.5683427845155341,0.04838880695388892,SEROTONERGIC_PSYCHOACTIVE_CONTEXT,Serotonergic psychoactive context,HTR2B,Hypothalamus
HTR2B|EXACT_SINGLE_PROTEIN|HSAMP_936b77a4b11b5c19027de438|HUMAN_BIOGPS_GNF1H_GCRMA_77_TISSUE_DDOF1,0.616731591469423,0.5683427845155341,0.04838880695388892,SEROTONERGIC_PSYCHOACTIVE_CONTEXT,Serotonergic psychoactive context,HTR2B,Spinalcord
HTR2B|EXACT_SINGLE_PROTEIN|HSAMP_9aa72e4fb1ff63e1792b1ec7|HUMAN_BIOGPS_GNF1H_GCRMA_77_TISSUE_DDOF1,-1.0334111776743673,-0.6949184039493128,-0.3384927737250545,SEROTONERGIC_PSYCHOACTIVE_CONTEXT,Serotonergic psychoactive context,HTR2B,Cerebellum
HTR2B|EXACT_SINGLE_PROTEIN|HSAMP_a32ce488a48b0df9b8c4c40a|HUMAN_BIOGPS_GNF1H_GCRMA_77_TISSUE_DDOF1,-0.6794752792208592,-0.4124798390467249,-0.26699544017413424,SEROTONERGIC_PSYCHOACTIVE_CONTEXT,Serotonergic psychoactive context,HTR2B,Caudatenucleus
HTR2B|EXACT_SINGLE_PROTEIN|HSAMP_d99ba5ea584363f8600ade55|HUMAN_BIOGPS_GNF1H_GCRMA_77_TISSUE_DDOF1,0.4245875814465141,0.4362818124038874,-0.01169423095737332,SEROTONERGIC_PSYCHOACTIVE_CONTEXT,Serotonergic psychoactive context,HTR2B,CingulateCortex
HTR2B|EXACT_SINGLE_PROTEIN|HSAMP_e75262fc0acfda69d976a6d3|HUMAN_BIOGPS_GNF1H_GCRMA_77_TISSUE_DDOF1,0.7144229674830372,0.6376443797004114,0.0767785877826258,SEROTONERGIC_PSYCHOACTIVE_CONTEXT,Serotonergic psychoactive context,HTR2B,ParietalLobe
HTR2B|EXACT_SINGLE_PROTEIN|HSAMP_eb2587e74e2d6457032d4ae7|HUMAN_BIOGPS_GNF1H_GCRMA_77_TISSUE_DDOF1,-0.47798387534273784,-0.17811893030517825,-0.29986494503755956,SEROTONERGIC_PSYCHOACTIVE_CONTEXT,Serotonergic psychoactive context,HTR2B,TemporalLobe
HTR2B|EXACT_SINGLE_PROTEIN|HSAMP_f43595f3557cf05e6a721aeb|HUMAN_BIOGPS_GNF1H_GCRMA_77_TISSUE_DDOF1,0.18107465613939241,0.24507123686099225,-0.06399658072159983,SEROTONERGIC_PSYCHOACTIVE_CONTEXT,Serotonergic psychoactive context,HTR2B,Thalamus
HTR2B|EXACT_SINGLE_PROTEIN|HSAMP_ff841df7ecd9f2c8ea2660f5|HUMAN_BIOGPS_GNF1H_GCRMA_77_TISSUE_DDOF1,-1.194185433796494,-0.8217727317484246,-0.3724127020480693,SEROTONERGIC_PSYCHOACTIVE_CONTEXT,Serotonergic psychoactive context,HTR2B,OlfactoryBulb
HTR2C|EXACT_SINGLE_PROTEIN|HSAMP_06645e2e8409a5b743985cdd|HUMAN_BIOGPS_GNF1H_GCRMA_77_TISSUE_DDOF1,-0.16416783623614478,-0.12902850490144863,-0.035139331334696156,SEROTONERGIC_PSYCHOACTIVE_CONTEXT,Serotonergic psychoactive context,HTR2C,Wholebrain
HTR2C|EXACT_SINGLE_PROTEIN|HSAMP_0cb8b4d1db8c390eeeecca55|HUMAN_BIOGPS_GNF1H_GCRMA_77_TISSUE_DDOF1,-0.05803169638664834,-0.0313219375403493,-0.026709758846299038,SEROTONERGIC_PSYCHOACTIVE_CONTEXT,Serotonergic psychoactive context,HTR2C,Pons
HTR2C|EXACT_SINGLE_PROTEIN|HSAMP_13a552b6ffc4aac3b85a50ca|HUMAN_BIOGPS_GNF1H_GCRMA_77_TISSUE_DDOF1,1.4450285494855648,1.4045706075719115,0.04045794191365326,SEROTONERGIC_PSYCHOACTIVE_CONTEXT,Serotonergic psychoactive context,HTR2C,Amygdala
HTR2C|EXACT_SINGLE_PROTEIN|HSAMP_192dff4b8df5862a227b1163|HUMAN_BIOGPS_GNF1H_GCRMA_77_TISSUE_DDOF1,-0.09682379681683796,-0.06068364332140419,-0.03614015349543377,SEROTONERGIC_PSYCHOACTIVE_CONTEXT,Serotonergic psychoactive context,HTR2C,SubthalamicNucleus
HTR2C|EXACT_SINGLE_PROTEIN|HSAMP_20b60708f05d03c76f9fe702|HUMAN_BIOGPS_GNF1H_GCRMA_77_TISSUE_DDOF1,0.04454906146442492,0.05560276959880279,-0.011053708134377865,SEROTONERGIC_PSYCHOACTIVE_CONTEXT,Serotonergic psychoactive context,HTR2C,CerebellumPeduncles
HTR2C|EXACT_SINGLE_PROTEIN|HSAMP_374f872ebf1bbba2be514f9f|HUMAN_BIOGPS_GNF1H_GCRMA_77_TISSUE_DDOF1,-0.22356263192545178,-0.17728446483194915,-0.04627816709350263,SEROTONERGIC_PSYCHOACTIVE_CONTEXT,Serotonergic psychoactive context,HTR2C,GlobusPallidus
HTR2C|EXACT_SINGLE_PROTEIN|HSAMP_5c090f15f3e5194312a7e8ed|HUMAN_BIOGPS_GNF1H_GCRMA_77_TISSUE_DDOF1,0.13761647969175556,0.14595900703936338,-0.00834252734760782,SEROTONERGIC_PSYCHOACTIVE_CONTEXT,Serotonergic psychoactive context,HTR2C,MedullaOblongata
HTR2C|EXACT_SINGLE_PROTEIN|HSAMP_752ebc880edc13bb4e2b2de8|HUMAN_BIOGPS_GNF1H_GCRMA_77_TISSUE_DDOF1,0.05497807421463483,0.06722343282334292,-0.012245358608708089,SEROTONERGIC_PSYCHOACTIVE_CONTEXT,Serotonergic psychoactive context,HTR2C,PrefrontalCortex
HTR2C|EXACT_SINGLE_PROTEIN|HSAMP_7725bb8a75064c4d7246d9ba|HUMAN_BIOGPS_GNF1H_GCRMA_77_TISSUE_DDOF1,-0.13851778771955958,-0.105875577714728,-0.032642210004831584,SEROTONERGIC_PSYCHOACTIVE_CONTEXT,Serotonergic psychoactive context,HTR2C,OccipitalLobe
HTR2C|EXACT_SINGLE_PROTEIN|HSAMP_8ed020260a1d25cf72324c8a|HUMAN_BIOGPS_GNF1H_GCRMA_77_TISSUE_DDOF1,1.9574004412324757,1.9171660816772582,0.04023435955521748,SEROTONERGIC_PSYCHOACTIVE_CONTEXT,Serotonergic psychoactive context,HTR2C,Hypothalamus
HTR2C|EXACT_SINGLE_PROTEIN|HSAMP_936b77a4b11b5c19027de438|HUMAN_BIOGPS_GNF1H_GCRMA_77_TISSUE_DDOF1,-0.01142305945911525,0.002746981989872831,-0.01417004144898808,SEROTONERGIC_PSYCHOACTIVE_CONTEXT,Serotonergic psychoactive context,HTR2C,Spinalcord
HTR2C|EXACT_SINGLE_PROTEIN|HSAMP_9aa72e4fb1ff63e1792b1ec7|HUMAN_BIOGPS_GNF1H_GCRMA_77_TISSUE_DDOF1,-0.18623638692149827,-0.14880548048112005,-0.03743090644037822,SEROTONERGIC_PSYCHOACTIVE_CONTEXT,Serotonergic psychoactive context,HTR2C,Cerebellum
HTR2C|EXACT_SINGLE_PROTEIN|HSAMP_a32ce488a48b0df9b8c4c40a|HUMAN_BIOGPS_GNF1H_GCRMA_77_TISSUE_DDOF1,2.533933170791423,2.4832315495891586,0.0507016212022644,SEROTONERGIC_PSYCHOACTIVE_CONTEXT,Serotonergic psychoactive context,HTR2C,Caudatenucleus
HTR2C|EXACT_SINGLE_PROTEIN|HSAMP_d99ba5ea584363f8600ade55|HUMAN_BIOGPS_GNF1H_GCRMA_77_TISSUE_DDOF1,-0.022691925819512807,-0.001641710337468778,-0.021050215482044027,SEROTONERGIC_PSYCHOACTIVE_CONTEXT,Serotonergic psychoactive context,HTR2C,CingulateCortex
HTR2C|EXACT_SINGLE_PROTEIN|HSAMP_e75262fc0acfda69d976a6d3|HUMAN_BIOGPS_GNF1H_GCRMA_77_TISSUE_DDOF1,0.004312545155705039,0.017929732926022377,-0.013617187770317337,SEROTONERGIC_PSYCHOACTIVE_CONTEXT,Serotonergic psychoactive context,HTR2C,ParietalLobe
HTR2C|EXACT_SINGLE_PROTEIN|HSAMP_eb2587e74e2d6457032d4ae7|HUMAN_BIOGPS_GNF1H_GCRMA_77_TISSUE_DDOF1,-0.10140595068348542,-0.0664523388225251,-0.03495361186096031,SEROTONERGIC_PSYCHOACTIVE_CONTEXT,Serotonergic psychoactive context,HTR2C,TemporalLobe
HTR2C|EXACT_SINGLE_PROTEIN|HSAMP_f43595f3557cf05e6a721aeb|HUMAN_BIOGPS_GNF1H_GCRMA_77_TISSUE_DDOF1,-0.00472467592650918,0.010405417482621325,-0.015130093409130504,SEROTONERGIC_PSYCHOACTIVE_CONTEXT,Serotonergic psychoactive context,HTR2C,Thalamus
HTR2C|EXACT_SINGLE_PROTEIN|HSAMP_ff841df7ecd9f2c8ea2660f5|HUMAN_BIOGPS_GNF1H_GCRMA_77_TISSUE_DDOF1,-0.22109091370694864,-0.17512411805964195,-0.045966795647306685,SEROTONERGIC_PSYCHOACTIVE_CONTEXT,Serotonergic psychoactive context,HTR2C,OlfactoryBulb
KCNH2|EXACT_SINGLE_PROTEIN|HSAMP_06645e2e8409a5b743985cdd|HUMAN_BIOGPS_GNF1H_GCRMA_77_TISSUE_DDOF1,0.6721433940176287,0.5403760690432381,0.1317673249743906,SEROTONERGIC_PSYCHOACTIVE_CONTEXT,Serotonergic psychoactive context,KCNH2,Wholebrain
KCNH2|EXACT_SINGLE_PROTEIN|HSAMP_0cb8b4d1db8c390eeeecca55|HUMAN_BIOGPS_GNF1H_GCRMA_77_TISSUE_DDOF1,-0.5097769944378396,0.07230842622844771,-0.5820854206662873,SEROTONERGIC_PSYCHOACTIVE_CONTEXT,Serotonergic psychoactive context,KCNH2,Pons
KCNH2|EXACT_SINGLE_PROTEIN|HSAMP_13a552b6ffc4aac3b85a50ca|HUMAN_BIOGPS_GNF1H_GCRMA_77_TISSUE_DDOF1,-0.5953865481483204,0.045824839102536805,-0.6412113872508571,SEROTONERGIC_PSYCHOACTIVE_CONTEXT,Serotonergic psychoactive context,KCNH2,Amygdala
KCNH2|EXACT_SINGLE_PROTEIN|HSAMP_192dff4b8df5862a227b1163|HUMAN_BIOGPS_GNF1H_GCRMA_77_TISSUE_DDOF1,-0.32329295097347915,0.11010241789100209,-0.43339536886448127,SEROTONERGIC_PSYCHOACTIVE_CONTEXT,Serotonergic psychoactive context,KCNH2,SubthalamicNucleus
KCNH2|EXACT_SINGLE_PROTEIN|HSAMP_20b60708f05d03c76f9fe702|HUMAN_BIOGPS_GNF1H_GCRMA_77_TISSUE_DDOF1,0.7780412977138788,0.5763101773137628,0.20173112040011598,SEROTONERGIC_PSYCHOACTIVE_CONTEXT,Serotonergic psychoactive context,KCNH2,CerebellumPeduncles
KCNH2|EXACT_SINGLE_PROTEIN|HSAMP_374f872ebf1bbba2be514f9f|HUMAN_BIOGPS_GNF1H_GCRMA_77_TISSUE_DDOF1,-0.5296294324364784,0.06437180561638253,-0.594001238052861,SEROTONERGIC_PSYCHOACTIVE_CONTEXT,Serotonergic psychoactive context,KCNH2,GlobusPallidus
KCNH2|EXACT_SINGLE_PROTEIN|HSAMP_5c090f15f3e5194312a7e8ed|HUMAN_BIOGPS_GNF1H_GCRMA_77_TISSUE_DDOF1,-0.5296294324364784,0.06437180561638253,-0.594001238052861,SEROTONERGIC_PSYCHOACTIVE_CONTEXT,Serotonergic psychoactive context,KCNH2,MedullaOblongata
KCNH2|EXACT_SINGLE_PROTEIN|HSAMP_752ebc880edc13bb4e2b2de8|HUMAN_BIOGPS_GNF1H_GCRMA_77_TISSUE_DDOF1,0.9306272020005141,0.67051491466785,0.2601122873326641,SEROTONERGIC_PSYCHOACTIVE_CONTEXT,Serotonergic psychoactive context,KCNH2,PrefrontalCortex
KCNH2|EXACT_SINGLE_PROTEIN|HSAMP_7725bb8a75064c4d7246d9ba|HUMAN_BIOGPS_GNF1H_GCRMA_77_TISSUE_DDOF1,-0.4927973877239192,0.07555593071867911,-0.5683533184425983,SEROTONERGIC_PSYCHOACTIVE_CONTEXT,Serotonergic psychoactive context,KCNH2,OccipitalLobe
KCNH2|EXACT_SINGLE_PROTEIN|HSAMP_8ed020260a1d25cf72324c8a|HUMAN_BIOGPS_GNF1H_GCRMA_77_TISSUE_DDOF1,-0.4927973877239192,0.07555593071867911,-0.5683533184425983,SEROTONERGIC_PSYCHOACTIVE_CONTEXT,Serotonergic psychoactive context,KCNH2,Hypothalamus
KCNH2|EXACT_SINGLE_PROTEIN|HSAMP_936b77a4b11b5c19027de438|HUMAN_BIOGPS_GNF1H_GCRMA_77_TISSUE_DDOF1,-0.011083252746525038,0.16562339680058735,-0.1767066495471124,SEROTONERGIC_PSYCHOACTIVE_CONTEXT,Serotonergic psychoactive context,KCNH2,Spinalcord
KCNH2|EXACT_SINGLE_PROTEIN|HSAMP_9aa72e4fb1ff63e1792b1ec7|HUMAN_BIOGPS_GNF1H_GCRMA_77_TISSUE_DDOF1,0.56404460735885,0.5158909753749933,0.04815363198385669,SEROTONERGIC_PSYCHOACTIVE_CONTEXT,Serotonergic psychoactive context,KCNH2,Cerebellum
KCNH2|EXACT_SINGLE_PROTEIN|HSAMP_a32ce488a48b0df9b8c4c40a|HUMAN_BIOGPS_GNF1H_GCRMA_77_TISSUE_DDOF1,-0.47787329317090727,0.07678800008288758,-0.5546612932537949,SEROTONERGIC_PSYCHOACTIVE_CONTEXT,Serotonergic psychoactive context,KCNH2,Caudatenucleus
KCNH2|EXACT_SINGLE_PROTEIN|HSAMP_d99ba5ea584363f8600ade55|HUMAN_BIOGPS_GNF1H_GCRMA_77_TISSUE_DDOF1,-0.07848428987787703,0.150942543045897,-0.22942683292377403,SEROTONERGIC_PSYCHOACTIVE_CONTEXT,Serotonergic psychoactive context,KCNH2,CingulateCortex
KCNH2|EXACT_SINGLE_PROTEIN|HSAMP_e75262fc0acfda69d976a6d3|HUMAN_BIOGPS_GNF1H_GCRMA_77_TISSUE_DDOF1,-0.47787329317090727,0.07678800008288758,-0.5546612932537949,SEROTONERGIC_PSYCHOACTIVE_CONTEXT,Serotonergic psychoactive context,KCNH2,ParietalLobe
KCNH2|EXACT_SINGLE_PROTEIN|HSAMP_eb2587e74e2d6457032d4ae7|HUMAN_BIOGPS_GNF1H_GCRMA_77_TISSUE_DDOF1,-0.5296294324364784,0.06437180561638253,-0.594001238052861,SEROTONERGIC_PSYCHOACTIVE_CONTEXT,Serotonergic psychoactive context,KCNH2,TemporalLobe
KCNH2|EXACT_SINGLE_PROTEIN|HSAMP_f43595f3557cf05e6a721aeb|HUMAN_BIOGPS_GNF1H_GCRMA_77_TISSUE_DDOF1,0.5683767457770087,0.5173524092593683,0.05102433651764038,SEROTONERGIC_PSYCHOACTIVE_CONTEXT,Serotonergic psychoactive context,KCNH2,Thalamus
KCNH2|EXACT_SINGLE_PROTEIN|HSAMP_ff841df7ecd9f2c8ea2660f5|HUMAN_BIOGPS_GNF1H_GCRMA_77_TISSUE_DDOF1,-0.40154289381541125,0.09465922646208896,-0.4962021202775002,SEROTONERGIC_PSYCHOACTIVE_CONTEXT,Serotonergic psychoactive context,KCNH2,OlfactoryBulb
OPRD1|EXACT_SINGLE_PROTEIN|HSAMP_06645e2e8409a5b743985cdd|HUMAN_BIOGPS_GNF1H_GCRMA_77_TISSUE_DDOF1,-0.9755002670030188,-0.9972635893209076,0.0217633223178888,SEROTONERGIC_PSYCHOACTIVE_CONTEXT,Serotonergic psychoactive context,OPRD1,Wholebrain
OPRD1|EXACT_SINGLE_PROTEIN|HSAMP_0cb8b4d1db8c390eeeecca55|HUMAN_BIOGPS_GNF1H_GCRMA_77_TISSUE_DDOF1,-0.11666409904318278,-0.13519749692154207,0.01853339787835928,SEROTONERGIC_PSYCHOACTIVE_CONTEXT,Serotonergic psychoactive context,OPRD1,Pons
OPRD1|EXACT_SINGLE_PROTEIN|HSAMP_13a552b6ffc4aac3b85a50ca|HUMAN_BIOGPS_GNF1H_GCRMA_77_TISSUE_DDOF1,0.7082266883898617,0.7112116657912593,-0.0029849774013975816,SEROTONERGIC_PSYCHOACTIVE_CONTEXT,Serotonergic psychoactive context,OPRD1,Amygdala
OPRD1|EXACT_SINGLE_PROTEIN|HSAMP_192dff4b8df5862a227b1163|HUMAN_BIOGPS_GNF1H_GCRMA_77_TISSUE_DDOF1,-0.6128844066753412,-0.6315871994688267,0.018702792793485523,SEROTONERGIC_PSYCHOACTIVE_CONTEXT,Serotonergic psychoactive context,OPRD1,SubthalamicNucleus
OPRD1|EXACT_SINGLE_PROTEIN|HSAMP_20b60708f05d03c76f9fe702|HUMAN_BIOGPS_GNF1H_GCRMA_77_TISSUE_DDOF1,1.0299986788998141,1.0398310882029744,-0.009832409303160317,SEROTONERGIC_PSYCHOACTIVE_CONTEXT,Serotonergic psychoactive context,OPRD1,CerebellumPeduncles
OPRD1|EXACT_SINGLE_PROTEIN|HSAMP_374f872ebf1bbba2be514f9f|HUMAN_BIOGPS_GNF1H_GCRMA_77_TISSUE_DDOF1,-1.56910542197197,-1.6140112313312045,0.044905809359234494,SEROTONERGIC_PSYCHOACTIVE_CONTEXT,Serotonergic psychoactive context,OPRD1,GlobusPallidus
OPRD1|EXACT_SINGLE_PROTEIN|HSAMP_5c090f15f3e5194312a7e8ed|HUMAN_BIOGPS_GNF1H_GCRMA_77_TISSUE_DDOF1,-0.5475434586021661,-0.5645779923612853,0.01703453375911912,SEROTONERGIC_PSYCHOACTIVE_CONTEXT,Serotonergic psychoactive context,OPRD1,MedullaOblongata
OPRD1|EXACT_SINGLE_PROTEIN|HSAMP_752ebc880edc13bb4e2b2de8|HUMAN_BIOGPS_GNF1H_GCRMA_77_TISSUE_DDOF1,1.2039892604636027,1.2267804737929802,-0.022791213329377502,SEROTONERGIC_PSYCHOACTIVE_CONTEXT,Serotonergic psychoactive context,OPRD1,PrefrontalCortex
OPRD1|EXACT_SINGLE_PROTEIN|HSAMP_7725bb8a75064c4d7246d9ba|HUMAN_BIOGPS_GNF1H_GCRMA_77_TISSUE_DDOF1,-0.6128844066753412,-0.6315871994688267,0.018702792793485523,SEROTONERGIC_PSYCHOACTIVE_CONTEXT,Serotonergic psychoactive context,OPRD1,OccipitalLobe
OPRD1|EXACT_SINGLE_PROTEIN|HSAMP_8ed020260a1d25cf72324c8a|HUMAN_BIOGPS_GNF1H_GCRMA_77_TISSUE_DDOF1,0.8881172637591862,0.8933178158565719,-0.00520055209738568,SEROTONERGIC_PSYCHOACTIVE_CONTEXT,Serotonergic psychoactive context,OPRD1,Hypothalamus
OPRD1|EXACT_SINGLE_PROTEIN|HSAMP_936b77a4b11b5c19027de438|HUMAN_BIOGPS_GNF1H_GCRMA_77_TISSUE_DDOF1,0.8560938582243547,0.8650478070529225,-0.008953948828567815,SEROTONERGIC_PSYCHOACTIVE_CONTEXT,Serotonergic psychoactive context,OPRD1,Spinalcord
OPRD1|EXACT_SINGLE_PROTEIN|HSAMP_9aa72e4fb1ff63e1792b1ec7|HUMAN_BIOGPS_GNF1H_GCRMA_77_TISSUE_DDOF1,-1.1867561982449253,-1.2191755781048395,0.032419379859914166,SEROTONERGIC_PSYCHOACTIVE_CONTEXT,Serotonergic psychoactive context,OPRD1,Cerebellum
OPRD1|EXACT_SINGLE_PROTEIN|HSAMP_a32ce488a48b0df9b8c4c40a|HUMAN_BIOGPS_GNF1H_GCRMA_77_TISSUE_DDOF1,0.5730954222822335,0.5734119179150156,-0.0003164956327820212,SEROTONERGIC_PSYCHOACTIVE_CONTEXT,Serotonergic psychoactive context,OPRD1,Caudatenucleus
OPRD1|EXACT_SINGLE_PROTEIN|HSAMP_d99ba5ea584363f8600ade55|HUMAN_BIOGPS_GNF1H_GCRMA_77_TISSUE_DDOF1,0.5730954222822335,0.5734119179150156,-0.0003164956327820212,SEROTONERGIC_PSYCHOACTIVE_CONTEXT,Serotonergic psychoactive context,OPRD1,CingulateCortex
OPRD1|EXACT_SINGLE_PROTEIN|HSAMP_e75262fc0acfda69d976a6d3|HUMAN_BIOGPS_GNF1H_GCRMA_77_TISSUE_DDOF1,0.8118840067070954,0.8234227834939787,-0.011538776786883309,SEROTONERGIC_PSYCHOACTIVE_CONTEXT,Serotonergic psychoactive context,OPRD1,ParietalLobe
OPRD1|EXACT_SINGLE_PROTEIN|HSAMP_eb2587e74e2d6457032d4ae7|HUMAN_BIOGPS_GNF1H_GCRMA_77_TISSUE_DDOF1,-0.5475434586021661,-0.5645779923612853,0.01703453375911912,SEROTONERGIC_PSYCHOACTIVE_CONTEXT,Serotonergic psychoactive context,OPRD1,TemporalLobe
OPRD1|EXACT_SINGLE_PROTEIN|HSAMP_f43595f3557cf05e6a721aeb|HUMAN_BIOGPS_GNF1H_GCRMA_77_TISSUE_DDOF1,2.2352327468752073,2.272699484131307,-0.0374667372560995,SEROTONERGIC_PSYCHOACTIVE_CONTEXT,Serotonergic psychoactive context,OPRD1,Thalamus
OPRD1|EXACT_SINGLE_PROTEIN|HSAMP_ff841df7ecd9f2c8ea2660f5|HUMAN_BIOGPS_GNF1H_GCRMA_77_TISSUE_DDOF1,-1.2926987646532486,-1.3397674578799728,0.047068693226724134,SEROTONERGIC_PSYCHOACTIVE_CONTEXT,Serotonergic psychoactive context,OPRD1,OlfactoryBulb
OPRK1|EXACT_SINGLE_PROTEIN|HSAMP_06645e2e8409a5b743985cdd|HUMAN_BIOGPS_GNF1H_GCRMA_77_TISSUE_DDOF1,-1.0563266320899458,0.014306179627042045,-1.0706328117169879,SEROTONERGIC_PSYCHOACTIVE_CONTEXT,Serotonergic psychoactive context,OPRK1,Wholebrain
OPRK1|EXACT_SINGLE_PROTEIN|HSAMP_0cb8b4d1db8c390eeeecca55|HUMAN_BIOGPS_GNF1H_GCRMA_77_TISSUE_DDOF1,0.036968827855691416,0.2660214288353957,-0.22905260097970429,SEROTONERGIC_PSYCHOACTIVE_CONTEXT,Serotonergic psychoactive context,OPRK1,Pons
OPRK1|EXACT_SINGLE_PROTEIN|HSAMP_13a552b6ffc4aac3b85a50ca|HUMAN_BIOGPS_GNF1H_GCRMA_77_TISSUE_DDOF1,0.9020982492605245,0.5850861505692885,0.31701209869123603,SEROTONERGIC_PSYCHOACTIVE_CONTEXT,Serotonergic psychoactive context,OPRK1,Amygdala
OPRK1|EXACT_SINGLE_PROTEIN|HSAMP_192dff4b8df5862a227b1163|HUMAN_BIOGPS_GNF1H_GCRMA_77_TISSUE_DDOF1,-0.6797238247320325,0.10002763897970958,-0.7797514637117421,SEROTONERGIC_PSYCHOACTIVE_CONTEXT,Serotonergic psychoactive context,OPRK1,SubthalamicNucleus
OPRK1|EXACT_SINGLE_PROTEIN|HSAMP_20b60708f05d03c76f9fe702|HUMAN_BIOGPS_GNF1H_GCRMA_77_TISSUE_DDOF1,1.2039892604636027,0.7143546215794125,0.4896346388841901,SEROTONERGIC_PSYCHOACTIVE_CONTEXT,Serotonergic psychoactive context,OPRK1,CerebellumPeduncles
OPRK1|EXACT_SINGLE_PROTEIN|HSAMP_374f872ebf1bbba2be514f9f|HUMAN_BIOGPS_GNF1H_GCRMA_77_TISSUE_DDOF1,-1.696023134305084,-0.19329814537292786,-1.5027249889321561,SEROTONERGIC_PSYCHOACTIVE_CONTEXT,Serotonergic psychoactive context,OPRK1,GlobusPallidus
OPRK1|EXACT_SINGLE_PROTEIN|HSAMP_5c090f15f3e5194312a7e8ed|HUMAN_BIOGPS_GNF1H_GCRMA_77_TISSUE_DDOF1,0.036968827855691416,0.2660214288353957,-0.22905260097970429,SEROTONERGIC_PSYCHOACTIVE_CONTEXT,Serotonergic psychoactive context,OPRK1,MedullaOblongata
OPRK1|EXACT_SINGLE_PROTEIN|HSAMP_752ebc880edc13bb4e2b2de8|HUMAN_BIOGPS_GNF1H_GCRMA_77_TISSUE_DDOF1,1.5403699585599027,0.7929198806111077,0.7474500779487949,SEROTONERGIC_PSYCHOACTIVE_CONTEXT,Serotonergic psychoactive context,OPRK1,PrefrontalCortex
OPRK1|EXACT_SINGLE_PROTEIN|HSAMP_7725bb8a75064c4d7246d9ba|HUMAN_BIOGPS_GNF1H_GCRMA_77_TISSUE_DDOF1,-0.6797238247320325,0.10002763897970958,-0.7797514637117421,SEROTONERGIC_PSYCHOACTIVE_CONTEXT,Serotonergic psychoactive context,OPRK1,OccipitalLobe
OPRK1|EXACT_SINGLE_PROTEIN|HSAMP_8ed020260a1d25cf72324c8a|HUMAN_BIOGPS_GNF1H_GCRMA_77_TISSUE_DDOF1,0.9020982492605245,0.5850861505692885,0.31701209869123603,SEROTONERGIC_PSYCHOACTIVE_CONTEXT,Serotonergic psychoactive context,OPRK1,Hypothalamus
OPRK1|EXACT_SINGLE_PROTEIN|HSAMP_936b77a4b11b5c19027de438|HUMAN_BIOGPS_GNF1H_GCRMA_77_TISSUE_DDOF1,0.8087303750901438,0.5610852968912693,0.2476450781988745,SEROTONERGIC_PSYCHOACTIVE_CONTEXT,Serotonergic psychoactive context,OPRK1,Spinalcord
OPRK1|EXACT_SINGLE_PROTEIN|HSAMP_9aa72e4fb1ff63e1792b1ec7|HUMAN_BIOGPS_GNF1H_GCRMA_77_TISSUE_DDOF1,-1.2719778309776335,-0.052144024790749144,-1.2198338061868843,SEROTONERGIC_PSYCHOACTIVE_CONTEXT,Serotonergic psychoactive context,OPRK1,Cerebellum
OPRK1|EXACT_SINGLE_PROTEIN|HSAMP_a32ce488a48b0df9b8c4c40a|HUMAN_BIOGPS_GNF1H_GCRMA_77_TISSUE_DDOF1,-0.7631746919002458,0.0830698947940178,-0.8462445866942636,SEROTONERGIC_PSYCHOACTIVE_CONTEXT,Serotonergic psychoactive context,OPRK1,Caudatenucleus
OPRK1|EXACT_SINGLE_PROTEIN|HSAMP_d99ba5ea584363f8600ade55|HUMAN_BIOGPS_GNF1H_GCRMA_77_TISSUE_DDOF1,0.6441544693789119,0.5197318747523048,0.1244225946266071,SEROTONERGIC_PSYCHOACTIVE_CONTEXT,Serotonergic psychoactive context,OPRK1,CingulateCortex
OPRK1|EXACT_SINGLE_PROTEIN|HSAMP_e75262fc0acfda69d976a6d3|HUMAN_BIOGPS_GNF1H_GCRMA_77_TISSUE_DDOF1,0.8648327126640044,0.5691217141433988,0.29571099852060556,SEROTONERGIC_PSYCHOACTIVE_CONTEXT,Serotonergic psychoactive context,OPRK1,ParietalLobe
OPRK1|EXACT_SINGLE_PROTEIN|HSAMP_eb2587e74e2d6457032d4ae7|HUMAN_BIOGPS_GNF1H_GCRMA_77_TISSUE_DDOF1,-0.6017139619223004,0.11886205171880078,-0.7205760136411012,SEROTONERGIC_PSYCHOACTIVE_CONTEXT,Serotonergic psychoactive context,OPRK1,TemporalLobe
OPRK1|EXACT_SINGLE_PROTEIN|HSAMP_f43595f3557cf05e6a721aeb|HUMAN_BIOGPS_GNF1H_GCRMA_77_TISSUE_DDOF1,0.5575245454714622,0.5020497037668437,0.05547484170461858,SEROTONERGIC_PSYCHOACTIVE_CONTEXT,Serotonergic psychoactive context,OPRK1,Thalamus
OPRK1|EXACT_SINGLE_PROTEIN|HSAMP_ff841df7ecd9f2c8ea2660f5|HUMAN_BIOGPS_GNF1H_GCRMA_77_TISSUE_DDOF1,-1.5539701975614002,-0.13307957465113804,-1.4208906229102622,SEROTONERGIC_PSYCHOACTIVE_CONTEXT,Serotonergic psychoactive context,OPRK1,OlfactoryBulb
OPRM1|EXACT_SINGLE_PROTEIN|HSAMP_06645e2e8409a5b743985cdd|HUMAN_BIOGPS_GNF1H_GCRMA_77_TISSUE_DDOF1,-0.7965723889941071,-0.34292003629886186,-0.45365235269524523,SEROTONERGIC_PSYCHOACTIVE_CONTEXT,Serotonergic psychoactive context,OPRM1,Wholebrain
OPRM1|EXACT_SINGLE_PROTEIN|HSAMP_0cb8b4d1db8c390eeeecca55|HUMAN_BIOGPS_GNF1H_GCRMA_77_TISSUE_DDOF1,1.716808020032496,1.2452962394156868,0.4715117806168092,SEROTONERGIC_PSYCHOACTIVE_CONTEXT,Serotonergic psychoactive context,OPRM1,Pons
OPRM1|EXACT_SINGLE_PROTEIN|HSAMP_13a552b6ffc4aac3b85a50ca|HUMAN_BIOGPS_GNF1H_GCRMA_77_TISSUE_DDOF1,-0.22356263192545178,-0.0026206849013414024,-0.22094194702411038,SEROTONERGIC_PSYCHOACTIVE_CONTEXT,Serotonergic psychoactive context,OPRM1,Amygdala
OPRM1|EXACT_SINGLE_PROTEIN|HSAMP_192dff4b8df5862a227b1163|HUMAN_BIOGPS_GNF1H_GCRMA_77_TISSUE_DDOF1,-0.5616367314853511,-0.2062050075569553,-0.3554317239283958,SEROTONERGIC_PSYCHOACTIVE_CONTEXT,Serotonergic psychoactive context,OPRM1,SubthalamicNucleus
OPRM1|EXACT_SINGLE_PROTEIN|HSAMP_20b60708f05d03c76f9fe702|HUMAN_BIOGPS_GNF1H_GCRMA_77_TISSUE_DDOF1,0.48101672315406374,0.4768338070930329,0.004182916061030828,SEROTONERGIC_PSYCHOACTIVE_CONTEXT,Serotonergic psychoactive context,OPRM1,CerebellumPeduncles
OPRM1|EXACT_SINGLE_PROTEIN|HSAMP_374f872ebf1bbba2be514f9f|HUMAN_BIOGPS_GNF1H_GCRMA_77_TISSUE_DDOF1,-0.9276542412143662,-0.41462391687913236,-0.5130303243352339,SEROTONERGIC_PSYCHOACTIVE_CONTEXT,Serotonergic psychoactive context,OPRM1,GlobusPallidus
OPRM1|EXACT_SINGLE_PROTEIN|HSAMP_5c090f15f3e5194312a7e8ed|HUMAN_BIOGPS_GNF1H_GCRMA_77_TISSUE_DDOF1,1.3621070345288713,1.0219390922265543,0.34016794230231695,SEROTONERGIC_PSYCHOACTIVE_CONTEXT,Serotonergic psychoactive context,OPRM1,MedullaOblongata
OPRM1|EXACT_SINGLE_PROTEIN|HSAMP_752ebc880edc13bb4e2b2de8|HUMAN_BIOGPS_GNF1H_GCRMA_77_TISSUE_DDOF1,0.5692864698202704,0.534081331350037,0.03520513847023343,SEROTONERGIC_PSYCHOACTIVE_CONTEXT,Serotonergic psychoactive context,OPRM1,PrefrontalCortex
OPRM1|EXACT_SINGLE_PROTEIN|HSAMP_7725bb8a75064c4d7246d9ba|HUMAN_BIOGPS_GNF1H_GCRMA_77_TISSUE_DDOF1,-0.6314667820514213,-0.24425220547961518,-0.3872145765718061,SEROTONERGIC_PSYCHOACTIVE_CONTEXT,Serotonergic psychoactive context,OPRM1,OccipitalLobe
OPRM1|EXACT_SINGLE_PROTEIN|HSAMP_8ed020260a1d25cf72324c8a|HUMAN_BIOGPS_GNF1H_GCRMA_77_TISSUE_DDOF1,0.0028657084236432275,0.15543717771178167,-0.15257146928813844,SEROTONERGIC_PSYCHOACTIVE_CONTEXT,Serotonergic psychoactive context,OPRM1,Hypothalamus
OPRM1|EXACT_SINGLE_PROTEIN|HSAMP_936b77a4b11b5c19027de438|HUMAN_BIOGPS_GNF1H_GCRMA_77_TISSUE_DDOF1,-0.022691925819512807,0.12905491608875805,-0.15174684190827087,SEROTONERGIC_PSYCHOACTIVE_CONTEXT,Serotonergic psychoactive context,OPRM1,Spinalcord
OPRM1|EXACT_SINGLE_PROTEIN|HSAMP_9aa72e4fb1ff63e1792b1ec7|HUMAN_BIOGPS_GNF1H_GCRMA_77_TISSUE_DDOF1,0.05316689399923939,0.20484972535231533,-0.15168283135307592,SEROTONERGIC_PSYCHOACTIVE_CONTEXT,Serotonergic psychoactive context,OPRM1,Cerebellum
OPRM1|EXACT_SINGLE_PROTEIN|HSAMP_a32ce488a48b0df9b8c4c40a|HUMAN_BIOGPS_GNF1H_GCRMA_77_TISSUE_DDOF1,-0.604580083085179,-0.23511440291636435,-0.36946568016881465,SEROTONERGIC_PSYCHOACTIVE_CONTEXT,Serotonergic psychoactive context,OPRM1,Caudatenucleus
OPRM1|EXACT_SINGLE_PROTEIN|HSAMP_d99ba5ea584363f8600ade55|HUMAN_BIOGPS_GNF1H_GCRMA_77_TISSUE_DDOF1,-0.13768784990688981,0.0506363970373427,-0.1883242469442325,SEROTONERGIC_PSYCHOACTIVE_CONTEXT,Serotonergic psychoactive context,OPRM1,CingulateCortex
OPRM1|EXACT_SINGLE_PROTEIN|HSAMP_e75262fc0acfda69d976a6d3|HUMAN_BIOGPS_GNF1H_GCRMA_77_TISSUE_DDOF1,0.10269010257251229,0.25087641486955514,-0.14818631229704285,SEROTONERGIC_PSYCHOACTIVE_CONTEXT,Serotonergic psychoactive context,OPRM1,ParietalLobe
OPRM1|EXACT_SINGLE_PROTEIN|HSAMP_eb2587e74e2d6457032d4ae7|HUMAN_BIOGPS_GNF1H_GCRMA_77_TISSUE_DDOF1,0.8130366679122062,0.6788638284444553,0.13417283946775094,SEROTONERGIC_PSYCHOACTIVE_CONTEXT,Serotonergic psychoactive context,OPRM1,TemporalLobe
OPRM1|EXACT_SINGLE_PROTEIN|HSAMP_f43595f3557cf05e6a721aeb|HUMAN_BIOGPS_GNF1H_GCRMA_77_TISSUE_DDOF1,-0.17815121178694848,0.022135807698557247,-0.20028701948550573,SEROTONERGIC_PSYCHOACTIVE_CONTEXT,Serotonergic psychoactive context,OPRM1,Thalamus
OPRM1|EXACT_SINGLE_PROTEIN|HSAMP_ff841df7ecd9f2c8ea2660f5|HUMAN_BIOGPS_GNF1H_GCRMA_77_TISSUE_DDOF1,-0.8624398965518474,-0.38181211177557034,-0.48062778477627704,SEROTONERGIC_PSYCHOACTIVE_CONTEXT,Serotonergic psychoactive context,OPRM1,OlfactoryBulb
SLC6A2|EXACT_SINGLE_PROTEIN|HSAMP_06645e2e8409a5b743985cdd|HUMAN_BIOGPS_GNF1H_GCRMA_77_TISSUE_DDOF1,-1.132738967762656,-0.7857424355153206,-0.3469965322473354,SEROTONERGIC_PSYCHOACTIVE_CONTEXT,Serotonergic psychoactive context,SLC6A2,Wholebrain
SLC6A2|EXACT_SINGLE_PROTEIN|HSAMP_0cb8b4d1db8c390eeeecca55|HUMAN_BIOGPS_GNF1H_GCRMA_77_TISSUE_DDOF1,0.0271444976889488,0.08774178343005128,-0.06059728574110247,SEROTONERGIC_PSYCHOACTIVE_CONTEXT,Serotonergic psychoactive context,SLC6A2,Pons
SLC6A2|EXACT_SINGLE_PROTEIN|HSAMP_13a552b6ffc4aac3b85a50ca|HUMAN_BIOGPS_GNF1H_GCRMA_77_TISSUE_DDOF1,0.2164813869506129,0.2965102362103188,-0.08002884925970591,SEROTONERGIC_PSYCHOACTIVE_CONTEXT,Serotonergic psychoactive context,SLC6A2,Amygdala
SLC6A2|EXACT_SINGLE_PROTEIN|HSAMP_192dff4b8df5862a227b1163|HUMAN_BIOGPS_GNF1H_GCRMA_77_TISSUE_DDOF1,0.6721433940176287,0.6271894211522115,0.044953972865417136,SEROTONERGIC_PSYCHOACTIVE_CONTEXT,Serotonergic psychoactive context,SLC6A2,SubthalamicNucleus
SLC6A2|EXACT_SINGLE_PROTEIN|HSAMP_20b60708f05d03c76f9fe702|HUMAN_BIOGPS_GNF1H_GCRMA_77_TISSUE_DDOF1,1.6263504990310644,1.3447871284667734,0.28156337056429104,SEROTONERGIC_PSYCHOACTIVE_CONTEXT,Serotonergic psychoactive context,SLC6A2,CerebellumPeduncles
SLC6A2|EXACT_SINGLE_PROTEIN|HSAMP_374f872ebf1bbba2be514f9f|HUMAN_BIOGPS_GNF1H_GCRMA_77_TISSUE_DDOF1,-1.2460582398972329,-0.912722403794736,-0.33333583610249684,SEROTONERGIC_PSYCHOACTIVE_CONTEXT,Serotonergic psychoactive context,SLC6A2,GlobusPallidus
SLC6A2|EXACT_SINGLE_PROTEIN|HSAMP_5c090f15f3e5194312a7e8ed|HUMAN_BIOGPS_GNF1H_GCRMA_77_TISSUE_DDOF1,-0.7579259018644592,-0.46841120275994536,-0.28951469910451383,SEROTONERGIC_PSYCHOACTIVE_CONTEXT,Serotonergic psychoactive context,SLC6A2,MedullaOblongata
SLC6A2|EXACT_SINGLE_PROTEIN|HSAMP_752ebc880edc13bb4e2b2de8|HUMAN_BIOGPS_GNF1H_GCRMA_77_TISSUE_DDOF1,1.0010182958870433,0.9004258335190718,0.10059246236797148,SEROTONERGIC_PSYCHOACTIVE_CONTEXT,Serotonergic psychoactive context,SLC6A2,PrefrontalCortex
SLC6A2|EXACT_SINGLE_PROTEIN|HSAMP_7725bb8a75064c4d7246d9ba|HUMAN_BIOGPS_GNF1H_GCRMA_77_TISSUE_DDOF1,-0.7579259018644592,-0.46841120275994536,-0.28951469910451383,SEROTONERGIC_PSYCHOACTIVE_CONTEXT,Serotonergic psychoactive context,SLC6A2,OccipitalLobe
SLC6A2|EXACT_SINGLE_PROTEIN|HSAMP_8ed020260a1d25cf72324c8a|HUMAN_BIOGPS_GNF1H_GCRMA_77_TISSUE_DDOF1,0.6721433940176287,0.6271894211522115,0.044953972865417136,SEROTONERGIC_PSYCHOACTIVE_CONTEXT,Serotonergic psychoactive context,SLC6A2,Hypothalamus
SLC6A2|EXACT_SINGLE_PROTEIN|HSAMP_936b77a4b11b5c19027de438|HUMAN_BIOGPS_GNF1H_GCRMA_77_TISSUE_DDOF1,0.5325821191587664,0.5204379593435742,0.012144159815192235,SEROTONERGIC_PSYCHOACTIVE_CONTEXT,Serotonergic psychoactive context,SLC6A2,Spinalcord
SLC6A2|EXACT_SINGLE_PROTEIN|HSAMP_9aa72e4fb1ff63e1792b1ec7|HUMAN_BIOGPS_GNF1H_GCRMA_77_TISSUE_DDOF1,-0.9755002670030188,-0.6305908439203695,-0.3449094230826494,SEROTONERGIC_PSYCHOACTIVE_CONTEXT,Serotonergic psychoactive context,SLC6A2,Cerebellum
SLC6A2|EXACT_SINGLE_PROTEIN|HSAMP_a32ce488a48b0df9b8c4c40a|HUMAN_BIOGPS_GNF1H_GCRMA_77_TISSUE_DDOF1,-0.8043186044715439,-0.49240795526055986,-0.31191064921098405,SEROTONERGIC_PSYCHOACTIVE_CONTEXT,Serotonergic psychoactive context,SLC6A2,Caudatenucleus
SLC6A2|EXACT_SINGLE_PROTEIN|HSAMP_d99ba5ea584363f8600ade55|HUMAN_BIOGPS_GNF1H_GCRMA_77_TISSUE_DDOF1,0.2164813869506129,0.2965102362103188,-0.08002884925970591,SEROTONERGIC_PSYCHOACTIVE_CONTEXT,Serotonergic psychoactive context,SLC6A2,CingulateCortex
SLC6A2|EXACT_SINGLE_PROTEIN|HSAMP_e75262fc0acfda69d976a6d3|HUMAN_BIOGPS_GNF1H_GCRMA_77_TISSUE_DDOF1,0.7752997142902357,0.693601713083041,0.08169800120719473,SEROTONERGIC_PSYCHOACTIVE_CONTEXT,Serotonergic psychoactive context,SLC6A2,ParietalLobe
SLC6A2|EXACT_SINGLE_PROTEIN|HSAMP_eb2587e74e2d6457032d4ae7|HUMAN_BIOGPS_GNF1H_GCRMA_77_TISSUE_DDOF1,-0.6175198957580689,-0.3594496321488343,-0.2580702636092346,SEROTONERGIC_PSYCHOACTIVE_CONTEXT,Serotonergic psychoactive context,SLC6A2,TemporalLobe
SLC6A2|EXACT_SINGLE_PROTEIN|HSAMP_f43595f3557cf05e6a721aeb|HUMAN_BIOGPS_GNF1H_GCRMA_77_TISSUE_DDOF1,0.0793133115119636,0.1433044477375278,-0.0639911362255642,SEROTONERGIC_PSYCHOACTIVE_CONTEXT,Serotonergic psychoactive context,SLC6A2,Thalamus
SLC6A2|EXACT_SINGLE_PROTEIN|HSAMP_ff841df7ecd9f2c8ea2660f5|HUMAN_BIOGPS_GNF1H_GCRMA_77_TISSUE_DDOF1,-0.7579259018644592,-0.46841120275994536,-0.28951469910451383,SEROTONERGIC_PSYCHOACTIVE_CONTEXT,Serotonergic psychoactive context,SLC6A2,OlfactoryBulb
SLC6A3|EXACT_SINGLE_PROTEIN|HSAMP_06645e2e8409a5b743985cdd|HUMAN_BIOGPS_GNF1H_GCRMA_77_TISSUE_DDOF1,-0.9036593764170809,0.008776485083062184,-0.9124358615001431,SEROTONERGIC_PSYCHOACTIVE_CONTEXT,Serotonergic psychoactive context,SLC6A3,Wholebrain
SLC6A3|EXACT_SINGLE_PROTEIN|HSAMP_0cb8b4d1db8c390eeeecca55|HUMAN_BIOGPS_GNF1H_GCRMA_77_TISSUE_DDOF1,0.01727729262442284,0.22275431110863758,-0.20547701848421474,SEROTONERGIC_PSYCHOACTIVE_CONTEXT,Serotonergic psychoactive context,SLC6A3,Pons
SLC6A3|EXACT_SINGLE_PROTEIN|HSAMP_13a552b6ffc4aac3b85a50ca|HUMAN_BIOGPS_GNF1H_GCRMA_77_TISSUE_DDOF1,0.5666983409912103,0.5111159882121368,0.05558235277907353,SEROTONERGIC_PSYCHOACTIVE_CONTEXT,Serotonergic psychoactive context,SLC6A3,Amygdala
SLC6A3|EXACT_SINGLE_PROTEIN|HSAMP_192dff4b8df5862a227b1163|HUMAN_BIOGPS_GNF1H_GCRMA_77_TISSUE_DDOF1,-0.221832286669166,0.1510906023950888,-0.3729228890642548,SEROTONERGIC_PSYCHOACTIVE_CONTEXT,Serotonergic psychoactive context,SLC6A3,SubthalamicNucleus
SLC6A3|EXACT_SINGLE_PROTEIN|HSAMP_20b60708f05d03c76f9fe702|HUMAN_BIOGPS_GNF1H_GCRMA_77_TISSUE_DDOF1,1.1641254681508675,0.736955899237307,0.4271695689135605,SEROTONERGIC_PSYCHOACTIVE_CONTEXT,Serotonergic psychoactive context,SLC6A3,CerebellumPeduncles
SLC6A3|EXACT_SINGLE_PROTEIN|HSAMP_374f872ebf1bbba2be514f9f|HUMAN_BIOGPS_GNF1H_GCRMA_77_TISSUE_DDOF1,-1.51085260287073,-0.24938656722509972,-1.2614660356456304,SEROTONERGIC_PSYCHOACTIVE_CONTEXT,Serotonergic psychoactive context,SLC6A3,GlobusPallidus
SLC6A3|EXACT_SINGLE_PROTEIN|HSAMP_5c090f15f3e5194312a7e8ed|HUMAN_BIOGPS_GNF1H_GCRMA_77_TISSUE_DDOF1,-0.6317076260451668,0.07705693770801081,-0.7087645637531776,SEROTONERGIC_PSYCHOACTIVE_CONTEXT,Serotonergic psychoactive context,SLC6A3,MedullaOblongata
SLC6A3|EXACT_SINGLE_PROTEIN|HSAMP_752ebc880edc13bb4e2b2de8|HUMAN_BIOGPS_GNF1H_GCRMA_77_TISSUE_DDOF1,1.139175773015892,0.7252324283062885,0.4139433447096035,SEROTONERGIC_PSYCHOACTIVE_CONTEXT,Serotonergic psychoactive context,SLC6A3,PrefrontalCortex
SLC6A3|EXACT_SINGLE_PROTEIN|HSAMP_7725bb8a75064c4d7246d9ba|HUMAN_BIOGPS_GNF1H_GCRMA_77_TISSUE_DDOF1,-0.6317076260451668,0.07705693770801081,-0.7087645637531776,SEROTONERGIC_PSYCHOACTIVE_CONTEXT,Serotonergic psychoactive context,SLC6A3,OccipitalLobe
SLC6A3|EXACT_SINGLE_PROTEIN|HSAMP_8ed020260a1d25cf72324c8a|HUMAN_BIOGPS_GNF1H_GCRMA_77_TISSUE_DDOF1,2.182869350941762,1.1834764977462422,0.9993928531955198,SEROTONERGIC_PSYCHOACTIVE_CONTEXT,Serotonergic psychoactive context,SLC6A3,Hypothalamus
SLC6A3|EXACT_SINGLE_PROTEIN|HSAMP_936b77a4b11b5c19027de438|HUMAN_BIOGPS_GNF1H_GCRMA_77_TISSUE_DDOF1,0.6456219738069149,0.5258607893488173,0.11976118445809758,SEROTONERGIC_PSYCHOACTIVE_CONTEXT,Serotonergic psychoactive context,SLC6A3,Spinalcord
SLC6A3|EXACT_SINGLE_PROTEIN|HSAMP_9aa72e4fb1ff63e1792b1ec7|HUMAN_BIOGPS_GNF1H_GCRMA_77_TISSUE_DDOF1,-1.1424650971158654,-0.09694762364065228,-1.045517473475213,SEROTONERGIC_PSYCHOACTIVE_CONTEXT,Serotonergic psychoactive context,SLC6A3,Cerebellum
SLC6A3|EXACT_SINGLE_PROTEIN|HSAMP_a32ce488a48b0df9b8c4c40a|HUMAN_BIOGPS_GNF1H_GCRMA_77_TISSUE_DDOF1,-0.69464193733049,0.061219216688595854,-0.7558611540190858,SEROTONERGIC_PSYCHOACTIVE_CONTEXT,Serotonergic psychoactive context,SLC6A3,Caudatenucleus
SLC6A3|EXACT_SINGLE_PROTEIN|HSAMP_d99ba5ea584363f8600ade55|HUMAN_BIOGPS_GNF1H_GCRMA_77_TISSUE_DDOF1,0.5666983409912103,0.5111159882121368,0.05558235277907353,SEROTONERGIC_PSYCHOACTIVE_CONTEXT,Serotonergic psychoactive context,SLC6A3,CingulateCortex
SLC6A3|EXACT_SINGLE_PROTEIN|HSAMP_e75262fc0acfda69d976a6d3|HUMAN_BIOGPS_GNF1H_GCRMA_77_TISSUE_DDOF1,0.6456219738069149,0.5258607893488173,0.11976118445809758,SEROTONERGIC_PSYCHOACTIVE_CONTEXT,Serotonergic psychoactive context,SLC6A3,ParietalLobe
SLC6A3|EXACT_SINGLE_PROTEIN|HSAMP_eb2587e74e2d6457032d4ae7|HUMAN_BIOGPS_GNF1H_GCRMA_77_TISSUE_DDOF1,-0.6317076260451668,0.07705693770801081,-0.7087645637531776,SEROTONERGIC_PSYCHOACTIVE_CONTEXT,Serotonergic psychoactive context,SLC6A3,TemporalLobe
SLC6A3|EXACT_SINGLE_PROTEIN|HSAMP_f43595f3557cf05e6a721aeb|HUMAN_BIOGPS_GNF1H_GCRMA_77_TISSUE_DDOF1,0.5666983409912103,0.5111159882121368,0.05558235277907353,SEROTONERGIC_PSYCHOACTIVE_CONTEXT,Serotonergic psychoactive context,SLC6A3,Thalamus
SLC6A3|EXACT_SINGLE_PROTEIN|HSAMP_ff841df7ecd9f2c8ea2660f5|HUMAN_BIOGPS_GNF1H_GCRMA_77_TISSUE_DDOF1,-1.1424650971158654,-0.09694762364065228,-1.045517473475213,SEROTONERGIC_PSYCHOACTIVE_CONTEXT,Serotonergic psychoactive context,SLC6A3,OlfactoryBulb
SLC6A4|EXACT_SINGLE_PROTEIN|HSAMP_06645e2e8409a5b743985cdd|HUMAN_BIOGPS_GNF1H_GCRMA_77_TISSUE_DDOF1,-0.25135445637222936,0.12162862442604423,-0.3729830807982736,SEROTONERGIC_PSYCHOACTIVE_CONTEXT,Serotonergic psychoactive context,SLC6A4,Wholebrain
SLC6A4|EXACT_SINGLE_PROTEIN|HSAMP_0cb8b4d1db8c390eeeecca55|HUMAN_BIOGPS_GNF1H_GCRMA_77_TISSUE_DDOF1,0.07188917544024263,0.22473651952936902,-0.15284734408912637,SEROTONERGIC_PSYCHOACTIVE_CONTEXT,Serotonergic psychoactive context,SLC6A4,Pons
SLC6A4|EXACT_SINGLE_PROTEIN|HSAMP_13a552b6ffc4aac3b85a50ca|HUMAN_BIOGPS_GNF1H_GCRMA_77_TISSUE_DDOF1,0.0271444976889488,0.18704767742065145,-0.15990317973170265,SEROTONERGIC_PSYCHOACTIVE_CONTEXT,Serotonergic psychoactive context,SLC6A4,Amygdala
SLC6A4|EXACT_SINGLE_PROTEIN|HSAMP_192dff4b8df5862a227b1163|HUMAN_BIOGPS_GNF1H_GCRMA_77_TISSUE_DDOF1,-0.1367075388384357,0.14510000930597736,-0.28180754814441306,SEROTONERGIC_PSYCHOACTIVE_CONTEXT,Serotonergic psychoactive context,SLC6A4,SubthalamicNucleus
SLC6A4|EXACT_SINGLE_PROTEIN|HSAMP_20b60708f05d03c76f9fe702|HUMAN_BIOGPS_GNF1H_GCRMA_77_TISSUE_DDOF1,0.1102442582911983,0.2582772496682294,-0.1480329913770311,SEROTONERGIC_PSYCHOACTIVE_CONTEXT,Serotonergic psychoactive context,SLC6A4,CerebellumPeduncles
SLC6A4|EXACT_SINGLE_PROTEIN|HSAMP_374f872ebf1bbba2be514f9f|HUMAN_BIOGPS_GNF1H_GCRMA_77_TISSUE_DDOF1,-0.4371859824980134,0.08704224077728304,-0.5242282232752964,SEROTONERGIC_PSYCHOACTIVE_CONTEXT,Serotonergic psychoactive context,SLC6A4,GlobusPallidus
SLC6A4|EXACT_SINGLE_PROTEIN|HSAMP_5c090f15f3e5194312a7e8ed|HUMAN_BIOGPS_GNF1H_GCRMA_77_TISSUE_DDOF1,-0.054655890656651725,0.15616517157323911,-0.21082106222989083,SEROTONERGIC_PSYCHOACTIVE_CONTEXT,Serotonergic psychoactive context,SLC6A4,MedullaOblongata
SLC6A4|EXACT_SINGLE_PROTEIN|HSAMP_752ebc880edc13bb4e2b2de8|HUMAN_BIOGPS_GNF1H_GCRMA_77_TISSUE_DDOF1,0.2907949004382928,0.43160675095341283,-0.14081185051512002,SEROTONERGIC_PSYCHOACTIVE_CONTEXT,Serotonergic psychoactive context,SLC6A4,PrefrontalCortex
SLC6A4|EXACT_SINGLE_PROTEIN|HSAMP_7725bb8a75064c4d7246d9ba|HUMAN_BIOGPS_GNF1H_GCRMA_77_TISSUE_DDOF1,-0.17884169477383446,0.13595965850993472,-0.3148013532837692,SEROTONERGIC_PSYCHOACTIVE_CONTEXT,Serotonergic psychoactive context,SLC6A4,OccipitalLobe
SLC6A4|EXACT_SINGLE_PROTEIN|HSAMP_8ed020260a1d25cf72324c8a|HUMAN_BIOGPS_GNF1H_GCRMA_77_TISSUE_DDOF1,0.0271444976889488,0.18704767742065145,-0.15990317973170265,SEROTONERGIC_PSYCHOACTIVE_CONTEXT,Serotonergic psychoactive context,SLC6A4,Hypothalamus
SLC6A4|EXACT_SINGLE_PROTEIN|HSAMP_936b77a4b11b5c19027de438|HUMAN_BIOGPS_GNF1H_GCRMA_77_TISSUE_DDOF1,0.05055470938774039,0.21344746456400351,-0.16289275517626312,SEROTONERGIC_PSYCHOACTIVE_CONTEXT,Serotonergic psychoactive context,SLC6A4,Spinalcord
SLC6A4|EXACT_SINGLE_PROTEIN|HSAMP_9aa72e4fb1ff63e1792b1ec7|HUMAN_BIOGPS_GNF1H_GCRMA_77_TISSUE_DDOF1,0.9355939929881446,0.6721002491031104,0.2634937438850342,SEROTONERGIC_PSYCHOACTIVE_CONTEXT,Serotonergic psychoactive context,SLC6A4,Cerebellum
SLC6A4|EXACT_SINGLE_PROTEIN|HSAMP_a32ce488a48b0df9b8c4c40a|HUMAN_BIOGPS_GNF1H_GCRMA_77_TISSUE_DDOF1,0.09786726621788498,0.24897638281336257,-0.1511091165954776,SEROTONERGIC_PSYCHOACTIVE_CONTEXT,Serotonergic psychoactive context,SLC6A4,Caudatenucleus
SLC6A4|EXACT_SINGLE_PROTEIN|HSAMP_d99ba5ea584363f8600ade55|HUMAN_BIOGPS_GNF1H_GCRMA_77_TISSUE_DDOF1,-0.0003896569041729336,0.17290964398328929,-0.17329930088746223,SEROTONERGIC_PSYCHOACTIVE_CONTEXT,Serotonergic psychoactive context,SLC6A4,CingulateCortex
SLC6A4|EXACT_SINGLE_PROTEIN|HSAMP_e75262fc0acfda69d976a6d3|HUMAN_BIOGPS_GNF1H_GCRMA_77_TISSUE_DDOF1,0.09786726621788498,0.24897638281336257,-0.1511091165954776,SEROTONERGIC_PSYCHOACTIVE_CONTEXT,Serotonergic psychoactive context,SLC6A4,ParietalLobe
SLC6A4|EXACT_SINGLE_PROTEIN|HSAMP_eb2587e74e2d6457032d4ae7|HUMAN_BIOGPS_GNF1H_GCRMA_77_TISSUE_DDOF1,-0.17884169477383446,0.13595965850993472,-0.3148013532837692,SEROTONERGIC_PSYCHOACTIVE_CONTEXT,Serotonergic psychoactive context,SLC6A4,TemporalLobe
SLC6A4|EXACT_SINGLE_PROTEIN|HSAMP_f43595f3557cf05e6a721aeb|HUMAN_BIOGPS_GNF1H_GCRMA_77_TISSUE_DDOF1,-0.011083252746525038,0.16703671136154558,-0.17811996410807063,SEROTONERGIC_PSYCHOACTIVE_CONTEXT,Serotonergic psychoactive context,SLC6A4,Thalamus
SLC6A4|EXACT_SINGLE_PROTEIN|HSAMP_ff841df7ecd9f2c8ea2660f5|HUMAN_BIOGPS_GNF1H_GCRMA_77_TISSUE_DDOF1,-0.36220970206270436,0.10469472248433954,-0.4669044245470439,SEROTONERGIC_PSYCHOACTIVE_CONTEXT,Serotonergic psychoactive context,SLC6A4,OlfactoryBulb
ADRA1A|EXACT_SINGLE_PROTEIN|HSAMP_06645e2e8409a5b743985cdd|HUMAN_BIOGPS_GNF1H_GCRMA_77_TISSUE_DDOF1,-1.5437279671639712,-0.8104500132392628,-0.7332779539247084,TYPICAL_ANTIPSYCHOTICS,Typical antipsychotics,ADRA1A,Wholebrain
ADRA1A|EXACT_SINGLE_PROTEIN|HSAMP_0cb8b4d1db8c390eeeecca55|HUMAN_BIOGPS_GNF1H_GCRMA_77_TISSUE_DDOF1,1.4195828780719864,1.0164383073308518,0.4031445707411345,TYPICAL_ANTIPSYCHOTICS,Typical antipsychotics,ADRA1A,Pons
ADRA1A|EXACT_SINGLE_PROTEIN|HSAMP_13a552b6ffc4aac3b85a50ca|HUMAN_BIOGPS_GNF1H_GCRMA_77_TISSUE_DDOF1,0.01727729262442284,0.12367478032107235,-0.1063974876966495,TYPICAL_ANTIPSYCHOTICS,Typical antipsychotics,ADRA1A,Amygdala
ADRA1A|EXACT_SINGLE_PROTEIN|HSAMP_192dff4b8df5862a227b1163|HUMAN_BIOGPS_GNF1H_GCRMA_77_TISSUE_DDOF1,-0.17327345734461072,0.06063015606471906,-0.23390361340932977,TYPICAL_ANTIPSYCHOTICS,Typical antipsychotics,ADRA1A,SubthalamicNucleus
ADRA1A|EXACT_SINGLE_PROTEIN|HSAMP_20b60708f05d03c76f9fe702|HUMAN_BIOGPS_GNF1H_GCRMA_77_TISSUE_DDOF1,1.2202698721222003,0.9375136028866817,0.28275626923551855,TYPICAL_ANTIPSYCHOTICS,Typical antipsychotics,ADRA1A,CerebellumPeduncles
ADRA1A|EXACT_SINGLE_PROTEIN|HSAMP_374f872ebf1bbba2be514f9f|HUMAN_BIOGPS_GNF1H_GCRMA_77_TISSUE_DDOF1,-1.0125913122842531,-0.5335239539247425,-0.47906735835951064,TYPICAL_ANTIPSYCHOTICS,Typical antipsychotics,ADRA1A,GlobusPallidus
ADRA1A|EXACT_SINGLE_PROTEIN|HSAMP_5c090f15f3e5194312a7e8ed|HUMAN_BIOGPS_GNF1H_GCRMA_77_TISSUE_DDOF1,-0.7142836231329676,-0.25925413362751504,-0.4550294895054525,TYPICAL_ANTIPSYCHOTICS,Typical antipsychotics,ADRA1A,MedullaOblongata
ADRA1A|EXACT_SINGLE_PROTEIN|HSAMP_752ebc880edc13bb4e2b2de8|HUMAN_BIOGPS_GNF1H_GCRMA_77_TISSUE_DDOF1,1.0330401383418797,0.8379262965123158,0.19511384182956393,TYPICAL_ANTIPSYCHOTICS,Typical antipsychotics,ADRA1A,PrefrontalCortex
ADRA1A|EXACT_SINGLE_PROTEIN|HSAMP_7725bb8a75064c4d7246d9ba|HUMAN_BIOGPS_GNF1H_GCRMA_77_TISSUE_DDOF1,-0.7735111971300326,-0.31333331417329835,-0.46017788295673423,TYPICAL_ANTIPSYCHOTICS,Typical antipsychotics,ADRA1A,OccipitalLobe
ADRA1A|EXACT_SINGLE_PROTEIN|HSAMP_8ed020260a1d25cf72324c8a|HUMAN_BIOGPS_GNF1H_GCRMA_77_TISSUE_DDOF1,0.48383712564449033,0.4796054871926049,0.0042316384518854555,TYPICAL_ANTIPSYCHOTICS,Typical antipsychotics,ADRA1A,Hypothalamus
ADRA1A|EXACT_SINGLE_PROTEIN|HSAMP_936b77a4b11b5c19027de438|HUMAN_BIOGPS_GNF1H_GCRMA_77_TISSUE_DDOF1,0.6803833642951119,0.5742177612009168,0.1061656030941951,TYPICAL_ANTIPSYCHOTICS,Typical antipsychotics,ADRA1A,Spinalcord
ADRA1A|EXACT_SINGLE_PROTEIN|HSAMP_9aa72e4fb1ff63e1792b1ec7|HUMAN_BIOGPS_GNF1H_GCRMA_77_TISSUE_DDOF1,-1.176829333645712,-0.6342219574046606,-0.5426073762410515,TYPICAL_ANTIPSYCHOTICS,Typical antipsychotics,ADRA1A,Cerebellum
ADRA1A|EXACT_SINGLE_PROTEIN|HSAMP_a32ce488a48b0df9b8c4c40a|HUMAN_BIOGPS_GNF1H_GCRMA_77_TISSUE_DDOF1,-0.7735111971300326,-0.31333331417329835,-0.46017788295673423,TYPICAL_ANTIPSYCHOTICS,Typical antipsychotics,ADRA1A,Caudatenucleus
ADRA1A|EXACT_SINGLE_PROTEIN|HSAMP_d99ba5ea584363f8600ade55|HUMAN_BIOGPS_GNF1H_GCRMA_77_TISSUE_DDOF1,0.5697969462378093,0.532755097351263,0.03704184888654627,TYPICAL_ANTIPSYCHOTICS,Typical antipsychotics,ADRA1A,CingulateCortex
ADRA1A|EXACT_SINGLE_PROTEIN|HSAMP_e75262fc0acfda69d976a6d3|HUMAN_BIOGPS_GNF1H_GCRMA_77_TISSUE_DDOF1,0.7908831192896955,0.6700253057877772,0.12085781350191827,TYPICAL_ANTIPSYCHOTICS,Typical antipsychotics,ADRA1A,ParietalLobe
ADRA1A|EXACT_SINGLE_PROTEIN|HSAMP_eb2587e74e2d6457032d4ae7|HUMAN_BIOGPS_GNF1H_GCRMA_77_TISSUE_DDOF1,-0.47438680247321735,-0.05058618872144448,-0.42380061375177286,TYPICAL_ANTIPSYCHOTICS,Typical antipsychotics,ADRA1A,TemporalLobe
ADRA1A|EXACT_SINGLE_PROTEIN|HSAMP_f43595f3557cf05e6a721aeb|HUMAN_BIOGPS_GNF1H_GCRMA_77_TISSUE_DDOF1,0.2937959716720335,0.4085503634690872,-0.11475439179705371,TYPICAL_ANTIPSYCHOTICS,Typical antipsychotics,ADRA1A,Thalamus
ADRA1A|EXACT_SINGLE_PROTEIN|HSAMP_ff841df7ecd9f2c8ea2660f5|HUMAN_BIOGPS_GNF1H_GCRMA_77_TISSUE_DDOF1,-1.3916941247707881,-0.7472780409413222,-0.6444160838294659,TYPICAL_ANTIPSYCHOTICS,Typical antipsychotics,ADRA1A,OlfactoryBulb
ADRA2A|EXACT_SINGLE_PROTEIN|HSAMP_06645e2e8409a5b743985cdd|HUMAN_BIOGPS_GNF1H_GCRMA_77_TISSUE_DDOF1,1.3256712318464634,1.1067874595234304,0.21888377232303302,TYPICAL_ANTIPSYCHOTICS,Typical antipsychotics,ADRA2A,Wholebrain
ADRA2A|EXACT_SINGLE_PROTEIN|HSAMP_0cb8b4d1db8c390eeeecca55|HUMAN_BIOGPS_GNF1H_GCRMA_77_TISSUE_DDOF1,-0.5044395774634475,-0.2579644527756142,-0.24647512468783328,TYPICAL_ANTIPSYCHOTICS,Typical antipsychotics,ADRA2A,Pons
ADRA2A|EXACT_SINGLE_PROTEIN|HSAMP_13a552b6ffc4aac3b85a50ca|HUMAN_BIOGPS_GNF1H_GCRMA_77_TISSUE_DDOF1,0.5741290899637739,0.5584929209570586,0.015636169006715273,TYPICAL_ANTIPSYCHOTICS,Typical antipsychotics,ADRA2A,Amygdala
ADRA2A|EXACT_SINGLE_PROTEIN|HSAMP_192dff4b8df5862a227b1163|HUMAN_BIOGPS_GNF1H_GCRMA_77_TISSUE_DDOF1,-0.6732064603943135,-0.3847589497142307,-0.28844751068008284,TYPICAL_ANTIPSYCHOTICS,Typical antipsychotics,ADRA2A,SubthalamicNucleus
ADRA2A|EXACT_SINGLE_PROTEIN|HSAMP_20b60708f05d03c76f9fe702|HUMAN_BIOGPS_GNF1H_GCRMA_77_TISSUE_DDOF1,0.5992580300558955,0.576895348813927,0.022362681241968496,TYPICAL_ANTIPSYCHOTICS,Typical antipsychotics,ADRA2A,CerebellumPeduncles
ADRA2A|EXACT_SINGLE_PROTEIN|HSAMP_374f872ebf1bbba2be514f9f|HUMAN_BIOGPS_GNF1H_GCRMA_77_TISSUE_DDOF1,-1.129932837769179,-0.7350872249153122,-0.3948456128538669,TYPICAL_ANTIPSYCHOTICS,Typical antipsychotics,ADRA2A,GlobusPallidus
ADRA2A|EXACT_SINGLE_PROTEIN|HSAMP_5c090f15f3e5194312a7e8ed|HUMAN_BIOGPS_GNF1H_GCRMA_77_TISSUE_DDOF1,-0.7142836231329676,-0.4108618273358606,-0.303421795797107,TYPICAL_ANTIPSYCHOTICS,Typical antipsychotics,ADRA2A,MedullaOblongata
ADRA2A|EXACT_SINGLE_PROTEIN|HSAMP_752ebc880edc13bb4e2b2de8|HUMAN_BIOGPS_GNF1H_GCRMA_77_TISSUE_DDOF1,0.6639939006317417,0.6176282792754733,0.04636562135626843,TYPICAL_ANTIPSYCHOTICS,Typical antipsychotics,ADRA2A,PrefrontalCortex
ADRA2A|EXACT_SINGLE_PROTEIN|HSAMP_7725bb8a75064c4d7246d9ba|HUMAN_BIOGPS_GNF1H_GCRMA_77_TISSUE_DDOF1,-0.6732064603943135,-0.3847589497142307,-0.28844751068008284,TYPICAL_ANTIPSYCHOTICS,Typical antipsychotics,ADRA2A,OccipitalLobe
ADRA2A|EXACT_SINGLE_PROTEIN|HSAMP_8ed020260a1d25cf72324c8a|HUMAN_BIOGPS_GNF1H_GCRMA_77_TISSUE_DDOF1,0.22956957141467732,0.3103224466024185,-0.08075287518774116,TYPICAL_ANTIPSYCHOTICS,Typical antipsychotics,ADRA2A,Hypothalamus
ADRA2A|EXACT_SINGLE_PROTEIN|HSAMP_936b77a4b11b5c19027de438|HUMAN_BIOGPS_GNF1H_GCRMA_77_TISSUE_DDOF1,-0.047357446085577085,0.03999201258933595,-0.08734945867491303,TYPICAL_ANTIPSYCHOTICS,Typical antipsychotics,ADRA2A,Spinalcord
ADRA2A|EXACT_SINGLE_PROTEIN|HSAMP_9aa72e4fb1ff63e1792b1ec7|HUMAN_BIOGPS_GNF1H_GCRMA_77_TISSUE_DDOF1,-0.8108793577649526,-0.4686525297823864,-0.34222682798256615,TYPICAL_ANTIPSYCHOTICS,Typical antipsychotics,ADRA2A,Cerebellum
ADRA2A|EXACT_SINGLE_PROTEIN|HSAMP_a32ce488a48b0df9b8c4c40a|HUMAN_BIOGPS_GNF1H_GCRMA_77_TISSUE_DDOF1,-0.733236447782707,-0.41628714557930435,-0.31694930220340267,TYPICAL_ANTIPSYCHOTICS,Typical antipsychotics,ADRA2A,Caudatenucleus
ADRA2A|EXACT_SINGLE_PROTEIN|HSAMP_d99ba5ea584363f8600ade55|HUMAN_BIOGPS_GNF1H_GCRMA_77_TISSUE_DDOF1,-0.2634322811930612,-0.1332921765720153,-0.13014010462104592,TYPICAL_ANTIPSYCHOTICS,Typical antipsychotics,ADRA2A,CingulateCortex
ADRA2A|EXACT_SINGLE_PROTEIN|HSAMP_e75262fc0acfda69d976a6d3|HUMAN_BIOGPS_GNF1H_GCRMA_77_TISSUE_DDOF1,0.055922154422395114,0.1849167091046221,-0.12899455468222698,TYPICAL_ANTIPSYCHOTICS,Typical antipsychotics,ADRA2A,ParietalLobe
ADRA2A|EXACT_SINGLE_PROTEIN|HSAMP_eb2587e74e2d6457032d4ae7|HUMAN_BIOGPS_GNF1H_GCRMA_77_TISSUE_DDOF1,-0.5955305040679503,-0.3213715775517825,-0.2741589265161678,TYPICAL_ANTIPSYCHOTICS,Typical antipsychotics,ADRA2A,TemporalLobe
ADRA2A|EXACT_SINGLE_PROTEIN|HSAMP_f43595f3557cf05e6a721aeb|HUMAN_BIOGPS_GNF1H_GCRMA_77_TISSUE_DDOF1,-0.2634322811930612,-0.1332921765720153,-0.13014010462104592,TYPICAL_ANTIPSYCHOTICS,Typical antipsychotics,ADRA2A,Thalamus
ADRA2A|EXACT_SINGLE_PROTEIN|HSAMP_ff841df7ecd9f2c8ea2660f5|HUMAN_BIOGPS_GNF1H_GCRMA_77_TISSUE_DDOF1,-1.0157075272297438,-0.635183337620497,-0.38052418960924683,TYPICAL_ANTIPSYCHOTICS,Typical antipsychotics,ADRA2A,OlfactoryBulb
ADRA2B|EXACT_SINGLE_PROTEIN|HSAMP_06645e2e8409a5b743985cdd|HUMAN_BIOGPS_GNF1H_GCRMA_77_TISSUE_DDOF1,-1.081013102938054,-0.8566673304298559,-0.2243457725081982,TYPICAL_ANTIPSYCHOTICS,Typical antipsychotics,ADRA2B,Wholebrain
ADRA2B|EXACT_SINGLE_PROTEIN|HSAMP_0cb8b4d1db8c390eeeecca55|HUMAN_BIOGPS_GNF1H_GCRMA_77_TISSUE_DDOF1,-0.19085554650662634,-0.16938332691276664,-0.021472219593859698,TYPICAL_ANTIPSYCHOTICS,Typical antipsychotics,ADRA2B,Pons
ADRA2B|EXACT_SINGLE_PROTEIN|HSAMP_13a552b6ffc4aac3b85a50ca|HUMAN_BIOGPS_GNF1H_GCRMA_77_TISSUE_DDOF1,0.8015037237186955,0.7364368670590453,0.06506685665965017,TYPICAL_ANTIPSYCHOTICS,Typical antipsychotics,ADRA2B,Amygdala
ADRA2B|EXACT_SINGLE_PROTEIN|HSAMP_192dff4b8df5862a227b1163|HUMAN_BIOGPS_GNF1H_GCRMA_77_TISSUE_DDOF1,-0.5960540842206639,-0.4085737830474201,-0.18748030117324377,TYPICAL_ANTIPSYCHOTICS,Typical antipsychotics,ADRA2B,SubthalamicNucleus
ADRA2B|EXACT_SINGLE_PROTEIN|HSAMP_20b60708f05d03c76f9fe702|HUMAN_BIOGPS_GNF1H_GCRMA_77_TISSUE_DDOF1,1.0999181395371558,1.037491829959881,0.0624263095772748,TYPICAL_ANTIPSYCHOTICS,Typical antipsychotics,ADRA2B,CerebellumPeduncles
ADRA2B|EXACT_SINGLE_PROTEIN|HSAMP_374f872ebf1bbba2be514f9f|HUMAN_BIOGPS_GNF1H_GCRMA_77_TISSUE_DDOF1,-1.7950706659821885,-1.5475266775397596,-0.24754398844242886,TYPICAL_ANTIPSYCHOTICS,Typical antipsychotics,ADRA2B,GlobusPallidus
ADRA2B|EXACT_SINGLE_PROTEIN|HSAMP_5c090f15f3e5194312a7e8ed|HUMAN_BIOGPS_GNF1H_GCRMA_77_TISSUE_DDOF1,-0.5960540842206639,-0.4085737830474201,-0.18748030117324377,TYPICAL_ANTIPSYCHOTICS,Typical antipsychotics,ADRA2B,MedullaOblongata
ADRA2B|EXACT_SINGLE_PROTEIN|HSAMP_752ebc880edc13bb4e2b2de8|HUMAN_BIOGPS_GNF1H_GCRMA_77_TISSUE_DDOF1,1.4747756920705977,1.291229211245474,0.1835464808251237,TYPICAL_ANTIPSYCHOTICS,Typical antipsychotics,ADRA2B,PrefrontalCortex
ADRA2B|EXACT_SINGLE_PROTEIN|HSAMP_7725bb8a75064c4d7246d9ba|HUMAN_BIOGPS_GNF1H_GCRMA_77_TISSUE_DDOF1,-0.6793234109591311,-0.47490194740751485,-0.20442146355161622,TYPICAL_ANTIPSYCHOTICS,Typical antipsychotics,ADRA2B,OccipitalLobe
ADRA2B|EXACT_SINGLE_PROTEIN|HSAMP_8ed020260a1d25cf72324c8a|HUMAN_BIOGPS_GNF1H_GCRMA_77_TISSUE_DDOF1,0.9398984229482849,0.861331407208046,0.07856701574023883,TYPICAL_ANTIPSYCHOTICS,Typical antipsychotics,ADRA2B,Hypothalamus
ADRA2B|EXACT_SINGLE_PROTEIN|HSAMP_936b77a4b11b5c19027de438|HUMAN_BIOGPS_GNF1H_GCRMA_77_TISSUE_DDOF1,0.8943310695375521,0.8148729664255356,0.07945810311201651,TYPICAL_ANTIPSYCHOTICS,Typical antipsychotics,ADRA2B,Spinalcord
ADRA2B|EXACT_SINGLE_PROTEIN|HSAMP_9aa72e4fb1ff63e1792b1ec7|HUMAN_BIOGPS_GNF1H_GCRMA_77_TISSUE_DDOF1,-1.3071910274498197,-1.100783015634411,-0.2064080118154088,TYPICAL_ANTIPSYCHOTICS,Typical antipsychotics,ADRA2B,Cerebellum
ADRA2B|EXACT_SINGLE_PROTEIN|HSAMP_a32ce488a48b0df9b8c4c40a|HUMAN_BIOGPS_GNF1H_GCRMA_77_TISSUE_DDOF1,-0.6793234109591311,-0.47490194740751485,-0.20442146355161622,TYPICAL_ANTIPSYCHOTICS,Typical antipsychotics,ADRA2B,Caudatenucleus
ADRA2B|EXACT_SINGLE_PROTEIN|HSAMP_d99ba5ea584363f8600ade55|HUMAN_BIOGPS_GNF1H_GCRMA_77_TISSUE_DDOF1,0.6885996288359957,0.6505524754255523,0.0380471534104434,TYPICAL_ANTIPSYCHOTICS,Typical antipsychotics,ADRA2B,CingulateCortex
ADRA2B|EXACT_SINGLE_PROTEIN|HSAMP_e75262fc0acfda69d976a6d3|HUMAN_BIOGPS_GNF1H_GCRMA_77_TISSUE_DDOF1,0.8015037237186955,0.7364368670590453,0.06506685665965017,TYPICAL_ANTIPSYCHOTICS,Typical antipsychotics,ADRA2B,ParietalLobe
ADRA2B|EXACT_SINGLE_PROTEIN|HSAMP_eb2587e74e2d6457032d4ae7|HUMAN_BIOGPS_GNF1H_GCRMA_77_TISSUE_DDOF1,-0.5960540842206639,-0.4085737830474201,-0.18748030117324377,TYPICAL_ANTIPSYCHOTICS,Typical antipsychotics,ADRA2B,TemporalLobe
ADRA2B|EXACT_SINGLE_PROTEIN|HSAMP_f43595f3557cf05e6a721aeb|HUMAN_BIOGPS_GNF1H_GCRMA_77_TISSUE_DDOF1,0.5957988184928056,0.5930627090592626,0.002736109433542966,TYPICAL_ANTIPSYCHOTICS,Typical antipsychotics,ADRA2B,Thalamus
ADRA2B|EXACT_SINGLE_PROTEIN|HSAMP_ff841df7ecd9f2c8ea2660f5|HUMAN_BIOGPS_GNF1H_GCRMA_77_TISSUE_DDOF1,-1.4188882087327248,-1.180213628065703,-0.23867458066702185,TYPICAL_ANTIPSYCHOTICS,Typical antipsychotics,ADRA2B,OlfactoryBulb
ADRA2C|EXACT_SINGLE_PROTEIN|HSAMP_06645e2e8409a5b743985cdd|HUMAN_BIOGPS_GNF1H_GCRMA_77_TISSUE_DDOF1,-1.0157075272297438,-0.7281941818480208,-0.287513345381723,TYPICAL_ANTIPSYCHOTICS,Typical antipsychotics,ADRA2C,Wholebrain
ADRA2C|EXACT_SINGLE_PROTEIN|HSAMP_0cb8b4d1db8c390eeeecca55|HUMAN_BIOGPS_GNF1H_GCRMA_77_TISSUE_DDOF1,1.1871452865866186,1.0881502888605725,0.09899499772604603,TYPICAL_ANTIPSYCHOTICS,Typical antipsychotics,ADRA2C,Pons
ADRA2C|EXACT_SINGLE_PROTEIN|HSAMP_13a552b6ffc4aac3b85a50ca|HUMAN_BIOGPS_GNF1H_GCRMA_77_TISSUE_DDOF1,0.422807042795757,0.4324002014415431,-0.009593158645786137,TYPICAL_ANTIPSYCHOTICS,Typical antipsychotics,ADRA2C,Amygdala
ADRA2C|EXACT_SINGLE_PROTEIN|HSAMP_192dff4b8df5862a227b1163|HUMAN_BIOGPS_GNF1H_GCRMA_77_TISSUE_DDOF1,-0.5848132215317517,-0.36213444837983016,-0.22267877315192158,TYPICAL_ANTIPSYCHOTICS,Typical antipsychotics,ADRA2C,SubthalamicNucleus
ADRA2C|EXACT_SINGLE_PROTEIN|HSAMP_20b60708f05d03c76f9fe702|HUMAN_BIOGPS_GNF1H_GCRMA_77_TISSUE_DDOF1,1.2527025925413384,1.129980867534844,0.12272172500649448,TYPICAL_ANTIPSYCHOTICS,Typical antipsychotics,ADRA2C,CerebellumPeduncles
ADRA2C|EXACT_SINGLE_PROTEIN|HSAMP_374f872ebf1bbba2be514f9f|HUMAN_BIOGPS_GNF1H_GCRMA_77_TISSUE_DDOF1,0.8881172637591862,0.7927637427500894,0.09535352100909678,TYPICAL_ANTIPSYCHOTICS,Typical antipsychotics,ADRA2C,GlobusPallidus
ADRA2C|EXACT_SINGLE_PROTEIN|HSAMP_5c090f15f3e5194312a7e8ed|HUMAN_BIOGPS_GNF1H_GCRMA_77_TISSUE_DDOF1,-0.5483840564311945,-0.3373967106995188,-0.21098734573167566,TYPICAL_ANTIPSYCHOTICS,Typical antipsychotics,ADRA2C,MedullaOblongata
ADRA2C|EXACT_SINGLE_PROTEIN|HSAMP_752ebc880edc13bb4e2b2de8|HUMAN_BIOGPS_GNF1H_GCRMA_77_TISSUE_DDOF1,0.8685906746985917,0.7760561371983452,0.09253453750024654,TYPICAL_ANTIPSYCHOTICS,Typical antipsychotics,ADRA2C,PrefrontalCortex
ADRA2C|EXACT_SINGLE_PROTEIN|HSAMP_7725bb8a75064c4d7246d9ba|HUMAN_BIOGPS_GNF1H_GCRMA_77_TISSUE_DDOF1,-0.4668564817714058,-0.27989647280476565,-0.18696000896664017,TYPICAL_ANTIPSYCHOTICS,Typical antipsychotics,ADRA2C,OccipitalLobe
ADRA2C|EXACT_SINGLE_PROTEIN|HSAMP_8ed020260a1d25cf72324c8a|HUMAN_BIOGPS_GNF1H_GCRMA_77_TISSUE_DDOF1,-0.29018208286083713,-0.200115423260472,-0.09006665960036514,TYPICAL_ANTIPSYCHOTICS,Typical antipsychotics,ADRA2C,Hypothalamus
ADRA2C|EXACT_SINGLE_PROTEIN|HSAMP_936b77a4b11b5c19027de438|HUMAN_BIOGPS_GNF1H_GCRMA_77_TISSUE_DDOF1,0.07252381466825766,0.13859879795225621,-0.06607498328399855,TYPICAL_ANTIPSYCHOTICS,Typical antipsychotics,ADRA2C,Spinalcord
ADRA2C|EXACT_SINGLE_PROTEIN|HSAMP_9aa72e4fb1ff63e1792b1ec7|HUMAN_BIOGPS_GNF1H_GCRMA_77_TISSUE_DDOF1,-0.974213409077616,-0.6688827568044909,-0.30533065227312506,TYPICAL_ANTIPSYCHOTICS,Typical antipsychotics,ADRA2C,Cerebellum
ADRA2C|EXACT_SINGLE_PROTEIN|HSAMP_a32ce488a48b0df9b8c4c40a|HUMAN_BIOGPS_GNF1H_GCRMA_77_TISSUE_DDOF1,1.2402225586858004,1.1215418126361125,0.11868074604968792,TYPICAL_ANTIPSYCHOTICS,Typical antipsychotics,ADRA2C,Caudatenucleus
ADRA2C|EXACT_SINGLE_PROTEIN|HSAMP_d99ba5ea584363f8600ade55|HUMAN_BIOGPS_GNF1H_GCRMA_77_TISSUE_DDOF1,0.933270355461989,0.8331492948760357,0.10012106058595327,TYPICAL_ANTIPSYCHOTICS,Typical antipsychotics,ADRA2C,CingulateCortex
ADRA2C|EXACT_SINGLE_PROTEIN|HSAMP_e75262fc0acfda69d976a6d3|HUMAN_BIOGPS_GNF1H_GCRMA_77_TISSUE_DDOF1,0.18156492528368454,0.28354590560415244,-0.1019809803204679,TYPICAL_ANTIPSYCHOTICS,Typical antipsychotics,ADRA2C,ParietalLobe
ADRA2C|EXACT_SINGLE_PROTEIN|HSAMP_eb2587e74e2d6457032d4ae7|HUMAN_BIOGPS_GNF1H_GCRMA_77_TISSUE_DDOF1,-0.0750434307571286,-0.04500690314168991,-0.030036527615438693,TYPICAL_ANTIPSYCHOTICS,Typical antipsychotics,ADRA2C,TemporalLobe
ADRA2C|EXACT_SINGLE_PROTEIN|HSAMP_f43595f3557cf05e6a721aeb|HUMAN_BIOGPS_GNF1H_GCRMA_77_TISSUE_DDOF1,0.8099409524234332,0.7350150805555613,0.07492587186787192,TYPICAL_ANTIPSYCHOTICS,Typical antipsychotics,ADRA2C,Thalamus
ADRA2C|EXACT_SINGLE_PROTEIN|HSAMP_ff841df7ecd9f2c8ea2660f5|HUMAN_BIOGPS_GNF1H_GCRMA_77_TISSUE_DDOF1,-1.051608640108919,-0.7681924968357922,-0.2834161432731269,TYPICAL_ANTIPSYCHOTICS,Typical antipsychotics,ADRA2C,OlfactoryBulb
ADRB2|EXACT_SINGLE_PROTEIN|HSAMP_06645e2e8409a5b743985cdd|HUMAN_BIOGPS_GNF1H_GCRMA_77_TISSUE_DDOF1,-0.24281573163512865,0.37876522992941297,-0.6215809615645416,TYPICAL_ANTIPSYCHOTICS,Typical antipsychotics,ADRB2,Wholebrain
ADRB2|EXACT_SINGLE_PROTEIN|HSAMP_0cb8b4d1db8c390eeeecca55|HUMAN_BIOGPS_GNF1H_GCRMA_77_TISSUE_DDOF1,-0.2060532562546954,0.38399927317366933,-0.5900525294283647,TYPICAL_ANTIPSYCHOTICS,Typical antipsychotics,ADRB2,Pons
ADRB2|EXACT_SINGLE_PROTEIN|HSAMP_13a552b6ffc4aac3b85a50ca|HUMAN_BIOGPS_GNF1H_GCRMA_77_TISSUE_DDOF1,-0.17884169477383446,0.39102143880887863,-0.5698631335827131,TYPICAL_ANTIPSYCHOTICS,Typical antipsychotics,ADRB2,Amygdala
ADRB2|EXACT_SINGLE_PROTEIN|HSAMP_192dff4b8df5862a227b1163|HUMAN_BIOGPS_GNF1H_GCRMA_77_TISSUE_DDOF1,-0.23101982438360044,0.381154312021534,-0.6121741364051344,TYPICAL_ANTIPSYCHOTICS,Typical antipsychotics,ADRB2,SubthalamicNucleus
ADRB2|EXACT_SINGLE_PROTEIN|HSAMP_20b60708f05d03c76f9fe702|HUMAN_BIOGPS_GNF1H_GCRMA_77_TISSUE_DDOF1,-0.1562118715068632,0.3949070822624816,-0.5511189537693448,TYPICAL_ANTIPSYCHOTICS,Typical antipsychotics,ADRB2,CerebellumPeduncles
ADRB2|EXACT_SINGLE_PROTEIN|HSAMP_374f872ebf1bbba2be514f9f|HUMAN_BIOGPS_GNF1H_GCRMA_77_TISSUE_DDOF1,-0.2675662805664238,0.3704016444204481,-0.6379679249868719,TYPICAL_ANTIPSYCHOTICS,Typical antipsychotics,ADRB2,GlobusPallidus
ADRB2|EXACT_SINGLE_PROTEIN|HSAMP_5c090f15f3e5194312a7e8ed|HUMAN_BIOGPS_GNF1H_GCRMA_77_TISSUE_DDOF1,-0.21665643288106112,0.3836252919457571,-0.6002817248268182,TYPICAL_ANTIPSYCHOTICS,Typical antipsychotics,ADRB2,MedullaOblongata
ADRB2|EXACT_SINGLE_PROTEIN|HSAMP_752ebc880edc13bb4e2b2de8|HUMAN_BIOGPS_GNF1H_GCRMA_77_TISSUE_DDOF1,-0.11969944710468484,0.4025222203017847,-0.5222216674064696,TYPICAL_ANTIPSYCHOTICS,Typical antipsychotics,ADRB2,PrefrontalCortex
ADRB2|EXACT_SINGLE_PROTEIN|HSAMP_7725bb8a75064c4d7246d9ba|HUMAN_BIOGPS_GNF1H_GCRMA_77_TISSUE_DDOF1,-0.23307813868906513,0.3810789504629308,-0.6141570891519958,TYPICAL_ANTIPSYCHOTICS,Typical antipsychotics,ADRB2,OccipitalLobe
ADRB2|EXACT_SINGLE_PROTEIN|HSAMP_8ed020260a1d25cf72324c8a|HUMAN_BIOGPS_GNF1H_GCRMA_77_TISSUE_DDOF1,-0.17815121178694848,0.3916379413425374,-0.5697891531294859,TYPICAL_ANTIPSYCHOTICS,Typical antipsychotics,ADRB2,Hypothalamus
ADRB2|EXACT_SINGLE_PROTEIN|HSAMP_936b77a4b11b5c19027de438|HUMAN_BIOGPS_GNF1H_GCRMA_77_TISSUE_DDOF1,-0.17327345734461072,0.39271516265566236,-0.5659886200002731,TYPICAL_ANTIPSYCHOTICS,Typical antipsychotics,ADRB2,Spinalcord
ADRB2|EXACT_SINGLE_PROTEIN|HSAMP_9aa72e4fb1ff63e1792b1ec7|HUMAN_BIOGPS_GNF1H_GCRMA_77_TISSUE_DDOF1,-0.25920189374970876,0.37451548036741145,-0.6337173741171203,TYPICAL_ANTIPSYCHOTICS,Typical antipsychotics,ADRB2,Cerebellum
ADRB2|EXACT_SINGLE_PROTEIN|HSAMP_a32ce488a48b0df9b8c4c40a|HUMAN_BIOGPS_GNF1H_GCRMA_77_TISSUE_DDOF1,-0.23307813868906513,0.3810789504629308,-0.6141570891519958,TYPICAL_ANTIPSYCHOTICS,Typical antipsychotics,ADRB2,Caudatenucleus
ADRB2|EXACT_SINGLE_PROTEIN|HSAMP_d99ba5ea584363f8600ade55|HUMAN_BIOGPS_GNF1H_GCRMA_77_TISSUE_DDOF1,-0.19535588872305867,0.38754867177970703,-0.5829045605027657,TYPICAL_ANTIPSYCHOTICS,Typical antipsychotics,ADRB2,CingulateCortex
ADRB2|EXACT_SINGLE_PROTEIN|HSAMP_e75262fc0acfda69d976a6d3|HUMAN_BIOGPS_GNF1H_GCRMA_77_TISSUE_DDOF1,-0.17327345734461072,0.39271516265566236,-0.5659886200002731,TYPICAL_ANTIPSYCHOTICS,Typical antipsychotics,ADRB2,ParietalLobe
ADRB2|EXACT_SINGLE_PROTEIN|HSAMP_eb2587e74e2d6457032d4ae7|HUMAN_BIOGPS_GNF1H_GCRMA_77_TISSUE_DDOF1,-0.23101982438360044,0.381154312021534,-0.6121741364051344,TYPICAL_ANTIPSYCHOTICS,Typical antipsychotics,ADRB2,TemporalLobe
ADRB2|EXACT_SINGLE_PROTEIN|HSAMP_f43595f3557cf05e6a721aeb|HUMAN_BIOGPS_GNF1H_GCRMA_77_TISSUE_DDOF1,-0.19535588872305867,0.38754867177970703,-0.5829045605027657,TYPICAL_ANTIPSYCHOTICS,Typical antipsychotics,ADRB2,Thalamus
ADRB2|EXACT_SINGLE_PROTEIN|HSAMP_ff841df7ecd9f2c8ea2660f5|HUMAN_BIOGPS_GNF1H_GCRMA_77_TISSUE_DDOF1,-0.2349661700369612,0.3809282338378451,-0.6158944038748063,TYPICAL_ANTIPSYCHOTICS,Typical antipsychotics,ADRB2,OlfactoryBulb
CHRM2|EXACT_SINGLE_PROTEIN|HSAMP_06645e2e8409a5b743985cdd|HUMAN_BIOGPS_GNF1H_GCRMA_77_TISSUE_DDOF1,-0.7574001275804327,-0.45583938378526245,-0.3015607437951703,TYPICAL_ANTIPSYCHOTICS,Typical antipsychotics,CHRM2,Wholebrain
CHRM2|EXACT_SINGLE_PROTEIN|HSAMP_0cb8b4d1db8c390eeeecca55|HUMAN_BIOGPS_GNF1H_GCRMA_77_TISSUE_DDOF1,-0.3653832947616556,-0.20454481511506412,-0.16083847964659148,TYPICAL_ANTIPSYCHOTICS,Typical antipsychotics,CHRM2,Pons
CHRM2|EXACT_SINGLE_PROTEIN|HSAMP_13a552b6ffc4aac3b85a50ca|HUMAN_BIOGPS_GNF1H_GCRMA_77_TISSUE_DDOF1,0.5258989545917097,0.5103228189840974,0.015576135607612285,TYPICAL_ANTIPSYCHOTICS,Typical antipsychotics,CHRM2,Amygdala
CHRM2|EXACT_SINGLE_PROTEIN|HSAMP_192dff4b8df5862a227b1163|HUMAN_BIOGPS_GNF1H_GCRMA_77_TISSUE_DDOF1,-0.5598986653287035,-0.3193489524369699,-0.24054971289173355,TYPICAL_ANTIPSYCHOTICS,Typical antipsychotics,CHRM2,SubthalamicNucleus
CHRM2|EXACT_SINGLE_PROTEIN|HSAMP_20b60708f05d03c76f9fe702|HUMAN_BIOGPS_GNF1H_GCRMA_77_TISSUE_DDOF1,0.7569183516842588,0.6776474207583278,0.07927093092593096,TYPICAL_ANTIPSYCHOTICS,Typical antipsychotics,CHRM2,CerebellumPeduncles
CHRM2|EXACT_SINGLE_PROTEIN|HSAMP_374f872ebf1bbba2be514f9f|HUMAN_BIOGPS_GNF1H_GCRMA_77_TISSUE_DDOF1,-0.7574001275804327,-0.45583938378526245,-0.3015607437951703,TYPICAL_ANTIPSYCHOTICS,Typical antipsychotics,CHRM2,GlobusPallidus
CHRM2|EXACT_SINGLE_PROTEIN|HSAMP_5c090f15f3e5194312a7e8ed|HUMAN_BIOGPS_GNF1H_GCRMA_77_TISSUE_DDOF1,-0.47798387534273784,-0.2618436028585734,-0.21614027248416445,TYPICAL_ANTIPSYCHOTICS,Typical antipsychotics,CHRM2,MedullaOblongata
CHRM2|EXACT_SINGLE_PROTEIN|HSAMP_752ebc880edc13bb4e2b2de8|HUMAN_BIOGPS_GNF1H_GCRMA_77_TISSUE_DDOF1,1.0145542963360945,0.8803121084545842,0.13424218788151032,TYPICAL_ANTIPSYCHOTICS,Typical antipsychotics,CHRM2,PrefrontalCortex
CHRM2|EXACT_SINGLE_PROTEIN|HSAMP_7725bb8a75064c4d7246d9ba|HUMAN_BIOGPS_GNF1H_GCRMA_77_TISSUE_DDOF1,-0.5598986653287035,-0.3193489524369699,-0.24054971289173355,TYPICAL_ANTIPSYCHOTICS,Typical antipsychotics,CHRM2,OccipitalLobe
CHRM2|EXACT_SINGLE_PROTEIN|HSAMP_8ed020260a1d25cf72324c8a|HUMAN_BIOGPS_GNF1H_GCRMA_77_TISSUE_DDOF1,0.6535991930171212,0.6166360448583905,0.036963148158730696,TYPICAL_ANTIPSYCHOTICS,Typical antipsychotics,CHRM2,Hypothalamus
CHRM2|EXACT_SINGLE_PROTEIN|HSAMP_936b77a4b11b5c19027de438|HUMAN_BIOGPS_GNF1H_GCRMA_77_TISSUE_DDOF1,0.5798966045664208,0.5698073732148641,0.010089231351556704,TYPICAL_ANTIPSYCHOTICS,Typical antipsychotics,CHRM2,Spinalcord
CHRM2|EXACT_SINGLE_PROTEIN|HSAMP_9aa72e4fb1ff63e1792b1ec7|HUMAN_BIOGPS_GNF1H_GCRMA_77_TISSUE_DDOF1,-0.6306909781843474,-0.37080526059460395,-0.25988571758974344,TYPICAL_ANTIPSYCHOTICS,Typical antipsychotics,CHRM2,Cerebellum
CHRM2|EXACT_SINGLE_PROTEIN|HSAMP_a32ce488a48b0df9b8c4c40a|HUMAN_BIOGPS_GNF1H_GCRMA_77_TISSUE_DDOF1,-0.6306909781843474,-0.37080526059460395,-0.25988571758974344,TYPICAL_ANTIPSYCHOTICS,Typical antipsychotics,CHRM2,Caudatenucleus
CHRM2|EXACT_SINGLE_PROTEIN|HSAMP_d99ba5ea584363f8600ade55|HUMAN_BIOGPS_GNF1H_GCRMA_77_TISSUE_DDOF1,0.13577879871956952,0.25431618518959537,-0.11853738647002585,TYPICAL_ANTIPSYCHOTICS,Typical antipsychotics,CHRM2,CingulateCortex
CHRM2|EXACT_SINGLE_PROTEIN|HSAMP_e75262fc0acfda69d976a6d3|HUMAN_BIOGPS_GNF1H_GCRMA_77_TISSUE_DDOF1,0.8281086162368785,0.7335515312359819,0.09455708500089655,TYPICAL_ANTIPSYCHOTICS,Typical antipsychotics,CHRM2,ParietalLobe
CHRM2|EXACT_SINGLE_PROTEIN|HSAMP_eb2587e74e2d6457032d4ae7|HUMAN_BIOGPS_GNF1H_GCRMA_77_TISSUE_DDOF1,-0.01142305945911525,0.05684835378419374,-0.06827141324330899,TYPICAL_ANTIPSYCHOTICS,Typical antipsychotics,CHRM2,TemporalLobe
CHRM2|EXACT_SINGLE_PROTEIN|HSAMP_f43595f3557cf05e6a721aeb|HUMAN_BIOGPS_GNF1H_GCRMA_77_TISSUE_DDOF1,0.13577879871956952,0.25431618518959537,-0.11853738647002585,TYPICAL_ANTIPSYCHOTICS,Typical antipsychotics,CHRM2,Thalamus
CHRM2|EXACT_SINGLE_PROTEIN|HSAMP_ff841df7ecd9f2c8ea2660f5|HUMAN_BIOGPS_GNF1H_GCRMA_77_TISSUE_DDOF1,-0.9473566328514829,-0.602102274497441,-0.34525435835404183,TYPICAL_ANTIPSYCHOTICS,Typical antipsychotics,CHRM2,OlfactoryBulb
CHRM3|EXACT_SINGLE_PROTEIN|HSAMP_06645e2e8409a5b743985cdd|HUMAN_BIOGPS_GNF1H_GCRMA_77_TISSUE_DDOF1,1.12499387306454,1.366708366312381,-0.241714493247841,TYPICAL_ANTIPSYCHOTICS,Typical antipsychotics,CHRM3,Wholebrain
CHRM3|EXACT_SINGLE_PROTEIN|HSAMP_0cb8b4d1db8c390eeeecca55|HUMAN_BIOGPS_GNF1H_GCRMA_77_TISSUE_DDOF1,0.009288874367541939,-0.14953589404706685,0.1588247684146088,TYPICAL_ANTIPSYCHOTICS,Typical antipsychotics,CHRM3,Pons
CHRM3|EXACT_SINGLE_PROTEIN|HSAMP_13a552b6ffc4aac3b85a50ca|HUMAN_BIOGPS_GNF1H_GCRMA_77_TISSUE_DDOF1,1.2196470178369565,1.4893936074476424,-0.26974658961068587,TYPICAL_ANTIPSYCHOTICS,Typical antipsychotics,CHRM3,Amygdala
CHRM3|EXACT_SINGLE_PROTEIN|HSAMP_192dff4b8df5862a227b1163|HUMAN_BIOGPS_GNF1H_GCRMA_77_TISSUE_DDOF1,0.4242907316639165,0.40262133288016155,0.021669398783754956,TYPICAL_ANTIPSYCHOTICS,Typical antipsychotics,CHRM3,SubthalamicNucleus
CHRM3|EXACT_SINGLE_PROTEIN|HSAMP_20b60708f05d03c76f9fe702|HUMAN_BIOGPS_GNF1H_GCRMA_77_TISSUE_DDOF1,0.0754253984854567,-0.0008828935841099729,0.07630829206956667,TYPICAL_ANTIPSYCHOTICS,Typical antipsychotics,CHRM3,CerebellumPeduncles
CHRM3|EXACT_SINGLE_PROTEIN|HSAMP_374f872ebf1bbba2be514f9f|HUMAN_BIOGPS_GNF1H_GCRMA_77_TISSUE_DDOF1,-0.10402842305478566,-0.3437757867394431,0.23974736368465743,TYPICAL_ANTIPSYCHOTICS,Typical antipsychotics,CHRM3,GlobusPallidus
CHRM3|EXACT_SINGLE_PROTEIN|HSAMP_5c090f15f3e5194312a7e8ed|HUMAN_BIOGPS_GNF1H_GCRMA_77_TISSUE_DDOF1,0.3643441543381009,0.282772238719493,0.08157191561860794,TYPICAL_ANTIPSYCHOTICS,Typical antipsychotics,CHRM3,MedullaOblongata
CHRM3|EXACT_SINGLE_PROTEIN|HSAMP_752ebc880edc13bb4e2b2de8|HUMAN_BIOGPS_GNF1H_GCRMA_77_TISSUE_DDOF1,2.6155934488421475,2.857334111091779,-0.24174066224963164,TYPICAL_ANTIPSYCHOTICS,Typical antipsychotics,CHRM3,PrefrontalCortex
CHRM3|EXACT_SINGLE_PROTEIN|HSAMP_7725bb8a75064c4d7246d9ba|HUMAN_BIOGPS_GNF1H_GCRMA_77_TISSUE_DDOF1,0.7434044170757004,0.8094009127275699,-0.06599649565186949,TYPICAL_ANTIPSYCHOTICS,Typical antipsychotics,CHRM3,OccipitalLobe
CHRM3|EXACT_SINGLE_PROTEIN|HSAMP_8ed020260a1d25cf72324c8a|HUMAN_BIOGPS_GNF1H_GCRMA_77_TISSUE_DDOF1,0.07228204391287499,-0.005909556606516245,0.07819160051939124,TYPICAL_ANTIPSYCHOTICS,Typical antipsychotics,CHRM3,Hypothalamus
CHRM3|EXACT_SINGLE_PROTEIN|HSAMP_936b77a4b11b5c19027de438|HUMAN_BIOGPS_GNF1H_GCRMA_77_TISSUE_DDOF1,0.04454906146442492,-0.06284131271145327,0.10739037417587818,TYPICAL_ANTIPSYCHOTICS,Typical antipsychotics,CHRM3,Spinalcord
CHRM3|EXACT_SINGLE_PROTEIN|HSAMP_9aa72e4fb1ff63e1792b1ec7|HUMAN_BIOGPS_GNF1H_GCRMA_77_TISSUE_DDOF1,-0.07721997063400048,-0.30063222148693297,0.22341225085293248,TYPICAL_ANTIPSYCHOTICS,Typical antipsychotics,CHRM3,Cerebellum
CHRM3|EXACT_SINGLE_PROTEIN|HSAMP_a32ce488a48b0df9b8c4c40a|HUMAN_BIOGPS_GNF1H_GCRMA_77_TISSUE_DDOF1,-0.022691925819512807,-0.2255185033632718,0.202826577543759,TYPICAL_ANTIPSYCHOTICS,Typical antipsychotics,CHRM3,Caudatenucleus
CHRM3|EXACT_SINGLE_PROTEIN|HSAMP_d99ba5ea584363f8600ade55|HUMAN_BIOGPS_GNF1H_GCRMA_77_TISSUE_DDOF1,0.05521957840724115,-0.04711055253495113,0.10233013094219229,TYPICAL_ANTIPSYCHOTICS,Typical antipsychotics,CHRM3,CingulateCortex
CHRM3|EXACT_SINGLE_PROTEIN|HSAMP_e75262fc0acfda69d976a6d3|HUMAN_BIOGPS_GNF1H_GCRMA_77_TISSUE_DDOF1,0.0754253984854567,-0.0008828935841099729,0.07630829206956667,TYPICAL_ANTIPSYCHOTICS,Typical antipsychotics,CHRM3,ParietalLobe
CHRM3|EXACT_SINGLE_PROTEIN|HSAMP_eb2587e74e2d6457032d4ae7|HUMAN_BIOGPS_GNF1H_GCRMA_77_TISSUE_DDOF1,0.0271444976889488,-0.10392924102822439,0.13107373871717318,TYPICAL_ANTIPSYCHOTICS,Typical antipsychotics,CHRM3,TemporalLobe
CHRM3|EXACT_SINGLE_PROTEIN|HSAMP_f43595f3557cf05e6a721aeb|HUMAN_BIOGPS_GNF1H_GCRMA_77_TISSUE_DDOF1,0.0271444976889488,-0.10392924102822439,0.13107373871717318,TYPICAL_ANTIPSYCHOTICS,Typical antipsychotics,CHRM3,Thalamus
CHRM3|EXACT_SINGLE_PROTEIN|HSAMP_ff841df7ecd9f2c8ea2660f5|HUMAN_BIOGPS_GNF1H_GCRMA_77_TISSUE_DDOF1,-0.08253096470530781,-0.3217146256832487,0.23918366097794092,TYPICAL_ANTIPSYCHOTICS,Typical antipsychotics,CHRM3,OlfactoryBulb
DRD1|EXACT_SINGLE_PROTEIN|HSAMP_06645e2e8409a5b743985cdd|HUMAN_BIOGPS_GNF1H_GCRMA_77_TISSUE_DDOF1,-1.0199319740352728,-0.9128613633973611,-0.10707061063791168,TYPICAL_ANTIPSYCHOTICS,Typical antipsychotics,DRD1,Wholebrain
DRD1|EXACT_SINGLE_PROTEIN|HSAMP_0cb8b4d1db8c390eeeecca55|HUMAN_BIOGPS_GNF1H_GCRMA_77_TISSUE_DDOF1,2.0965443229637026,1.9092487394861406,0.18729558347756203,TYPICAL_ANTIPSYCHOTICS,Typical antipsychotics,DRD1,Pons
DRD1|EXACT_SINGLE_PROTEIN|HSAMP_13a552b6ffc4aac3b85a50ca|HUMAN_BIOGPS_GNF1H_GCRMA_77_TISSUE_DDOF1,0.1952313227185618,0.24595182478065747,-0.05072050206209566,TYPICAL_ANTIPSYCHOTICS,Typical antipsychotics,DRD1,Amygdala
DRD1|EXACT_SINGLE_PROTEIN|HSAMP_192dff4b8df5862a227b1163|HUMAN_BIOGPS_GNF1H_GCRMA_77_TISSUE_DDOF1,-0.27756093309630286,-0.23130402074502085,-0.046256912351282015,TYPICAL_ANTIPSYCHOTICS,Typical antipsychotics,DRD1,SubthalamicNucleus
DRD1|EXACT_SINGLE_PROTEIN|HSAMP_20b60708f05d03c76f9fe702|HUMAN_BIOGPS_GNF1H_GCRMA_77_TISSUE_DDOF1,1.1289154780131896,1.0835511947153986,0.045364283297790964,TYPICAL_ANTIPSYCHOTICS,Typical antipsychotics,DRD1,CerebellumPeduncles
DRD1|EXACT_SINGLE_PROTEIN|HSAMP_374f872ebf1bbba2be514f9f|HUMAN_BIOGPS_GNF1H_GCRMA_77_TISSUE_DDOF1,-1.176829333645712,-1.0861111495735767,-0.09071818407213539,TYPICAL_ANTIPSYCHOTICS,Typical antipsychotics,DRD1,GlobusPallidus
DRD1|EXACT_SINGLE_PROTEIN|HSAMP_5c090f15f3e5194312a7e8ed|HUMAN_BIOGPS_GNF1H_GCRMA_77_TISSUE_DDOF1,-0.7018660678791991,-0.5460694835687282,-0.15579658431047094,TYPICAL_ANTIPSYCHOTICS,Typical antipsychotics,DRD1,MedullaOblongata
DRD1|EXACT_SINGLE_PROTEIN|HSAMP_752ebc880edc13bb4e2b2de8|HUMAN_BIOGPS_GNF1H_GCRMA_77_TISSUE_DDOF1,1.2601358504247482,1.2007554293992717,0.05938042102547647,TYPICAL_ANTIPSYCHOTICS,Typical antipsychotics,DRD1,PrefrontalCortex
DRD1|EXACT_SINGLE_PROTEIN|HSAMP_7725bb8a75064c4d7246d9ba|HUMAN_BIOGPS_GNF1H_GCRMA_77_TISSUE_DDOF1,-0.27756093309630286,-0.23130402074502085,-0.046256912351282015,TYPICAL_ANTIPSYCHOTICS,Typical antipsychotics,DRD1,OccipitalLobe
DRD1|EXACT_SINGLE_PROTEIN|HSAMP_8ed020260a1d25cf72324c8a|HUMAN_BIOGPS_GNF1H_GCRMA_77_TISSUE_DDOF1,0.5080833356324513,0.5011663970734628,0.006916938558988561,TYPICAL_ANTIPSYCHOTICS,Typical antipsychotics,DRD1,Hypothalamus
DRD1|EXACT_SINGLE_PROTEIN|HSAMP_936b77a4b11b5c19027de438|HUMAN_BIOGPS_GNF1H_GCRMA_77_TISSUE_DDOF1,0.5686601787062724,0.5694015243315753,-0.0007413456253029249,TYPICAL_ANTIPSYCHOTICS,Typical antipsychotics,DRD1,Spinalcord
DRD1|EXACT_SINGLE_PROTEIN|HSAMP_9aa72e4fb1ff63e1792b1ec7|HUMAN_BIOGPS_GNF1H_GCRMA_77_TISSUE_DDOF1,-1.1475531269509405,-1.064479231144174,-0.0830738958067665,TYPICAL_ANTIPSYCHOTICS,Typical antipsychotics,DRD1,Cerebellum
DRD1|EXACT_SINGLE_PROTEIN|HSAMP_a32ce488a48b0df9b8c4c40a|HUMAN_BIOGPS_GNF1H_GCRMA_77_TISSUE_DDOF1,2.1236563043673424,1.9525718510545598,0.17108445331278266,TYPICAL_ANTIPSYCHOTICS,Typical antipsychotics,DRD1,Caudatenucleus
DRD1|EXACT_SINGLE_PROTEIN|HSAMP_d99ba5ea584363f8600ade55|HUMAN_BIOGPS_GNF1H_GCRMA_77_TISSUE_DDOF1,0.5392124659063131,0.5379408811041521,0.001271584802161052,TYPICAL_ANTIPSYCHOTICS,Typical antipsychotics,DRD1,CingulateCortex
DRD1|EXACT_SINGLE_PROTEIN|HSAMP_e75262fc0acfda69d976a6d3|HUMAN_BIOGPS_GNF1H_GCRMA_77_TISSUE_DDOF1,0.7378729950855282,0.6953749979822481,0.04249799710328006,TYPICAL_ANTIPSYCHOTICS,Typical antipsychotics,DRD1,ParietalLobe
DRD1|EXACT_SINGLE_PROTEIN|HSAMP_eb2587e74e2d6457032d4ae7|HUMAN_BIOGPS_GNF1H_GCRMA_77_TISSUE_DDOF1,-0.5598986653287035,-0.3977860252142682,-0.16211264011443527,TYPICAL_ANTIPSYCHOTICS,Typical antipsychotics,DRD1,TemporalLobe
DRD1|EXACT_SINGLE_PROTEIN|HSAMP_f43595f3557cf05e6a721aeb|HUMAN_BIOGPS_GNF1H_GCRMA_77_TISSUE_DDOF1,0.3813597957078119,0.37339398786154354,0.00796580784626838,TYPICAL_ANTIPSYCHOTICS,Typical antipsychotics,DRD1,Thalamus
DRD1|EXACT_SINGLE_PROTEIN|HSAMP_ff841df7ecd9f2c8ea2660f5|HUMAN_BIOGPS_GNF1H_GCRMA_77_TISSUE_DDOF1,-1.2633855524827133,-1.190029940874085,-0.07335561160862825,TYPICAL_ANTIPSYCHOTICS,Typical antipsychotics,DRD1,OlfactoryBulb
DRD2|EXACT_SINGLE_PROTEIN|HSAMP_06645e2e8409a5b743985cdd|HUMAN_BIOGPS_GNF1H_GCRMA_77_TISSUE_DDOF1,-1.1821473736323194,-1.749080852139196,0.5669334785068767,TYPICAL_ANTIPSYCHOTICS,Typical antipsychotics,DRD2,Wholebrain
DRD2|EXACT_SINGLE_PROTEIN|HSAMP_0cb8b4d1db8c390eeeecca55|HUMAN_BIOGPS_GNF1H_GCRMA_77_TISSUE_DDOF1,1.0777228410380117,1.2955823489858618,-0.21785950794785003,TYPICAL_ANTIPSYCHOTICS,Typical antipsychotics,DRD2,Pons
DRD2|EXACT_SINGLE_PROTEIN|HSAMP_13a552b6ffc4aac3b85a50ca|HUMAN_BIOGPS_GNF1H_GCRMA_77_TISSUE_DDOF1,0.5519602954603179,0.5812275962436179,-0.029267300783299977,TYPICAL_ANTIPSYCHOTICS,Typical antipsychotics,DRD2,Amygdala
DRD2|EXACT_SINGLE_PROTEIN|HSAMP_192dff4b8df5862a227b1163|HUMAN_BIOGPS_GNF1H_GCRMA_77_TISSUE_DDOF1,0.8392269062637512,0.941576495615517,-0.10234958935176586,TYPICAL_ANTIPSYCHOTICS,Typical antipsychotics,DRD2,SubthalamicNucleus
DRD2|EXACT_SINGLE_PROTEIN|HSAMP_20b60708f05d03c76f9fe702|HUMAN_BIOGPS_GNF1H_GCRMA_77_TISSUE_DDOF1,0.9520135263546999,1.0918982639922437,-0.13988473763754372,TYPICAL_ANTIPSYCHOTICS,Typical antipsychotics,DRD2,CerebellumPeduncles
DRD2|EXACT_SINGLE_PROTEIN|HSAMP_374f872ebf1bbba2be514f9f|HUMAN_BIOGPS_GNF1H_GCRMA_77_TISSUE_DDOF1,-1.993788511289635,-2.770982629777782,0.777194118488147,TYPICAL_ANTIPSYCHOTICS,Typical antipsychotics,DRD2,GlobusPallidus
DRD2|EXACT_SINGLE_PROTEIN|HSAMP_5c090f15f3e5194312a7e8ed|HUMAN_BIOGPS_GNF1H_GCRMA_77_TISSUE_DDOF1,1.0166286964608697,1.2091396494275317,-0.19251095296666199,TYPICAL_ANTIPSYCHOTICS,Typical antipsychotics,DRD2,MedullaOblongata
DRD2|EXACT_SINGLE_PROTEIN|HSAMP_752ebc880edc13bb4e2b2de8|HUMAN_BIOGPS_GNF1H_GCRMA_77_TISSUE_DDOF1,1.3168919284993814,1.5775790509404488,-0.2606871224410674,TYPICAL_ANTIPSYCHOTICS,Typical antipsychotics,DRD2,PrefrontalCortex
DRD2|EXACT_SINGLE_PROTEIN|HSAMP_7725bb8a75064c4d7246d9ba|HUMAN_BIOGPS_GNF1H_GCRMA_77_TISSUE_DDOF1,-0.8939575297331432,-1.2721741997286093,0.3782166699954661,TYPICAL_ANTIPSYCHOTICS,Typical antipsychotics,DRD2,OccipitalLobe
DRD2|EXACT_SINGLE_PROTEIN|HSAMP_8ed020260a1d25cf72324c8a|HUMAN_BIOGPS_GNF1H_GCRMA_77_TISSUE_DDOF1,0.8392269062637512,0.941453775294516,-0.10222686903076483,TYPICAL_ANTIPSYCHOTICS,Typical antipsychotics,DRD2,Hypothalamus
DRD2|EXACT_SINGLE_PROTEIN|HSAMP_936b77a4b11b5c19027de438|HUMAN_BIOGPS_GNF1H_GCRMA_77_TISSUE_DDOF1,0.7322673193930682,0.8018382835881559,-0.06957096419508768,TYPICAL_ANTIPSYCHOTICS,Typical antipsychotics,DRD2,Spinalcord
DRD2|EXACT_SINGLE_PROTEIN|HSAMP_9aa72e4fb1ff63e1792b1ec7|HUMAN_BIOGPS_GNF1H_GCRMA_77_TISSUE_DDOF1,-1.4446799087147795,-2.1145911051879587,0.6699111964731792,TYPICAL_ANTIPSYCHOTICS,Typical antipsychotics,DRD2,Cerebellum
DRD2|EXACT_SINGLE_PROTEIN|HSAMP_a32ce488a48b0df9b8c4c40a|HUMAN_BIOGPS_GNF1H_GCRMA_77_TISSUE_DDOF1,1.4868728122600303,1.7424146533490985,-0.2555418410890682,TYPICAL_ANTIPSYCHOTICS,Typical antipsychotics,DRD2,Caudatenucleus
DRD2|EXACT_SINGLE_PROTEIN|HSAMP_d99ba5ea584363f8600ade55|HUMAN_BIOGPS_GNF1H_GCRMA_77_TISSUE_DDOF1,0.899493305183655,1.0219505221592697,-0.12245721697561474,TYPICAL_ANTIPSYCHOTICS,Typical antipsychotics,DRD2,CingulateCortex
DRD2|EXACT_SINGLE_PROTEIN|HSAMP_e75262fc0acfda69d976a6d3|HUMAN_BIOGPS_GNF1H_GCRMA_77_TISSUE_DDOF1,0.6289768611493518,0.6914569167593934,-0.06248005561004155,TYPICAL_ANTIPSYCHOTICS,Typical antipsychotics,DRD2,ParietalLobe
DRD2|EXACT_SINGLE_PROTEIN|HSAMP_eb2587e74e2d6457032d4ae7|HUMAN_BIOGPS_GNF1H_GCRMA_77_TISSUE_DDOF1,-0.7735111971300326,-1.103676022403324,0.3301648252732914,TYPICAL_ANTIPSYCHOTICS,Typical antipsychotics,DRD2,TemporalLobe
DRD2|EXACT_SINGLE_PROTEIN|HSAMP_f43595f3557cf05e6a721aeb|HUMAN_BIOGPS_GNF1H_GCRMA_77_TISSUE_DDOF1,0.6658465233539429,0.7323708862551221,-0.06652436290117925,TYPICAL_ANTIPSYCHOTICS,Typical antipsychotics,DRD2,Thalamus
DRD2|EXACT_SINGLE_PROTEIN|HSAMP_ff841df7ecd9f2c8ea2660f5|HUMAN_BIOGPS_GNF1H_GCRMA_77_TISSUE_DDOF1,-1.5655491787396816,-2.318359003505992,0.7528098247663104,TYPICAL_ANTIPSYCHOTICS,Typical antipsychotics,DRD2,OlfactoryBulb
DRD3|EXACT_SINGLE_PROTEIN|HSAMP_06645e2e8409a5b743985cdd|HUMAN_BIOGPS_GNF1H_GCRMA_77_TISSUE_DDOF1,-1.2842121542417289,-1.7835796286001533,0.49936747435842443,TYPICAL_ANTIPSYCHOTICS,Typical antipsychotics,DRD3,Wholebrain
DRD3|EXACT_SINGLE_PROTEIN|HSAMP_0cb8b4d1db8c390eeeecca55|HUMAN_BIOGPS_GNF1H_GCRMA_77_TISSUE_DDOF1,0.0023834309956057204,-0.13160427854072965,0.13398770953633538,TYPICAL_ANTIPSYCHOTICS,Typical antipsychotics,DRD3,Pons
DRD3|EXACT_SINGLE_PROTEIN|HSAMP_13a552b6ffc4aac3b85a50ca|HUMAN_BIOGPS_GNF1H_GCRMA_77_TISSUE_DDOF1,0.030568438403599383,-0.07834478694348895,0.10891322534708833,TYPICAL_ANTIPSYCHOTICS,Typical antipsychotics,DRD3,Amygdala
DRD3|EXACT_SINGLE_PROTEIN|HSAMP_192dff4b8df5862a227b1163|HUMAN_BIOGPS_GNF1H_GCRMA_77_TISSUE_DDOF1,-0.08003462664942151,-0.25198471360064456,0.17195008695122305,TYPICAL_ANTIPSYCHOTICS,Typical antipsychotics,DRD3,SubthalamicNucleus
DRD3|EXACT_SINGLE_PROTEIN|HSAMP_20b60708f05d03c76f9fe702|HUMAN_BIOGPS_GNF1H_GCRMA_77_TISSUE_DDOF1,1.2866473345289737,1.484636779734453,-0.19798944520547934,TYPICAL_ANTIPSYCHOTICS,Typical antipsychotics,DRD3,CerebellumPeduncles
DRD3|EXACT_SINGLE_PROTEIN|HSAMP_374f872ebf1bbba2be514f9f|HUMAN_BIOGPS_GNF1H_GCRMA_77_TISSUE_DDOF1,-1.0748620696191764,-1.4811683580072974,0.406306288388121,TYPICAL_ANTIPSYCHOTICS,Typical antipsychotics,DRD3,GlobusPallidus
DRD3|EXACT_SINGLE_PROTEIN|HSAMP_5c090f15f3e5194312a7e8ed|HUMAN_BIOGPS_GNF1H_GCRMA_77_TISSUE_DDOF1,-0.839299390925231,-1.1241177912136013,0.28481840028837035,TYPICAL_ANTIPSYCHOTICS,Typical antipsychotics,DRD3,MedullaOblongata
DRD3|EXACT_SINGLE_PROTEIN|HSAMP_752ebc880edc13bb4e2b2de8|HUMAN_BIOGPS_GNF1H_GCRMA_77_TISSUE_DDOF1,1.0490540983509957,1.2261361348282933,-0.1770820364772976,TYPICAL_ANTIPSYCHOTICS,Typical antipsychotics,DRD3,PrefrontalCortex
DRD3|EXACT_SINGLE_PROTEIN|HSAMP_7725bb8a75064c4d7246d9ba|HUMAN_BIOGPS_GNF1H_GCRMA_77_TISSUE_DDOF1,-0.7362370849074823,-0.9715865048391447,0.23534941993166236,TYPICAL_ANTIPSYCHOTICS,Typical antipsychotics,DRD3,OccipitalLobe
DRD3|EXACT_SINGLE_PROTEIN|HSAMP_8ed020260a1d25cf72324c8a|HUMAN_BIOGPS_GNF1H_GCRMA_77_TISSUE_DDOF1,0.6563538384335851,0.7048923867121455,-0.04853854827856041,TYPICAL_ANTIPSYCHOTICS,Typical antipsychotics,DRD3,Hypothalamus
DRD3|EXACT_SINGLE_PROTEIN|HSAMP_936b77a4b11b5c19027de438|HUMAN_BIOGPS_GNF1H_GCRMA_77_TISSUE_DDOF1,0.7451626111009189,0.8031985881783636,-0.05803597707744479,TYPICAL_ANTIPSYCHOTICS,Typical antipsychotics,DRD3,Spinalcord
DRD3|EXACT_SINGLE_PROTEIN|HSAMP_9aa72e4fb1ff63e1792b1ec7|HUMAN_BIOGPS_GNF1H_GCRMA_77_TISSUE_DDOF1,-1.2351547291729417,-1.714949726989386,0.4797949978164444,TYPICAL_ANTIPSYCHOTICS,Typical antipsychotics,DRD3,Cerebellum
DRD3|EXACT_SINGLE_PROTEIN|HSAMP_a32ce488a48b0df9b8c4c40a|HUMAN_BIOGPS_GNF1H_GCRMA_77_TISSUE_DDOF1,-0.7592120109312279,-1.005310993527409,0.24609898259618102,TYPICAL_ANTIPSYCHOTICS,Typical antipsychotics,DRD3,Caudatenucleus
DRD3|EXACT_SINGLE_PROTEIN|HSAMP_d99ba5ea584363f8600ade55|HUMAN_BIOGPS_GNF1H_GCRMA_77_TISSUE_DDOF1,0.48383712564449033,0.491102361599451,-0.007265235954960647,TYPICAL_ANTIPSYCHOTICS,Typical antipsychotics,DRD3,CingulateCortex
DRD3|EXACT_SINGLE_PROTEIN|HSAMP_e75262fc0acfda69d976a6d3|HUMAN_BIOGPS_GNF1H_GCRMA_77_TISSUE_DDOF1,0.8685906746985917,0.9487035908109558,-0.08011291611236404,TYPICAL_ANTIPSYCHOTICS,Typical antipsychotics,DRD3,ParietalLobe
DRD3|EXACT_SINGLE_PROTEIN|HSAMP_eb2587e74e2d6457032d4ae7|HUMAN_BIOGPS_GNF1H_GCRMA_77_TISSUE_DDOF1,-0.5738641542024093,-0.7699009131708754,0.19603675896846606,TYPICAL_ANTIPSYCHOTICS,Typical antipsychotics,DRD3,TemporalLobe
DRD3|EXACT_SINGLE_PROTEIN|HSAMP_f43595f3557cf05e6a721aeb|HUMAN_BIOGPS_GNF1H_GCRMA_77_TISSUE_DDOF1,0.5240810981462861,0.533109844843495,-0.009028746697208878,TYPICAL_ANTIPSYCHOTICS,Typical antipsychotics,DRD3,Thalamus
DRD3|EXACT_SINGLE_PROTEIN|HSAMP_ff841df7ecd9f2c8ea2660f5|HUMAN_BIOGPS_GNF1H_GCRMA_77_TISSUE_DDOF1,-1.3752266954158143,-1.9058718776079133,0.530645182192099,TYPICAL_ANTIPSYCHOTICS,Typical antipsychotics,DRD3,OlfactoryBulb
HRH1|EXACT_SINGLE_PROTEIN|HSAMP_06645e2e8409a5b743985cdd|HUMAN_BIOGPS_GNF1H_GCRMA_77_TISSUE_DDOF1,-1.1095455805079992,-0.9911946623839357,-0.11835091812406351,TYPICAL_ANTIPSYCHOTICS,Typical antipsychotics,HRH1,Wholebrain
HRH1|EXACT_SINGLE_PROTEIN|HSAMP_0cb8b4d1db8c390eeeecca55|HUMAN_BIOGPS_GNF1H_GCRMA_77_TISSUE_DDOF1,-0.4069665813435382,-0.31694270108568234,-0.09002388025785585,TYPICAL_ANTIPSYCHOTICS,Typical antipsychotics,HRH1,Pons
HRH1|EXACT_SINGLE_PROTEIN|HSAMP_13a552b6ffc4aac3b85a50ca|HUMAN_BIOGPS_GNF1H_GCRMA_77_TISSUE_DDOF1,0.8066860352749088,0.7636735184268524,0.043012516848056404,TYPICAL_ANTIPSYCHOTICS,Typical antipsychotics,HRH1,Amygdala
HRH1|EXACT_SINGLE_PROTEIN|HSAMP_192dff4b8df5862a227b1163|HUMAN_BIOGPS_GNF1H_GCRMA_77_TISSUE_DDOF1,-0.5267059096251675,-0.39333459788184116,-0.13337131174332634,TYPICAL_ANTIPSYCHOTICS,Typical antipsychotics,HRH1,SubthalamicNucleus
HRH1|EXACT_SINGLE_PROTEIN|HSAMP_20b60708f05d03c76f9fe702|HUMAN_BIOGPS_GNF1H_GCRMA_77_TISSUE_DDOF1,0.825224067399588,0.7732751123508206,0.0519489550487674,TYPICAL_ANTIPSYCHOTICS,Typical antipsychotics,HRH1,CerebellumPeduncles
HRH1|EXACT_SINGLE_PROTEIN|HSAMP_374f872ebf1bbba2be514f9f|HUMAN_BIOGPS_GNF1H_GCRMA_77_TISSUE_DDOF1,-1.149155340482987,-1.0445228904697768,-0.10463245001321031,TYPICAL_ANTIPSYCHOTICS,Typical antipsychotics,HRH1,GlobusPallidus
HRH1|EXACT_SINGLE_PROTEIN|HSAMP_5c090f15f3e5194312a7e8ed|HUMAN_BIOGPS_GNF1H_GCRMA_77_TISSUE_DDOF1,0.7948154050603815,0.7516254100283204,0.04318999503206111,TYPICAL_ANTIPSYCHOTICS,Typical antipsychotics,HRH1,MedullaOblongata
HRH1|EXACT_SINGLE_PROTEIN|HSAMP_752ebc880edc13bb4e2b2de8|HUMAN_BIOGPS_GNF1H_GCRMA_77_TISSUE_DDOF1,1.3680622891810272,1.2618296096459434,0.10623267953508386,TYPICAL_ANTIPSYCHOTICS,Typical antipsychotics,HRH1,PrefrontalCortex
HRH1|EXACT_SINGLE_PROTEIN|HSAMP_7725bb8a75064c4d7246d9ba|HUMAN_BIOGPS_GNF1H_GCRMA_77_TISSUE_DDOF1,-0.8232697206603634,-0.6627006669564254,-0.16056905370393804,TYPICAL_ANTIPSYCHOTICS,Typical antipsychotics,HRH1,OccipitalLobe
HRH1|EXACT_SINGLE_PROTEIN|HSAMP_8ed020260a1d25cf72324c8a|HUMAN_BIOGPS_GNF1H_GCRMA_77_TISSUE_DDOF1,0.5591731547488072,0.5600957965890847,-0.0009226418402774605,TYPICAL_ANTIPSYCHOTICS,Typical antipsychotics,HRH1,Hypothalamus
HRH1|EXACT_SINGLE_PROTEIN|HSAMP_936b77a4b11b5c19027de438|HUMAN_BIOGPS_GNF1H_GCRMA_77_TISSUE_DDOF1,0.5328947606229455,0.528419546889985,0.004475213732960448,TYPICAL_ANTIPSYCHOTICS,Typical antipsychotics,HRH1,Spinalcord
HRH1|EXACT_SINGLE_PROTEIN|HSAMP_9aa72e4fb1ff63e1792b1ec7|HUMAN_BIOGPS_GNF1H_GCRMA_77_TISSUE_DDOF1,-1.194185433796494,-1.0922648984781593,-0.10192053531833456,TYPICAL_ANTIPSYCHOTICS,Typical antipsychotics,HRH1,Cerebellum
HRH1|EXACT_SINGLE_PROTEIN|HSAMP_a32ce488a48b0df9b8c4c40a|HUMAN_BIOGPS_GNF1H_GCRMA_77_TISSUE_DDOF1,-0.8823718421604713,-0.7143660621662783,-0.16800577999419297,TYPICAL_ANTIPSYCHOTICS,Typical antipsychotics,HRH1,Caudatenucleus
HRH1|EXACT_SINGLE_PROTEIN|HSAMP_d99ba5ea584363f8600ade55|HUMAN_BIOGPS_GNF1H_GCRMA_77_TISSUE_DDOF1,0.6441544693789119,0.6313952692697593,0.012759200109152546,TYPICAL_ANTIPSYCHOTICS,Typical antipsychotics,HRH1,CingulateCortex
HRH1|EXACT_SINGLE_PROTEIN|HSAMP_e75262fc0acfda69d976a6d3|HUMAN_BIOGPS_GNF1H_GCRMA_77_TISSUE_DDOF1,0.6140082925950555,0.6129827978281104,0.0010254947669451342,TYPICAL_ANTIPSYCHOTICS,Typical antipsychotics,HRH1,ParietalLobe
HRH1|EXACT_SINGLE_PROTEIN|HSAMP_eb2587e74e2d6457032d4ae7|HUMAN_BIOGPS_GNF1H_GCRMA_77_TISSUE_DDOF1,-0.6895196608949238,-0.5343775250448006,-0.15514213585012315,TYPICAL_ANTIPSYCHOTICS,Typical antipsychotics,HRH1,TemporalLobe
HRH1|EXACT_SINGLE_PROTEIN|HSAMP_f43595f3557cf05e6a721aeb|HUMAN_BIOGPS_GNF1H_GCRMA_77_TISSUE_DDOF1,0.01727729262442284,0.0004975168403968527,0.016779775784025987,TYPICAL_ANTIPSYCHOTICS,Typical antipsychotics,HRH1,Thalamus
HRH1|EXACT_SINGLE_PROTEIN|HSAMP_ff841df7ecd9f2c8ea2660f5|HUMAN_BIOGPS_GNF1H_GCRMA_77_TISSUE_DDOF1,-1.3254271532431554,-1.2344948296651754,-0.09093232357797998,TYPICAL_ANTIPSYCHOTICS,Typical antipsychotics,HRH1,OlfactoryBulb
HRH2|EXACT_SINGLE_PROTEIN|HSAMP_06645e2e8409a5b743985cdd|HUMAN_BIOGPS_GNF1H_GCRMA_77_TISSUE_DDOF1,-0.69464193733049,-0.3517105789835848,-0.34293135834690514,TYPICAL_ANTIPSYCHOTICS,Typical antipsychotics,HRH2,Wholebrain
HRH2|EXACT_SINGLE_PROTEIN|HSAMP_0cb8b4d1db8c390eeeecca55|HUMAN_BIOGPS_GNF1H_GCRMA_77_TISSUE_DDOF1,-0.32988980043348387,-0.1409190990641591,-0.18897070136932478,TYPICAL_ANTIPSYCHOTICS,Typical antipsychotics,HRH2,Pons
HRH2|EXACT_SINGLE_PROTEIN|HSAMP_13a552b6ffc4aac3b85a50ca|HUMAN_BIOGPS_GNF1H_GCRMA_77_TISSUE_DDOF1,0.6236957598103152,0.5828370649357416,0.04085869487457361,TYPICAL_ANTIPSYCHOTICS,Typical antipsychotics,HRH2,Amygdala
HRH2|EXACT_SINGLE_PROTEIN|HSAMP_192dff4b8df5862a227b1163|HUMAN_BIOGPS_GNF1H_GCRMA_77_TISSUE_DDOF1,-0.6147502572061241,-0.30115476945252007,-0.313595487753604,TYPICAL_ANTIPSYCHOTICS,Typical antipsychotics,HRH2,SubthalamicNucleus
HRH2|EXACT_SINGLE_PROTEIN|HSAMP_20b60708f05d03c76f9fe702|HUMAN_BIOGPS_GNF1H_GCRMA_77_TISSUE_DDOF1,0.7849239795659405,0.6831148209426385,0.10180915862330198,TYPICAL_ANTIPSYCHOTICS,Typical antipsychotics,HRH2,CerebellumPeduncles
HRH2|EXACT_SINGLE_PROTEIN|HSAMP_374f872ebf1bbba2be514f9f|HUMAN_BIOGPS_GNF1H_GCRMA_77_TISSUE_DDOF1,-1.2460582398972329,-0.7686766928783347,-0.4773815470188981,TYPICAL_ANTIPSYCHOTICS,Typical antipsychotics,HRH2,GlobusPallidus
HRH2|EXACT_SINGLE_PROTEIN|HSAMP_5c090f15f3e5194312a7e8ed|HUMAN_BIOGPS_GNF1H_GCRMA_77_TISSUE_DDOF1,-0.40796698400623327,-0.18254423257308172,-0.22542275143315155,TYPICAL_ANTIPSYCHOTICS,Typical antipsychotics,HRH2,MedullaOblongata
HRH2|EXACT_SINGLE_PROTEIN|HSAMP_752ebc880edc13bb4e2b2de8|HUMAN_BIOGPS_GNF1H_GCRMA_77_TISSUE_DDOF1,0.9724259447294552,0.8274167750245967,0.14500916970485855,TYPICAL_ANTIPSYCHOTICS,Typical antipsychotics,HRH2,PrefrontalCortex
HRH2|EXACT_SINGLE_PROTEIN|HSAMP_7725bb8a75064c4d7246d9ba|HUMAN_BIOGPS_GNF1H_GCRMA_77_TISSUE_DDOF1,-0.5287594645081605,-0.2423860858271611,-0.2863733786809994,TYPICAL_ANTIPSYCHOTICS,Typical antipsychotics,HRH2,OccipitalLobe
HRH2|EXACT_SINGLE_PROTEIN|HSAMP_8ed020260a1d25cf72324c8a|HUMAN_BIOGPS_GNF1H_GCRMA_77_TISSUE_DDOF1,0.5730954222822335,0.5519591820238382,0.021136240258395333,TYPICAL_ANTIPSYCHOTICS,Typical antipsychotics,HRH2,Hypothalamus
HRH2|EXACT_SINGLE_PROTEIN|HSAMP_936b77a4b11b5c19027de438|HUMAN_BIOGPS_GNF1H_GCRMA_77_TISSUE_DDOF1,0.5402217412152431,0.5212592545528882,0.018962486662354894,TYPICAL_ANTIPSYCHOTICS,Typical antipsychotics,HRH2,Spinalcord
HRH2|EXACT_SINGLE_PROTEIN|HSAMP_9aa72e4fb1ff63e1792b1ec7|HUMAN_BIOGPS_GNF1H_GCRMA_77_TISSUE_DDOF1,-0.8624398965518474,-0.4659798169960625,-0.3964600795557849,TYPICAL_ANTIPSYCHOTICS,Typical antipsychotics,HRH2,Cerebellum
HRH2|EXACT_SINGLE_PROTEIN|HSAMP_a32ce488a48b0df9b8c4c40a|HUMAN_BIOGPS_GNF1H_GCRMA_77_TISSUE_DDOF1,-0.5757415442072893,-0.2711979836960793,-0.30454356051121,TYPICAL_ANTIPSYCHOTICS,Typical antipsychotics,HRH2,Caudatenucleus
HRH2|EXACT_SINGLE_PROTEIN|HSAMP_d99ba5ea584363f8600ade55|HUMAN_BIOGPS_GNF1H_GCRMA_77_TISSUE_DDOF1,0.11882129155482958,0.210983621109476,-0.09216232955464641,TYPICAL_ANTIPSYCHOTICS,Typical antipsychotics,HRH2,CingulateCortex
HRH2|EXACT_SINGLE_PROTEIN|HSAMP_e75262fc0acfda69d976a6d3|HUMAN_BIOGPS_GNF1H_GCRMA_77_TISSUE_DDOF1,0.2912477238662155,0.3549527460666433,-0.06370502220042779,TYPICAL_ANTIPSYCHOTICS,Typical antipsychotics,HRH2,ParietalLobe
HRH2|EXACT_SINGLE_PROTEIN|HSAMP_eb2587e74e2d6457032d4ae7|HUMAN_BIOGPS_GNF1H_GCRMA_77_TISSUE_DDOF1,-0.6147502572061241,-0.30115476945252007,-0.313595487753604,TYPICAL_ANTIPSYCHOTICS,Typical antipsychotics,HRH2,TemporalLobe
HRH2|EXACT_SINGLE_PROTEIN|HSAMP_f43595f3557cf05e6a721aeb|HUMAN_BIOGPS_GNF1H_GCRMA_77_TISSUE_DDOF1,0.16293091698469325,0.2770433289875273,-0.11411241200283406,TYPICAL_ANTIPSYCHOTICS,Typical antipsychotics,HRH2,Thalamus
HRH2|EXACT_SINGLE_PROTEIN|HSAMP_ff841df7ecd9f2c8ea2660f5|HUMAN_BIOGPS_GNF1H_GCRMA_77_TISSUE_DDOF1,-1.111824416274675,-0.6421018008870278,-0.46972261538764726,TYPICAL_ANTIPSYCHOTICS,Typical antipsychotics,HRH2,OlfactoryBulb
HTR1A|EXACT_SINGLE_PROTEIN|HSAMP_06645e2e8409a5b743985cdd|HUMAN_BIOGPS_GNF1H_GCRMA_77_TISSUE_DDOF1,-0.5957660949253106,-0.3054047492534201,-0.29036134567189054,TYPICAL_ANTIPSYCHOTICS,Typical antipsychotics,HTR1A,Wholebrain
HTR1A|EXACT_SINGLE_PROTEIN|HSAMP_0cb8b4d1db8c390eeeecca55|HUMAN_BIOGPS_GNF1H_GCRMA_77_TISSUE_DDOF1,-0.07343873567882814,0.015995572173005124,-0.08943430785183326,TYPICAL_ANTIPSYCHOTICS,Typical antipsychotics,HTR1A,Pons
HTR1A|EXACT_SINGLE_PROTEIN|HSAMP_13a552b6ffc4aac3b85a50ca|HUMAN_BIOGPS_GNF1H_GCRMA_77_TISSUE_DDOF1,0.5992580300558955,0.5730837497462733,0.02617428030962221,TYPICAL_ANTIPSYCHOTICS,Typical antipsychotics,HTR1A,Amygdala
HTR1A|EXACT_SINGLE_PROTEIN|HSAMP_192dff4b8df5862a227b1163|HUMAN_BIOGPS_GNF1H_GCRMA_77_TISSUE_DDOF1,-0.46981645046688625,-0.2261054536496132,-0.24371099681727304,TYPICAL_ANTIPSYCHOTICS,Typical antipsychotics,HTR1A,SubthalamicNucleus
HTR1A|EXACT_SINGLE_PROTEIN|HSAMP_20b60708f05d03c76f9fe702|HUMAN_BIOGPS_GNF1H_GCRMA_77_TISSUE_DDOF1,0.8380957814805369,0.7260000282492893,0.11209575323124754,TYPICAL_ANTIPSYCHOTICS,Typical antipsychotics,HTR1A,CerebellumPeduncles
HTR1A|EXACT_SINGLE_PROTEIN|HSAMP_374f872ebf1bbba2be514f9f|HUMAN_BIOGPS_GNF1H_GCRMA_77_TISSUE_DDOF1,-1.1424650971158654,-0.6960770952126905,-0.44638800190317496,TYPICAL_ANTIPSYCHOTICS,Typical antipsychotics,HTR1A,GlobusPallidus
HTR1A|EXACT_SINGLE_PROTEIN|HSAMP_5c090f15f3e5194312a7e8ed|HUMAN_BIOGPS_GNF1H_GCRMA_77_TISSUE_DDOF1,-0.3789744887206786,-0.18734167666240284,-0.1916328120582758,TYPICAL_ANTIPSYCHOTICS,Typical antipsychotics,HTR1A,MedullaOblongata
HTR1A|EXACT_SINGLE_PROTEIN|HSAMP_752ebc880edc13bb4e2b2de8|HUMAN_BIOGPS_GNF1H_GCRMA_77_TISSUE_DDOF1,1.1245399538714471,0.9483576131195478,0.1761823407518993,TYPICAL_ANTIPSYCHOTICS,Typical antipsychotics,HTR1A,PrefrontalCortex
HTR1A|EXACT_SINGLE_PROTEIN|HSAMP_7725bb8a75064c4d7246d9ba|HUMAN_BIOGPS_GNF1H_GCRMA_77_TISSUE_DDOF1,-0.46981645046688625,-0.2261054536496132,-0.24371099681727304,TYPICAL_ANTIPSYCHOTICS,Typical antipsychotics,HTR1A,OccipitalLobe
HTR1A|EXACT_SINGLE_PROTEIN|HSAMP_8ed020260a1d25cf72324c8a|HUMAN_BIOGPS_GNF1H_GCRMA_77_TISSUE_DDOF1,0.7780412977138788,0.6769556737556865,0.1010856239581922,TYPICAL_ANTIPSYCHOTICS,Typical antipsychotics,HTR1A,Hypothalamus
HTR1A|EXACT_SINGLE_PROTEIN|HSAMP_936b77a4b11b5c19027de438|HUMAN_BIOGPS_GNF1H_GCRMA_77_TISSUE_DDOF1,0.6595350719470643,0.6076902421789225,0.051844829768141754,TYPICAL_ANTIPSYCHOTICS,Typical antipsychotics,HTR1A,Spinalcord
HTR1A|EXACT_SINGLE_PROTEIN|HSAMP_9aa72e4fb1ff63e1792b1ec7|HUMAN_BIOGPS_GNF1H_GCRMA_77_TISSUE_DDOF1,-0.8647156225397274,-0.4800796174948436,-0.3846360050448838,TYPICAL_ANTIPSYCHOTICS,Typical antipsychotics,HTR1A,Cerebellum
HTR1A|EXACT_SINGLE_PROTEIN|HSAMP_a32ce488a48b0df9b8c4c40a|HUMAN_BIOGPS_GNF1H_GCRMA_77_TISSUE_DDOF1,-0.46981645046688625,-0.2261054536496132,-0.24371099681727304,TYPICAL_ANTIPSYCHOTICS,Typical antipsychotics,HTR1A,Caudatenucleus
HTR1A|EXACT_SINGLE_PROTEIN|HSAMP_d99ba5ea584363f8600ade55|HUMAN_BIOGPS_GNF1H_GCRMA_77_TISSUE_DDOF1,0.5992580300558955,0.5730837497462733,0.02617428030962221,TYPICAL_ANTIPSYCHOTICS,Typical antipsychotics,HTR1A,CingulateCortex
HTR1A|EXACT_SINGLE_PROTEIN|HSAMP_e75262fc0acfda69d976a6d3|HUMAN_BIOGPS_GNF1H_GCRMA_77_TISSUE_DDOF1,0.5992580300558955,0.5730837497462733,0.02617428030962221,TYPICAL_ANTIPSYCHOTICS,Typical antipsychotics,HTR1A,ParietalLobe
HTR1A|EXACT_SINGLE_PROTEIN|HSAMP_eb2587e74e2d6457032d4ae7|HUMAN_BIOGPS_GNF1H_GCRMA_77_TISSUE_DDOF1,-0.07343873567882814,0.015995572173005124,-0.08943430785183326,TYPICAL_ANTIPSYCHOTICS,Typical antipsychotics,HTR1A,TemporalLobe
HTR1A|EXACT_SINGLE_PROTEIN|HSAMP_f43595f3557cf05e6a721aeb|HUMAN_BIOGPS_GNF1H_GCRMA_77_TISSUE_DDOF1,0.4891503870061959,0.4851177252111193,0.004032661795076609,TYPICAL_ANTIPSYCHOTICS,Typical antipsychotics,HTR1A,Thalamus
HTR1A|EXACT_SINGLE_PROTEIN|HSAMP_ff841df7ecd9f2c8ea2660f5|HUMAN_BIOGPS_GNF1H_GCRMA_77_TISSUE_DDOF1,-0.918925401217871,-0.5127726792953909,-0.4061527219224801,TYPICAL_ANTIPSYCHOTICS,Typical antipsychotics,HTR1A,OlfactoryBulb
HTR2A|EXACT_SINGLE_PROTEIN|HSAMP_06645e2e8409a5b743985cdd|HUMAN_BIOGPS_GNF1H_GCRMA_77_TISSUE_DDOF1,-0.501889385623247,-0.41279211082748163,-0.0890972747957654,TYPICAL_ANTIPSYCHOTICS,Typical antipsychotics,HTR2A,Wholebrain
HTR2A|EXACT_SINGLE_PROTEIN|HSAMP_0cb8b4d1db8c390eeeecca55|HUMAN_BIOGPS_GNF1H_GCRMA_77_TISSUE_DDOF1,0.7550862876365918,0.7243969612628485,0.03068932637374333,TYPICAL_ANTIPSYCHOTICS,Typical antipsychotics,HTR2A,Pons
HTR2A|EXACT_SINGLE_PROTEIN|HSAMP_13a552b6ffc4aac3b85a50ca|HUMAN_BIOGPS_GNF1H_GCRMA_77_TISSUE_DDOF1,-0.0010801883095069333,-0.062351101790619756,0.061270913481112826,TYPICAL_ANTIPSYCHOTICS,Typical antipsychotics,HTR2A,Amygdala
HTR2A|EXACT_SINGLE_PROTEIN|HSAMP_192dff4b8df5862a227b1163|HUMAN_BIOGPS_GNF1H_GCRMA_77_TISSUE_DDOF1,1.8248712253216783,1.6170896485427182,0.20778157677896014,TYPICAL_ANTIPSYCHOTICS,Typical antipsychotics,HTR2A,SubthalamicNucleus
HTR2A|EXACT_SINGLE_PROTEIN|HSAMP_20b60708f05d03c76f9fe702|HUMAN_BIOGPS_GNF1H_GCRMA_77_TISSUE_DDOF1,0.15542914123537316,0.2224411212097196,-0.06701197997434644,TYPICAL_ANTIPSYCHOTICS,Typical antipsychotics,HTR2A,CerebellumPeduncles
HTR2A|EXACT_SINGLE_PROTEIN|HSAMP_374f872ebf1bbba2be514f9f|HUMAN_BIOGPS_GNF1H_GCRMA_77_TISSUE_DDOF1,0.7873574784129308,0.7581065399745489,0.02925093843838189,TYPICAL_ANTIPSYCHOTICS,Typical antipsychotics,HTR2A,GlobusPallidus
HTR2A|EXACT_SINGLE_PROTEIN|HSAMP_5c090f15f3e5194312a7e8ed|HUMAN_BIOGPS_GNF1H_GCRMA_77_TISSUE_DDOF1,0.9983355707971303,1.0105798765610066,-0.012244305763876251,TYPICAL_ANTIPSYCHOTICS,Typical antipsychotics,HTR2A,MedullaOblongata
HTR2A|EXACT_SINGLE_PROTEIN|HSAMP_752ebc880edc13bb4e2b2de8|HUMAN_BIOGPS_GNF1H_GCRMA_77_TISSUE_DDOF1,2.5178271736327495,2.251032560435035,0.26679461319771436,TYPICAL_ANTIPSYCHOTICS,Typical antipsychotics,HTR2A,PrefrontalCortex
HTR2A|EXACT_SINGLE_PROTEIN|HSAMP_7725bb8a75064c4d7246d9ba|HUMAN_BIOGPS_GNF1H_GCRMA_77_TISSUE_DDOF1,1.9189228621609054,1.710633063866486,0.2082897982944194,TYPICAL_ANTIPSYCHOTICS,Typical antipsychotics,HTR2A,OccipitalLobe
HTR2A|EXACT_SINGLE_PROTEIN|HSAMP_8ed020260a1d25cf72324c8a|HUMAN_BIOGPS_GNF1H_GCRMA_77_TISSUE_DDOF1,0.10269010257251229,0.12305976020038518,-0.020369657627872892,TYPICAL_ANTIPSYCHOTICS,Typical antipsychotics,HTR2A,Hypothalamus
HTR2A|EXACT_SINGLE_PROTEIN|HSAMP_936b77a4b11b5c19027de438|HUMAN_BIOGPS_GNF1H_GCRMA_77_TISSUE_DDOF1,0.01848317484977023,-0.02837753058771672,0.04686070543748695,TYPICAL_ANTIPSYCHOTICS,Typical antipsychotics,HTR2A,Spinalcord
HTR2A|EXACT_SINGLE_PROTEIN|HSAMP_9aa72e4fb1ff63e1792b1ec7|HUMAN_BIOGPS_GNF1H_GCRMA_77_TISSUE_DDOF1,-0.6576786000974707,-0.5528006143794044,-0.10487798571806628,TYPICAL_ANTIPSYCHOTICS,Typical antipsychotics,HTR2A,Cerebellum
HTR2A|EXACT_SINGLE_PROTEIN|HSAMP_a32ce488a48b0df9b8c4c40a|HUMAN_BIOGPS_GNF1H_GCRMA_77_TISSUE_DDOF1,-0.501889385623247,-0.41279211082748163,-0.0890972747957654,TYPICAL_ANTIPSYCHOTICS,Typical antipsychotics,HTR2A,Caudatenucleus
HTR2A|EXACT_SINGLE_PROTEIN|HSAMP_d99ba5ea584363f8600ade55|HUMAN_BIOGPS_GNF1H_GCRMA_77_TISSUE_DDOF1,1.4832047216785647,1.378889390341844,0.10431533133672066,TYPICAL_ANTIPSYCHOTICS,Typical antipsychotics,HTR2A,CingulateCortex
HTR2A|EXACT_SINGLE_PROTEIN|HSAMP_e75262fc0acfda69d976a6d3|HUMAN_BIOGPS_GNF1H_GCRMA_77_TISSUE_DDOF1,1.4195828780719864,1.3435092988067596,0.07607357926522673,TYPICAL_ANTIPSYCHOTICS,Typical antipsychotics,HTR2A,ParietalLobe
HTR2A|EXACT_SINGLE_PROTEIN|HSAMP_eb2587e74e2d6457032d4ae7|HUMAN_BIOGPS_GNF1H_GCRMA_77_TISSUE_DDOF1,1.2527025925413384,1.2390934399651803,0.013609152576158134,TYPICAL_ANTIPSYCHOTICS,Typical antipsychotics,HTR2A,TemporalLobe
HTR2A|EXACT_SINGLE_PROTEIN|HSAMP_f43595f3557cf05e6a721aeb|HUMAN_BIOGPS_GNF1H_GCRMA_77_TISSUE_DDOF1,-0.11666409904318278,-0.18339270988317508,0.06672861083999229,TYPICAL_ANTIPSYCHOTICS,Typical antipsychotics,HTR2A,Thalamus
HTR2A|EXACT_SINGLE_PROTEIN|HSAMP_ff841df7ecd9f2c8ea2660f5|HUMAN_BIOGPS_GNF1H_GCRMA_77_TISSUE_DDOF1,-0.6923974874967989,-0.5790352449465218,-0.11336224255027705,TYPICAL_ANTIPSYCHOTICS,Typical antipsychotics,HTR2A,OlfactoryBulb
HTR2B|EXACT_SINGLE_PROTEIN|HSAMP_06645e2e8409a5b743985cdd|HUMAN_BIOGPS_GNF1H_GCRMA_77_TISSUE_DDOF1,-1.0334111776743673,-0.749471312742884,-0.28393986493148327,TYPICAL_ANTIPSYCHOTICS,Typical antipsychotics,HTR2B,Wholebrain
HTR2B|EXACT_SINGLE_PROTEIN|HSAMP_0cb8b4d1db8c390eeeecca55|HUMAN_BIOGPS_GNF1H_GCRMA_77_TISSUE_DDOF1,-0.3101525274680148,-0.20977409949313153,-0.10037842797488328,TYPICAL_ANTIPSYCHOTICS,Typical antipsychotics,HTR2B,Pons
HTR2B|EXACT_SINGLE_PROTEIN|HSAMP_13a552b6ffc4aac3b85a50ca|HUMAN_BIOGPS_GNF1H_GCRMA_77_TISSUE_DDOF1,0.18107465613939241,0.28573378691367524,-0.10465913077428282,TYPICAL_ANTIPSYCHOTICS,Typical antipsychotics,HTR2B,Amygdala
HTR2B|EXACT_SINGLE_PROTEIN|HSAMP_192dff4b8df5862a227b1163|HUMAN_BIOGPS_GNF1H_GCRMA_77_TISSUE_DDOF1,-0.5404392638990756,-0.32857969157551875,-0.21185957232355684,TYPICAL_ANTIPSYCHOTICS,Typical antipsychotics,HTR2B,SubthalamicNucleus
HTR2B|EXACT_SINGLE_PROTEIN|HSAMP_20b60708f05d03c76f9fe702|HUMAN_BIOGPS_GNF1H_GCRMA_77_TISSUE_DDOF1,0.8946254119794056,0.7949763546619977,0.09964905731740792,TYPICAL_ANTIPSYCHOTICS,Typical antipsychotics,HTR2B,CerebellumPeduncles
HTR2B|EXACT_SINGLE_PROTEIN|HSAMP_374f872ebf1bbba2be514f9f|HUMAN_BIOGPS_GNF1H_GCRMA_77_TISSUE_DDOF1,-1.3347395406665359,-1.0223498441345682,-0.3123896965319677,TYPICAL_ANTIPSYCHOTICS,Typical antipsychotics,HTR2B,GlobusPallidus
HTR2B|EXACT_SINGLE_PROTEIN|HSAMP_5c090f15f3e5194312a7e8ed|HUMAN_BIOGPS_GNF1H_GCRMA_77_TISSUE_DDOF1,-0.6387511578710472,-0.4074954898128336,-0.23125566805821357,TYPICAL_ANTIPSYCHOTICS,Typical antipsychotics,HTR2B,MedullaOblongata
HTR2B|EXACT_SINGLE_PROTEIN|HSAMP_752ebc880edc13bb4e2b2de8|HUMAN_BIOGPS_GNF1H_GCRMA_77_TISSUE_DDOF1,1.0464163659167245,0.9471005018595525,0.09931586405717197,TYPICAL_ANTIPSYCHOTICS,Typical antipsychotics,HTR2B,PrefrontalCortex
HTR2B|EXACT_SINGLE_PROTEIN|HSAMP_7725bb8a75064c4d7246d9ba|HUMAN_BIOGPS_GNF1H_GCRMA_77_TISSUE_DDOF1,-0.7317658218873848,-0.47170265967479963,-0.2600631622125852,TYPICAL_ANTIPSYCHOTICS,Typical antipsychotics,HTR2B,OccipitalLobe
HTR2B|EXACT_SINGLE_PROTEIN|HSAMP_8ed020260a1d25cf72324c8a|HUMAN_BIOGPS_GNF1H_GCRMA_77_TISSUE_DDOF1,0.616731591469423,0.5988888077758483,0.017842783693574726,TYPICAL_ANTIPSYCHOTICS,Typical antipsychotics,HTR2B,Hypothalamus
HTR2B|EXACT_SINGLE_PROTEIN|HSAMP_936b77a4b11b5c19027de438|HUMAN_BIOGPS_GNF1H_GCRMA_77_TISSUE_DDOF1,0.616731591469423,0.5988888077758483,0.017842783693574726,TYPICAL_ANTIPSYCHOTICS,Typical antipsychotics,HTR2B,Spinalcord
HTR2B|EXACT_SINGLE_PROTEIN|HSAMP_9aa72e4fb1ff63e1792b1ec7|HUMAN_BIOGPS_GNF1H_GCRMA_77_TISSUE_DDOF1,-1.0334111776743673,-0.749471312742884,-0.28393986493148327,TYPICAL_ANTIPSYCHOTICS,Typical antipsychotics,HTR2B,Cerebellum
HTR2B|EXACT_SINGLE_PROTEIN|HSAMP_a32ce488a48b0df9b8c4c40a|HUMAN_BIOGPS_GNF1H_GCRMA_77_TISSUE_DDOF1,-0.6794752792208592,-0.4374615081682178,-0.24201377105264132,TYPICAL_ANTIPSYCHOTICS,Typical antipsychotics,HTR2B,Caudatenucleus
HTR2B|EXACT_SINGLE_PROTEIN|HSAMP_d99ba5ea584363f8600ade55|HUMAN_BIOGPS_GNF1H_GCRMA_77_TISSUE_DDOF1,0.4245875814465141,0.4345046377874658,-0.009917056340951691,TYPICAL_ANTIPSYCHOTICS,Typical antipsychotics,HTR2B,CingulateCortex
HTR2B|EXACT_SINGLE_PROTEIN|HSAMP_e75262fc0acfda69d976a6d3|HUMAN_BIOGPS_GNF1H_GCRMA_77_TISSUE_DDOF1,0.7144229674830372,0.6531974596239103,0.06122550785912695,TYPICAL_ANTIPSYCHOTICS,Typical antipsychotics,HTR2B,ParietalLobe
HTR2B|EXACT_SINGLE_PROTEIN|HSAMP_eb2587e74e2d6457032d4ae7|HUMAN_BIOGPS_GNF1H_GCRMA_77_TISSUE_DDOF1,-0.47798387534273784,-0.28979773304943157,-0.18818614229330627,TYPICAL_ANTIPSYCHOTICS,Typical antipsychotics,HTR2B,TemporalLobe
HTR2B|EXACT_SINGLE_PROTEIN|HSAMP_f43595f3557cf05e6a721aeb|HUMAN_BIOGPS_GNF1H_GCRMA_77_TISSUE_DDOF1,0.18107465613939241,0.28573378691367524,-0.10465913077428282,TYPICAL_ANTIPSYCHOTICS,Typical antipsychotics,HTR2B,Thalamus
HTR2B|EXACT_SINGLE_PROTEIN|HSAMP_ff841df7ecd9f2c8ea2660f5|HUMAN_BIOGPS_GNF1H_GCRMA_77_TISSUE_DDOF1,-1.194185433796494,-0.903807969513166,-0.2903774642833279,TYPICAL_ANTIPSYCHOTICS,Typical antipsychotics,HTR2B,OlfactoryBulb
HTR2C|EXACT_SINGLE_PROTEIN|HSAMP_06645e2e8409a5b743985cdd|HUMAN_BIOGPS_GNF1H_GCRMA_77_TISSUE_DDOF1,-0.16416783623614478,-0.15204325206829028,-0.012124584167854502,TYPICAL_ANTIPSYCHOTICS,Typical antipsychotics,HTR2C,Wholebrain
HTR2C|EXACT_SINGLE_PROTEIN|HSAMP_0cb8b4d1db8c390eeeecca55|HUMAN_BIOGPS_GNF1H_GCRMA_77_TISSUE_DDOF1,-0.05803169638664834,-0.0669894033976002,0.008957707010951867,TYPICAL_ANTIPSYCHOTICS,Typical antipsychotics,HTR2C,Pons
HTR2C|EXACT_SINGLE_PROTEIN|HSAMP_13a552b6ffc4aac3b85a50ca|HUMAN_BIOGPS_GNF1H_GCRMA_77_TISSUE_DDOF1,1.4450285494855648,1.2650971632909833,0.1799313861945815,TYPICAL_ANTIPSYCHOTICS,Typical antipsychotics,HTR2C,Amygdala
HTR2C|EXACT_SINGLE_PROTEIN|HSAMP_192dff4b8df5862a227b1163|HUMAN_BIOGPS_GNF1H_GCRMA_77_TISSUE_DDOF1,-0.09682379681683796,-0.09297544614177816,-0.0038483506750598,TYPICAL_ANTIPSYCHOTICS,Typical antipsychotics,HTR2C,SubthalamicNucleus
HTR2C|EXACT_SINGLE_PROTEIN|HSAMP_20b60708f05d03c76f9fe702|HUMAN_BIOGPS_GNF1H_GCRMA_77_TISSUE_DDOF1,0.04454906146442492,0.0984443711624636,-0.05389530969803868,TYPICAL_ANTIPSYCHOTICS,Typical antipsychotics,HTR2C,CerebellumPeduncles
HTR2C|EXACT_SINGLE_PROTEIN|HSAMP_374f872ebf1bbba2be514f9f|HUMAN_BIOGPS_GNF1H_GCRMA_77_TISSUE_DDOF1,-0.22356263192545178,-0.1798287086769927,-0.043733923248459095,TYPICAL_ANTIPSYCHOTICS,Typical antipsychotics,HTR2C,GlobusPallidus
HTR2C|EXACT_SINGLE_PROTEIN|HSAMP_5c090f15f3e5194312a7e8ed|HUMAN_BIOGPS_GNF1H_GCRMA_77_TISSUE_DDOF1,0.13761647969175556,0.24484355066508445,-0.1072270709733289,TYPICAL_ANTIPSYCHOTICS,Typical antipsychotics,HTR2C,MedullaOblongata
HTR2C|EXACT_SINGLE_PROTEIN|HSAMP_752ebc880edc13bb4e2b2de8|HUMAN_BIOGPS_GNF1H_GCRMA_77_TISSUE_DDOF1,0.05497807421463483,0.1197148169326687,-0.06473674271803387,TYPICAL_ANTIPSYCHOTICS,Typical antipsychotics,HTR2C,PrefrontalCortex
HTR2C|EXACT_SINGLE_PROTEIN|HSAMP_7725bb8a75064c4d7246d9ba|HUMAN_BIOGPS_GNF1H_GCRMA_77_TISSUE_DDOF1,-0.13851778771955958,-0.13330019509164565,-0.005217592627913936,TYPICAL_ANTIPSYCHOTICS,Typical antipsychotics,HTR2C,OccipitalLobe
HTR2C|EXACT_SINGLE_PROTEIN|HSAMP_8ed020260a1d25cf72324c8a|HUMAN_BIOGPS_GNF1H_GCRMA_77_TISSUE_DDOF1,1.9574004412324757,1.5892989803727802,0.36810146085969553,TYPICAL_ANTIPSYCHOTICS,Typical antipsychotics,HTR2C,Hypothalamus
HTR2C|EXACT_SINGLE_PROTEIN|HSAMP_936b77a4b11b5c19027de438|HUMAN_BIOGPS_GNF1H_GCRMA_77_TISSUE_DDOF1,-0.01142305945911525,-0.006410066493382299,-0.005012992965732951,TYPICAL_ANTIPSYCHOTICS,Typical antipsychotics,HTR2C,Spinalcord
HTR2C|EXACT_SINGLE_PROTEIN|HSAMP_9aa72e4fb1ff63e1792b1ec7|HUMAN_BIOGPS_GNF1H_GCRMA_77_TISSUE_DDOF1,-0.18623638692149827,-0.16455785912029347,-0.0216785278012048,TYPICAL_ANTIPSYCHOTICS,Typical antipsychotics,HTR2C,Cerebellum
HTR2C|EXACT_SINGLE_PROTEIN|HSAMP_a32ce488a48b0df9b8c4c40a|HUMAN_BIOGPS_GNF1H_GCRMA_77_TISSUE_DDOF1,2.533933170791423,1.9866127097127904,0.5473204610786326,TYPICAL_ANTIPSYCHOTICS,Typical antipsychotics,HTR2C,Caudatenucleus
HTR2C|EXACT_SINGLE_PROTEIN|HSAMP_d99ba5ea584363f8600ade55|HUMAN_BIOGPS_GNF1H_GCRMA_77_TISSUE_DDOF1,-0.022691925819512807,-0.02328753342746026,0.0005956076079474543,TYPICAL_ANTIPSYCHOTICS,Typical antipsychotics,HTR2C,CingulateCortex
HTR2C|EXACT_SINGLE_PROTEIN|HSAMP_e75262fc0acfda69d976a6d3|HUMAN_BIOGPS_GNF1H_GCRMA_77_TISSUE_DDOF1,0.004312545155705039,0.019798254952222927,-0.015485709796517887,TYPICAL_ANTIPSYCHOTICS,Typical antipsychotics,HTR2C,ParietalLobe
HTR2C|EXACT_SINGLE_PROTEIN|HSAMP_eb2587e74e2d6457032d4ae7|HUMAN_BIOGPS_GNF1H_GCRMA_77_TISSUE_DDOF1,-0.10140595068348542,-0.09685339358264045,-0.00455255710084497,TYPICAL_ANTIPSYCHOTICS,Typical antipsychotics,HTR2C,TemporalLobe
HTR2C|EXACT_SINGLE_PROTEIN|HSAMP_f43595f3557cf05e6a721aeb|HUMAN_BIOGPS_GNF1H_GCRMA_77_TISSUE_DDOF1,-0.00472467592650918,-0.0002759882536298164,-0.004448687672879364,TYPICAL_ANTIPSYCHOTICS,Typical antipsychotics,HTR2C,Thalamus
HTR2C|EXACT_SINGLE_PROTEIN|HSAMP_ff841df7ecd9f2c8ea2660f5|HUMAN_BIOGPS_GNF1H_GCRMA_77_TISSUE_DDOF1,-0.22109091370694864,-0.17925708230615164,-0.041833831400796995,TYPICAL_ANTIPSYCHOTICS,Typical antipsychotics,HTR2C,OlfactoryBulb
KCNH2|EXACT_SINGLE_PROTEIN|HSAMP_06645e2e8409a5b743985cdd|HUMAN_BIOGPS_GNF1H_GCRMA_77_TISSUE_DDOF1,0.6721433940176287,0.6326545425297423,0.03948885148788639,TYPICAL_ANTIPSYCHOTICS,Typical antipsychotics,KCNH2,Wholebrain
KCNH2|EXACT_SINGLE_PROTEIN|HSAMP_0cb8b4d1db8c390eeeecca55|HUMAN_BIOGPS_GNF1H_GCRMA_77_TISSUE_DDOF1,-0.5097769944378396,-0.2988128121946523,-0.21096418224318736,TYPICAL_ANTIPSYCHOTICS,Typical antipsychotics,KCNH2,Pons
KCNH2|EXACT_SINGLE_PROTEIN|HSAMP_13a552b6ffc4aac3b85a50ca|HUMAN_BIOGPS_GNF1H_GCRMA_77_TISSUE_DDOF1,-0.5953865481483204,-0.3590330608564364,-0.236353487291884,TYPICAL_ANTIPSYCHOTICS,Typical antipsychotics,KCNH2,Amygdala
KCNH2|EXACT_SINGLE_PROTEIN|HSAMP_192dff4b8df5862a227b1163|HUMAN_BIOGPS_GNF1H_GCRMA_77_TISSUE_DDOF1,-0.32329295097347915,-0.18738114804041117,-0.13591180293306798,TYPICAL_ANTIPSYCHOTICS,Typical antipsychotics,KCNH2,SubthalamicNucleus
KCNH2|EXACT_SINGLE_PROTEIN|HSAMP_20b60708f05d03c76f9fe702|HUMAN_BIOGPS_GNF1H_GCRMA_77_TISSUE_DDOF1,0.7780412977138788,0.7107081027790361,0.06733319493484269,TYPICAL_ANTIPSYCHOTICS,Typical antipsychotics,KCNH2,CerebellumPeduncles
KCNH2|EXACT_SINGLE_PROTEIN|HSAMP_374f872ebf1bbba2be514f9f|HUMAN_BIOGPS_GNF1H_GCRMA_77_TISSUE_DDOF1,-0.5296294324364784,-0.3140906398297885,-0.2155387926066899,TYPICAL_ANTIPSYCHOTICS,Typical antipsychotics,KCNH2,GlobusPallidus
KCNH2|EXACT_SINGLE_PROTEIN|HSAMP_5c090f15f3e5194312a7e8ed|HUMAN_BIOGPS_GNF1H_GCRMA_77_TISSUE_DDOF1,-0.5296294324364784,-0.3140906398297885,-0.2155387926066899,TYPICAL_ANTIPSYCHOTICS,Typical antipsychotics,KCNH2,MedullaOblongata
KCNH2|EXACT_SINGLE_PROTEIN|HSAMP_752ebc880edc13bb4e2b2de8|HUMAN_BIOGPS_GNF1H_GCRMA_77_TISSUE_DDOF1,0.9306272020005141,0.8497210948477476,0.08090610715276647,TYPICAL_ANTIPSYCHOTICS,Typical antipsychotics,KCNH2,PrefrontalCortex
KCNH2|EXACT_SINGLE_PROTEIN|HSAMP_7725bb8a75064c4d7246d9ba|HUMAN_BIOGPS_GNF1H_GCRMA_77_TISSUE_DDOF1,-0.4927973877239192,-0.28664689273560773,-0.20615049498831145,TYPICAL_ANTIPSYCHOTICS,Typical antipsychotics,KCNH2,OccipitalLobe
KCNH2|EXACT_SINGLE_PROTEIN|HSAMP_8ed020260a1d25cf72324c8a|HUMAN_BIOGPS_GNF1H_GCRMA_77_TISSUE_DDOF1,-0.4927973877239192,-0.2867643720199595,-0.20603301570395965,TYPICAL_ANTIPSYCHOTICS,Typical antipsychotics,KCNH2,Hypothalamus
KCNH2|EXACT_SINGLE_PROTEIN|HSAMP_936b77a4b11b5c19027de438|HUMAN_BIOGPS_GNF1H_GCRMA_77_TISSUE_DDOF1,-0.011083252746525038,0.031626729894757545,-0.04270998264128258,TYPICAL_ANTIPSYCHOTICS,Typical antipsychotics,KCNH2,Spinalcord
KCNH2|EXACT_SINGLE_PROTEIN|HSAMP_9aa72e4fb1ff63e1792b1ec7|HUMAN_BIOGPS_GNF1H_GCRMA_77_TISSUE_DDOF1,0.56404460735885,0.5481942465488374,0.015850360810012565,TYPICAL_ANTIPSYCHOTICS,Typical antipsychotics,KCNH2,Cerebellum
KCNH2|EXACT_SINGLE_PROTEIN|HSAMP_a32ce488a48b0df9b8c4c40a|HUMAN_BIOGPS_GNF1H_GCRMA_77_TISSUE_DDOF1,-0.47787329317090727,-0.27904267978163133,-0.19883061338927593,TYPICAL_ANTIPSYCHOTICS,Typical antipsychotics,KCNH2,Caudatenucleus
KCNH2|EXACT_SINGLE_PROTEIN|HSAMP_d99ba5ea584363f8600ade55|HUMAN_BIOGPS_GNF1H_GCRMA_77_TISSUE_DDOF1,-0.07848428987787703,-0.021851243080353577,-0.056633046797523456,TYPICAL_ANTIPSYCHOTICS,Typical antipsychotics,KCNH2,CingulateCortex
KCNH2|EXACT_SINGLE_PROTEIN|HSAMP_e75262fc0acfda69d976a6d3|HUMAN_BIOGPS_GNF1H_GCRMA_77_TISSUE_DDOF1,-0.47787329317090727,-0.27904267978163133,-0.19883061338927593,TYPICAL_ANTIPSYCHOTICS,Typical antipsychotics,KCNH2,ParietalLobe
KCNH2|EXACT_SINGLE_PROTEIN|HSAMP_eb2587e74e2d6457032d4ae7|HUMAN_BIOGPS_GNF1H_GCRMA_77_TISSUE_DDOF1,-0.5296294324364784,-0.3140906398297885,-0.2155387926066899,TYPICAL_ANTIPSYCHOTICS,Typical antipsychotics,KCNH2,TemporalLobe
KCNH2|EXACT_SINGLE_PROTEIN|HSAMP_f43595f3557cf05e6a721aeb|HUMAN_BIOGPS_GNF1H_GCRMA_77_TISSUE_DDOF1,0.5683767457770087,0.5537733329370305,0.014603412839978236,TYPICAL_ANTIPSYCHOTICS,Typical antipsychotics,KCNH2,Thalamus
KCNH2|EXACT_SINGLE_PROTEIN|HSAMP_ff841df7ecd9f2c8ea2660f5|HUMAN_BIOGPS_GNF1H_GCRMA_77_TISSUE_DDOF1,-0.40154289381541125,-0.23371888305388683,-0.16782401076152442,TYPICAL_ANTIPSYCHOTICS,Typical antipsychotics,KCNH2,OlfactoryBulb
OPRD1|EXACT_SINGLE_PROTEIN|HSAMP_06645e2e8409a5b743985cdd|HUMAN_BIOGPS_GNF1H_GCRMA_77_TISSUE_DDOF1,-0.9755002670030188,-0.9972635893209076,0.0217633223178888,TYPICAL_ANTIPSYCHOTICS,Typical antipsychotics,OPRD1,Wholebrain
OPRD1|EXACT_SINGLE_PROTEIN|HSAMP_0cb8b4d1db8c390eeeecca55|HUMAN_BIOGPS_GNF1H_GCRMA_77_TISSUE_DDOF1,-0.11666409904318278,-0.13519749692154207,0.01853339787835928,TYPICAL_ANTIPSYCHOTICS,Typical antipsychotics,OPRD1,Pons
OPRD1|EXACT_SINGLE_PROTEIN|HSAMP_13a552b6ffc4aac3b85a50ca|HUMAN_BIOGPS_GNF1H_GCRMA_77_TISSUE_DDOF1,0.7082266883898617,0.7112116657912593,-0.0029849774013975816,TYPICAL_ANTIPSYCHOTICS,Typical antipsychotics,OPRD1,Amygdala
OPRD1|EXACT_SINGLE_PROTEIN|HSAMP_192dff4b8df5862a227b1163|HUMAN_BIOGPS_GNF1H_GCRMA_77_TISSUE_DDOF1,-0.6128844066753412,-0.6315871994688267,0.018702792793485523,TYPICAL_ANTIPSYCHOTICS,Typical antipsychotics,OPRD1,SubthalamicNucleus
OPRD1|EXACT_SINGLE_PROTEIN|HSAMP_20b60708f05d03c76f9fe702|HUMAN_BIOGPS_GNF1H_GCRMA_77_TISSUE_DDOF1,1.0299986788998141,1.0398310882029744,-0.009832409303160317,TYPICAL_ANTIPSYCHOTICS,Typical antipsychotics,OPRD1,CerebellumPeduncles
OPRD1|EXACT_SINGLE_PROTEIN|HSAMP_374f872ebf1bbba2be514f9f|HUMAN_BIOGPS_GNF1H_GCRMA_77_TISSUE_DDOF1,-1.56910542197197,-1.6140112313312045,0.044905809359234494,TYPICAL_ANTIPSYCHOTICS,Typical antipsychotics,OPRD1,GlobusPallidus
OPRD1|EXACT_SINGLE_PROTEIN|HSAMP_5c090f15f3e5194312a7e8ed|HUMAN_BIOGPS_GNF1H_GCRMA_77_TISSUE_DDOF1,-0.5475434586021661,-0.5645779923612853,0.01703453375911912,TYPICAL_ANTIPSYCHOTICS,Typical antipsychotics,OPRD1,MedullaOblongata
OPRD1|EXACT_SINGLE_PROTEIN|HSAMP_752ebc880edc13bb4e2b2de8|HUMAN_BIOGPS_GNF1H_GCRMA_77_TISSUE_DDOF1,1.2039892604636027,1.2267804737929802,-0.022791213329377502,TYPICAL_ANTIPSYCHOTICS,Typical antipsychotics,OPRD1,PrefrontalCortex
OPRD1|EXACT_SINGLE_PROTEIN|HSAMP_7725bb8a75064c4d7246d9ba|HUMAN_BIOGPS_GNF1H_GCRMA_77_TISSUE_DDOF1,-0.6128844066753412,-0.6315871994688267,0.018702792793485523,TYPICAL_ANTIPSYCHOTICS,Typical antipsychotics,OPRD1,OccipitalLobe
OPRD1|EXACT_SINGLE_PROTEIN|HSAMP_8ed020260a1d25cf72324c8a|HUMAN_BIOGPS_GNF1H_GCRMA_77_TISSUE_DDOF1,0.8881172637591862,0.8933178158565719,-0.00520055209738568,TYPICAL_ANTIPSYCHOTICS,Typical antipsychotics,OPRD1,Hypothalamus
OPRD1|EXACT_SINGLE_PROTEIN|HSAMP_936b77a4b11b5c19027de438|HUMAN_BIOGPS_GNF1H_GCRMA_77_TISSUE_DDOF1,0.8560938582243547,0.8650478070529225,-0.008953948828567815,TYPICAL_ANTIPSYCHOTICS,Typical antipsychotics,OPRD1,Spinalcord
OPRD1|EXACT_SINGLE_PROTEIN|HSAMP_9aa72e4fb1ff63e1792b1ec7|HUMAN_BIOGPS_GNF1H_GCRMA_77_TISSUE_DDOF1,-1.1867561982449253,-1.2191755781048395,0.032419379859914166,TYPICAL_ANTIPSYCHOTICS,Typical antipsychotics,OPRD1,Cerebellum
OPRD1|EXACT_SINGLE_PROTEIN|HSAMP_a32ce488a48b0df9b8c4c40a|HUMAN_BIOGPS_GNF1H_GCRMA_77_TISSUE_DDOF1,0.5730954222822335,0.5734119179150156,-0.0003164956327820212,TYPICAL_ANTIPSYCHOTICS,Typical antipsychotics,OPRD1,Caudatenucleus
OPRD1|EXACT_SINGLE_PROTEIN|HSAMP_d99ba5ea584363f8600ade55|HUMAN_BIOGPS_GNF1H_GCRMA_77_TISSUE_DDOF1,0.5730954222822335,0.5734119179150156,-0.0003164956327820212,TYPICAL_ANTIPSYCHOTICS,Typical antipsychotics,OPRD1,CingulateCortex
OPRD1|EXACT_SINGLE_PROTEIN|HSAMP_e75262fc0acfda69d976a6d3|HUMAN_BIOGPS_GNF1H_GCRMA_77_TISSUE_DDOF1,0.8118840067070954,0.8234227834939787,-0.011538776786883309,TYPICAL_ANTIPSYCHOTICS,Typical antipsychotics,OPRD1,ParietalLobe
OPRD1|EXACT_SINGLE_PROTEIN|HSAMP_eb2587e74e2d6457032d4ae7|HUMAN_BIOGPS_GNF1H_GCRMA_77_TISSUE_DDOF1,-0.5475434586021661,-0.5645779923612853,0.01703453375911912,TYPICAL_ANTIPSYCHOTICS,Typical antipsychotics,OPRD1,TemporalLobe
OPRD1|EXACT_SINGLE_PROTEIN|HSAMP_f43595f3557cf05e6a721aeb|HUMAN_BIOGPS_GNF1H_GCRMA_77_TISSUE_DDOF1,2.2352327468752073,2.272699484131307,-0.0374667372560995,TYPICAL_ANTIPSYCHOTICS,Typical antipsychotics,OPRD1,Thalamus
OPRD1|EXACT_SINGLE_PROTEIN|HSAMP_ff841df7ecd9f2c8ea2660f5|HUMAN_BIOGPS_GNF1H_GCRMA_77_TISSUE_DDOF1,-1.2926987646532486,-1.3397674578799728,0.047068693226724134,TYPICAL_ANTIPSYCHOTICS,Typical antipsychotics,OPRD1,OlfactoryBulb
OPRK1|EXACT_SINGLE_PROTEIN|HSAMP_06645e2e8409a5b743985cdd|HUMAN_BIOGPS_GNF1H_GCRMA_77_TISSUE_DDOF1,-1.0563266320899458,-1.1322706601738926,0.07594402808394674,TYPICAL_ANTIPSYCHOTICS,Typical antipsychotics,OPRK1,Wholebrain
OPRK1|EXACT_SINGLE_PROTEIN|HSAMP_0cb8b4d1db8c390eeeecca55|HUMAN_BIOGPS_GNF1H_GCRMA_77_TISSUE_DDOF1,0.036968827855691416,0.026453718458504083,0.010515109397187333,TYPICAL_ANTIPSYCHOTICS,Typical antipsychotics,OPRK1,Pons
OPRK1|EXACT_SINGLE_PROTEIN|HSAMP_13a552b6ffc4aac3b85a50ca|HUMAN_BIOGPS_GNF1H_GCRMA_77_TISSUE_DDOF1,0.9020982492605245,0.9164780016219054,-0.014379752361380893,TYPICAL_ANTIPSYCHOTICS,Typical antipsychotics,OPRK1,Amygdala
OPRK1|EXACT_SINGLE_PROTEIN|HSAMP_192dff4b8df5862a227b1163|HUMAN_BIOGPS_GNF1H_GCRMA_77_TISSUE_DDOF1,-0.6797238247320325,-0.7327202582476154,0.05299643351558292,TYPICAL_ANTIPSYCHOTICS,Typical antipsychotics,OPRK1,SubthalamicNucleus
OPRK1|EXACT_SINGLE_PROTEIN|HSAMP_20b60708f05d03c76f9fe702|HUMAN_BIOGPS_GNF1H_GCRMA_77_TISSUE_DDOF1,1.2039892604636027,1.2517303051735384,-0.04774104470993579,TYPICAL_ANTIPSYCHOTICS,Typical antipsychotics,OPRK1,CerebellumPeduncles
OPRK1|EXACT_SINGLE_PROTEIN|HSAMP_374f872ebf1bbba2be514f9f|HUMAN_BIOGPS_GNF1H_GCRMA_77_TISSUE_DDOF1,-1.696023134305084,-1.8238061691360063,0.12778303483092235,TYPICAL_ANTIPSYCHOTICS,Typical antipsychotics,OPRK1,GlobusPallidus
OPRK1|EXACT_SINGLE_PROTEIN|HSAMP_5c090f15f3e5194312a7e8ed|HUMAN_BIOGPS_GNF1H_GCRMA_77_TISSUE_DDOF1,0.036968827855691416,0.026453718458504083,0.010515109397187333,TYPICAL_ANTIPSYCHOTICS,Typical antipsychotics,OPRK1,MedullaOblongata
OPRK1|EXACT_SINGLE_PROTEIN|HSAMP_752ebc880edc13bb4e2b2de8|HUMAN_BIOGPS_GNF1H_GCRMA_77_TISSUE_DDOF1,1.5403699585599027,1.5976293191017965,-0.057259360541893844,TYPICAL_ANTIPSYCHOTICS,Typical antipsychotics,OPRK1,PrefrontalCortex
OPRK1|EXACT_SINGLE_PROTEIN|HSAMP_7725bb8a75064c4d7246d9ba|HUMAN_BIOGPS_GNF1H_GCRMA_77_TISSUE_DDOF1,-0.6797238247320325,-0.7327202582476154,0.05299643351558292,TYPICAL_ANTIPSYCHOTICS,Typical antipsychotics,OPRK1,OccipitalLobe
OPRK1|EXACT_SINGLE_PROTEIN|HSAMP_8ed020260a1d25cf72324c8a|HUMAN_BIOGPS_GNF1H_GCRMA_77_TISSUE_DDOF1,0.9020982492605245,0.9164780016219054,-0.014379752361380893,TYPICAL_ANTIPSYCHOTICS,Typical antipsychotics,OPRK1,Hypothalamus
OPRK1|EXACT_SINGLE_PROTEIN|HSAMP_936b77a4b11b5c19027de438|HUMAN_BIOGPS_GNF1H_GCRMA_77_TISSUE_DDOF1,0.8087303750901438,0.8288965076863909,-0.02016613259624711,TYPICAL_ANTIPSYCHOTICS,Typical antipsychotics,OPRK1,Spinalcord
OPRK1|EXACT_SINGLE_PROTEIN|HSAMP_9aa72e4fb1ff63e1792b1ec7|HUMAN_BIOGPS_GNF1H_GCRMA_77_TISSUE_DDOF1,-1.2719778309776335,-1.3782806195174189,0.10630278853978536,TYPICAL_ANTIPSYCHOTICS,Typical antipsychotics,OPRK1,Cerebellum
OPRK1|EXACT_SINGLE_PROTEIN|HSAMP_a32ce488a48b0df9b8c4c40a|HUMAN_BIOGPS_GNF1H_GCRMA_77_TISSUE_DDOF1,-0.7631746919002458,-0.8208939505470938,0.057719258646848015,TYPICAL_ANTIPSYCHOTICS,Typical antipsychotics,OPRK1,Caudatenucleus
OPRK1|EXACT_SINGLE_PROTEIN|HSAMP_d99ba5ea584363f8600ade55|HUMAN_BIOGPS_GNF1H_GCRMA_77_TISSUE_DDOF1,0.6441544693789119,0.6528055054739563,-0.008651036095044473,TYPICAL_ANTIPSYCHOTICS,Typical antipsychotics,OPRK1,CingulateCortex
OPRK1|EXACT_SINGLE_PROTEIN|HSAMP_e75262fc0acfda69d976a6d3|HUMAN_BIOGPS_GNF1H_GCRMA_77_TISSUE_DDOF1,0.8648327126640044,0.8802263201233738,-0.015393607459369352,TYPICAL_ANTIPSYCHOTICS,Typical antipsychotics,OPRK1,ParietalLobe
OPRK1|EXACT_SINGLE_PROTEIN|HSAMP_eb2587e74e2d6457032d4ae7|HUMAN_BIOGPS_GNF1H_GCRMA_77_TISSUE_DDOF1,-0.6017139619223004,-0.642715975268104,0.041002013345803556,TYPICAL_ANTIPSYCHOTICS,Typical antipsychotics,OPRK1,TemporalLobe
OPRK1|EXACT_SINGLE_PROTEIN|HSAMP_f43595f3557cf05e6a721aeb|HUMAN_BIOGPS_GNF1H_GCRMA_77_TISSUE_DDOF1,0.5575245454714622,0.562721476987276,-0.005196931515813796,TYPICAL_ANTIPSYCHOTICS,Typical antipsychotics,OPRK1,Thalamus
OPRK1|EXACT_SINGLE_PROTEIN|HSAMP_ff841df7ecd9f2c8ea2660f5|HUMAN_BIOGPS_GNF1H_GCRMA_77_TISSUE_DDOF1,-1.5539701975614002,-1.6484212633463926,0.0944510657849924,TYPICAL_ANTIPSYCHOTICS,Typical antipsychotics,OPRK1,OlfactoryBulb
OPRM1|EXACT_SINGLE_PROTEIN|HSAMP_06645e2e8409a5b743985cdd|HUMAN_BIOGPS_GNF1H_GCRMA_77_TISSUE_DDOF1,-0.7965723889941071,-0.362781157926508,-0.4337912310675991,TYPICAL_ANTIPSYCHOTICS,Typical antipsychotics,OPRM1,Wholebrain
OPRM1|EXACT_SINGLE_PROTEIN|HSAMP_0cb8b4d1db8c390eeeecca55|HUMAN_BIOGPS_GNF1H_GCRMA_77_TISSUE_DDOF1,1.716808020032496,1.2768208985767209,0.4399871214557751,TYPICAL_ANTIPSYCHOTICS,Typical antipsychotics,OPRM1,Pons
OPRM1|EXACT_SINGLE_PROTEIN|HSAMP_13a552b6ffc4aac3b85a50ca|HUMAN_BIOGPS_GNF1H_GCRMA_77_TISSUE_DDOF1,-0.22356263192545178,-0.02832495391830797,-0.1952376780071438,TYPICAL_ANTIPSYCHOTICS,Typical antipsychotics,OPRM1,Amygdala
OPRM1|EXACT_SINGLE_PROTEIN|HSAMP_192dff4b8df5862a227b1163|HUMAN_BIOGPS_GNF1H_GCRMA_77_TISSUE_DDOF1,-0.5616367314853511,-0.22000504925574116,-0.34163168222960993,TYPICAL_ANTIPSYCHOTICS,Typical antipsychotics,OPRM1,SubthalamicNucleus
OPRM1|EXACT_SINGLE_PROTEIN|HSAMP_20b60708f05d03c76f9fe702|HUMAN_BIOGPS_GNF1H_GCRMA_77_TISSUE_DDOF1,0.48101672315406374,0.4775620491252761,0.00345467402878763,TYPICAL_ANTIPSYCHOTICS,Typical antipsychotics,OPRM1,CerebellumPeduncles
OPRM1|EXACT_SINGLE_PROTEIN|HSAMP_374f872ebf1bbba2be514f9f|HUMAN_BIOGPS_GNF1H_GCRMA_77_TISSUE_DDOF1,-0.9276542412143662,-0.4397508251701294,-0.4879034160442368,TYPICAL_ANTIPSYCHOTICS,Typical antipsychotics,OPRM1,GlobusPallidus
OPRM1|EXACT_SINGLE_PROTEIN|HSAMP_5c090f15f3e5194312a7e8ed|HUMAN_BIOGPS_GNF1H_GCRMA_77_TISSUE_DDOF1,1.3621070345288713,1.0512150777055758,0.3108919568232955,TYPICAL_ANTIPSYCHOTICS,Typical antipsychotics,OPRM1,MedullaOblongata
OPRM1|EXACT_SINGLE_PROTEIN|HSAMP_752ebc880edc13bb4e2b2de8|HUMAN_BIOGPS_GNF1H_GCRMA_77_TISSUE_DDOF1,0.5692864698202704,0.5377836885406168,0.03150278127965367,TYPICAL_ANTIPSYCHOTICS,Typical antipsychotics,OPRM1,PrefrontalCortex
OPRM1|EXACT_SINGLE_PROTEIN|HSAMP_7725bb8a75064c4d7246d9ba|HUMAN_BIOGPS_GNF1H_GCRMA_77_TISSUE_DDOF1,-0.6314667820514213,-0.25985589276143173,-0.37161088928998953,TYPICAL_ANTIPSYCHOTICS,Typical antipsychotics,OPRM1,OccipitalLobe
OPRM1|EXACT_SINGLE_PROTEIN|HSAMP_8ed020260a1d25cf72324c8a|HUMAN_BIOGPS_GNF1H_GCRMA_77_TISSUE_DDOF1,0.0028657084236432275,0.12624223649193633,-0.1233765280682931,TYPICAL_ANTIPSYCHOTICS,Typical antipsychotics,OPRM1,Hypothalamus
OPRM1|EXACT_SINGLE_PROTEIN|HSAMP_936b77a4b11b5c19027de438|HUMAN_BIOGPS_GNF1H_GCRMA_77_TISSUE_DDOF1,-0.022691925819512807,0.10508029491201396,-0.12777222073152678,TYPICAL_ANTIPSYCHOTICS,Typical antipsychotics,OPRM1,Spinalcord
OPRM1|EXACT_SINGLE_PROTEIN|HSAMP_9aa72e4fb1ff63e1792b1ec7|HUMAN_BIOGPS_GNF1H_GCRMA_77_TISSUE_DDOF1,0.05316689399923939,0.1699584909593327,-0.1167915969600933,TYPICAL_ANTIPSYCHOTICS,Typical antipsychotics,OPRM1,Cerebellum
OPRM1|EXACT_SINGLE_PROTEIN|HSAMP_a32ce488a48b0df9b8c4c40a|HUMAN_BIOGPS_GNF1H_GCRMA_77_TISSUE_DDOF1,-0.604580083085179,-0.25120261165307434,-0.35337747143210463,TYPICAL_ANTIPSYCHOTICS,Typical antipsychotics,OPRM1,Caudatenucleus
OPRM1|EXACT_SINGLE_PROTEIN|HSAMP_d99ba5ea584363f8600ade55|HUMAN_BIOGPS_GNF1H_GCRMA_77_TISSUE_DDOF1,-0.13768784990688981,0.03161435330280277,-0.16930220320969258,TYPICAL_ANTIPSYCHOTICS,Typical antipsychotics,OPRM1,CingulateCortex
OPRM1|EXACT_SINGLE_PROTEIN|HSAMP_e75262fc0acfda69d976a6d3|HUMAN_BIOGPS_GNF1H_GCRMA_77_TISSUE_DDOF1,0.10269010257251229,0.22617684368432106,-0.12348674111180877,TYPICAL_ANTIPSYCHOTICS,Typical antipsychotics,OPRM1,ParietalLobe
OPRM1|EXACT_SINGLE_PROTEIN|HSAMP_eb2587e74e2d6457032d4ae7|HUMAN_BIOGPS_GNF1H_GCRMA_77_TISSUE_DDOF1,0.8130366679122062,0.6893428777337542,0.12369379017845195,TYPICAL_ANTIPSYCHOTICS,Typical antipsychotics,OPRM1,TemporalLobe
OPRM1|EXACT_SINGLE_PROTEIN|HSAMP_f43595f3557cf05e6a721aeb|HUMAN_BIOGPS_GNF1H_GCRMA_77_TISSUE_DDOF1,-0.17815121178694848,0.0002846774305539229,-0.17843588921750242,TYPICAL_ANTIPSYCHOTICS,Typical antipsychotics,OPRM1,Thalamus
OPRM1|EXACT_SINGLE_PROTEIN|HSAMP_ff841df7ecd9f2c8ea2660f5|HUMAN_BIOGPS_GNF1H_GCRMA_77_TISSUE_DDOF1,-0.8624398965518474,-0.40372569562247185,-0.45871420092937554,TYPICAL_ANTIPSYCHOTICS,Typical antipsychotics,OPRM1,OlfactoryBulb
SLC6A2|EXACT_SINGLE_PROTEIN|HSAMP_06645e2e8409a5b743985cdd|HUMAN_BIOGPS_GNF1H_GCRMA_77_TISSUE_DDOF1,-1.132738967762656,-0.9707972035020702,-0.16194176426058582,TYPICAL_ANTIPSYCHOTICS,Typical antipsychotics,SLC6A2,Wholebrain
SLC6A2|EXACT_SINGLE_PROTEIN|HSAMP_0cb8b4d1db8c390eeeecca55|HUMAN_BIOGPS_GNF1H_GCRMA_77_TISSUE_DDOF1,0.0271444976889488,0.04105030512743951,-0.013905807438490712,TYPICAL_ANTIPSYCHOTICS,Typical antipsychotics,SLC6A2,Pons
SLC6A2|EXACT_SINGLE_PROTEIN|HSAMP_13a552b6ffc4aac3b85a50ca|HUMAN_BIOGPS_GNF1H_GCRMA_77_TISSUE_DDOF1,0.2164813869506129,0.2885611268190126,-0.07207973986839969,TYPICAL_ANTIPSYCHOTICS,Typical antipsychotics,SLC6A2,Amygdala
SLC6A2|EXACT_SINGLE_PROTEIN|HSAMP_192dff4b8df5862a227b1163|HUMAN_BIOGPS_GNF1H_GCRMA_77_TISSUE_DDOF1,0.6721433940176287,0.6472754836947268,0.02486791032290192,TYPICAL_ANTIPSYCHOTICS,Typical antipsychotics,SLC6A2,SubthalamicNucleus
SLC6A2|EXACT_SINGLE_PROTEIN|HSAMP_20b60708f05d03c76f9fe702|HUMAN_BIOGPS_GNF1H_GCRMA_77_TISSUE_DDOF1,1.6263504990310644,1.3840723001980595,0.24227819883300494,TYPICAL_ANTIPSYCHOTICS,Typical antipsychotics,SLC6A2,CerebellumPeduncles
SLC6A2|EXACT_SINGLE_PROTEIN|HSAMP_374f872ebf1bbba2be514f9f|HUMAN_BIOGPS_GNF1H_GCRMA_77_TISSUE_DDOF1,-1.2460582398972329,-1.0959658605707838,-0.15009237932644903,TYPICAL_ANTIPSYCHOTICS,Typical antipsychotics,SLC6A2,GlobusPallidus
SLC6A2|EXACT_SINGLE_PROTEIN|HSAMP_5c090f15f3e5194312a7e8ed|HUMAN_BIOGPS_GNF1H_GCRMA_77_TISSUE_DDOF1,-0.7579259018644592,-0.5673950923180294,-0.19053080954642976,TYPICAL_ANTIPSYCHOTICS,Typical antipsychotics,SLC6A2,MedullaOblongata
SLC6A2|EXACT_SINGLE_PROTEIN|HSAMP_752ebc880edc13bb4e2b2de8|HUMAN_BIOGPS_GNF1H_GCRMA_77_TISSUE_DDOF1,1.0010182958870433,0.9513093923994866,0.04970890348755663,TYPICAL_ANTIPSYCHOTICS,Typical antipsychotics,SLC6A2,PrefrontalCortex
SLC6A2|EXACT_SINGLE_PROTEIN|HSAMP_7725bb8a75064c4d7246d9ba|HUMAN_BIOGPS_GNF1H_GCRMA_77_TISSUE_DDOF1,-0.7579259018644592,-0.5673950923180294,-0.19053080954642976,TYPICAL_ANTIPSYCHOTICS,Typical antipsychotics,SLC6A2,OccipitalLobe
SLC6A2|EXACT_SINGLE_PROTEIN|HSAMP_8ed020260a1d25cf72324c8a|HUMAN_BIOGPS_GNF1H_GCRMA_77_TISSUE_DDOF1,0.6721433940176287,0.6472754836947268,0.02486791032290192,TYPICAL_ANTIPSYCHOTICS,Typical antipsychotics,SLC6A2,Hypothalamus
SLC6A2|EXACT_SINGLE_PROTEIN|HSAMP_936b77a4b11b5c19027de438|HUMAN_BIOGPS_GNF1H_GCRMA_77_TISSUE_DDOF1,0.5325821191587664,0.5252747217415907,0.007307397417175676,TYPICAL_ANTIPSYCHOTICS,Typical antipsychotics,SLC6A2,Spinalcord
SLC6A2|EXACT_SINGLE_PROTEIN|HSAMP_9aa72e4fb1ff63e1792b1ec7|HUMAN_BIOGPS_GNF1H_GCRMA_77_TISSUE_DDOF1,-0.9755002670030188,-0.7950205330904007,-0.18047973391261818,TYPICAL_ANTIPSYCHOTICS,Typical antipsychotics,SLC6A2,Cerebellum
SLC6A2|EXACT_SINGLE_PROTEIN|HSAMP_a32ce488a48b0df9b8c4c40a|HUMAN_BIOGPS_GNF1H_GCRMA_77_TISSUE_DDOF1,-0.8043186044715439,-0.6038542097621593,-0.2004643947093846,TYPICAL_ANTIPSYCHOTICS,Typical antipsychotics,SLC6A2,Caudatenucleus
SLC6A2|EXACT_SINGLE_PROTEIN|HSAMP_d99ba5ea584363f8600ade55|HUMAN_BIOGPS_GNF1H_GCRMA_77_TISSUE_DDOF1,0.2164813869506129,0.2885611268190126,-0.07207973986839969,TYPICAL_ANTIPSYCHOTICS,Typical antipsychotics,SLC6A2,CingulateCortex
SLC6A2|EXACT_SINGLE_PROTEIN|HSAMP_e75262fc0acfda69d976a6d3|HUMAN_BIOGPS_GNF1H_GCRMA_77_TISSUE_DDOF1,0.7752997142902357,0.7180542939422998,0.057245420347935894,TYPICAL_ANTIPSYCHOTICS,Typical antipsychotics,SLC6A2,ParietalLobe
SLC6A2|EXACT_SINGLE_PROTEIN|HSAMP_eb2587e74e2d6457032d4ae7|HUMAN_BIOGPS_GNF1H_GCRMA_77_TISSUE_DDOF1,-0.6175198957580689,-0.4465827183211636,-0.17093717743690529,TYPICAL_ANTIPSYCHOTICS,Typical antipsychotics,SLC6A2,TemporalLobe
SLC6A2|EXACT_SINGLE_PROTEIN|HSAMP_f43595f3557cf05e6a721aeb|HUMAN_BIOGPS_GNF1H_GCRMA_77_TISSUE_DDOF1,0.0793133115119636,0.1374893235644518,-0.058176012052488194,TYPICAL_ANTIPSYCHOTICS,Typical antipsychotics,SLC6A2,Thalamus
SLC6A2|EXACT_SINGLE_PROTEIN|HSAMP_ff841df7ecd9f2c8ea2660f5|HUMAN_BIOGPS_GNF1H_GCRMA_77_TISSUE_DDOF1,-0.7579259018644592,-0.5673950923180294,-0.19053080954642976,TYPICAL_ANTIPSYCHOTICS,Typical antipsychotics,SLC6A2,OlfactoryBulb
SLC6A3|EXACT_SINGLE_PROTEIN|HSAMP_06645e2e8409a5b743985cdd|HUMAN_BIOGPS_GNF1H_GCRMA_77_TISSUE_DDOF1,-0.9036593764170809,-0.48578212681232713,-0.4178772496047538,TYPICAL_ANTIPSYCHOTICS,Typical antipsychotics,SLC6A3,Wholebrain
SLC6A3|EXACT_SINGLE_PROTEIN|HSAMP_0cb8b4d1db8c390eeeecca55|HUMAN_BIOGPS_GNF1H_GCRMA_77_TISSUE_DDOF1,0.01727729262442284,0.1399099525590185,-0.12263265993459566,TYPICAL_ANTIPSYCHOTICS,Typical antipsychotics,SLC6A3,Pons
SLC6A3|EXACT_SINGLE_PROTEIN|HSAMP_13a552b6ffc4aac3b85a50ca|HUMAN_BIOGPS_GNF1H_GCRMA_77_TISSUE_DDOF1,0.5666983409912103,0.540543515600186,0.026154825391024317,TYPICAL_ANTIPSYCHOTICS,Typical antipsychotics,SLC6A3,Amygdala
SLC6A3|EXACT_SINGLE_PROTEIN|HSAMP_192dff4b8df5862a227b1163|HUMAN_BIOGPS_GNF1H_GCRMA_77_TISSUE_DDOF1,-0.221832286669166,-0.06935190809958709,-0.1524803785695789,TYPICAL_ANTIPSYCHOTICS,Typical antipsychotics,SLC6A3,SubthalamicNucleus
SLC6A3|EXACT_SINGLE_PROTEIN|HSAMP_20b60708f05d03c76f9fe702|HUMAN_BIOGPS_GNF1H_GCRMA_77_TISSUE_DDOF1,1.1641254681508675,0.9671846919664757,0.19694077618439176,TYPICAL_ANTIPSYCHOTICS,Typical antipsychotics,SLC6A3,CerebellumPeduncles
SLC6A3|EXACT_SINGLE_PROTEIN|HSAMP_374f872ebf1bbba2be514f9f|HUMAN_BIOGPS_GNF1H_GCRMA_77_TISSUE_DDOF1,-1.51085260287073,-0.9283769904604574,-0.5824756124102727,TYPICAL_ANTIPSYCHOTICS,Typical antipsychotics,SLC6A3,GlobusPallidus
SLC6A3|EXACT_SINGLE_PROTEIN|HSAMP_5c090f15f3e5194312a7e8ed|HUMAN_BIOGPS_GNF1H_GCRMA_77_TISSUE_DDOF1,-0.6317076260451668,-0.31221444007637306,-0.3194931859687938,TYPICAL_ANTIPSYCHOTICS,Typical antipsychotics,SLC6A3,MedullaOblongata
SLC6A3|EXACT_SINGLE_PROTEIN|HSAMP_752ebc880edc13bb4e2b2de8|HUMAN_BIOGPS_GNF1H_GCRMA_77_TISSUE_DDOF1,1.139175773015892,0.9380878398456209,0.20108793317027107,TYPICAL_ANTIPSYCHOTICS,Typical antipsychotics,SLC6A3,PrefrontalCortex
SLC6A3|EXACT_SINGLE_PROTEIN|HSAMP_7725bb8a75064c4d7246d9ba|HUMAN_BIOGPS_GNF1H_GCRMA_77_TISSUE_DDOF1,-0.6317076260451668,-0.31221444007637306,-0.3194931859687938,TYPICAL_ANTIPSYCHOTICS,Typical antipsychotics,SLC6A3,OccipitalLobe
SLC6A3|EXACT_SINGLE_PROTEIN|HSAMP_8ed020260a1d25cf72324c8a|HUMAN_BIOGPS_GNF1H_GCRMA_77_TISSUE_DDOF1,2.182869350941762,1.6174777835897947,0.5653915673519674,TYPICAL_ANTIPSYCHOTICS,Typical antipsychotics,SLC6A3,Hypothalamus
SLC6A3|EXACT_SINGLE_PROTEIN|HSAMP_936b77a4b11b5c19027de438|HUMAN_BIOGPS_GNF1H_GCRMA_77_TISSUE_DDOF1,0.6456219738069149,0.595395334316388,0.05022663949052686,TYPICAL_ANTIPSYCHOTICS,Typical antipsychotics,SLC6A3,Spinalcord
SLC6A3|EXACT_SINGLE_PROTEIN|HSAMP_9aa72e4fb1ff63e1792b1ec7|HUMAN_BIOGPS_GNF1H_GCRMA_77_TISSUE_DDOF1,-1.1424650971158654,-0.6758381940651184,-0.46662690305074705,TYPICAL_ANTIPSYCHOTICS,Typical antipsychotics,SLC6A3,Cerebellum
SLC6A3|EXACT_SINGLE_PROTEIN|HSAMP_a32ce488a48b0df9b8c4c40a|HUMAN_BIOGPS_GNF1H_GCRMA_77_TISSUE_DDOF1,-0.69464193733049,-0.362692610542823,-0.331949326787667,TYPICAL_ANTIPSYCHOTICS,Typical antipsychotics,SLC6A3,Caudatenucleus
SLC6A3|EXACT_SINGLE_PROTEIN|HSAMP_d99ba5ea584363f8600ade55|HUMAN_BIOGPS_GNF1H_GCRMA_77_TISSUE_DDOF1,0.5666983409912103,0.540543515600186,0.026154825391024317,TYPICAL_ANTIPSYCHOTICS,Typical antipsychotics,SLC6A3,CingulateCortex
SLC6A3|EXACT_SINGLE_PROTEIN|HSAMP_e75262fc0acfda69d976a6d3|HUMAN_BIOGPS_GNF1H_GCRMA_77_TISSUE_DDOF1,0.6456219738069149,0.595395334316388,0.05022663949052686,TYPICAL_ANTIPSYCHOTICS,Typical antipsychotics,SLC6A3,ParietalLobe
SLC6A3|EXACT_SINGLE_PROTEIN|HSAMP_eb2587e74e2d6457032d4ae7|HUMAN_BIOGPS_GNF1H_GCRMA_77_TISSUE_DDOF1,-0.6317076260451668,-0.31221444007637306,-0.3194931859687938,TYPICAL_ANTIPSYCHOTICS,Typical antipsychotics,SLC6A3,TemporalLobe
SLC6A3|EXACT_SINGLE_PROTEIN|HSAMP_f43595f3557cf05e6a721aeb|HUMAN_BIOGPS_GNF1H_GCRMA_77_TISSUE_DDOF1,0.5666983409912103,0.540543515600186,0.026154825391024317,TYPICAL_ANTIPSYCHOTICS,Typical antipsychotics,SLC6A3,Thalamus
SLC6A3|EXACT_SINGLE_PROTEIN|HSAMP_ff841df7ecd9f2c8ea2660f5|HUMAN_BIOGPS_GNF1H_GCRMA_77_TISSUE_DDOF1,-1.1424650971158654,-0.6758381940651184,-0.46662690305074705,TYPICAL_ANTIPSYCHOTICS,Typical antipsychotics,SLC6A3,OlfactoryBulb
SLC6A4|EXACT_SINGLE_PROTEIN|HSAMP_06645e2e8409a5b743985cdd|HUMAN_BIOGPS_GNF1H_GCRMA_77_TISSUE_DDOF1,-0.25135445637222936,-0.21020334020391285,-0.041151116168316515,TYPICAL_ANTIPSYCHOTICS,Typical antipsychotics,SLC6A4,Wholebrain
SLC6A4|EXACT_SINGLE_PROTEIN|HSAMP_0cb8b4d1db8c390eeeecca55|HUMAN_BIOGPS_GNF1H_GCRMA_77_TISSUE_DDOF1,0.07188917544024263,0.1276679301640655,-0.05577875472382286,TYPICAL_ANTIPSYCHOTICS,Typical antipsychotics,SLC6A4,Pons
SLC6A4|EXACT_SINGLE_PROTEIN|HSAMP_13a552b6ffc4aac3b85a50ca|HUMAN_BIOGPS_GNF1H_GCRMA_77_TISSUE_DDOF1,0.0271444976889488,0.05417989043152589,-0.027035392742577092,TYPICAL_ANTIPSYCHOTICS,Typical antipsychotics,SLC6A4,Amygdala
SLC6A4|EXACT_SINGLE_PROTEIN|HSAMP_192dff4b8df5862a227b1163|HUMAN_BIOGPS_GNF1H_GCRMA_77_TISSUE_DDOF1,-0.1367075388384357,-0.1322212421857003,-0.004486296652735394,TYPICAL_ANTIPSYCHOTICS,Typical antipsychotics,SLC6A4,SubthalamicNucleus
SLC6A4|EXACT_SINGLE_PROTEIN|HSAMP_20b60708f05d03c76f9fe702|HUMAN_BIOGPS_GNF1H_GCRMA_77_TISSUE_DDOF1,0.1102442582911983,0.1949307048256661,-0.0846864465344678,TYPICAL_ANTIPSYCHOTICS,Typical antipsychotics,SLC6A4,CerebellumPeduncles
SLC6A4|EXACT_SINGLE_PROTEIN|HSAMP_374f872ebf1bbba2be514f9f|HUMAN_BIOGPS_GNF1H_GCRMA_77_TISSUE_DDOF1,-0.4371859824980134,-0.3093290809593244,-0.127856901538689,TYPICAL_ANTIPSYCHOTICS,Typical antipsychotics,SLC6A4,GlobusPallidus
SLC6A4|EXACT_SINGLE_PROTEIN|HSAMP_5c090f15f3e5194312a7e8ed|HUMAN_BIOGPS_GNF1H_GCRMA_77_TISSUE_DDOF1,-0.054655890656651725,-0.05835256138061096,0.003696670723959232,TYPICAL_ANTIPSYCHOTICS,Typical antipsychotics,SLC6A4,MedullaOblongata
SLC6A4|EXACT_SINGLE_PROTEIN|HSAMP_752ebc880edc13bb4e2b2de8|HUMAN_BIOGPS_GNF1H_GCRMA_77_TISSUE_DDOF1,0.2907949004382928,0.33241490954278646,-0.04162000910449365,TYPICAL_ANTIPSYCHOTICS,Typical antipsychotics,SLC6A4,PrefrontalCortex
SLC6A4|EXACT_SINGLE_PROTEIN|HSAMP_7725bb8a75064c4d7246d9ba|HUMAN_BIOGPS_GNF1H_GCRMA_77_TISSUE_DDOF1,-0.17884169477383446,-0.16954325042695773,-0.009298444346876739,TYPICAL_ANTIPSYCHOTICS,Typical antipsychotics,SLC6A4,OccipitalLobe
SLC6A4|EXACT_SINGLE_PROTEIN|HSAMP_8ed020260a1d25cf72324c8a|HUMAN_BIOGPS_GNF1H_GCRMA_77_TISSUE_DDOF1,0.0271444976889488,0.05417989043152589,-0.027035392742577092,TYPICAL_ANTIPSYCHOTICS,Typical antipsychotics,SLC6A4,Hypothalamus
SLC6A4|EXACT_SINGLE_PROTEIN|HSAMP_936b77a4b11b5c19027de438|HUMAN_BIOGPS_GNF1H_GCRMA_77_TISSUE_DDOF1,0.05055470938774039,0.08954940315252626,-0.038994693764785864,TYPICAL_ANTIPSYCHOTICS,Typical antipsychotics,SLC6A4,Spinalcord
SLC6A4|EXACT_SINGLE_PROTEIN|HSAMP_9aa72e4fb1ff63e1792b1ec7|HUMAN_BIOGPS_GNF1H_GCRMA_77_TISSUE_DDOF1,0.9355939929881446,0.8611602749654976,0.07443371802264698,TYPICAL_ANTIPSYCHOTICS,Typical antipsychotics,SLC6A4,Cerebellum
SLC6A4|EXACT_SINGLE_PROTEIN|HSAMP_a32ce488a48b0df9b8c4c40a|HUMAN_BIOGPS_GNF1H_GCRMA_77_TISSUE_DDOF1,0.09786726621788498,0.18135752315667936,-0.08349025693879437,TYPICAL_ANTIPSYCHOTICS,Typical antipsychotics,SLC6A4,Caudatenucleus
SLC6A4|EXACT_SINGLE_PROTEIN|HSAMP_d99ba5ea584363f8600ade55|HUMAN_BIOGPS_GNF1H_GCRMA_77_TISSUE_DDOF1,-0.0003896569041729336,0.0011719324633281403,-0.0015615893675010738,TYPICAL_ANTIPSYCHOTICS,Typical antipsychotics,SLC6A4,CingulateCortex
SLC6A4|EXACT_SINGLE_PROTEIN|HSAMP_e75262fc0acfda69d976a6d3|HUMAN_BIOGPS_GNF1H_GCRMA_77_TISSUE_DDOF1,0.09786726621788498,0.18135752315667936,-0.08349025693879437,TYPICAL_ANTIPSYCHOTICS,Typical antipsychotics,SLC6A4,ParietalLobe
SLC6A4|EXACT_SINGLE_PROTEIN|HSAMP_eb2587e74e2d6457032d4ae7|HUMAN_BIOGPS_GNF1H_GCRMA_77_TISSUE_DDOF1,-0.17884169477383446,-0.16954325042695773,-0.009298444346876739,TYPICAL_ANTIPSYCHOTICS,Typical antipsychotics,SLC6A4,TemporalLobe
SLC6A4|EXACT_SINGLE_PROTEIN|HSAMP_f43595f3557cf05e6a721aeb|HUMAN_BIOGPS_GNF1H_GCRMA_77_TISSUE_DDOF1,-0.011083252746525038,-0.012612329504852374,0.0015290767583273357,TYPICAL_ANTIPSYCHOTICS,Typical antipsychotics,SLC6A4,Thalamus
SLC6A4|EXACT_SINGLE_PROTEIN|HSAMP_ff841df7ecd9f2c8ea2660f5|HUMAN_BIOGPS_GNF1H_GCRMA_77_TISSUE_DDOF1,-0.36220970206270436,-0.26696397062486854,-0.09524573143783582,TYPICAL_ANTIPSYCHOTICS,Typical antipsychotics,SLC6A4,OlfactoryBulb
