analysis_id,compound,representation,method,PC1,PC1_variance_fraction,PC2,PC2_variance_fraction,class_id,class_label,row_role
ANALGESICS__JOINT_CONTINUOUS_PCA,"Ketamine, pooled parent",strict18_common_rhr,EM_SVD_MISSINGNESS_AWARE_PCA,-6.213966994673512,0.8126512130816789,-3.68272615762006,0.1873487869183208,ANALGESICS,Analgesic context,
ANALGESICS__JOINT_CONTINUOUS_PCA,"Ketamine, confirmed racemate",strict18_common_rhr,EM_SVD_MISSINGNESS_AWARE_PCA,9.403968044385064,0.8126512130816789,-1.368405389049773,0.1873487869183208,ANALGESICS,Analgesic context,
ANALGESICS__JOINT_CONTINUOUS_PCA,Dextromethorphan,strict18_common_rhr,EM_SVD_MISSINGNESS_AWARE_PCA,-0.7373917325331683,0.8126512130816789,1.3832379468423825,0.1873487869183208,ANALGESICS,Analgesic context,
ANALGESICS__JOINT_CONTINUOUS_PCA,Morphine,strict18_common_rhr,EM_SVD_MISSINGNESS_AWARE_PCA,-2.452609317178382,0.8126512130816789,3.667893599827448,0.1873487869183208,ANALGESICS,Analgesic context,
ANALGESICS__TARGET_LEVEL_PCA,"Ketamine, pooled parent",target_mean_common_rhr,TARGET_LEVEL_EM_SVD_PCA,-0.6961112780379901,0.7868372835906668,-0.5407132516006518,0.21316271640933315,ANALGESICS,Analgesic context,
ANALGESICS__TARGET_LEVEL_PCA,"Ketamine, confirmed racemate",target_mean_common_rhr,TARGET_LEVEL_EM_SVD_PCA,1.2146978682263052,0.7868372835906668,-0.15083282085499766,0.21316271640933315,ANALGESICS,Analgesic context,
ANALGESICS__TARGET_LEVEL_PCA,Dextromethorphan,target_mean_common_rhr,TARGET_LEVEL_EM_SVD_PCA,-0.1826615698540923,0.7868372835906668,0.25529466847092613,0.21316271640933315,ANALGESICS,Analgesic context,
ANALGESICS__TARGET_LEVEL_PCA,Morphine,target_mean_common_rhr,TARGET_LEVEL_EM_SVD_PCA,-0.3359250203342227,0.7868372835906668,0.43625140398472334,0.21316271640933315,ANALGESICS,Analgesic context,
ANALGESICS__SPARSE_FINGERPRINT_PCA,"Ketamine, pooled parent",alpha001_binary_0_1_NA,SUPPORT_AWARE_SPARSE_FINGERPRINT_EM_SVD_PCA,0.7899400453588369,0.7297091862370321,-0.5069286810774712,0.270290813762968,ANALGESICS,Analgesic context,
ANALGESICS__SPARSE_FINGERPRINT_PCA,"Ketamine, confirmed racemate",alpha001_binary_0_1_NA,SUPPORT_AWARE_SPARSE_FINGERPRINT_EM_SVD_PCA,-1.1993083060485894,0.7297091862370321,-0.29982726528598946,0.270290813762968,ANALGESICS,Analgesic context,
ANALGESICS__SPARSE_FINGERPRINT_PCA,Dextromethorphan,alpha001_binary_0_1_NA,SUPPORT_AWARE_SPARSE_FINGERPRINT_EM_SVD_PCA,-0.015901915690103692,0.7297091862370321,0.6850644303013789,0.270290813762968,ANALGESICS,Analgesic context,
ANALGESICS__SPARSE_FINGERPRINT_PCA,Morphine,alpha001_binary_0_1_NA,SUPPORT_AWARE_SPARSE_FINGERPRINT_EM_SVD_PCA,0.42527017637985687,0.7297091862370321,0.12169151606208159,0.270290813762968,ANALGESICS,Analgesic context,
ANESTHETIC_SEDATIVE__JOINT_CONTINUOUS_PCA,"Ketamine, pooled parent",strict18_common_rhr,EM_SVD_MISSINGNESS_AWARE_PCA,-7.299141199999779,0.8845892026346652,-2.293973263678324,0.11540664651990107,ANESTHETIC_SEDATIVE,Anesthetic and sedative context,
ANESTHETIC_SEDATIVE__JOINT_CONTINUOUS_PCA,"Ketamine, confirmed racemate",strict18_common_rhr,EM_SVD_MISSINGNESS_AWARE_PCA,8.515452989835826,0.8845892026346652,-1.7030061883061942,0.11540664651990107,ANESTHETIC_SEDATIVE,Anesthetic and sedative context,
ANESTHETIC_SEDATIVE__JOINT_CONTINUOUS_PCA,Dexmedetomidine,strict18_common_rhr,EM_SVD_MISSINGNESS_AWARE_PCA,-0.3887869739369361,0.8845892026346652,2.4284070361916816,0.11540664651990107,ANESTHETIC_SEDATIVE,Anesthetic and sedative context,
ANESTHETIC_SEDATIVE__JOINT_CONTINUOUS_PCA,Propofol,strict18_common_rhr,EM_SVD_MISSINGNESS_AWARE_PCA,-0.827524815899112,0.8845892026346652,1.5685724157928345,0.11540664651990107,ANESTHETIC_SEDATIVE,Anesthetic and sedative context,
ANESTHETIC_SEDATIVE__TARGET_LEVEL_PCA,"Ketamine, pooled parent",target_mean_common_rhr,TARGET_LEVEL_EM_SVD_PCA,-0.843114534408174,0.8502018134028434,-0.3609600246336003,0.14979818659715557,ANESTHETIC_SEDATIVE,Anesthetic and sedative context,
ANESTHETIC_SEDATIVE__TARGET_LEVEL_PCA,"Ketamine, confirmed racemate",target_mean_common_rhr,TARGET_LEVEL_EM_SVD_PCA,1.1048667515218225,0.8502018134028434,-0.2103316659590428,0.14979818659715557,ANESTHETIC_SEDATIVE,Anesthetic and sedative context,
ANESTHETIC_SEDATIVE__TARGET_LEVEL_PCA,Dexmedetomidine,target_mean_common_rhr,TARGET_LEVEL_EM_SVD_PCA,-0.10957649881398988,0.8502018134028434,0.35199106831114707,0.14979818659715557,ANESTHETIC_SEDATIVE,Anesthetic and sedative context,
ANESTHETIC_SEDATIVE__TARGET_LEVEL_PCA,Propofol,target_mean_common_rhr,TARGET_LEVEL_EM_SVD_PCA,-0.1521757182996586,0.8502018134028434,0.21930062228149652,0.14979818659715557,ANESTHETIC_SEDATIVE,Anesthetic and sedative context,
ANESTHETIC_SEDATIVE__SPARSE_FINGERPRINT_PCA,"Ketamine, pooled parent",alpha001_binary_0_1_NA,SUPPORT_AWARE_SPARSE_FINGERPRINT_EM_SVD_PCA,-0.9999999999999996,1.0,,,ANESTHETIC_SEDATIVE,Anesthetic and sedative context,
ANESTHETIC_SEDATIVE__SPARSE_FINGERPRINT_PCA,"Ketamine, confirmed racemate",alpha001_binary_0_1_NA,SUPPORT_AWARE_SPARSE_FINGERPRINT_EM_SVD_PCA,0.9999999999999998,1.0,,,ANESTHETIC_SEDATIVE,Anesthetic and sedative context,
ANESTHETIC_SEDATIVE__SPARSE_FINGERPRINT_PCA,Dexmedetomidine,alpha001_binary_0_1_NA,SUPPORT_AWARE_SPARSE_FINGERPRINT_EM_SVD_PCA,0.0,1.0,,,ANESTHETIC_SEDATIVE,Anesthetic and sedative context,
ANESTHETIC_SEDATIVE__SPARSE_FINGERPRINT_PCA,Propofol,alpha001_binary_0_1_NA,SUPPORT_AWARE_SPARSE_FINGERPRINT_EM_SVD_PCA,0.0,1.0,,,ANESTHETIC_SEDATIVE,Anesthetic and sedative context,
ANTIDEPRESSANTS_BROAD__JOINT_CONTINUOUS_PCA,"Ketamine, pooled parent",strict18_common_rhr,EM_SVD_MISSINGNESS_AWARE_PCA,-5.2197985964339555,0.8702191675418632,-6.311695663789893,0.12844381947458192,ANTIDEPRESSANTS_BROAD,Broad antidepressant and rapid-acting antidepressant context,
ANTIDEPRESSANTS_BROAD__JOINT_CONTINUOUS_PCA,"Ketamine, confirmed racemate",strict18_common_rhr,EM_SVD_MISSINGNESS_AWARE_PCA,15.327657774241516,0.8702191675418632,-5.831725868640028,0.12844381947458192,ANTIDEPRESSANTS_BROAD,Broad antidepressant and rapid-acting antidepressant context,
ANTIDEPRESSANTS_BROAD__JOINT_CONTINUOUS_PCA,Bupropion,strict18_common_rhr,EM_SVD_MISSINGNESS_AWARE_PCA,-2.060549263495437,0.8702191675418632,2.355694091786572,0.12844381947458192,ANTIDEPRESSANTS_BROAD,Broad antidepressant and rapid-acting antidepressant context,
ANTIDEPRESSANTS_BROAD__JOINT_CONTINUOUS_PCA,Dextromethorphan,strict18_common_rhr,EM_SVD_MISSINGNESS_AWARE_PCA,1.698917280922219,0.8702191675418632,0.7256476001194054,0.12844381947458192,ANTIDEPRESSANTS_BROAD,Broad antidepressant and rapid-acting antidepressant context,
ANTIDEPRESSANTS_BROAD__JOINT_CONTINUOUS_PCA,Duloxetine,strict18_common_rhr,EM_SVD_MISSINGNESS_AWARE_PCA,-9.952181901517314,0.8702191675418632,-1.2366739414330155,0.12844381947458192,ANTIDEPRESSANTS_BROAD,Broad antidepressant and rapid-acting antidepressant context,
ANTIDEPRESSANTS_BROAD__JOINT_CONTINUOUS_PCA,Fluoxetine,strict18_common_rhr,EM_SVD_MISSINGNESS_AWARE_PCA,-6.774016616209552,0.8702191675418632,-1.57778245520546,0.12844381947458192,ANTIDEPRESSANTS_BROAD,Broad antidepressant and rapid-acting antidepressant context,
ANTIDEPRESSANTS_BROAD__JOINT_CONTINUOUS_PCA,Mirtazapine,strict18_common_rhr,EM_SVD_MISSINGNESS_AWARE_PCA,14.315217599053584,0.8702191675418632,7.587054423762032,0.12844381947458192,ANTIDEPRESSANTS_BROAD,Broad antidepressant and rapid-acting antidepressant context,
ANTIDEPRESSANTS_BROAD__JOINT_CONTINUOUS_PCA,Scopolamine,strict18_common_rhr,EM_SVD_MISSINGNESS_AWARE_PCA,-16.991372086734952,0.8702191675418632,5.1393928482328635,0.12844381947458192,ANTIDEPRESSANTS_BROAD,Broad antidepressant and rapid-acting antidepressant context,
ANTIDEPRESSANTS_BROAD__JOINT_CONTINUOUS_PCA,Sertraline,strict18_common_rhr,EM_SVD_MISSINGNESS_AWARE_PCA,14.804619146991726,0.8702191675418632,0.5716320175259861,0.12844381947458192,ANTIDEPRESSANTS_BROAD,Broad antidepressant and rapid-acting antidepressant context,
ANTIDEPRESSANTS_BROAD__JOINT_CONTINUOUS_PCA,Venlafaxine,strict18_common_rhr,EM_SVD_MISSINGNESS_AWARE_PCA,-5.148493336817846,0.8702191675418632,-1.4215430523584454,0.12844381947458192,ANTIDEPRESSANTS_BROAD,Broad antidepressant and rapid-acting antidepressant context,
ANTIDEPRESSANTS_BROAD__FIXED_REFERENCE_PCA,Bupropion,strict18_common_rhr,FROZEN_REFERENCE_EM_SVD_PCA_WITH_WLS_QUERY_PROJECTION,-6.320521945516108,0.7706333063396952,1.0785731641490397,0.22895298578592102,ANTIDEPRESSANTS_BROAD,Broad antidepressant and rapid-acting antidepressant context,
ANTIDEPRESSANTS_BROAD__FIXED_REFERENCE_PCA,Dextromethorphan,strict18_common_rhr,FROZEN_REFERENCE_EM_SVD_PCA_WITH_WLS_QUERY_PROJECTION,1.208372748188582,0.7706333063396952,-0.8602873682655747,0.22895298578592102,ANTIDEPRESSANTS_BROAD,Broad antidepressant and rapid-acting antidepressant context,
ANTIDEPRESSANTS_BROAD__FIXED_REFERENCE_PCA,Duloxetine,strict18_common_rhr,FROZEN_REFERENCE_EM_SVD_PCA_WITH_WLS_QUERY_PROJECTION,-0.05733665655499981,0.7706333063396952,-2.2851800437742944,0.22895298578592102,ANTIDEPRESSANTS_BROAD,Broad antidepressant and rapid-acting antidepressant context,
ANTIDEPRESSANTS_BROAD__FIXED_REFERENCE_PCA,Fluoxetine,strict18_common_rhr,FROZEN_REFERENCE_EM_SVD_PCA_WITH_WLS_QUERY_PROJECTION,-2.4470125163788405,0.7706333063396952,-0.1646754247009117,0.22895298578592102,ANTIDEPRESSANTS_BROAD,Broad antidepressant and rapid-acting antidepressant context,
ANTIDEPRESSANTS_BROAD__FIXED_REFERENCE_PCA,Mirtazapine,strict18_common_rhr,FROZEN_REFERENCE_EM_SVD_PCA_WITH_WLS_QUERY_PROJECTION,4.021683929064583,0.7706333063396952,-2.9586247107027868,0.22895298578592102,ANTIDEPRESSANTS_BROAD,Broad antidepressant and rapid-acting antidepressant context,
ANTIDEPRESSANTS_BROAD__FIXED_REFERENCE_PCA,Scopolamine,strict18_common_rhr,FROZEN_REFERENCE_EM_SVD_PCA_WITH_WLS_QUERY_PROJECTION,-5.392911564117084,0.7706333063396952,1.5388384825062411,0.22895298578592102,ANTIDEPRESSANTS_BROAD,Broad antidepressant and rapid-acting antidepressant context,
ANTIDEPRESSANTS_BROAD__FIXED_REFERENCE_PCA,Sertraline,strict18_common_rhr,FROZEN_REFERENCE_EM_SVD_PCA_WITH_WLS_QUERY_PROJECTION,6.412235217903745,0.7706333063396952,4.721749363162263,0.22895298578592102,ANTIDEPRESSANTS_BROAD,Broad antidepressant and rapid-acting antidepressant context,
ANTIDEPRESSANTS_BROAD__FIXED_REFERENCE_PCA,Venlafaxine,strict18_common_rhr,FROZEN_REFERENCE_EM_SVD_PCA_WITH_WLS_QUERY_PROJECTION,2.575490787410123,0.7706333063396952,-1.0703934623739817,0.22895298578592102,ANTIDEPRESSANTS_BROAD,Broad antidepressant and rapid-acting antidepressant context,
ANTIDEPRESSANTS_BROAD__FIXED_REFERENCE_PCA,"Ketamine, pooled parent",strict18_common_rhr,FROZEN_REFERENCE_EM_SVD_PCA_WITH_WLS_QUERY_PROJECTION,-0.6051521269703597,0.7706333063396952,-0.829416887877301,0.22895298578592102,ANTIDEPRESSANTS_BROAD,Broad antidepressant and rapid-acting antidepressant context,PROJECTED_QUERY
ANTIDEPRESSANTS_BROAD__FIXED_REFERENCE_PCA,"Ketamine, confirmed racemate",strict18_common_rhr,FROZEN_REFERENCE_EM_SVD_PCA_WITH_WLS_QUERY_PROJECTION,7.557480485757633,0.7706333063396952,6.168266720938087,0.22895298578592102,ANTIDEPRESSANTS_BROAD,Broad antidepressant and rapid-acting antidepressant context,PROJECTED_QUERY
ANTIDEPRESSANTS_BROAD__TARGET_LEVEL_PCA,"Ketamine, pooled parent",target_mean_common_rhr,TARGET_LEVEL_EM_SVD_PCA,-0.5831359569874267,0.8054232819197665,-0.21567350342511626,0.19400426644202656,ANTIDEPRESSANTS_BROAD,Broad antidepressant and rapid-acting antidepressant context,
ANTIDEPRESSANTS_BROAD__TARGET_LEVEL_PCA,"Ketamine, confirmed racemate",target_mean_common_rhr,TARGET_LEVEL_EM_SVD_PCA,1.696345351736346,0.8054232819197665,-0.9299118506860854,0.19400426644202656,ANTIDEPRESSANTS_BROAD,Broad antidepressant and rapid-acting antidepressant context,
ANTIDEPRESSANTS_BROAD__TARGET_LEVEL_PCA,Bupropion,target_mean_common_rhr,TARGET_LEVEL_EM_SVD_PCA,0.28580543510637113,0.8054232819197665,1.0776754282232506,0.19400426644202656,ANTIDEPRESSANTS_BROAD,Broad antidepressant and rapid-acting antidepressant context,
ANTIDEPRESSANTS_BROAD__TARGET_LEVEL_PCA,Dextromethorphan,target_mean_common_rhr,TARGET_LEVEL_EM_SVD_PCA,0.5364481502231072,0.8054232819197665,0.04744936519498703,0.19400426644202656,ANTIDEPRESSANTS_BROAD,Broad antidepressant and rapid-acting antidepressant context,
ANTIDEPRESSANTS_BROAD__TARGET_LEVEL_PCA,Duloxetine,target_mean_common_rhr,TARGET_LEVEL_EM_SVD_PCA,-1.5814459348666898,0.8054232819197665,0.3466784655823162,0.19400426644202656,ANTIDEPRESSANTS_BROAD,Broad antidepressant and rapid-acting antidepressant context,
ANTIDEPRESSANTS_BROAD__TARGET_LEVEL_PCA,Fluoxetine,target_mean_common_rhr,TARGET_LEVEL_EM_SVD_PCA,-0.9258637890692191,0.8054232819197665,0.2665881235879856,0.19400426644202656,ANTIDEPRESSANTS_BROAD,Broad antidepressant and rapid-acting antidepressant context,
ANTIDEPRESSANTS_BROAD__TARGET_LEVEL_PCA,Mirtazapine,target_mean_common_rhr,TARGET_LEVEL_EM_SVD_PCA,1.596132278210559,0.8054232819197665,0.5754606593754744,0.19400426644202656,ANTIDEPRESSANTS_BROAD,Broad antidepressant and rapid-acting antidepressant context,
ANTIDEPRESSANTS_BROAD__TARGET_LEVEL_PCA,Scopolamine,target_mean_common_rhr,TARGET_LEVEL_EM_SVD_PCA,-1.6589646738114114,0.8054232819197665,-1.0097087977509778,0.19400426644202656,ANTIDEPRESSANTS_BROAD,Broad antidepressant and rapid-acting antidepressant context,
ANTIDEPRESSANTS_BROAD__TARGET_LEVEL_PCA,Sertraline,target_mean_common_rhr,TARGET_LEVEL_EM_SVD_PCA,1.5713343881634316,0.8054232819197665,-0.33046151199650353,0.19400426644202656,ANTIDEPRESSANTS_BROAD,Broad antidepressant and rapid-acting antidepressant context,
ANTIDEPRESSANTS_BROAD__TARGET_LEVEL_PCA,Venlafaxine,target_mean_common_rhr,TARGET_LEVEL_EM_SVD_PCA,-0.9366552487050682,0.8054232819197665,0.1719036218946693,0.19400426644202656,ANTIDEPRESSANTS_BROAD,Broad antidepressant and rapid-acting antidepressant context,
ANTIDEPRESSANTS_BROAD__SPARSE_FINGERPRINT_PCA,"Ketamine, pooled parent",alpha001_binary_0_1_NA,SUPPORT_AWARE_SPARSE_FINGERPRINT_EM_SVD_PCA,-0.7390796024216861,0.8208319364307787,-0.042606557682401076,0.17276037749179962,ANTIDEPRESSANTS_BROAD,Broad antidepressant and rapid-acting antidepressant context,
ANTIDEPRESSANTS_BROAD__SPARSE_FINGERPRINT_PCA,"Ketamine, confirmed racemate",alpha001_binary_0_1_NA,SUPPORT_AWARE_SPARSE_FINGERPRINT_EM_SVD_PCA,1.1169849157235716,0.8208319364307787,-1.2109342857223295,0.17276037749179962,ANTIDEPRESSANTS_BROAD,Broad antidepressant and rapid-acting antidepressant context,
ANTIDEPRESSANTS_BROAD__SPARSE_FINGERPRINT_PCA,Bupropion,alpha001_binary_0_1_NA,SUPPORT_AWARE_SPARSE_FINGERPRINT_EM_SVD_PCA,0.29641457491600465,0.8208319364307787,-0.474177256311189,0.17276037749179962,ANTIDEPRESSANTS_BROAD,Broad antidepressant and rapid-acting antidepressant context,
ANTIDEPRESSANTS_BROAD__SPARSE_FINGERPRINT_PCA,Dextromethorphan,alpha001_binary_0_1_NA,SUPPORT_AWARE_SPARSE_FINGERPRINT_EM_SVD_PCA,0.5919186723068611,0.8208319364307787,0.5896843382742315,0.17276037749179962,ANTIDEPRESSANTS_BROAD,Broad antidepressant and rapid-acting antidepressant context,
ANTIDEPRESSANTS_BROAD__SPARSE_FINGERPRINT_PCA,Duloxetine,alpha001_binary_0_1_NA,SUPPORT_AWARE_SPARSE_FINGERPRINT_EM_SVD_PCA,-2.749809160183805,0.8208319364307787,0.2221988592351645,0.17276037749179962,ANTIDEPRESSANTS_BROAD,Broad antidepressant and rapid-acting antidepressant context,
ANTIDEPRESSANTS_BROAD__SPARSE_FINGERPRINT_PCA,Fluoxetine,alpha001_binary_0_1_NA,SUPPORT_AWARE_SPARSE_FINGERPRINT_EM_SVD_PCA,1.1445160289006873,0.8208319364307787,-1.2651427500316856,0.17276037749179962,ANTIDEPRESSANTS_BROAD,Broad antidepressant and rapid-acting antidepressant context,
ANTIDEPRESSANTS_BROAD__SPARSE_FINGERPRINT_PCA,Mirtazapine,alpha001_binary_0_1_NA,SUPPORT_AWARE_SPARSE_FINGERPRINT_EM_SVD_PCA,3.3991753428596723,0.8208319364307787,1.372603643519314,0.17276037749179962,ANTIDEPRESSANTS_BROAD,Broad antidepressant and rapid-acting antidepressant context,
ANTIDEPRESSANTS_BROAD__SPARSE_FINGERPRINT_PCA,Scopolamine,alpha001_binary_0_1_NA,SUPPORT_AWARE_SPARSE_FINGERPRINT_EM_SVD_PCA,0.4914502675301637,0.8208319364307787,-0.3194749802513865,0.17276037749179962,ANTIDEPRESSANTS_BROAD,Broad antidepressant and rapid-acting antidepressant context,
ANTIDEPRESSANTS_BROAD__SPARSE_FINGERPRINT_PCA,Sertraline,alpha001_binary_0_1_NA,SUPPORT_AWARE_SPARSE_FINGERPRINT_EM_SVD_PCA,-0.8017618794476667,0.8208319364307787,0.9056501297351158,0.17276037749179962,ANTIDEPRESSANTS_BROAD,Broad antidepressant and rapid-acting antidepressant context,
ANTIDEPRESSANTS_BROAD__SPARSE_FINGERPRINT_PCA,Venlafaxine,alpha001_binary_0_1_NA,SUPPORT_AWARE_SPARSE_FINGERPRINT_EM_SVD_PCA,-2.749809160183805,0.8208319364307787,0.2221988592351647,0.17276037749179962,ANTIDEPRESSANTS_BROAD,Broad antidepressant and rapid-acting antidepressant context,
ANTIPSYCHOTICS_BROAD__JOINT_CONTINUOUS_PCA,"Ketamine, pooled parent",strict18_common_rhr,EM_SVD_MISSINGNESS_AWARE_PCA,-6.960498860721799,0.8190597653145034,-2.1898405225139,0.13905398198826,ANTIPSYCHOTICS_BROAD,Broad antipsychotic reference set,
ANTIPSYCHOTICS_BROAD__JOINT_CONTINUOUS_PCA,"Ketamine, confirmed racemate",strict18_common_rhr,EM_SVD_MISSINGNESS_AWARE_PCA,13.777126299534617,0.8190597653145034,-5.173723824277379,0.13905398198826,ANTIPSYCHOTICS_BROAD,Broad antipsychotic reference set,
ANTIPSYCHOTICS_BROAD__JOINT_CONTINUOUS_PCA,Aripiprazole,strict18_common_rhr,EM_SVD_MISSINGNESS_AWARE_PCA,1.6814442803200855,0.8190597653145034,4.743198272259302,0.13905398198826,ANTIPSYCHOTICS_BROAD,Broad antipsychotic reference set,
ANTIPSYCHOTICS_BROAD__JOINT_CONTINUOUS_PCA,Chlorpromazine,strict18_common_rhr,EM_SVD_MISSINGNESS_AWARE_PCA,-14.830186725472917,0.8190597653145034,-2.0209079415947078,0.13905398198826,ANTIPSYCHOTICS_BROAD,Broad antipsychotic reference set,
ANTIPSYCHOTICS_BROAD__JOINT_CONTINUOUS_PCA,Clozapine,strict18_common_rhr,EM_SVD_MISSINGNESS_AWARE_PCA,-15.101852334745159,0.8190597653145034,-3.0810613550633175,0.13905398198826,ANTIPSYCHOTICS_BROAD,Broad antipsychotic reference set,
ANTIPSYCHOTICS_BROAD__JOINT_CONTINUOUS_PCA,Haloperidol,strict18_common_rhr,EM_SVD_MISSINGNESS_AWARE_PCA,3.462554198314256,0.8190597653145034,5.11467798310501,0.13905398198826,ANTIPSYCHOTICS_BROAD,Broad antipsychotic reference set,
ANTIPSYCHOTICS_BROAD__JOINT_CONTINUOUS_PCA,Olanzapine,strict18_common_rhr,EM_SVD_MISSINGNESS_AWARE_PCA,6.137907010511133,0.8190597653145034,-1.9950122871497533,0.13905398198826,ANTIPSYCHOTICS_BROAD,Broad antipsychotic reference set,
ANTIPSYCHOTICS_BROAD__JOINT_CONTINUOUS_PCA,Quetiapine,strict18_common_rhr,EM_SVD_MISSINGNESS_AWARE_PCA,10.566951947504727,0.8190597653145034,-3.493228194681855,0.13905398198826,ANTIPSYCHOTICS_BROAD,Broad antipsychotic reference set,
ANTIPSYCHOTICS_BROAD__JOINT_CONTINUOUS_PCA,Risperidone,strict18_common_rhr,EM_SVD_MISSINGNESS_AWARE_PCA,1.6618804799576552,0.8190597653145034,3.018515587387392,0.13905398198826,ANTIPSYCHOTICS_BROAD,Broad antipsychotic reference set,
ANTIPSYCHOTICS_BROAD__JOINT_CONTINUOUS_PCA,Ziprasidone,strict18_common_rhr,EM_SVD_MISSINGNESS_AWARE_PCA,-0.3953262952025954,0.8190597653145034,5.077382282529215,0.13905398198826,ANTIPSYCHOTICS_BROAD,Broad antipsychotic reference set,
ANTIPSYCHOTICS_BROAD__FIXED_REFERENCE_PCA,Aripiprazole,strict18_common_rhr,FROZEN_REFERENCE_EM_SVD_PCA_WITH_WLS_QUERY_PROJECTION,-3.986154003923515,0.5419188156529722,-4.214605325758853,0.39813206646963034,ANTIPSYCHOTICS_BROAD,Broad antipsychotic reference set,
ANTIPSYCHOTICS_BROAD__FIXED_REFERENCE_PCA,Chlorpromazine,strict18_common_rhr,FROZEN_REFERENCE_EM_SVD_PCA_WITH_WLS_QUERY_PROJECTION,10.510969093342966,0.5419188156529722,0.9851819800829683,0.39813206646963034,ANTIPSYCHOTICS_BROAD,Broad antipsychotic reference set,
ANTIPSYCHOTICS_BROAD__FIXED_REFERENCE_PCA,Clozapine,strict18_common_rhr,FROZEN_REFERENCE_EM_SVD_PCA_WITH_WLS_QUERY_PROJECTION,11.067377173237462,0.5419188156529722,0.08711368649915711,0.39813206646963034,ANTIPSYCHOTICS_BROAD,Broad antipsychotic reference set,
ANTIPSYCHOTICS_BROAD__FIXED_REFERENCE_PCA,Haloperidol,strict18_common_rhr,FROZEN_REFERENCE_EM_SVD_PCA_WITH_WLS_QUERY_PROJECTION,-5.147199109174278,0.5419188156529722,-4.58064093513645,0.39813206646963034,ANTIPSYCHOTICS_BROAD,Broad antipsychotic reference set,
ANTIPSYCHOTICS_BROAD__FIXED_REFERENCE_PCA,Olanzapine,strict18_common_rhr,FROZEN_REFERENCE_EM_SVD_PCA_WITH_WLS_QUERY_PROJECTION,-2.9853794340541837,0.5419188156529722,7.067665939240484,0.39813206646963034,ANTIPSYCHOTICS_BROAD,Broad antipsychotic reference set,
ANTIPSYCHOTICS_BROAD__FIXED_REFERENCE_PCA,Quetiapine,strict18_common_rhr,FROZEN_REFERENCE_EM_SVD_PCA_WITH_WLS_QUERY_PROJECTION,-5.07709106870002,0.5419188156529722,10.035786814886858,0.39813206646963034,ANTIPSYCHOTICS_BROAD,Broad antipsychotic reference set,
ANTIPSYCHOTICS_BROAD__FIXED_REFERENCE_PCA,Risperidone,strict18_common_rhr,FROZEN_REFERENCE_EM_SVD_PCA_WITH_WLS_QUERY_PROJECTION,-1.991862373124002,0.5419188156529722,-5.191100383424907,0.39813206646963034,ANTIPSYCHOTICS_BROAD,Broad antipsychotic reference set,
ANTIPSYCHOTICS_BROAD__FIXED_REFERENCE_PCA,Ziprasidone,strict18_common_rhr,FROZEN_REFERENCE_EM_SVD_PCA_WITH_WLS_QUERY_PROJECTION,-2.3906602776044394,0.5419188156529722,-4.189401776389254,0.39813206646963034,ANTIPSYCHOTICS_BROAD,Broad antipsychotic reference set,
ANTIPSYCHOTICS_BROAD__FIXED_REFERENCE_PCA,"Ketamine, pooled parent",strict18_common_rhr,FROZEN_REFERENCE_EM_SVD_PCA_WITH_WLS_QUERY_PROJECTION,4.277834290315083,0.5419188156529722,0.8083386138880077,0.39813206646963034,ANTIPSYCHOTICS_BROAD,Broad antipsychotic reference set,PROJECTED_QUERY
ANTIPSYCHOTICS_BROAD__FIXED_REFERENCE_PCA,"Ketamine, confirmed racemate",strict18_common_rhr,FROZEN_REFERENCE_EM_SVD_PCA_WITH_WLS_QUERY_PROJECTION,-8.052183503080261,0.5419188156529722,-3.387348971824359,0.39813206646963034,ANTIPSYCHOTICS_BROAD,Broad antipsychotic reference set,PROJECTED_QUERY
ANTIPSYCHOTICS_BROAD__TARGET_LEVEL_PCA,"Ketamine, pooled parent",target_mean_common_rhr,TARGET_LEVEL_EM_SVD_PCA,-0.9328327984075945,0.8216213453602543,-0.20069134454654547,0.14549794649016987,ANTIPSYCHOTICS_BROAD,Broad antipsychotic reference set,
ANTIPSYCHOTICS_BROAD__TARGET_LEVEL_PCA,"Ketamine, confirmed racemate",target_mean_common_rhr,TARGET_LEVEL_EM_SVD_PCA,1.5402291109469888,0.8216213453602543,-0.6392617857945756,0.14549794649016987,ANTIPSYCHOTICS_BROAD,Broad antipsychotic reference set,
ANTIPSYCHOTICS_BROAD__TARGET_LEVEL_PCA,Aripiprazole,target_mean_common_rhr,TARGET_LEVEL_EM_SVD_PCA,0.1426167787872951,0.8216213453602543,0.6304927295803119,0.14549794649016987,ANTIPSYCHOTICS_BROAD,Broad antipsychotic reference set,
ANTIPSYCHOTICS_BROAD__TARGET_LEVEL_PCA,Chlorpromazine,target_mean_common_rhr,TARGET_LEVEL_EM_SVD_PCA,-1.8358661215715224,0.8216213453602543,-0.20263430311861258,0.14549794649016987,ANTIPSYCHOTICS_BROAD,Broad antipsychotic reference set,
ANTIPSYCHOTICS_BROAD__TARGET_LEVEL_PCA,Clozapine,target_mean_common_rhr,TARGET_LEVEL_EM_SVD_PCA,-1.8277476656689222,0.8216213453602543,-0.33873796269092377,0.14549794649016987,ANTIPSYCHOTICS_BROAD,Broad antipsychotic reference set,
ANTIPSYCHOTICS_BROAD__TARGET_LEVEL_PCA,Haloperidol,target_mean_common_rhr,TARGET_LEVEL_EM_SVD_PCA,0.5136629826784437,0.8216213453602543,0.5693849840364192,0.14549794649016987,ANTIPSYCHOTICS_BROAD,Broad antipsychotic reference set,
ANTIPSYCHOTICS_BROAD__TARGET_LEVEL_PCA,Olanzapine,target_mean_common_rhr,TARGET_LEVEL_EM_SVD_PCA,0.8355565305474917,0.8216213453602543,-0.42283785544020774,0.14549794649016987,ANTIPSYCHOTICS_BROAD,Broad antipsychotic reference set,
ANTIPSYCHOTICS_BROAD__TARGET_LEVEL_PCA,Quetiapine,target_mean_common_rhr,TARGET_LEVEL_EM_SVD_PCA,1.1009327637982398,0.8216213453602543,-0.39209365719689193,0.14549794649016987,ANTIPSYCHOTICS_BROAD,Broad antipsychotic reference set,
ANTIPSYCHOTICS_BROAD__TARGET_LEVEL_PCA,Risperidone,target_mean_common_rhr,TARGET_LEVEL_EM_SVD_PCA,0.34381918788391375,0.8216213453602543,0.39987494921254474,0.14549794649016987,ANTIPSYCHOTICS_BROAD,Broad antipsychotic reference set,
ANTIPSYCHOTICS_BROAD__TARGET_LEVEL_PCA,Ziprasidone,target_mean_common_rhr,TARGET_LEVEL_EM_SVD_PCA,0.11962923100566665,0.8216213453602543,0.5965042459584821,0.14549794649016987,ANTIPSYCHOTICS_BROAD,Broad antipsychotic reference set,
ANTIPSYCHOTICS_BROAD__SPARSE_FINGERPRINT_PCA,"Ketamine, pooled parent",alpha001_binary_0_1_NA,SUPPORT_AWARE_SPARSE_FINGERPRINT_EM_SVD_PCA,1.3083491841597334,0.7533004157263489,-1.060908417718512,0.11902695963306904,ANTIPSYCHOTICS_BROAD,Broad antipsychotic reference set,
ANTIPSYCHOTICS_BROAD__SPARSE_FINGERPRINT_PCA,"Ketamine, confirmed racemate",alpha001_binary_0_1_NA,SUPPORT_AWARE_SPARSE_FINGERPRINT_EM_SVD_PCA,-6.454717515814769,0.7533004157263489,0.21223324881549727,0.11902695963306904,ANTIPSYCHOTICS_BROAD,Broad antipsychotic reference set,
ANTIPSYCHOTICS_BROAD__SPARSE_FINGERPRINT_PCA,Aripiprazole,alpha001_binary_0_1_NA,SUPPORT_AWARE_SPARSE_FINGERPRINT_EM_SVD_PCA,0.8473983859135154,0.7533004157263489,1.373608515205299,0.11902695963306904,ANTIPSYCHOTICS_BROAD,Broad antipsychotic reference set,
ANTIPSYCHOTICS_BROAD__SPARSE_FINGERPRINT_PCA,Chlorpromazine,alpha001_binary_0_1_NA,SUPPORT_AWARE_SPARSE_FINGERPRINT_EM_SVD_PCA,0.38449009243492815,0.7533004157263489,-0.9241631852809667,0.11902695963306904,ANTIPSYCHOTICS_BROAD,Broad antipsychotic reference set,
ANTIPSYCHOTICS_BROAD__SPARSE_FINGERPRINT_PCA,Clozapine,alpha001_binary_0_1_NA,SUPPORT_AWARE_SPARSE_FINGERPRINT_EM_SVD_PCA,0.39834438357735,0.7533004157263489,-0.7978126353387063,0.11902695963306904,ANTIPSYCHOTICS_BROAD,Broad antipsychotic reference set,
ANTIPSYCHOTICS_BROAD__SPARSE_FINGERPRINT_PCA,Haloperidol,alpha001_binary_0_1_NA,SUPPORT_AWARE_SPARSE_FINGERPRINT_EM_SVD_PCA,2.4547649995416365,0.7533004157263489,-0.16520908800726675,0.11902695963306904,ANTIPSYCHOTICS_BROAD,Broad antipsychotic reference set,
ANTIPSYCHOTICS_BROAD__SPARSE_FINGERPRINT_PCA,Olanzapine,alpha001_binary_0_1_NA,SUPPORT_AWARE_SPARSE_FINGERPRINT_EM_SVD_PCA,-0.671708589231067,0.7533004157263489,-0.9245505039761884,0.11902695963306904,ANTIPSYCHOTICS_BROAD,Broad antipsychotic reference set,
ANTIPSYCHOTICS_BROAD__SPARSE_FINGERPRINT_PCA,Quetiapine,alpha001_binary_0_1_NA,SUPPORT_AWARE_SPARSE_FINGERPRINT_EM_SVD_PCA,1.525426824595119,0.7533004157263489,1.4156757927657078,0.11902695963306904,ANTIPSYCHOTICS_BROAD,Broad antipsychotic reference set,
ANTIPSYCHOTICS_BROAD__SPARSE_FINGERPRINT_PCA,Risperidone,alpha001_binary_0_1_NA,SUPPORT_AWARE_SPARSE_FINGERPRINT_EM_SVD_PCA,-0.07624870234337894,0.7533004157263489,0.9863010256895067,0.11902695963306904,ANTIPSYCHOTICS_BROAD,Broad antipsychotic reference set,
ANTIPSYCHOTICS_BROAD__SPARSE_FINGERPRINT_PCA,Ziprasidone,alpha001_binary_0_1_NA,SUPPORT_AWARE_SPARSE_FINGERPRINT_EM_SVD_PCA,0.28390093716693,0.7533004157263489,-0.11517475215437022,0.11902695963306904,ANTIPSYCHOTICS_BROAD,Broad antipsychotic reference set,
ATYPICAL_ANTIPSYCHOTICS__JOINT_CONTINUOUS_PCA,"Ketamine, pooled parent",strict18_common_rhr,EM_SVD_MISSINGNESS_AWARE_PCA,-11.328195996216149,0.8636100447424709,-0.7017059774562978,0.10358444284425841,ATYPICAL_ANTIPSYCHOTICS,Atypical antipsychotics,
ATYPICAL_ANTIPSYCHOTICS__JOINT_CONTINUOUS_PCA,"Ketamine, confirmed racemate",strict18_common_rhr,EM_SVD_MISSINGNESS_AWARE_PCA,6.5495761911695345,0.8636100447424709,-5.642380533350732,0.10358444284425841,ATYPICAL_ANTIPSYCHOTICS,Atypical antipsychotics,
ATYPICAL_ANTIPSYCHOTICS__JOINT_CONTINUOUS_PCA,Aripiprazole,strict18_common_rhr,EM_SVD_MISSINGNESS_AWARE_PCA,6.636136334378313,0.8636100447424709,2.9352139547969993,0.10358444284425841,ATYPICAL_ANTIPSYCHOTICS,Atypical antipsychotics,
ATYPICAL_ANTIPSYCHOTICS__JOINT_CONTINUOUS_PCA,Clozapine,strict18_common_rhr,EM_SVD_MISSINGNESS_AWARE_PCA,-21.417118449160082,0.8636100447424709,0.5403444751549363,0.10358444284425841,ATYPICAL_ANTIPSYCHOTICS,Atypical antipsychotics,
ATYPICAL_ANTIPSYCHOTICS__JOINT_CONTINUOUS_PCA,Olanzapine,strict18_common_rhr,EM_SVD_MISSINGNESS_AWARE_PCA,3.8019240819253977,0.8636100447424709,-1.097004661925532,0.10358444284425841,ATYPICAL_ANTIPSYCHOTICS,Atypical antipsychotics,
ATYPICAL_ANTIPSYCHOTICS__JOINT_CONTINUOUS_PCA,Quetiapine,strict18_common_rhr,EM_SVD_MISSINGNESS_AWARE_PCA,4.697845756159633,0.8636100447424709,-4.143031204251592,0.10358444284425841,ATYPICAL_ANTIPSYCHOTICS,Atypical antipsychotics,
ATYPICAL_ANTIPSYCHOTICS__JOINT_CONTINUOUS_PCA,Risperidone,strict18_common_rhr,EM_SVD_MISSINGNESS_AWARE_PCA,5.7791098389759,0.8636100447424709,3.8429046726194658,0.10358444284425841,ATYPICAL_ANTIPSYCHOTICS,Atypical antipsychotics,
ATYPICAL_ANTIPSYCHOTICS__JOINT_CONTINUOUS_PCA,Ziprasidone,strict18_common_rhr,EM_SVD_MISSINGNESS_AWARE_PCA,5.280722242767456,0.8636100447424709,4.265659274412747,0.10358444284425841,ATYPICAL_ANTIPSYCHOTICS,Atypical antipsychotics,
ATYPICAL_ANTIPSYCHOTICS__FIXED_REFERENCE_PCA,Aripiprazole,strict18_common_rhr,FROZEN_REFERENCE_EM_SVD_PCA_WITH_WLS_QUERY_PROJECTION,-2.1594820153130483,0.7767319078434001,-3.1802188100705777,0.1457095088882778,ATYPICAL_ANTIPSYCHOTICS,Atypical antipsychotics,
ATYPICAL_ANTIPSYCHOTICS__FIXED_REFERENCE_PCA,Clozapine,strict18_common_rhr,FROZEN_REFERENCE_EM_SVD_PCA_WITH_WLS_QUERY_PROJECTION,12.86161520318131,0.7767319078434001,1.549957789691534,0.1457095088882778,ATYPICAL_ANTIPSYCHOTICS,Atypical antipsychotics,
ATYPICAL_ANTIPSYCHOTICS__FIXED_REFERENCE_PCA,Olanzapine,strict18_common_rhr,FROZEN_REFERENCE_EM_SVD_PCA_WITH_WLS_QUERY_PROJECTION,-3.183836699136849,0.7767319078434001,2.1530154874828464,0.1457095088882778,ATYPICAL_ANTIPSYCHOTICS,Atypical antipsychotics,
ATYPICAL_ANTIPSYCHOTICS__FIXED_REFERENCE_PCA,Quetiapine,strict18_common_rhr,FROZEN_REFERENCE_EM_SVD_PCA_WITH_WLS_QUERY_PROJECTION,-6.366583521929409,0.7767319078434001,3.5390615748756007,0.1457095088882778,ATYPICAL_ANTIPSYCHOTICS,Atypical antipsychotics,
ATYPICAL_ANTIPSYCHOTICS__FIXED_REFERENCE_PCA,Risperidone,strict18_common_rhr,FROZEN_REFERENCE_EM_SVD_PCA_WITH_WLS_QUERY_PROJECTION,-0.48473554952108194,0.7767319078434001,-0.6866958917128541,0.1457095088882778,ATYPICAL_ANTIPSYCHOTICS,Atypical antipsychotics,
ATYPICAL_ANTIPSYCHOTICS__FIXED_REFERENCE_PCA,Ziprasidone,strict18_common_rhr,FROZEN_REFERENCE_EM_SVD_PCA_WITH_WLS_QUERY_PROJECTION,-0.6669774172809123,0.7767319078434001,-3.3751201502665453,0.1457095088882778,ATYPICAL_ANTIPSYCHOTICS,Atypical antipsychotics,
ATYPICAL_ANTIPSYCHOTICS__FIXED_REFERENCE_PCA,"Ketamine, pooled parent",strict18_common_rhr,FROZEN_REFERENCE_EM_SVD_PCA_WITH_WLS_QUERY_PROJECTION,3.89723602865306,0.7767319078434001,-1.9930581625331873,0.1457095088882778,ATYPICAL_ANTIPSYCHOTICS,Atypical antipsychotics,PROJECTED_QUERY
ATYPICAL_ANTIPSYCHOTICS__FIXED_REFERENCE_PCA,"Ketamine, confirmed racemate",strict18_common_rhr,FROZEN_REFERENCE_EM_SVD_PCA_WITH_WLS_QUERY_PROJECTION,-4.996817985286456,0.7767319078434001,0.5571553213601503,0.1457095088882778,ATYPICAL_ANTIPSYCHOTICS,Atypical antipsychotics,PROJECTED_QUERY
ATYPICAL_ANTIPSYCHOTICS__TARGET_LEVEL_PCA,"Ketamine, pooled parent",target_mean_common_rhr,TARGET_LEVEL_EM_SVD_PCA,-1.0747077995929633,0.8391396599582798,-0.20553075601904183,0.1271684857368218,ATYPICAL_ANTIPSYCHOTICS,Atypical antipsychotics,
ATYPICAL_ANTIPSYCHOTICS__TARGET_LEVEL_PCA,"Ketamine, confirmed racemate",target_mean_common_rhr,TARGET_LEVEL_EM_SVD_PCA,1.3706458739822949,0.8391396599582798,-0.47271046317541376,0.1271684857368218,ATYPICAL_ANTIPSYCHOTICS,Atypical antipsychotics,
ATYPICAL_ANTIPSYCHOTICS__TARGET_LEVEL_PCA,Aripiprazole,target_mean_common_rhr,TARGET_LEVEL_EM_SVD_PCA,-0.02275182824556827,0.8391396599582798,0.6188130977898698,0.1271684857368218,ATYPICAL_ANTIPSYCHOTICS,Atypical antipsychotics,
ATYPICAL_ANTIPSYCHOTICS__TARGET_LEVEL_PCA,Clozapine,target_mean_common_rhr,TARGET_LEVEL_EM_SVD_PCA,-2.0436337946894674,0.8391396599582798,-0.36345814134229326,0.1271684857368218,ATYPICAL_ANTIPSYCHOTICS,Atypical antipsychotics,
ATYPICAL_ANTIPSYCHOTICS__TARGET_LEVEL_PCA,Olanzapine,target_mean_common_rhr,TARGET_LEVEL_EM_SVD_PCA,0.6429266926181842,0.8391396599582798,-0.22119456523529896,0.1271684857368218,ATYPICAL_ANTIPSYCHOTICS,Atypical antipsychotics,
ATYPICAL_ANTIPSYCHOTICS__TARGET_LEVEL_PCA,Quetiapine,target_mean_common_rhr,TARGET_LEVEL_EM_SVD_PCA,0.9252071849124324,0.8391396599582798,-0.23238410043545094,0.1271684857368218,ATYPICAL_ANTIPSYCHOTICS,Atypical antipsychotics,
ATYPICAL_ANTIPSYCHOTICS__TARGET_LEVEL_PCA,Risperidone,target_mean_common_rhr,TARGET_LEVEL_EM_SVD_PCA,0.24447531693057387,0.8391396599582798,0.3227269113848935,0.1271684857368218,ATYPICAL_ANTIPSYCHOTICS,Atypical antipsychotics,
ATYPICAL_ANTIPSYCHOTICS__TARGET_LEVEL_PCA,Ziprasidone,target_mean_common_rhr,TARGET_LEVEL_EM_SVD_PCA,-0.04216164591548704,0.8391396599582798,0.5537380170327352,0.1271684857368218,ATYPICAL_ANTIPSYCHOTICS,Atypical antipsychotics,
ATYPICAL_ANTIPSYCHOTICS__SPARSE_FINGERPRINT_PCA,"Ketamine, pooled parent",alpha001_binary_0_1_NA,SUPPORT_AWARE_SPARSE_FINGERPRINT_EM_SVD_PCA,0.040759341470151804,0.4361631884867868,0.7567638109293234,0.35799283539442006,ATYPICAL_ANTIPSYCHOTICS,Atypical antipsychotics,
ATYPICAL_ANTIPSYCHOTICS__SPARSE_FINGERPRINT_PCA,"Ketamine, confirmed racemate",alpha001_binary_0_1_NA,SUPPORT_AWARE_SPARSE_FINGERPRINT_EM_SVD_PCA,-2.237357856756228,0.4361631884867868,0.0675321308050788,0.35799283539442006,ATYPICAL_ANTIPSYCHOTICS,Atypical antipsychotics,
ATYPICAL_ANTIPSYCHOTICS__SPARSE_FINGERPRINT_PCA,Aripiprazole,alpha001_binary_0_1_NA,SUPPORT_AWARE_SPARSE_FINGERPRINT_EM_SVD_PCA,-0.7140724836112881,0.4361631884867868,-1.132029906183328,0.35799283539442006,ATYPICAL_ANTIPSYCHOTICS,Atypical antipsychotics,
ATYPICAL_ANTIPSYCHOTICS__SPARSE_FINGERPRINT_PCA,Clozapine,alpha001_binary_0_1_NA,SUPPORT_AWARE_SPARSE_FINGERPRINT_EM_SVD_PCA,0.4767624794957494,0.4361631884867868,-0.20634871241083433,0.35799283539442006,ATYPICAL_ANTIPSYCHOTICS,Atypical antipsychotics,
ATYPICAL_ANTIPSYCHOTICS__SPARSE_FINGERPRINT_PCA,Olanzapine,alpha001_binary_0_1_NA,SUPPORT_AWARE_SPARSE_FINGERPRINT_EM_SVD_PCA,2.4776153702878947,0.4361631884867868,0.7373486818075531,0.35799283539442006,ATYPICAL_ANTIPSYCHOTICS,Atypical antipsychotics,
ATYPICAL_ANTIPSYCHOTICS__SPARSE_FINGERPRINT_PCA,Quetiapine,alpha001_binary_0_1_NA,SUPPORT_AWARE_SPARSE_FINGERPRINT_EM_SVD_PCA,-0.6955991512510548,0.4361631884867868,2.2203090504691096,0.35799283539442006,ATYPICAL_ANTIPSYCHOTICS,Atypical antipsychotics,
ATYPICAL_ANTIPSYCHOTICS__SPARSE_FINGERPRINT_PCA,Risperidone,alpha001_binary_0_1_NA,SUPPORT_AWARE_SPARSE_FINGERPRINT_EM_SVD_PCA,0.09383424456530125,0.4361631884867868,-1.0587816963335797,0.35799283539442006,ATYPICAL_ANTIPSYCHOTICS,Atypical antipsychotics,
ATYPICAL_ANTIPSYCHOTICS__SPARSE_FINGERPRINT_PCA,Ziprasidone,alpha001_binary_0_1_NA,SUPPORT_AWARE_SPARSE_FINGERPRINT_EM_SVD_PCA,0.5580580557994732,0.4361631884867868,-1.3847933590833228,0.35799283539442006,ATYPICAL_ANTIPSYCHOTICS,Atypical antipsychotics,
DISSOCIATIVE_NMDA_CONTEXT__JOINT_CONTINUOUS_PCA,"Ketamine, pooled parent",strict18_common_rhr,EM_SVD_MISSINGNESS_AWARE_PCA,-7.9737997420124485,0.7711798535397355,-2.6135620719640826,0.22876766942309198,DISSOCIATIVE_NMDA_CONTEXT,Dissociative and NMDA-channel context,
DISSOCIATIVE_NMDA_CONTEXT__JOINT_CONTINUOUS_PCA,"Ketamine, confirmed racemate",strict18_common_rhr,EM_SVD_MISSINGNESS_AWARE_PCA,7.944928490823034,0.7711798535397355,-0.03099001817900872,0.22876766942309198,DISSOCIATIVE_NMDA_CONTEXT,Dissociative and NMDA-channel context,
DISSOCIATIVE_NMDA_CONTEXT__JOINT_CONTINUOUS_PCA,Dextromethorphan,strict18_common_rhr,EM_SVD_MISSINGNESS_AWARE_PCA,-2.59353310845605,0.7711798535397355,5.277841652752761,0.22876766942309198,DISSOCIATIVE_NMDA_CONTEXT,Dissociative and NMDA-channel context,
DISSOCIATIVE_NMDA_CONTEXT__JOINT_CONTINUOUS_PCA,PCP,strict18_common_rhr,EM_SVD_MISSINGNESS_AWARE_PCA,2.622404359645463,0.7711798535397355,-2.6332895626096735,0.22876766942309198,DISSOCIATIVE_NMDA_CONTEXT,Dissociative and NMDA-channel context,
DISSOCIATIVE_NMDA_CONTEXT__TARGET_LEVEL_PCA,"Ketamine, pooled parent",target_mean_common_rhr,TARGET_LEVEL_EM_SVD_PCA,-0.9742078936210117,0.7550008708043728,-0.4349237486010348,0.2449848799729699,DISSOCIATIVE_NMDA_CONTEXT,Dissociative and NMDA-channel context,
DISSOCIATIVE_NMDA_CONTEXT__TARGET_LEVEL_PCA,"Ketamine, confirmed racemate",target_mean_common_rhr,TARGET_LEVEL_EM_SVD_PCA,1.0067652318106917,0.7550008708043728,0.03555946148878483,0.2449848799729699,DISSOCIATIVE_NMDA_CONTEXT,Dissociative and NMDA-channel context,
DISSOCIATIVE_NMDA_CONTEXT__TARGET_LEVEL_PCA,Dextromethorphan,target_mean_common_rhr,TARGET_LEVEL_EM_SVD_PCA,-0.4692736220698918,0.7550008708043728,0.6996932986980013,0.2449848799729699,DISSOCIATIVE_NMDA_CONTEXT,Dissociative and NMDA-channel context,
DISSOCIATIVE_NMDA_CONTEXT__TARGET_LEVEL_PCA,PCP,target_mean_common_rhr,TARGET_LEVEL_EM_SVD_PCA,0.4367162838802113,0.7550008708043728,-0.3003290115857516,0.2449848799729699,DISSOCIATIVE_NMDA_CONTEXT,Dissociative and NMDA-channel context,
DISSOCIATIVE_NMDA_CONTEXT__SPARSE_FINGERPRINT_PCA,"Ketamine, pooled parent",alpha001_binary_0_1_NA,SUPPORT_AWARE_SPARSE_FINGERPRINT_EM_SVD_PCA,0.9999999999999998,0.7272727272727274,-0.24999999999999975,0.27272727272727254,DISSOCIATIVE_NMDA_CONTEXT,Dissociative and NMDA-channel context,
DISSOCIATIVE_NMDA_CONTEXT__SPARSE_FINGERPRINT_PCA,"Ketamine, confirmed racemate",alpha001_binary_0_1_NA,SUPPORT_AWARE_SPARSE_FINGERPRINT_EM_SVD_PCA,-0.9999999999999996,0.7272727272727274,-0.24999999999999994,0.27272727272727254,DISSOCIATIVE_NMDA_CONTEXT,Dissociative and NMDA-channel context,
DISSOCIATIVE_NMDA_CONTEXT__SPARSE_FINGERPRINT_PCA,Dextromethorphan,alpha001_binary_0_1_NA,SUPPORT_AWARE_SPARSE_FINGERPRINT_EM_SVD_PCA,-1.0342906840005727e-16,0.7272727272727274,0.7499999999999996,0.27272727272727254,DISSOCIATIVE_NMDA_CONTEXT,Dissociative and NMDA-channel context,
DISSOCIATIVE_NMDA_CONTEXT__SPARSE_FINGERPRINT_PCA,PCP,alpha001_binary_0_1_NA,SUPPORT_AWARE_SPARSE_FINGERPRINT_EM_SVD_PCA,7.698342326372352e-17,0.7272727272727274,-0.2499999999999998,0.27272727272727254,DISSOCIATIVE_NMDA_CONTEXT,Dissociative and NMDA-channel context,
GLOBAL_ALL_COMPARATORS__JOINT_CONTINUOUS_PCA,"Ketamine, pooled parent",strict18_common_rhr,EM_SVD_MISSINGNESS_AWARE_PCA,-5.344943046523467,0.8517882892372233,-1.297406417519996,0.13044770934210073,GLOBAL_ALL_COMPARATORS,All numerical comparators,
GLOBAL_ALL_COMPARATORS__JOINT_CONTINUOUS_PCA,"Ketamine, confirmed racemate",strict18_common_rhr,EM_SVD_MISSINGNESS_AWARE_PCA,14.092876407920484,0.8517882892372233,1.472518568746841,0.13044770934210073,GLOBAL_ALL_COMPARATORS,All numerical comparators,
GLOBAL_ALL_COMPARATORS__JOINT_CONTINUOUS_PCA,Aripiprazole,strict18_common_rhr,EM_SVD_MISSINGNESS_AWARE_PCA,10.47280495300491,0.8517882892372233,-4.0931214657381005,0.13044770934210073,GLOBAL_ALL_COMPARATORS,All numerical comparators,
GLOBAL_ALL_COMPARATORS__JOINT_CONTINUOUS_PCA,Bupropion,strict18_common_rhr,EM_SVD_MISSINGNESS_AWARE_PCA,-4.867403575570046,0.8517882892372233,8.351828199474465,0.13044770934210073,GLOBAL_ALL_COMPARATORS,All numerical comparators,
GLOBAL_ALL_COMPARATORS__JOINT_CONTINUOUS_PCA,Chlorpromazine,strict18_common_rhr,EM_SVD_MISSINGNESS_AWARE_PCA,-11.201509202228728,0.8517882892372233,-4.074893712858097,0.13044770934210073,GLOBAL_ALL_COMPARATORS,All numerical comparators,
GLOBAL_ALL_COMPARATORS__JOINT_CONTINUOUS_PCA,Clozapine,strict18_common_rhr,EM_SVD_MISSINGNESS_AWARE_PCA,-12.341828683298818,0.8517882892372233,-3.7561039713218354,0.13044770934210073,GLOBAL_ALL_COMPARATORS,All numerical comparators,
GLOBAL_ALL_COMPARATORS__JOINT_CONTINUOUS_PCA,Dexmedetomidine,strict18_common_rhr,EM_SVD_MISSINGNESS_AWARE_PCA,-11.436566267220302,0.8517882892372233,-2.992903413888259,0.13044770934210073,GLOBAL_ALL_COMPARATORS,All numerical comparators,
GLOBAL_ALL_COMPARATORS__JOINT_CONTINUOUS_PCA,Dextromethorphan,strict18_common_rhr,EM_SVD_MISSINGNESS_AWARE_PCA,-3.3678993123742025,0.8517882892372233,6.437429922477895,0.13044770934210073,GLOBAL_ALL_COMPARATORS,All numerical comparators,
GLOBAL_ALL_COMPARATORS__JOINT_CONTINUOUS_PCA,Duloxetine,strict18_common_rhr,EM_SVD_MISSINGNESS_AWARE_PCA,-14.006580225174474,0.8517882892372233,0.6241618857321692,0.13044770934210073,GLOBAL_ALL_COMPARATORS,All numerical comparators,
GLOBAL_ALL_COMPARATORS__JOINT_CONTINUOUS_PCA,Fluoxetine,strict18_common_rhr,EM_SVD_MISSINGNESS_AWARE_PCA,-9.924491248513954,0.8517882892372233,-1.0034385106699326,0.13044770934210073,GLOBAL_ALL_COMPARATORS,All numerical comparators,
GLOBAL_ALL_COMPARATORS__JOINT_CONTINUOUS_PCA,Haloperidol,strict18_common_rhr,EM_SVD_MISSINGNESS_AWARE_PCA,12.725738019356237,0.8517882892372233,-4.139237627666447,0.13044770934210073,GLOBAL_ALL_COMPARATORS,All numerical comparators,
GLOBAL_ALL_COMPARATORS__JOINT_CONTINUOUS_PCA,Lamotrigine,strict18_common_rhr,EM_SVD_MISSINGNESS_AWARE_PCA,14.999078736912836,0.8517882892372233,2.5616656024812148,0.13044770934210073,GLOBAL_ALL_COMPARATORS,All numerical comparators,
GLOBAL_ALL_COMPARATORS__JOINT_CONTINUOUS_PCA,Lysergide (LSD),strict18_common_rhr,EM_SVD_MISSINGNESS_AWARE_PCA,-8.002250838313474,0.8517882892372233,-4.2866013316397185,0.13044770934210073,GLOBAL_ALL_COMPARATORS,All numerical comparators,
GLOBAL_ALL_COMPARATORS__JOINT_CONTINUOUS_PCA,Mirtazapine,strict18_common_rhr,EM_SVD_MISSINGNESS_AWARE_PCA,6.713773133102332,0.8517882892372233,3.4356295429666113,0.13044770934210073,GLOBAL_ALL_COMPARATORS,All numerical comparators,
GLOBAL_ALL_COMPARATORS__JOINT_CONTINUOUS_PCA,Morphine,strict18_common_rhr,EM_SVD_MISSINGNESS_AWARE_PCA,-15.731847619936689,0.8517882892372233,8.060788293957017,0.13044770934210073,GLOBAL_ALL_COMPARATORS,All numerical comparators,
GLOBAL_ALL_COMPARATORS__JOINT_CONTINUOUS_PCA,Olanzapine,strict18_common_rhr,EM_SVD_MISSINGNESS_AWARE_PCA,7.814854027406473,0.8517882892372233,-0.8438001756424862,0.13044770934210073,GLOBAL_ALL_COMPARATORS,All numerical comparators,
GLOBAL_ALL_COMPARATORS__JOINT_CONTINUOUS_PCA,PCP,strict18_common_rhr,EM_SVD_MISSINGNESS_AWARE_PCA,13.387750495399468,0.8517882892372233,-1.3093066190703744,0.13044770934210073,GLOBAL_ALL_COMPARATORS,All numerical comparators,
GLOBAL_ALL_COMPARATORS__JOINT_CONTINUOUS_PCA,Propofol,strict18_common_rhr,EM_SVD_MISSINGNESS_AWARE_PCA,-5.690865494739091,0.8517882892372233,-0.3189466234053751,0.13044770934210073,GLOBAL_ALL_COMPARATORS,All numerical comparators,
GLOBAL_ALL_COMPARATORS__JOINT_CONTINUOUS_PCA,Psilocin,strict18_common_rhr,EM_SVD_MISSINGNESS_AWARE_PCA,-8.749487906116372,0.8517882892372233,-3.3789436392741874,0.13044770934210073,GLOBAL_ALL_COMPARATORS,All numerical comparators,
GLOBAL_ALL_COMPARATORS__JOINT_CONTINUOUS_PCA,Psilocybin,strict18_common_rhr,EM_SVD_MISSINGNESS_AWARE_PCA,-0.1758269097167381,0.8517882892372233,9.02145069946845,0.13044770934210073,GLOBAL_ALL_COMPARATORS,All numerical comparators,
GLOBAL_ALL_COMPARATORS__JOINT_CONTINUOUS_PCA,Quetiapine,strict18_common_rhr,EM_SVD_MISSINGNESS_AWARE_PCA,8.920556585063308,0.8517882892372233,1.9596444740145307,0.13044770934210073,GLOBAL_ALL_COMPARATORS,All numerical comparators,
GLOBAL_ALL_COMPARATORS__JOINT_CONTINUOUS_PCA,Risperidone,strict18_common_rhr,EM_SVD_MISSINGNESS_AWARE_PCA,9.923079407762712,0.8517882892372233,-4.949614941006815,0.13044770934210073,GLOBAL_ALL_COMPARATORS,All numerical comparators,
GLOBAL_ALL_COMPARATORS__JOINT_CONTINUOUS_PCA,Scopolamine,strict18_common_rhr,EM_SVD_MISSINGNESS_AWARE_PCA,-15.301099679163308,0.8517882892372233,-4.864807921865136,0.13044770934210073,GLOBAL_ALL_COMPARATORS,All numerical comparators,
GLOBAL_ALL_COMPARATORS__JOINT_CONTINUOUS_PCA,Sertraline,strict18_common_rhr,EM_SVD_MISSINGNESS_AWARE_PCA,11.217358107841948,0.8517882892372233,2.9462238405105636,0.13044770934210073,GLOBAL_ALL_COMPARATORS,All numerical comparators,
GLOBAL_ALL_COMPARATORS__JOINT_CONTINUOUS_PCA,Valproate,strict18_common_rhr,EM_SVD_MISSINGNESS_AWARE_PCA,15.503232030881463,0.8517882892372233,0.6244965935929316,0.13044770934210073,GLOBAL_ALL_COMPARATORS,All numerical comparators,
GLOBAL_ALL_COMPARATORS__JOINT_CONTINUOUS_PCA,Venlafaxine,strict18_common_rhr,EM_SVD_MISSINGNESS_AWARE_PCA,-8.882506447215858,0.8517882892372233,1.0310291282380142,0.13044770934210073,GLOBAL_ALL_COMPARATORS,All numerical comparators,
GLOBAL_ALL_COMPARATORS__JOINT_CONTINUOUS_PCA,Ziprasidone,strict18_common_rhr,EM_SVD_MISSINGNESS_AWARE_PCA,9.254004551453336,0.8517882892372233,-5.217740380093939,0.13044770934210073,GLOBAL_ALL_COMPARATORS,All numerical comparators,
GLOBAL_ALL_COMPARATORS__FIXED_REFERENCE_PCA,Aripiprazole,strict18_common_rhr,FROZEN_REFERENCE_EM_SVD_PCA_WITH_WLS_QUERY_PROJECTION,-6.7089608230096065,0.7784150849737271,3.8431293377966003,0.19692394995125095,GLOBAL_ALL_COMPARATORS,All numerical comparators,
GLOBAL_ALL_COMPARATORS__FIXED_REFERENCE_PCA,Bupropion,strict18_common_rhr,FROZEN_REFERENCE_EM_SVD_PCA_WITH_WLS_QUERY_PROJECTION,-1.4235176467392543,0.7784150849737271,-7.4758820487233235,0.19692394995125095,GLOBAL_ALL_COMPARATORS,All numerical comparators,
GLOBAL_ALL_COMPARATORS__FIXED_REFERENCE_PCA,Chlorpromazine,strict18_common_rhr,FROZEN_REFERENCE_EM_SVD_PCA_WITH_WLS_QUERY_PROJECTION,9.478820984726347,0.7784150849737271,3.277799121703709,0.19692394995125095,GLOBAL_ALL_COMPARATORS,All numerical comparators,
GLOBAL_ALL_COMPARATORS__FIXED_REFERENCE_PCA,Clozapine,strict18_common_rhr,FROZEN_REFERENCE_EM_SVD_PCA_WITH_WLS_QUERY_PROJECTION,9.880732252674143,0.7784150849737271,3.390736905888132,0.19692394995125095,GLOBAL_ALL_COMPARATORS,All numerical comparators,
GLOBAL_ALL_COMPARATORS__FIXED_REFERENCE_PCA,Dexmedetomidine,strict18_common_rhr,FROZEN_REFERENCE_EM_SVD_PCA_WITH_WLS_QUERY_PROJECTION,9.147027893071824,0.7784150849737271,3.3936099523265297,0.19692394995125095,GLOBAL_ALL_COMPARATORS,All numerical comparators,
GLOBAL_ALL_COMPARATORS__FIXED_REFERENCE_PCA,Dextromethorphan,strict18_common_rhr,FROZEN_REFERENCE_EM_SVD_PCA_WITH_WLS_QUERY_PROJECTION,-0.3226320566705729,0.7784150849737271,-3.228105174069138,0.19692394995125095,GLOBAL_ALL_COMPARATORS,All numerical comparators,
GLOBAL_ALL_COMPARATORS__FIXED_REFERENCE_PCA,Duloxetine,strict18_common_rhr,FROZEN_REFERENCE_EM_SVD_PCA_WITH_WLS_QUERY_PROJECTION,10.367401379747255,0.7784150849737271,0.5127696108006383,0.19692394995125095,GLOBAL_ALL_COMPARATORS,All numerical comparators,
GLOBAL_ALL_COMPARATORS__FIXED_REFERENCE_PCA,Fluoxetine,strict18_common_rhr,FROZEN_REFERENCE_EM_SVD_PCA_WITH_WLS_QUERY_PROJECTION,7.265721510306299,0.7784150849737271,1.022390305074509,0.19692394995125095,GLOBAL_ALL_COMPARATORS,All numerical comparators,
GLOBAL_ALL_COMPARATORS__FIXED_REFERENCE_PCA,Haloperidol,strict18_common_rhr,FROZEN_REFERENCE_EM_SVD_PCA_WITH_WLS_QUERY_PROJECTION,-8.440940184171268,0.7784150849737271,4.013573593909633,0.19692394995125095,GLOBAL_ALL_COMPARATORS,All numerical comparators,
GLOBAL_ALL_COMPARATORS__FIXED_REFERENCE_PCA,Lamotrigine,strict18_common_rhr,FROZEN_REFERENCE_EM_SVD_PCA_WITH_WLS_QUERY_PROJECTION,-14.425203886128807,0.7784150849737271,-0.16799725983070665,0.19692394995125095,GLOBAL_ALL_COMPARATORS,All numerical comparators,
GLOBAL_ALL_COMPARATORS__FIXED_REFERENCE_PCA,Lysergide (LSD),strict18_common_rhr,FROZEN_REFERENCE_EM_SVD_PCA_WITH_WLS_QUERY_PROJECTION,5.897977076480778,0.7784150849737271,4.285444380205703,0.19692394995125095,GLOBAL_ALL_COMPARATORS,All numerical comparators,
GLOBAL_ALL_COMPARATORS__FIXED_REFERENCE_PCA,Mirtazapine,strict18_common_rhr,FROZEN_REFERENCE_EM_SVD_PCA_WITH_WLS_QUERY_PROJECTION,-6.377764636699288,0.7784150849737271,-3.1875611039264937,0.19692394995125095,GLOBAL_ALL_COMPARATORS,All numerical comparators,
GLOBAL_ALL_COMPARATORS__FIXED_REFERENCE_PCA,Morphine,strict18_common_rhr,FROZEN_REFERENCE_EM_SVD_PCA_WITH_WLS_QUERY_PROJECTION,10.525560561470035,0.7784150849737271,-11.637930039916446,0.19692394995125095,GLOBAL_ALL_COMPARATORS,All numerical comparators,
GLOBAL_ALL_COMPARATORS__FIXED_REFERENCE_PCA,Olanzapine,strict18_common_rhr,FROZEN_REFERENCE_EM_SVD_PCA_WITH_WLS_QUERY_PROJECTION,-5.682479928321981,0.7784150849737271,0.7340098172242436,0.19692394995125095,GLOBAL_ALL_COMPARATORS,All numerical comparators,
GLOBAL_ALL_COMPARATORS__FIXED_REFERENCE_PCA,PCP,strict18_common_rhr,FROZEN_REFERENCE_EM_SVD_PCA_WITH_WLS_QUERY_PROJECTION,-9.61991960301393,0.7784150849737271,2.3995923286802783,0.19692394995125095,GLOBAL_ALL_COMPARATORS,All numerical comparators,
GLOBAL_ALL_COMPARATORS__FIXED_REFERENCE_PCA,Propofol,strict18_common_rhr,FROZEN_REFERENCE_EM_SVD_PCA_WITH_WLS_QUERY_PROJECTION,3.571742708465044,0.7784150849737271,0.36477684963024104,0.19692394995125095,GLOBAL_ALL_COMPARATORS,All numerical comparators,
GLOBAL_ALL_COMPARATORS__FIXED_REFERENCE_PCA,Psilocin,strict18_common_rhr,FROZEN_REFERENCE_EM_SVD_PCA_WITH_WLS_QUERY_PROJECTION,10.663578650898378,0.7784150849737271,-1.1723852692854757,0.19692394995125095,GLOBAL_ALL_COMPARATORS,All numerical comparators,
GLOBAL_ALL_COMPARATORS__FIXED_REFERENCE_PCA,Psilocybin,strict18_common_rhr,FROZEN_REFERENCE_EM_SVD_PCA_WITH_WLS_QUERY_PROJECTION,-2.580679546489926,0.7784150849737271,-9.333946981827342,0.19692394995125095,GLOBAL_ALL_COMPARATORS,All numerical comparators,
GLOBAL_ALL_COMPARATORS__FIXED_REFERENCE_PCA,Quetiapine,strict18_common_rhr,FROZEN_REFERENCE_EM_SVD_PCA_WITH_WLS_QUERY_PROJECTION,-7.290539918219647,0.7784150849737271,-1.9103734587650463,0.19692394995125095,GLOBAL_ALL_COMPARATORS,All numerical comparators,
GLOBAL_ALL_COMPARATORS__FIXED_REFERENCE_PCA,Risperidone,strict18_common_rhr,FROZEN_REFERENCE_EM_SVD_PCA_WITH_WLS_QUERY_PROJECTION,-6.061605528512941,0.7784150849737271,4.797265139510822,0.19692394995125095,GLOBAL_ALL_COMPARATORS,All numerical comparators,
GLOBAL_ALL_COMPARATORS__FIXED_REFERENCE_PCA,Scopolamine,strict18_common_rhr,FROZEN_REFERENCE_EM_SVD_PCA_WITH_WLS_QUERY_PROJECTION,13.632206105851715,0.7784150849737271,3.2415241848432848,0.19692394995125095,GLOBAL_ALL_COMPARATORS,All numerical comparators,
GLOBAL_ALL_COMPARATORS__FIXED_REFERENCE_PCA,Sertraline,strict18_common_rhr,FROZEN_REFERENCE_EM_SVD_PCA_WITH_WLS_QUERY_PROJECTION,-9.93854779612365,0.7784150849737271,-2.1731258654109746,0.19692394995125095,GLOBAL_ALL_COMPARATORS,All numerical comparators,
GLOBAL_ALL_COMPARATORS__FIXED_REFERENCE_PCA,Valproate,strict18_common_rhr,FROZEN_REFERENCE_EM_SVD_PCA_WITH_WLS_QUERY_PROJECTION,-12.534829257660252,0.7784150849737271,-0.15071026293870482,0.19692394995125095,GLOBAL_ALL_COMPARATORS,All numerical comparators,
GLOBAL_ALL_COMPARATORS__FIXED_REFERENCE_PCA,Venlafaxine,strict18_common_rhr,FROZEN_REFERENCE_EM_SVD_PCA_WITH_WLS_QUERY_PROJECTION,6.413354077304209,0.7784150849737271,0.33657281301680714,0.19692394995125095,GLOBAL_ALL_COMPARATORS,All numerical comparators,
GLOBAL_ALL_COMPARATORS__FIXED_REFERENCE_PCA,Ziprasidone,strict18_common_rhr,FROZEN_REFERENCE_EM_SVD_PCA_WITH_WLS_QUERY_PROJECTION,-5.436502389234919,0.7784150849737271,4.82482312408253,0.19692394995125095,GLOBAL_ALL_COMPARATORS,All numerical comparators,
GLOBAL_ALL_COMPARATORS__FIXED_REFERENCE_PCA,"Ketamine, pooled parent",strict18_common_rhr,FROZEN_REFERENCE_EM_SVD_PCA_WITH_WLS_QUERY_PROJECTION,3.656180470185342,0.7784150849737271,1.6287490536361602,0.19692394995125095,GLOBAL_ALL_COMPARATORS,All numerical comparators,PROJECTED_QUERY
GLOBAL_ALL_COMPARATORS__FIXED_REFERENCE_PCA,"Ketamine, confirmed racemate",strict18_common_rhr,FROZEN_REFERENCE_EM_SVD_PCA_WITH_WLS_QUERY_PROJECTION,-10.777960914303009,0.7784150849737271,0.3057962348735486,0.19692394995125095,GLOBAL_ALL_COMPARATORS,All numerical comparators,PROJECTED_QUERY
GLOBAL_ALL_COMPARATORS__TARGET_LEVEL_PCA,"Ketamine, pooled parent",target_mean_common_rhr,TARGET_LEVEL_EM_SVD_PCA,0.7427376828623815,0.8381876479368578,-0.1546318382592288,0.1466351478810148,GLOBAL_ALL_COMPARATORS,All numerical comparators,
GLOBAL_ALL_COMPARATORS__TARGET_LEVEL_PCA,"Ketamine, confirmed racemate",target_mean_common_rhr,TARGET_LEVEL_EM_SVD_PCA,-1.6907407880078158,0.8381876479368578,0.1488970564295351,0.1466351478810148,GLOBAL_ALL_COMPARATORS,All numerical comparators,
GLOBAL_ALL_COMPARATORS__TARGET_LEVEL_PCA,Aripiprazole,target_mean_common_rhr,TARGET_LEVEL_EM_SVD_PCA,-1.0349900899465367,0.8381876479368578,-0.43942431825435785,0.1466351478810148,GLOBAL_ALL_COMPARATORS,All numerical comparators,
GLOBAL_ALL_COMPARATORS__TARGET_LEVEL_PCA,Bupropion,target_mean_common_rhr,TARGET_LEVEL_EM_SVD_PCA,0.39171886419335245,0.8381876479368578,1.0033742276774942,0.1466351478810148,GLOBAL_ALL_COMPARATORS,All numerical comparators,
GLOBAL_ALL_COMPARATORS__TARGET_LEVEL_PCA,Chlorpromazine,target_mean_common_rhr,TARGET_LEVEL_EM_SVD_PCA,1.6228584052216077,0.8381876479368578,-0.3174871075134366,0.1466351478810148,GLOBAL_ALL_COMPARATORS,All numerical comparators,
GLOBAL_ALL_COMPARATORS__TARGET_LEVEL_PCA,Clozapine,target_mean_common_rhr,TARGET_LEVEL_EM_SVD_PCA,1.6984031662699692,0.8381876479368578,-0.33319009719295506,0.1466351478810148,GLOBAL_ALL_COMPARATORS,All numerical comparators,
GLOBAL_ALL_COMPARATORS__TARGET_LEVEL_PCA,Dexmedetomidine,target_mean_common_rhr,TARGET_LEVEL_EM_SVD_PCA,1.6367339040929272,0.8381876479368578,-0.32965537977054754,0.1466351478810148,GLOBAL_ALL_COMPARATORS,All numerical comparators,
GLOBAL_ALL_COMPARATORS__TARGET_LEVEL_PCA,Dextromethorphan,target_mean_common_rhr,TARGET_LEVEL_EM_SVD_PCA,0.32991928457756836,0.8381876479368578,0.9128201406889117,0.1466351478810148,GLOBAL_ALL_COMPARATORS,All numerical comparators,
GLOBAL_ALL_COMPARATORS__TARGET_LEVEL_PCA,Duloxetine,target_mean_common_rhr,TARGET_LEVEL_EM_SVD_PCA,1.602377962751791,0.8381876479368578,0.44490101619972,0.1466351478810148,GLOBAL_ALL_COMPARATORS,All numerical comparators,
GLOBAL_ALL_COMPARATORS__TARGET_LEVEL_PCA,Fluoxetine,target_mean_common_rhr,TARGET_LEVEL_EM_SVD_PCA,1.3174479405866533,0.8381876479368578,0.32706775641056,0.1466351478810148,GLOBAL_ALL_COMPARATORS,All numerical comparators,
GLOBAL_ALL_COMPARATORS__TARGET_LEVEL_PCA,Haloperidol,target_mean_common_rhr,TARGET_LEVEL_EM_SVD_PCA,-1.3761401704407137,0.8381876479368578,-0.3399198684864117,0.1466351478810148,GLOBAL_ALL_COMPARATORS,All numerical comparators,
GLOBAL_ALL_COMPARATORS__TARGET_LEVEL_PCA,Lamotrigine,target_mean_common_rhr,TARGET_LEVEL_EM_SVD_PCA,-2.3359074937867113,0.8381876479368578,0.03366703020518939,0.1466351478810148,GLOBAL_ALL_COMPARATORS,All numerical comparators,
GLOBAL_ALL_COMPARATORS__TARGET_LEVEL_PCA,Lysergide (LSD),target_mean_common_rhr,TARGET_LEVEL_EM_SVD_PCA,1.1335778780042851,0.8381876479368578,-0.4629735143416577,0.1466351478810148,GLOBAL_ALL_COMPARATORS,All numerical comparators,
GLOBAL_ALL_COMPARATORS__TARGET_LEVEL_PCA,Mirtazapine,target_mean_common_rhr,TARGET_LEVEL_EM_SVD_PCA,-0.7513475004012216,0.8381876479368578,0.41552290444195683,0.1466351478810148,GLOBAL_ALL_COMPARATORS,All numerical comparators,
GLOBAL_ALL_COMPARATORS__TARGET_LEVEL_PCA,Morphine,target_mean_common_rhr,TARGET_LEVEL_EM_SVD_PCA,2.1816697031288173,0.8381876479368578,1.0979451174458645,0.1466351478810148,GLOBAL_ALL_COMPARATORS,All numerical comparators,
GLOBAL_ALL_COMPARATORS__TARGET_LEVEL_PCA,Olanzapine,target_mean_common_rhr,TARGET_LEVEL_EM_SVD_PCA,-0.8599571601429131,0.8381876479368578,0.04847240883037803,0.1466351478810148,GLOBAL_ALL_COMPARATORS,All numerical comparators,
GLOBAL_ALL_COMPARATORS__TARGET_LEVEL_PCA,PCP,target_mean_common_rhr,TARGET_LEVEL_EM_SVD_PCA,-1.609105515144841,0.8381876479368578,-0.14553827582261555,0.1466351478810148,GLOBAL_ALL_COMPARATORS,All numerical comparators,
GLOBAL_ALL_COMPARATORS__TARGET_LEVEL_PCA,Propofol,target_mean_common_rhr,TARGET_LEVEL_EM_SVD_PCA,0.8215093650415586,0.8381876479368578,-0.0852891658711242,0.1466351478810148,GLOBAL_ALL_COMPARATORS,All numerical comparators,
GLOBAL_ALL_COMPARATORS__TARGET_LEVEL_PCA,Psilocin,target_mean_common_rhr,TARGET_LEVEL_EM_SVD_PCA,0.13159910910634082,0.8381876479368578,-1.0287080950375929,0.1466351478810148,GLOBAL_ALL_COMPARATORS,All numerical comparators,
GLOBAL_ALL_COMPARATORS__TARGET_LEVEL_PCA,Psilocybin,target_mean_common_rhr,TARGET_LEVEL_EM_SVD_PCA,-0.5221671418829374,0.8381876479368578,0.41961375890882574,0.1466351478810148,GLOBAL_ALL_COMPARATORS,All numerical comparators,
GLOBAL_ALL_COMPARATORS__TARGET_LEVEL_PCA,Quetiapine,target_mean_common_rhr,TARGET_LEVEL_EM_SVD_PCA,-1.021934488198605,0.8381876479368578,0.18975018613315833,0.1466351478810148,GLOBAL_ALL_COMPARATORS,All numerical comparators,
GLOBAL_ALL_COMPARATORS__TARGET_LEVEL_PCA,Risperidone,target_mean_common_rhr,TARGET_LEVEL_EM_SVD_PCA,-1.1203495289444907,0.8381876479368578,-0.3964163025778878,0.1466351478810148,GLOBAL_ALL_COMPARATORS,All numerical comparators,
GLOBAL_ALL_COMPARATORS__TARGET_LEVEL_PCA,Scopolamine,target_mean_common_rhr,TARGET_LEVEL_EM_SVD_PCA,1.9022876029879427,0.8381876479368578,-1.4216422791828662,0.1466351478810148,GLOBAL_ALL_COMPARATORS,All numerical comparators,
GLOBAL_ALL_COMPARATORS__TARGET_LEVEL_PCA,Sertraline,target_mean_common_rhr,TARGET_LEVEL_EM_SVD_PCA,-1.2814401241656483,0.8381876479368578,0.24576342659824943,0.1466351478810148,GLOBAL_ALL_COMPARATORS,All numerical comparators,
GLOBAL_ALL_COMPARATORS__TARGET_LEVEL_PCA,Valproate,target_mean_common_rhr,TARGET_LEVEL_EM_SVD_PCA,-1.8073544421813803,0.8381876479368578,0.0885533390302649,0.1466351478810148,GLOBAL_ALL_COMPARATORS,All numerical comparators,
GLOBAL_ALL_COMPARATORS__TARGET_LEVEL_PCA,Venlafaxine,target_mean_common_rhr,TARGET_LEVEL_EM_SVD_PCA,0.9021448177953755,0.8381876479368578,0.517929563703764,0.1466351478810148,GLOBAL_ALL_COMPARATORS,All numerical comparators,
GLOBAL_ALL_COMPARATORS__TARGET_LEVEL_PCA,Ziprasidone,target_mean_common_rhr,TARGET_LEVEL_EM_SVD_PCA,-1.0035512433767575,0.8381876479368578,-0.4394016903931911,0.1466351478810148,GLOBAL_ALL_COMPARATORS,All numerical comparators,
GLOBAL_ALL_COMPARATORS__SPARSE_FINGERPRINT_PCA,"Ketamine, pooled parent",alpha001_binary_0_1_NA,SUPPORT_AWARE_SPARSE_FINGERPRINT_EM_SVD_PCA,-0.6829679092660723,0.7050041308332999,-0.4572321637594478,0.23617151342202797,GLOBAL_ALL_COMPARATORS,All numerical comparators,
GLOBAL_ALL_COMPARATORS__SPARSE_FINGERPRINT_PCA,"Ketamine, confirmed racemate",alpha001_binary_0_1_NA,SUPPORT_AWARE_SPARSE_FINGERPRINT_EM_SVD_PCA,3.9561079367325194,0.7050041308332999,-0.1616909312969117,0.23617151342202797,GLOBAL_ALL_COMPARATORS,All numerical comparators,
GLOBAL_ALL_COMPARATORS__SPARSE_FINGERPRINT_PCA,Aripiprazole,alpha001_binary_0_1_NA,SUPPORT_AWARE_SPARSE_FINGERPRINT_EM_SVD_PCA,-0.16157563259660632,0.7050041308332999,2.0678952330093043,0.23617151342202797,GLOBAL_ALL_COMPARATORS,All numerical comparators,
GLOBAL_ALL_COMPARATORS__SPARSE_FINGERPRINT_PCA,Bupropion,alpha001_binary_0_1_NA,SUPPORT_AWARE_SPARSE_FINGERPRINT_EM_SVD_PCA,-0.6879023958137105,0.7050041308332999,-0.884884213705029,0.23617151342202797,GLOBAL_ALL_COMPARATORS,All numerical comparators,
GLOBAL_ALL_COMPARATORS__SPARSE_FINGERPRINT_PCA,Chlorpromazine,alpha001_binary_0_1_NA,SUPPORT_AWARE_SPARSE_FINGERPRINT_EM_SVD_PCA,-1.3866088989544445,0.7050041308332999,0.188275958729224,0.23617151342202797,GLOBAL_ALL_COMPARATORS,All numerical comparators,
GLOBAL_ALL_COMPARATORS__SPARSE_FINGERPRINT_PCA,Clozapine,alpha001_binary_0_1_NA,SUPPORT_AWARE_SPARSE_FINGERPRINT_EM_SVD_PCA,-1.4126331881413101,0.7050041308332999,0.3618378171588471,0.23617151342202797,GLOBAL_ALL_COMPARATORS,All numerical comparators,
GLOBAL_ALL_COMPARATORS__SPARSE_FINGERPRINT_PCA,Dexmedetomidine,alpha001_binary_0_1_NA,SUPPORT_AWARE_SPARSE_FINGERPRINT_EM_SVD_PCA,-0.7988993409702712,0.7050041308332999,0.7534662062049005,0.23617151342202797,GLOBAL_ALL_COMPARATORS,All numerical comparators,
GLOBAL_ALL_COMPARATORS__SPARSE_FINGERPRINT_PCA,Dextromethorphan,alpha001_binary_0_1_NA,SUPPORT_AWARE_SPARSE_FINGERPRINT_EM_SVD_PCA,0.07935001300478309,0.7050041308332999,-5.261298782059032,0.23617151342202797,GLOBAL_ALL_COMPARATORS,All numerical comparators,
GLOBAL_ALL_COMPARATORS__SPARSE_FINGERPRINT_PCA,Duloxetine,alpha001_binary_0_1_NA,SUPPORT_AWARE_SPARSE_FINGERPRINT_EM_SVD_PCA,8.148659891207885,0.7050041308332999,0.09602065190523922,0.23617151342202797,GLOBAL_ALL_COMPARATORS,All numerical comparators,
GLOBAL_ALL_COMPARATORS__SPARSE_FINGERPRINT_PCA,Fluoxetine,alpha001_binary_0_1_NA,SUPPORT_AWARE_SPARSE_FINGERPRINT_EM_SVD_PCA,-1.1774798505678767,0.7050041308332999,-0.5207957525988139,0.23617151342202797,GLOBAL_ALL_COMPARATORS,All numerical comparators,
GLOBAL_ALL_COMPARATORS__SPARSE_FINGERPRINT_PCA,Haloperidol,alpha001_binary_0_1_NA,SUPPORT_AWARE_SPARSE_FINGERPRINT_EM_SVD_PCA,0.408023961429242,0.7050041308332999,0.16263491253294485,0.23617151342202797,GLOBAL_ALL_COMPARATORS,All numerical comparators,
GLOBAL_ALL_COMPARATORS__SPARSE_FINGERPRINT_PCA,Lamotrigine,alpha001_binary_0_1_NA,SUPPORT_AWARE_SPARSE_FINGERPRINT_EM_SVD_PCA,-0.5949406108650265,0.7050041308332999,0.7157576063491686,0.23617151342202797,GLOBAL_ALL_COMPARATORS,All numerical comparators,
GLOBAL_ALL_COMPARATORS__SPARSE_FINGERPRINT_PCA,Lysergide (LSD),alpha001_binary_0_1_NA,SUPPORT_AWARE_SPARSE_FINGERPRINT_EM_SVD_PCA,-1.4114723813654324,0.7050041308332999,0.3857265417195054,0.23617151342202797,GLOBAL_ALL_COMPARATORS,All numerical comparators,
GLOBAL_ALL_COMPARATORS__SPARSE_FINGERPRINT_PCA,Mirtazapine,alpha001_binary_0_1_NA,SUPPORT_AWARE_SPARSE_FINGERPRINT_EM_SVD_PCA,-0.3412978291610847,0.7050041308332999,2.3296379062309067,0.23617151342202797,GLOBAL_ALL_COMPARATORS,All numerical comparators,
GLOBAL_ALL_COMPARATORS__SPARSE_FINGERPRINT_PCA,Morphine,alpha001_binary_0_1_NA,SUPPORT_AWARE_SPARSE_FINGERPRINT_EM_SVD_PCA,-0.7618066068649334,0.7050041308332999,0.21082764487009137,0.23617151342202797,GLOBAL_ALL_COMPARATORS,All numerical comparators,
GLOBAL_ALL_COMPARATORS__SPARSE_FINGERPRINT_PCA,Olanzapine,alpha001_binary_0_1_NA,SUPPORT_AWARE_SPARSE_FINGERPRINT_EM_SVD_PCA,-2.4257806404379845,0.7050041308332999,1.005345656829086,0.23617151342202797,GLOBAL_ALL_COMPARATORS,All numerical comparators,
GLOBAL_ALL_COMPARATORS__SPARSE_FINGERPRINT_PCA,PCP,alpha001_binary_0_1_NA,SUPPORT_AWARE_SPARSE_FINGERPRINT_EM_SVD_PCA,0.06655353352596513,0.7050041308332999,-0.48260690149810975,0.23617151342202797,GLOBAL_ALL_COMPARATORS,All numerical comparators,
GLOBAL_ALL_COMPARATORS__SPARSE_FINGERPRINT_PCA,Propofol,alpha001_binary_0_1_NA,SUPPORT_AWARE_SPARSE_FINGERPRINT_EM_SVD_PCA,-1.2201160395276047,0.7050041308332999,-0.7180193874032145,0.23617151342202797,GLOBAL_ALL_COMPARATORS,All numerical comparators,
GLOBAL_ALL_COMPARATORS__SPARSE_FINGERPRINT_PCA,Psilocin,alpha001_binary_0_1_NA,SUPPORT_AWARE_SPARSE_FINGERPRINT_EM_SVD_PCA,-1.330812322843301,0.7050041308332999,-2.0847188546082838,0.23617151342202797,GLOBAL_ALL_COMPARATORS,All numerical comparators,
GLOBAL_ALL_COMPARATORS__SPARSE_FINGERPRINT_PCA,Psilocybin,alpha001_binary_0_1_NA,SUPPORT_AWARE_SPARSE_FINGERPRINT_EM_SVD_PCA,-1.0582994149541214,0.7050041308332999,-1.6268268205333534,0.23617151342202797,GLOBAL_ALL_COMPARATORS,All numerical comparators,
GLOBAL_ALL_COMPARATORS__SPARSE_FINGERPRINT_PCA,Quetiapine,alpha001_binary_0_1_NA,SUPPORT_AWARE_SPARSE_FINGERPRINT_EM_SVD_PCA,0.40216066854081217,0.7050041308332999,1.6859664496678795,0.23617151342202797,GLOBAL_ALL_COMPARATORS,All numerical comparators,
GLOBAL_ALL_COMPARATORS__SPARSE_FINGERPRINT_PCA,Risperidone,alpha001_binary_0_1_NA,SUPPORT_AWARE_SPARSE_FINGERPRINT_EM_SVD_PCA,-1.2143998014582078,0.7050041308332999,1.939471849123124,0.23617151342202797,GLOBAL_ALL_COMPARATORS,All numerical comparators,
GLOBAL_ALL_COMPARATORS__SPARSE_FINGERPRINT_PCA,Scopolamine,alpha001_binary_0_1_NA,SUPPORT_AWARE_SPARSE_FINGERPRINT_EM_SVD_PCA,-1.620713661598571,0.7050041308332999,-0.17642501843476457,0.23617151342202797,GLOBAL_ALL_COMPARATORS,All numerical comparators,
GLOBAL_ALL_COMPARATORS__SPARSE_FINGERPRINT_PCA,Sertraline,alpha001_binary_0_1_NA,SUPPORT_AWARE_SPARSE_FINGERPRINT_EM_SVD_PCA,-1.0998914565091455,0.7050041308332999,-1.4301842125863915,0.23617151342202797,GLOBAL_ALL_COMPARATORS,All numerical comparators,
GLOBAL_ALL_COMPARATORS__SPARSE_FINGERPRINT_PCA,Valproate,alpha001_binary_0_1_NA,SUPPORT_AWARE_SPARSE_FINGERPRINT_EM_SVD_PCA,-0.26518544927162085,0.7050041308332999,0.9710414642488444,0.23617151342202797,GLOBAL_ALL_COMPARATORS,All numerical comparators,
GLOBAL_ALL_COMPARATORS__SPARSE_FINGERPRINT_PCA,Venlafaxine,alpha001_binary_0_1_NA,SUPPORT_AWARE_SPARSE_FINGERPRINT_EM_SVD_PCA,8.148659891207878,0.7050041308332999,0.09602065190523781,0.23617151342202797,GLOBAL_ALL_COMPARATORS,All numerical comparators,
GLOBAL_ALL_COMPARATORS__SPARSE_FINGERPRINT_PCA,Ziprasidone,alpha001_binary_0_1_NA,SUPPORT_AWARE_SPARSE_FINGERPRINT_EM_SVD_PCA,-1.5567324644817646,0.7050041308332999,0.8347564879990468,0.23617151342202797,GLOBAL_ALL_COMPARATORS,All numerical comparators,
HISTORICAL_HISTORECEPTOMIC_CONTROLS__JOINT_CONTINUOUS_PCA,"Ketamine, pooled parent",strict18_common_rhr,EM_SVD_MISSINGNESS_AWARE_PCA,-2.2737996654448676,0.6702344392317057,-5.752449363746449,0.3250086786202627,HISTORICAL_HISTORECEPTOMIC_CONTROLS,Historical historeceptomic controls,
HISTORICAL_HISTORECEPTOMIC_CONTROLS__JOINT_CONTINUOUS_PCA,"Ketamine, confirmed racemate",strict18_common_rhr,EM_SVD_MISSINGNESS_AWARE_PCA,15.753265860906621,0.6702344392317057,-2.9412386864577833,0.3250086786202627,HISTORICAL_HISTORECEPTOMIC_CONTROLS,Historical historeceptomic controls,
HISTORICAL_HISTORECEPTOMIC_CONTROLS__JOINT_CONTINUOUS_PCA,Bupropion,strict18_common_rhr,EM_SVD_MISSINGNESS_AWARE_PCA,-6.282292344015718,0.6702344392317057,-6.542717746128039,0.3250086786202627,HISTORICAL_HISTORECEPTOMIC_CONTROLS,Historical historeceptomic controls,
HISTORICAL_HISTORECEPTOMIC_CONTROLS__JOINT_CONTINUOUS_PCA,Chlorpromazine,strict18_common_rhr,EM_SVD_MISSINGNESS_AWARE_PCA,-0.9653783526698687,0.6702344392317057,3.345019937729968,0.3250086786202627,HISTORICAL_HISTORECEPTOMIC_CONTROLS,Historical historeceptomic controls,
HISTORICAL_HISTORECEPTOMIC_CONTROLS__JOINT_CONTINUOUS_PCA,Clozapine,strict18_common_rhr,EM_SVD_MISSINGNESS_AWARE_PCA,1.5675016356262117,0.6702344392317057,4.602818651252322,0.3250086786202627,HISTORICAL_HISTORECEPTOMIC_CONTROLS,Historical historeceptomic controls,
HISTORICAL_HISTORECEPTOMIC_CONTROLS__JOINT_CONTINUOUS_PCA,Duloxetine,strict18_common_rhr,EM_SVD_MISSINGNESS_AWARE_PCA,-3.426688908590474,0.6702344392317057,4.951626119187845,0.3250086786202627,HISTORICAL_HISTORECEPTOMIC_CONTROLS,Historical historeceptomic controls,
HISTORICAL_HISTORECEPTOMIC_CONTROLS__JOINT_CONTINUOUS_PCA,Fluoxetine,strict18_common_rhr,EM_SVD_MISSINGNESS_AWARE_PCA,-4.154364551670908,0.6702344392317057,-1.433624907273534,0.3250086786202627,HISTORICAL_HISTORECEPTOMIC_CONTROLS,Historical historeceptomic controls,
HISTORICAL_HISTORECEPTOMIC_CONTROLS__JOINT_CONTINUOUS_PCA,Venlafaxine,strict18_common_rhr,EM_SVD_MISSINGNESS_AWARE_PCA,-0.21824367414100013,0.6702344392317057,3.770565995435669,0.3250086786202627,HISTORICAL_HISTORECEPTOMIC_CONTROLS,Historical historeceptomic controls,
HISTORICAL_HISTORECEPTOMIC_CONTROLS__FIXED_REFERENCE_PCA,Bupropion,strict18_common_rhr,FROZEN_REFERENCE_EM_SVD_PCA_WITH_WLS_QUERY_PROJECTION,-3.1634169697036505,0.6726832651684604,-0.2981254666334382,0.3267615773166597,HISTORICAL_HISTORECEPTOMIC_CONTROLS,Historical historeceptomic controls,
HISTORICAL_HISTORECEPTOMIC_CONTROLS__FIXED_REFERENCE_PCA,Chlorpromazine,strict18_common_rhr,FROZEN_REFERENCE_EM_SVD_PCA_WITH_WLS_QUERY_PROJECTION,1.5300313008228184,0.6726832651684604,-0.3487059853183479,0.3267615773166597,HISTORICAL_HISTORECEPTOMIC_CONTROLS,Historical historeceptomic controls,
HISTORICAL_HISTORECEPTOMIC_CONTROLS__FIXED_REFERENCE_PCA,Clozapine,strict18_common_rhr,FROZEN_REFERENCE_EM_SVD_PCA_WITH_WLS_QUERY_PROJECTION,0.6794537319519997,0.6726832651684604,1.9328825931818188,0.3267615773166597,HISTORICAL_HISTORECEPTOMIC_CONTROLS,Historical historeceptomic controls,
HISTORICAL_HISTORECEPTOMIC_CONTROLS__FIXED_REFERENCE_PCA,Duloxetine,strict18_common_rhr,FROZEN_REFERENCE_EM_SVD_PCA_WITH_WLS_QUERY_PROJECTION,1.087636167666621,0.6726832651684604,-1.69975149471032,0.3267615773166597,HISTORICAL_HISTORECEPTOMIC_CONTROLS,Historical historeceptomic controls,
HISTORICAL_HISTORECEPTOMIC_CONTROLS__FIXED_REFERENCE_PCA,Fluoxetine,strict18_common_rhr,FROZEN_REFERENCE_EM_SVD_PCA_WITH_WLS_QUERY_PROJECTION,-0.5002563501494237,0.6726832651684604,0.029764267278573932,0.3267615773166597,HISTORICAL_HISTORECEPTOMIC_CONTROLS,Historical historeceptomic controls,
HISTORICAL_HISTORECEPTOMIC_CONTROLS__FIXED_REFERENCE_PCA,Venlafaxine,strict18_common_rhr,FROZEN_REFERENCE_EM_SVD_PCA_WITH_WLS_QUERY_PROJECTION,0.3665521194116351,0.6726832651684604,0.3839360862017129,0.3267615773166597,HISTORICAL_HISTORECEPTOMIC_CONTROLS,Historical historeceptomic controls,
HISTORICAL_HISTORECEPTOMIC_CONTROLS__FIXED_REFERENCE_PCA,"Ketamine, pooled parent",strict18_common_rhr,FROZEN_REFERENCE_EM_SVD_PCA_WITH_WLS_QUERY_PROJECTION,-0.7707421021816862,0.6726832651684604,-0.07348077662304274,0.3267615773166597,HISTORICAL_HISTORECEPTOMIC_CONTROLS,Historical historeceptomic controls,PROJECTED_QUERY
HISTORICAL_HISTORECEPTOMIC_CONTROLS__FIXED_REFERENCE_PCA,"Ketamine, confirmed racemate",strict18_common_rhr,FROZEN_REFERENCE_EM_SVD_PCA_WITH_WLS_QUERY_PROJECTION,-0.1254197713746543,0.6726832651684604,6.439889667682992,0.3267615773166597,HISTORICAL_HISTORECEPTOMIC_CONTROLS,Historical historeceptomic controls,PROJECTED_QUERY
HISTORICAL_HISTORECEPTOMIC_CONTROLS__TARGET_LEVEL_PCA,"Ketamine, pooled parent",target_mean_common_rhr,TARGET_LEVEL_EM_SVD_PCA,-0.332981888574749,0.676723612165731,-0.7253113071683704,0.3172097471078248,HISTORICAL_HISTORECEPTOMIC_CONTROLS,Historical historeceptomic controls,
HISTORICAL_HISTORECEPTOMIC_CONTROLS__TARGET_LEVEL_PCA,"Ketamine, confirmed racemate",target_mean_common_rhr,TARGET_LEVEL_EM_SVD_PCA,1.8054655809876972,0.676723612165731,-0.4318885964360151,0.3172097471078248,HISTORICAL_HISTORECEPTOMIC_CONTROLS,Historical historeceptomic controls,
HISTORICAL_HISTORECEPTOMIC_CONTROLS__TARGET_LEVEL_PCA,Bupropion,target_mean_common_rhr,TARGET_LEVEL_EM_SVD_PCA,-0.7773860364146553,0.676723612165731,-0.6837380943910388,0.3172097471078248,HISTORICAL_HISTORECEPTOMIC_CONTROLS,Historical historeceptomic controls,
HISTORICAL_HISTORECEPTOMIC_CONTROLS__TARGET_LEVEL_PCA,Chlorpromazine,target_mean_common_rhr,TARGET_LEVEL_EM_SVD_PCA,-0.026249704418061983,0.676723612165731,0.3871664181793496,0.3172097471078248,HISTORICAL_HISTORECEPTOMIC_CONTROLS,Historical historeceptomic controls,
HISTORICAL_HISTORECEPTOMIC_CONTROLS__TARGET_LEVEL_PCA,Clozapine,target_mean_common_rhr,TARGET_LEVEL_EM_SVD_PCA,0.29988925644514536,0.676723612165731,0.5091901556731769,0.3172097471078248,HISTORICAL_HISTORECEPTOMIC_CONTROLS,Historical historeceptomic controls,
HISTORICAL_HISTORECEPTOMIC_CONTROLS__TARGET_LEVEL_PCA,Duloxetine,target_mean_common_rhr,TARGET_LEVEL_EM_SVD_PCA,-0.3664386546373338,0.676723612165731,0.5721591618251254,0.3172097471078248,HISTORICAL_HISTORECEPTOMIC_CONTROLS,Historical historeceptomic controls,
HISTORICAL_HISTORECEPTOMIC_CONTROLS__TARGET_LEVEL_PCA,Fluoxetine,target_mean_common_rhr,TARGET_LEVEL_EM_SVD_PCA,-0.6243449370746205,0.676723612165731,-0.1015314312575494,0.3172097471078248,HISTORICAL_HISTORECEPTOMIC_CONTROLS,Historical historeceptomic controls,
HISTORICAL_HISTORECEPTOMIC_CONTROLS__TARGET_LEVEL_PCA,Venlafaxine,target_mean_common_rhr,TARGET_LEVEL_EM_SVD_PCA,0.022046383686577777,0.676723612165731,0.4739536935753219,0.3172097471078248,HISTORICAL_HISTORECEPTOMIC_CONTROLS,Historical historeceptomic controls,
HISTORICAL_HISTORECEPTOMIC_CONTROLS__SPARSE_FINGERPRINT_PCA,"Ketamine, pooled parent",alpha001_binary_0_1_NA,SUPPORT_AWARE_SPARSE_FINGERPRINT_EM_SVD_PCA,-0.4260614267142467,0.7978907344034019,1.3836707580110312,0.20120361448246113,HISTORICAL_HISTORECEPTOMIC_CONTROLS,Historical historeceptomic controls,
HISTORICAL_HISTORECEPTOMIC_CONTROLS__SPARSE_FINGERPRINT_PCA,"Ketamine, confirmed racemate",alpha001_binary_0_1_NA,SUPPORT_AWARE_SPARSE_FINGERPRINT_EM_SVD_PCA,-2.0664794619743163,0.7978907344034019,-2.6632213432274687,0.20120361448246113,HISTORICAL_HISTORECEPTOMIC_CONTROLS,Historical historeceptomic controls,
HISTORICAL_HISTORECEPTOMIC_CONTROLS__SPARSE_FINGERPRINT_PCA,Bupropion,alpha001_binary_0_1_NA,SUPPORT_AWARE_SPARSE_FINGERPRINT_EM_SVD_PCA,-1.2236242126635535,0.7978907344034019,0.3515665033511019,0.20120361448246113,HISTORICAL_HISTORECEPTOMIC_CONTROLS,Historical historeceptomic controls,
HISTORICAL_HISTORECEPTOMIC_CONTROLS__SPARSE_FINGERPRINT_PCA,Chlorpromazine,alpha001_binary_0_1_NA,SUPPORT_AWARE_SPARSE_FINGERPRINT_EM_SVD_PCA,-1.6403403553002074,0.7978907344034019,0.6587038001710741,0.20120361448246113,HISTORICAL_HISTORECEPTOMIC_CONTROLS,Historical historeceptomic controls,
HISTORICAL_HISTORECEPTOMIC_CONTROLS__SPARSE_FINGERPRINT_PCA,Clozapine,alpha001_binary_0_1_NA,SUPPORT_AWARE_SPARSE_FINGERPRINT_EM_SVD_PCA,-1.6383399847457845,0.7978907344034019,0.654813154494381,0.20120361448246113,HISTORICAL_HISTORECEPTOMIC_CONTROLS,Historical historeceptomic controls,
HISTORICAL_HISTORECEPTOMIC_CONTROLS__SPARSE_FINGERPRINT_PCA,Duloxetine,alpha001_binary_0_1_NA,SUPPORT_AWARE_SPARSE_FINGERPRINT_EM_SVD_PCA,3.7937552540636066,0.7978907344034019,-0.2916917286570474,0.20120361448246113,HISTORICAL_HISTORECEPTOMIC_CONTROLS,Historical historeceptomic controls,
HISTORICAL_HISTORECEPTOMIC_CONTROLS__SPARSE_FINGERPRINT_PCA,Fluoxetine,alpha001_binary_0_1_NA,SUPPORT_AWARE_SPARSE_FINGERPRINT_EM_SVD_PCA,-0.5926650667291082,0.7978907344034019,0.19785058451397625,0.20120361448246113,HISTORICAL_HISTORECEPTOMIC_CONTROLS,Historical historeceptomic controls,
HISTORICAL_HISTORECEPTOMIC_CONTROLS__SPARSE_FINGERPRINT_PCA,Venlafaxine,alpha001_binary_0_1_NA,SUPPORT_AWARE_SPARSE_FINGERPRINT_EM_SVD_PCA,3.7937552540636066,0.7978907344034019,-0.2916917286570474,0.20120361448246113,HISTORICAL_HISTORECEPTOMIC_CONTROLS,Historical historeceptomic controls,
MONOAMINERGIC_ANTIDEPRESSANTS__JOINT_CONTINUOUS_PCA,"Ketamine, pooled parent",strict18_common_rhr,EM_SVD_MISSINGNESS_AWARE_PCA,-7.394377728814578,0.9097167805021478,-4.070465090827545,0.08853400251811838,MONOAMINERGIC_ANTIDEPRESSANTS,Monoaminergic antidepressants,
MONOAMINERGIC_ANTIDEPRESSANTS__JOINT_CONTINUOUS_PCA,"Ketamine, confirmed racemate",strict18_common_rhr,EM_SVD_MISSINGNESS_AWARE_PCA,11.021311648943518,0.9097167805021478,-4.494366312291302,0.08853400251811838,MONOAMINERGIC_ANTIDEPRESSANTS,Monoaminergic antidepressants,
MONOAMINERGIC_ANTIDEPRESSANTS__JOINT_CONTINUOUS_PCA,Bupropion,strict18_common_rhr,EM_SVD_MISSINGNESS_AWARE_PCA,-1.5220057142257546,0.9097167805021478,2.815480246890071,0.08853400251811838,MONOAMINERGIC_ANTIDEPRESSANTS,Monoaminergic antidepressants,
MONOAMINERGIC_ANTIDEPRESSANTS__JOINT_CONTINUOUS_PCA,Duloxetine,strict18_common_rhr,EM_SVD_MISSINGNESS_AWARE_PCA,-9.35832496456625,0.9097167805021478,0.8851216918264172,0.08853400251811838,MONOAMINERGIC_ANTIDEPRESSANTS,Monoaminergic antidepressants,
MONOAMINERGIC_ANTIDEPRESSANTS__JOINT_CONTINUOUS_PCA,Fluoxetine,strict18_common_rhr,EM_SVD_MISSINGNESS_AWARE_PCA,-3.9925612781506437,0.9097167805021478,1.7053400521826625,0.08853400251811838,MONOAMINERGIC_ANTIDEPRESSANTS,Monoaminergic antidepressants,
MONOAMINERGIC_ANTIDEPRESSANTS__JOINT_CONTINUOUS_PCA,Sertraline,strict18_common_rhr,EM_SVD_MISSINGNESS_AWARE_PCA,16.196534091121922,0.9097167805021478,2.5748523270746215,0.08853400251811838,MONOAMINERGIC_ANTIDEPRESSANTS,Monoaminergic antidepressants,
MONOAMINERGIC_ANTIDEPRESSANTS__JOINT_CONTINUOUS_PCA,Venlafaxine,strict18_common_rhr,EM_SVD_MISSINGNESS_AWARE_PCA,-4.950576054308233,0.9097167805021478,0.5840370851450624,0.08853400251811838,MONOAMINERGIC_ANTIDEPRESSANTS,Monoaminergic antidepressants,
MONOAMINERGIC_ANTIDEPRESSANTS__FIXED_REFERENCE_PCA,Bupropion,strict18_common_rhr,FROZEN_REFERENCE_EM_SVD_PCA_WITH_WLS_QUERY_PROJECTION,-6.148308460088698,0.8813722157917145,1.7485296635780343,0.11804489392189876,MONOAMINERGIC_ANTIDEPRESSANTS,Monoaminergic antidepressants,
MONOAMINERGIC_ANTIDEPRESSANTS__FIXED_REFERENCE_PCA,Duloxetine,strict18_common_rhr,FROZEN_REFERENCE_EM_SVD_PCA_WITH_WLS_QUERY_PROJECTION,-0.6332171972992413,0.8813722157917145,-1.9661107680360668,0.11804489392189876,MONOAMINERGIC_ANTIDEPRESSANTS,Monoaminergic antidepressants,
MONOAMINERGIC_ANTIDEPRESSANTS__FIXED_REFERENCE_PCA,Fluoxetine,strict18_common_rhr,FROZEN_REFERENCE_EM_SVD_PCA_WITH_WLS_QUERY_PROJECTION,-2.322245712158373,0.8813722157917145,-0.03033255431574622,0.11804489392189876,MONOAMINERGIC_ANTIDEPRESSANTS,Monoaminergic antidepressants,
MONOAMINERGIC_ANTIDEPRESSANTS__FIXED_REFERENCE_PCA,Sertraline,strict18_common_rhr,FROZEN_REFERENCE_EM_SVD_PCA_WITH_WLS_QUERY_PROJECTION,6.953843543611625,0.8813722157917145,1.8530900579280922,0.11804489392189876,MONOAMINERGIC_ANTIDEPRESSANTS,Monoaminergic antidepressants,
MONOAMINERGIC_ANTIDEPRESSANTS__FIXED_REFERENCE_PCA,Venlafaxine,strict18_common_rhr,FROZEN_REFERENCE_EM_SVD_PCA_WITH_WLS_QUERY_PROJECTION,2.1499278259346837,0.8813722157917145,-1.6051763991543118,0.11804489392189876,MONOAMINERGIC_ANTIDEPRESSANTS,Monoaminergic antidepressants,
MONOAMINERGIC_ANTIDEPRESSANTS__FIXED_REFERENCE_PCA,"Ketamine, pooled parent",strict18_common_rhr,FROZEN_REFERENCE_EM_SVD_PCA_WITH_WLS_QUERY_PROJECTION,-0.4230971502147486,0.8813722157917145,0.8522649520010487,0.11804489392189876,MONOAMINERGIC_ANTIDEPRESSANTS,Monoaminergic antidepressants,PROJECTED_QUERY
MONOAMINERGIC_ANTIDEPRESSANTS__FIXED_REFERENCE_PCA,"Ketamine, confirmed racemate",strict18_common_rhr,FROZEN_REFERENCE_EM_SVD_PCA_WITH_WLS_QUERY_PROJECTION,8.15967222417031,0.8813722157917145,2.7565278692422117,0.11804489392189876,MONOAMINERGIC_ANTIDEPRESSANTS,Monoaminergic antidepressants,PROJECTED_QUERY
MONOAMINERGIC_ANTIDEPRESSANTS__TARGET_LEVEL_PCA,"Ketamine, pooled parent",target_mean_common_rhr,TARGET_LEVEL_EM_SVD_PCA,-0.7877609821008271,0.8602312969517787,-0.5008501969001308,0.1390214917531533,MONOAMINERGIC_ANTIDEPRESSANTS,Monoaminergic antidepressants,
MONOAMINERGIC_ANTIDEPRESSANTS__TARGET_LEVEL_PCA,"Ketamine, confirmed racemate",target_mean_common_rhr,TARGET_LEVEL_EM_SVD_PCA,1.284565721631085,0.8602312969517787,-0.6900227900580991,0.1390214917531533,MONOAMINERGIC_ANTIDEPRESSANTS,Monoaminergic antidepressants,
MONOAMINERGIC_ANTIDEPRESSANTS__TARGET_LEVEL_PCA,Bupropion,target_mean_common_rhr,TARGET_LEVEL_EM_SVD_PCA,0.2555703264293946,0.8602312969517787,0.7393132089393198,0.1390214917531533,MONOAMINERGIC_ANTIDEPRESSANTS,Monoaminergic antidepressants,
MONOAMINERGIC_ANTIDEPRESSANTS__TARGET_LEVEL_PCA,Duloxetine,target_mean_common_rhr,TARGET_LEVEL_EM_SVD_PCA,-1.340965675391442,0.8602312969517787,0.02501371066329031,0.1390214917531533,MONOAMINERGIC_ANTIDEPRESSANTS,Monoaminergic antidepressants,
MONOAMINERGIC_ANTIDEPRESSANTS__TARGET_LEVEL_PCA,Fluoxetine,target_mean_common_rhr,TARGET_LEVEL_EM_SVD_PCA,-0.5303911489298221,0.8602312969517787,0.18777842345231174,0.1390214917531533,MONOAMINERGIC_ANTIDEPRESSANTS,Monoaminergic antidepressants,
MONOAMINERGIC_ANTIDEPRESSANTS__TARGET_LEVEL_PCA,Sertraline,target_mean_common_rhr,TARGET_LEVEL_EM_SVD_PCA,1.8640373971863866,0.8602312969517787,0.23529884686888528,0.1390214917531533,MONOAMINERGIC_ANTIDEPRESSANTS,Monoaminergic antidepressants,
MONOAMINERGIC_ANTIDEPRESSANTS__TARGET_LEVEL_PCA,Venlafaxine,target_mean_common_rhr,TARGET_LEVEL_EM_SVD_PCA,-0.7450556388247748,0.8602312969517787,0.003468797034422786,0.1390214917531533,MONOAMINERGIC_ANTIDEPRESSANTS,Monoaminergic antidepressants,
MONOAMINERGIC_ANTIDEPRESSANTS__SPARSE_FINGERPRINT_PCA,"Ketamine, pooled parent",alpha001_binary_0_1_NA,SUPPORT_AWARE_SPARSE_FINGERPRINT_EM_SVD_PCA,-0.36702395884721883,0.7452244321092519,-0.04907490328091471,0.2524697367807478,MONOAMINERGIC_ANTIDEPRESSANTS,Monoaminergic antidepressants,
MONOAMINERGIC_ANTIDEPRESSANTS__SPARSE_FINGERPRINT_PCA,"Ketamine, confirmed racemate",alpha001_binary_0_1_NA,SUPPORT_AWARE_SPARSE_FINGERPRINT_EM_SVD_PCA,-2.5654327386872717,0.7452244321092519,0.3765204968393198,0.2524697367807478,MONOAMINERGIC_ANTIDEPRESSANTS,Monoaminergic antidepressants,
MONOAMINERGIC_ANTIDEPRESSANTS__SPARSE_FINGERPRINT_PCA,Bupropion,alpha001_binary_0_1_NA,SUPPORT_AWARE_SPARSE_FINGERPRINT_EM_SVD_PCA,-1.3887556484704522,0.7452244321092519,-0.2088511195904862,0.2524697367807478,MONOAMINERGIC_ANTIDEPRESSANTS,Monoaminergic antidepressants,
MONOAMINERGIC_ANTIDEPRESSANTS__SPARSE_FINGERPRINT_PCA,Duloxetine,alpha001_binary_0_1_NA,SUPPORT_AWARE_SPARSE_FINGERPRINT_EM_SVD_PCA,2.4756355686501395,0.7452244321092519,1.1407503141401745,0.2524697367807478,MONOAMINERGIC_ANTIDEPRESSANTS,Monoaminergic antidepressants,
MONOAMINERGIC_ANTIDEPRESSANTS__SPARSE_FINGERPRINT_PCA,Fluoxetine,alpha001_binary_0_1_NA,SUPPORT_AWARE_SPARSE_FINGERPRINT_EM_SVD_PCA,-2.3061917996692567,0.7452244321092519,0.24292400939374842,0.2524697367807478,MONOAMINERGIC_ANTIDEPRESSANTS,Monoaminergic antidepressants,
MONOAMINERGIC_ANTIDEPRESSANTS__SPARSE_FINGERPRINT_PCA,Sertraline,alpha001_binary_0_1_NA,SUPPORT_AWARE_SPARSE_FINGERPRINT_EM_SVD_PCA,1.676133008373924,0.7452244321092519,-2.6430191116420163,0.2524697367807478,MONOAMINERGIC_ANTIDEPRESSANTS,Monoaminergic antidepressants,
MONOAMINERGIC_ANTIDEPRESSANTS__SPARSE_FINGERPRINT_PCA,Venlafaxine,alpha001_binary_0_1_NA,SUPPORT_AWARE_SPARSE_FINGERPRINT_EM_SVD_PCA,2.4756355686501372,0.7452244321092519,1.1407503141401745,0.2524697367807478,MONOAMINERGIC_ANTIDEPRESSANTS,Monoaminergic antidepressants,
MOOD_STABILIZERS__JOINT_CONTINUOUS_PCA,"Ketamine, pooled parent",strict18_common_rhr,EM_SVD_MISSINGNESS_AWARE_PCA,-9.22841185824053,0.8311068143052412,-1.8054106706299442,0.16889318564817668,MOOD_STABILIZERS,Mood stabilizer context,
MOOD_STABILIZERS__JOINT_CONTINUOUS_PCA,"Ketamine, confirmed racemate",strict18_common_rhr,EM_SVD_MISSINGNESS_AWARE_PCA,6.920865644628914,0.8311068143052412,-3.2167275140174407,0.16889318564817668,MOOD_STABILIZERS,Mood stabilizer context,
MOOD_STABILIZERS__JOINT_CONTINUOUS_PCA,Lamotrigine,strict18_common_rhr,EM_SVD_MISSINGNESS_AWARE_PCA,1.0371673116659499,0.8311068143052412,3.338396232526141,0.16889318564817668,MOOD_STABILIZERS,Mood stabilizer context,
MOOD_STABILIZERS__JOINT_CONTINUOUS_PCA,Valproate,strict18_common_rhr,EM_SVD_MISSINGNESS_AWARE_PCA,1.2703789019456697,0.8311068143052412,1.683741952121241,0.16889318564817668,MOOD_STABILIZERS,Mood stabilizer context,
MOOD_STABILIZERS__TARGET_LEVEL_PCA,"Ketamine, pooled parent",target_mean_common_rhr,TARGET_LEVEL_EM_SVD_PCA,-1.1189064995344975,0.852683998544478,-0.21816630226157308,0.14731600145552104,MOOD_STABILIZERS,Mood stabilizer context,
MOOD_STABILIZERS__TARGET_LEVEL_PCA,"Ketamine, confirmed racemate",target_mean_common_rhr,TARGET_LEVEL_EM_SVD_PCA,0.8724243998101903,0.852683998544478,-0.35432008422780487,0.14731600145552104,MOOD_STABILIZERS,Mood stabilizer context,
MOOD_STABILIZERS__TARGET_LEVEL_PCA,Lamotrigine,target_mean_common_rhr,TARGET_LEVEL_EM_SVD_PCA,0.09258914043456203,0.852683998544478,0.37667850646035245,0.14731600145552104,MOOD_STABILIZERS,Mood stabilizer context,
MOOD_STABILIZERS__TARGET_LEVEL_PCA,Valproate,target_mean_common_rhr,TARGET_LEVEL_EM_SVD_PCA,0.1538929592897449,0.852683998544478,0.19580788002902555,0.14731600145552104,MOOD_STABILIZERS,Mood stabilizer context,
MOOD_STABILIZERS__SPARSE_FINGERPRINT_PCA,"Ketamine, pooled parent",alpha001_binary_0_1_NA,SUPPORT_AWARE_SPARSE_FINGERPRINT_EM_SVD_PCA,-1.4142135623730954,0.7500000000000001,1.4089322379694676e-16,0.25,MOOD_STABILIZERS,Mood stabilizer context,
MOOD_STABILIZERS__SPARSE_FINGERPRINT_PCA,"Ketamine, confirmed racemate",alpha001_binary_0_1_NA,SUPPORT_AWARE_SPARSE_FINGERPRINT_EM_SVD_PCA,0.7071067811865472,0.7500000000000001,-0.7071067811865471,0.25,MOOD_STABILIZERS,Mood stabilizer context,
MOOD_STABILIZERS__SPARSE_FINGERPRINT_PCA,Lamotrigine,alpha001_binary_0_1_NA,SUPPORT_AWARE_SPARSE_FINGERPRINT_EM_SVD_PCA,-1.9626155733547183e-17,0.7500000000000001,1.9626155733547162e-17,0.25,MOOD_STABILIZERS,Mood stabilizer context,
MOOD_STABILIZERS__SPARSE_FINGERPRINT_PCA,Valproate,alpha001_binary_0_1_NA,SUPPORT_AWARE_SPARSE_FINGERPRINT_EM_SVD_PCA,0.7071067811865474,0.7500000000000001,0.7071067811865472,0.25,MOOD_STABILIZERS,Mood stabilizer context,
PSYCHEDELIC_SEROTONERGIC__JOINT_CONTINUOUS_PCA,"Ketamine, pooled parent",strict18_common_rhr,EM_SVD_MISSINGNESS_AWARE_PCA,-6.9555277910131155,0.7521508856997409,-0.696357765164263,0.24695114356527462,PSYCHEDELIC_SEROTONERGIC,Serotonergic psychedelic context,
PSYCHEDELIC_SEROTONERGIC__JOINT_CONTINUOUS_PCA,"Ketamine, confirmed racemate",strict18_common_rhr,EM_SVD_MISSINGNESS_AWARE_PCA,9.232365020279811,0.7521508856997409,-0.5675016486060017,0.24695114356527462,PSYCHEDELIC_SEROTONERGIC,Serotonergic psychedelic context,
PSYCHEDELIC_SEROTONERGIC__JOINT_CONTINUOUS_PCA,Lysergide (LSD),strict18_common_rhr,EM_SVD_MISSINGNESS_AWARE_PCA,-6.123476328127598,0.7521508856997409,3.1465319936390657,0.24695114356527462,PSYCHEDELIC_SEROTONERGIC,Serotonergic psychedelic context,
PSYCHEDELIC_SEROTONERGIC__JOINT_CONTINUOUS_PCA,Psilocin,strict18_common_rhr,EM_SVD_MISSINGNESS_AWARE_PCA,4.25853253095763,0.7521508856997409,4.044192208414617,0.24695114356527462,PSYCHEDELIC_SEROTONERGIC,Serotonergic psychedelic context,
PSYCHEDELIC_SEROTONERGIC__JOINT_CONTINUOUS_PCA,Psilocybin,strict18_common_rhr,EM_SVD_MISSINGNESS_AWARE_PCA,-0.4118934320967269,0.7521508856997409,-5.926864788283416,0.24695114356527462,PSYCHEDELIC_SEROTONERGIC,Serotonergic psychedelic context,
PSYCHEDELIC_SEROTONERGIC__FIXED_REFERENCE_PCA,Lysergide (LSD),strict18_common_rhr,FROZEN_REFERENCE_EM_SVD_PCA_WITH_WLS_QUERY_PROJECTION,-2.9367088491171027,0.9608076431123614,0.7518362697475898,0.03919235688763859,PSYCHEDELIC_SEROTONERGIC,Serotonergic psychedelic context,
PSYCHEDELIC_SEROTONERGIC__FIXED_REFERENCE_PCA,Psilocin,strict18_common_rhr,FROZEN_REFERENCE_EM_SVD_PCA_WITH_WLS_QUERY_PROJECTION,-1.755470425493982,0.9608076431123614,-0.8895760557792132,0.03919235688763859,PSYCHEDELIC_SEROTONERGIC,Serotonergic psychedelic context,
PSYCHEDELIC_SEROTONERGIC__FIXED_REFERENCE_PCA,Psilocybin,strict18_common_rhr,FROZEN_REFERENCE_EM_SVD_PCA_WITH_WLS_QUERY_PROJECTION,4.692179274611086,0.9608076431123614,0.13773978603162304,0.03919235688763859,PSYCHEDELIC_SEROTONERGIC,Serotonergic psychedelic context,
PSYCHEDELIC_SEROTONERGIC__FIXED_REFERENCE_PCA,"Ketamine, pooled parent",strict18_common_rhr,FROZEN_REFERENCE_EM_SVD_PCA_WITH_WLS_QUERY_PROJECTION,-0.1324072436529663,0.9608076431123614,0.35656633801908777,0.03919235688763859,PSYCHEDELIC_SEROTONERGIC,Serotonergic psychedelic context,PROJECTED_QUERY
PSYCHEDELIC_SEROTONERGIC__FIXED_REFERENCE_PCA,"Ketamine, confirmed racemate",strict18_common_rhr,FROZEN_REFERENCE_EM_SVD_PCA_WITH_WLS_QUERY_PROJECTION,,0.9608076431123614,,0.03919235688763859,PSYCHEDELIC_SEROTONERGIC,Serotonergic psychedelic context,PROJECTED_QUERY
PSYCHEDELIC_SEROTONERGIC__TARGET_LEVEL_PCA,"Ketamine, pooled parent",target_mean_common_rhr,TARGET_LEVEL_EM_SVD_PCA,-0.8575972204673892,0.7585396819385337,-0.09486579407778682,0.2407621368506619,PSYCHEDELIC_SEROTONERGIC,Serotonergic psychedelic context,
PSYCHEDELIC_SEROTONERGIC__TARGET_LEVEL_PCA,"Ketamine, confirmed racemate",target_mean_common_rhr,TARGET_LEVEL_EM_SVD_PCA,1.153843842537227,0.7585396819385337,-0.15707940394568798,0.2407621368506619,PSYCHEDELIC_SEROTONERGIC,Serotonergic psychedelic context,
PSYCHEDELIC_SEROTONERGIC__TARGET_LEVEL_PCA,Lysergide (LSD),target_mean_common_rhr,TARGET_LEVEL_EM_SVD_PCA,-0.7943715633485215,0.7585396819385337,0.3627574218746352,0.2407621368506619,PSYCHEDELIC_SEROTONERGIC,Serotonergic psychedelic context,
PSYCHEDELIC_SEROTONERGIC__TARGET_LEVEL_PCA,Psilocin,target_mean_common_rhr,TARGET_LEVEL_EM_SVD_PCA,0.5790293671671842,0.7585396819385337,0.5744325365383259,0.2407621368506619,PSYCHEDELIC_SEROTONERGIC,Serotonergic psychedelic context,
PSYCHEDELIC_SEROTONERGIC__TARGET_LEVEL_PCA,Psilocybin,target_mean_common_rhr,TARGET_LEVEL_EM_SVD_PCA,-0.08090442588849987,0.7585396819385337,-0.6852447603894866,0.2407621368506619,PSYCHEDELIC_SEROTONERGIC,Serotonergic psychedelic context,
PSYCHEDELIC_SEROTONERGIC__SPARSE_FINGERPRINT_PCA,"Ketamine, pooled parent",alpha001_binary_0_1_NA,SUPPORT_AWARE_SPARSE_FINGERPRINT_EM_SVD_PCA,1.0506026258130496,0.6237179148263484,-0.14571932828120565,0.37628208517365164,PSYCHEDELIC_SEROTONERGIC,Serotonergic psychedelic context,
PSYCHEDELIC_SEROTONERGIC__SPARSE_FINGERPRINT_PCA,"Ketamine, confirmed racemate",alpha001_binary_0_1_NA,SUPPORT_AWARE_SPARSE_FINGERPRINT_EM_SVD_PCA,-0.8880738339771157,0.6237179148263484,0.4597008433809829,0.37628208517365164,PSYCHEDELIC_SEROTONERGIC,Serotonergic psychedelic context,
PSYCHEDELIC_SEROTONERGIC__SPARSE_FINGERPRINT_PCA,Lysergide (LSD),alpha001_binary_0_1_NA,SUPPORT_AWARE_SPARSE_FINGERPRINT_EM_SVD_PCA,-0.48758637550780204,0.6237179148263484,-0.9419445452993316,0.37628208517365164,PSYCHEDELIC_SEROTONERGIC,Serotonergic psychedelic context,
PSYCHEDELIC_SEROTONERGIC__SPARSE_FINGERPRINT_PCA,Psilocin,alpha001_binary_0_1_NA,SUPPORT_AWARE_SPARSE_FINGERPRINT_EM_SVD_PCA,0.16252879183593388,0.6237179148263484,0.31398151509977734,0.37628208517365164,PSYCHEDELIC_SEROTONERGIC,Serotonergic psychedelic context,
PSYCHEDELIC_SEROTONERGIC__SPARSE_FINGERPRINT_PCA,Psilocybin,alpha001_binary_0_1_NA,SUPPORT_AWARE_SPARSE_FINGERPRINT_EM_SVD_PCA,0.16252879183593388,0.6237179148263484,0.31398151509977734,0.37628208517365164,PSYCHEDELIC_SEROTONERGIC,Serotonergic psychedelic context,
RAPID_ACTING_ANTIDEPRESSANT_CONTEXT__JOINT_CONTINUOUS_PCA,"Ketamine, pooled parent",strict18_common_rhr,EM_SVD_MISSINGNESS_AWARE_PCA,-7.336513176539698,0.8834599303020172,-2.2844753407751193,0.11654006969798274,RAPID_ACTING_ANTIDEPRESSANT_CONTEXT,Rapid-acting antidepressant context,
RAPID_ACTING_ANTIDEPRESSANT_CONTEXT__JOINT_CONTINUOUS_PCA,"Ketamine, confirmed racemate",strict18_common_rhr,EM_SVD_MISSINGNESS_AWARE_PCA,8.441457655464582,0.8834599303020172,-1.708617781554545,0.11654006969798274,RAPID_ACTING_ANTIDEPRESSANT_CONTEXT,Rapid-acting antidepressant context,
RAPID_ACTING_ANTIDEPRESSANT_CONTEXT__JOINT_CONTINUOUS_PCA,Dextromethorphan,strict18_common_rhr,EM_SVD_MISSINGNESS_AWARE_PCA,-0.41825183610772687,0.8834599303020172,1.509341621506837,0.11654006969798274,RAPID_ACTING_ANTIDEPRESSANT_CONTEXT,Rapid-acting antidepressant context,
RAPID_ACTING_ANTIDEPRESSANT_CONTEXT__JOINT_CONTINUOUS_PCA,Scopolamine,strict18_common_rhr,EM_SVD_MISSINGNESS_AWARE_PCA,-0.6866926428171582,0.8834599303020172,2.4837515008228226,0.11654006969798274,RAPID_ACTING_ANTIDEPRESSANT_CONTEXT,Rapid-acting antidepressant context,
RAPID_ACTING_ANTIDEPRESSANT_CONTEXT__TARGET_LEVEL_PCA,"Ketamine, pooled parent",target_mean_common_rhr,TARGET_LEVEL_EM_SVD_PCA,-0.8690927090415856,0.8412633639154318,-0.36272665043762387,0.15873663608456817,RAPID_ACTING_ANTIDEPRESSANT_CONTEXT,Rapid-acting antidepressant context,
RAPID_ACTING_ANTIDEPRESSANT_CONTEXT__TARGET_LEVEL_PCA,"Ketamine, confirmed racemate",target_mean_common_rhr,TARGET_LEVEL_EM_SVD_PCA,1.076900295160865,0.8412633639154318,-0.23501771840536576,0.15873663608456817,RAPID_ACTING_ANTIDEPRESSANT_CONTEXT,Rapid-acting antidepressant context,
RAPID_ACTING_ANTIDEPRESSANT_CONTEXT__TARGET_LEVEL_PCA,Dextromethorphan,target_mean_common_rhr,TARGET_LEVEL_EM_SVD_PCA,-0.09327975789168987,0.8412633639154318,0.2967764765236635,0.15873663608456817,RAPID_ACTING_ANTIDEPRESSANT_CONTEXT,Rapid-acting antidepressant context,
RAPID_ACTING_ANTIDEPRESSANT_CONTEXT__TARGET_LEVEL_PCA,Scopolamine,target_mean_common_rhr,TARGET_LEVEL_EM_SVD_PCA,-0.11452782822758928,0.8412633639154318,0.3009678923193258,0.15873663608456817,RAPID_ACTING_ANTIDEPRESSANT_CONTEXT,Rapid-acting antidepressant context,
RAPID_ACTING_ANTIDEPRESSANT_CONTEXT__SPARSE_FINGERPRINT_PCA,"Ketamine, pooled parent",alpha001_binary_0_1_NA,SUPPORT_AWARE_SPARSE_FINGERPRINT_EM_SVD_PCA,1.0,0.7499999999999999,-0.3333333333333335,0.2500000000000001,RAPID_ACTING_ANTIDEPRESSANT_CONTEXT,Rapid-acting antidepressant context,
RAPID_ACTING_ANTIDEPRESSANT_CONTEXT__SPARSE_FINGERPRINT_PCA,"Ketamine, confirmed racemate",alpha001_binary_0_1_NA,SUPPORT_AWARE_SPARSE_FINGERPRINT_EM_SVD_PCA,-0.9999999999999998,0.7499999999999999,-0.3333333333333334,0.2500000000000001,RAPID_ACTING_ANTIDEPRESSANT_CONTEXT,Rapid-acting antidepressant context,
RAPID_ACTING_ANTIDEPRESSANT_CONTEXT__SPARSE_FINGERPRINT_PCA,Dextromethorphan,alpha001_binary_0_1_NA,SUPPORT_AWARE_SPARSE_FINGERPRINT_EM_SVD_PCA,1.773194386910829e-17,0.7499999999999999,0.6666666666666666,0.2500000000000001,RAPID_ACTING_ANTIDEPRESSANT_CONTEXT,Rapid-acting antidepressant context,
RAPID_ACTING_ANTIDEPRESSANT_CONTEXT__SPARSE_FINGERPRINT_PCA,Scopolamine,alpha001_binary_0_1_NA,SUPPORT_AWARE_SPARSE_FINGERPRINT_EM_SVD_PCA,0.0,0.7499999999999999,0.0,0.2500000000000001,RAPID_ACTING_ANTIDEPRESSANT_CONTEXT,Rapid-acting antidepressant context,
SEROTONERGIC_PSYCHOACTIVE_CONTEXT__JOINT_CONTINUOUS_PCA,"Ketamine, pooled parent",strict18_common_rhr,EM_SVD_MISSINGNESS_AWARE_PCA,-5.959883623237339,0.7766600627334145,-0.26036917933965453,0.20639679363633734,SEROTONERGIC_PSYCHOACTIVE_CONTEXT,Serotonergic psychoactive context,
SEROTONERGIC_PSYCHOACTIVE_CONTEXT__JOINT_CONTINUOUS_PCA,"Ketamine, confirmed racemate",strict18_common_rhr,EM_SVD_MISSINGNESS_AWARE_PCA,12.233862087151502,0.7766600627334145,4.257584752905164,0.20639679363633734,SEROTONERGIC_PSYCHOACTIVE_CONTEXT,Serotonergic psychoactive context,
SEROTONERGIC_PSYCHOACTIVE_CONTEXT__JOINT_CONTINUOUS_PCA,Chlorpromazine,strict18_common_rhr,EM_SVD_MISSINGNESS_AWARE_PCA,-11.117184845874826,0.7766600627334145,-3.8941158040006068,0.20639679363633734,SEROTONERGIC_PSYCHOACTIVE_CONTEXT,Serotonergic psychoactive context,
SEROTONERGIC_PSYCHOACTIVE_CONTEXT__JOINT_CONTINUOUS_PCA,Clozapine,strict18_common_rhr,EM_SVD_MISSINGNESS_AWARE_PCA,-13.139044146174381,0.7766600627334145,-2.9598683070559937,0.20639679363633734,SEROTONERGIC_PSYCHOACTIVE_CONTEXT,Serotonergic psychoactive context,
SEROTONERGIC_PSYCHOACTIVE_CONTEXT__JOINT_CONTINUOUS_PCA,Lysergide (LSD),strict18_common_rhr,EM_SVD_MISSINGNESS_AWARE_PCA,-7.901284646999491,0.7766600627334145,-4.1180101318851605,0.20639679363633734,SEROTONERGIC_PSYCHOACTIVE_CONTEXT,Serotonergic psychoactive context,
SEROTONERGIC_PSYCHOACTIVE_CONTEXT__JOINT_CONTINUOUS_PCA,Mirtazapine,strict18_common_rhr,EM_SVD_MISSINGNESS_AWARE_PCA,8.018357524614846,0.7766600627334145,4.5387375244058035,0.20639679363633734,SEROTONERGIC_PSYCHOACTIVE_CONTEXT,Serotonergic psychoactive context,
SEROTONERGIC_PSYCHOACTIVE_CONTEXT__JOINT_CONTINUOUS_PCA,Olanzapine,strict18_common_rhr,EM_SVD_MISSINGNESS_AWARE_PCA,9.566341841921673,0.7766600627334145,0.4608309849844201,0.20639679363633734,SEROTONERGIC_PSYCHOACTIVE_CONTEXT,Serotonergic psychoactive context,
SEROTONERGIC_PSYCHOACTIVE_CONTEXT__JOINT_CONTINUOUS_PCA,Psilocin,strict18_common_rhr,EM_SVD_MISSINGNESS_AWARE_PCA,-10.893221155067758,0.7766600627334145,-2.2647854097381908,0.20639679363633734,SEROTONERGIC_PSYCHOACTIVE_CONTEXT,Serotonergic psychoactive context,
SEROTONERGIC_PSYCHOACTIVE_CONTEXT__JOINT_CONTINUOUS_PCA,Psilocybin,strict18_common_rhr,EM_SVD_MISSINGNESS_AWARE_PCA,-7.4702984976126245,0.7766600627334145,13.953802856178118,0.20639679363633734,SEROTONERGIC_PSYCHOACTIVE_CONTEXT,Serotonergic psychoactive context,
SEROTONERGIC_PSYCHOACTIVE_CONTEXT__JOINT_CONTINUOUS_PCA,Risperidone,strict18_common_rhr,EM_SVD_MISSINGNESS_AWARE_PCA,13.89081862442386,0.7766600627334145,-4.94126296335313,0.20639679363633734,SEROTONERGIC_PSYCHOACTIVE_CONTEXT,Serotonergic psychoactive context,
SEROTONERGIC_PSYCHOACTIVE_CONTEXT__JOINT_CONTINUOUS_PCA,Ziprasidone,strict18_common_rhr,EM_SVD_MISSINGNESS_AWARE_PCA,12.771536836854544,0.7766600627334145,-4.772544323100776,0.20639679363633734,SEROTONERGIC_PSYCHOACTIVE_CONTEXT,Serotonergic psychoactive context,
SEROTONERGIC_PSYCHOACTIVE_CONTEXT__FIXED_REFERENCE_PCA,Chlorpromazine,strict18_common_rhr,FROZEN_REFERENCE_EM_SVD_PCA_WITH_WLS_QUERY_PROJECTION,-9.176103709424446,0.6774138159345101,0.9048040077327665,0.2973432913560779,SEROTONERGIC_PSYCHOACTIVE_CONTEXT,Serotonergic psychoactive context,
SEROTONERGIC_PSYCHOACTIVE_CONTEXT__FIXED_REFERENCE_PCA,Clozapine,strict18_common_rhr,FROZEN_REFERENCE_EM_SVD_PCA_WITH_WLS_QUERY_PROJECTION,-9.261307498209444,0.6774138159345101,0.008061107095865999,0.2973432913560779,SEROTONERGIC_PSYCHOACTIVE_CONTEXT,Serotonergic psychoactive context,
SEROTONERGIC_PSYCHOACTIVE_CONTEXT__FIXED_REFERENCE_PCA,Lysergide (LSD),strict18_common_rhr,FROZEN_REFERENCE_EM_SVD_PCA_WITH_WLS_QUERY_PROJECTION,-6.324663394903132,0.6774138159345101,2.266019892587836,0.2973432913560779,SEROTONERGIC_PSYCHOACTIVE_CONTEXT,Serotonergic psychoactive context,
SEROTONERGIC_PSYCHOACTIVE_CONTEXT__FIXED_REFERENCE_PCA,Mirtazapine,strict18_common_rhr,FROZEN_REFERENCE_EM_SVD_PCA_WITH_WLS_QUERY_PROJECTION,10.418798382267356,0.6774138159345101,0.2576387155093895,0.2973432913560779,SEROTONERGIC_PSYCHOACTIVE_CONTEXT,Serotonergic psychoactive context,
SEROTONERGIC_PSYCHOACTIVE_CONTEXT__FIXED_REFERENCE_PCA,Olanzapine,strict18_common_rhr,FROZEN_REFERENCE_EM_SVD_PCA_WITH_WLS_QUERY_PROJECTION,7.092934790940097,0.6774138159345101,1.772724660176406,0.2973432913560779,SEROTONERGIC_PSYCHOACTIVE_CONTEXT,Serotonergic psychoactive context,
SEROTONERGIC_PSYCHOACTIVE_CONTEXT__FIXED_REFERENCE_PCA,Psilocin,strict18_common_rhr,FROZEN_REFERENCE_EM_SVD_PCA_WITH_WLS_QUERY_PROJECTION,-8.814886825262223,0.6774138159345101,-3.140627806385471,0.2973432913560779,SEROTONERGIC_PSYCHOACTIVE_CONTEXT,Serotonergic psychoactive context,
SEROTONERGIC_PSYCHOACTIVE_CONTEXT__FIXED_REFERENCE_PCA,Psilocybin,strict18_common_rhr,FROZEN_REFERENCE_EM_SVD_PCA_WITH_WLS_QUERY_PROJECTION,5.856879818655362,0.6774138159345101,-12.611882181896508,0.2973432913560779,SEROTONERGIC_PSYCHOACTIVE_CONTEXT,Serotonergic psychoactive context,
SEROTONERGIC_PSYCHOACTIVE_CONTEXT__FIXED_REFERENCE_PCA,Risperidone,strict18_common_rhr,FROZEN_REFERENCE_EM_SVD_PCA_WITH_WLS_QUERY_PROJECTION,5.3344534536086945,0.6774138159345101,4.8770970002760015,0.2973432913560779,SEROTONERGIC_PSYCHOACTIVE_CONTEXT,Serotonergic psychoactive context,
SEROTONERGIC_PSYCHOACTIVE_CONTEXT__FIXED_REFERENCE_PCA,Ziprasidone,strict18_common_rhr,FROZEN_REFERENCE_EM_SVD_PCA_WITH_WLS_QUERY_PROJECTION,4.8738949823277276,0.6774138159345101,5.666164604903721,0.2973432913560779,SEROTONERGIC_PSYCHOACTIVE_CONTEXT,Serotonergic psychoactive context,
SEROTONERGIC_PSYCHOACTIVE_CONTEXT__FIXED_REFERENCE_PCA,"Ketamine, pooled parent",strict18_common_rhr,FROZEN_REFERENCE_EM_SVD_PCA_WITH_WLS_QUERY_PROJECTION,-3.22918531258049,0.6774138159345101,1.0039724949890414,0.2973432913560779,SEROTONERGIC_PSYCHOACTIVE_CONTEXT,Serotonergic psychoactive context,PROJECTED_QUERY
SEROTONERGIC_PSYCHOACTIVE_CONTEXT__FIXED_REFERENCE_PCA,"Ketamine, confirmed racemate",strict18_common_rhr,FROZEN_REFERENCE_EM_SVD_PCA_WITH_WLS_QUERY_PROJECTION,9.378224795589674,0.6774138159345101,0.4066990826924144,0.2973432913560779,SEROTONERGIC_PSYCHOACTIVE_CONTEXT,Serotonergic psychoactive context,PROJECTED_QUERY
SEROTONERGIC_PSYCHOACTIVE_CONTEXT__TARGET_LEVEL_PCA,"Ketamine, pooled parent",target_mean_common_rhr,TARGET_LEVEL_EM_SVD_PCA,-0.9208551190187052,0.8170634788209994,-0.1040207600009099,0.16727589085862996,SEROTONERGIC_PSYCHOACTIVE_CONTEXT,Serotonergic psychoactive context,
SEROTONERGIC_PSYCHOACTIVE_CONTEXT__TARGET_LEVEL_PCA,"Ketamine, confirmed racemate",target_mean_common_rhr,TARGET_LEVEL_EM_SVD_PCA,1.4348157409796558,0.8170634788209994,-0.4878301144739916,0.16727589085862996,SEROTONERGIC_PSYCHOACTIVE_CONTEXT,Serotonergic psychoactive context,
SEROTONERGIC_PSYCHOACTIVE_CONTEXT__TARGET_LEVEL_PCA,Chlorpromazine,target_mean_common_rhr,TARGET_LEVEL_EM_SVD_PCA,-1.7137440207694608,0.8170634788209994,0.15825857913326513,0.16727589085862996,SEROTONERGIC_PSYCHOACTIVE_CONTEXT,Serotonergic psychoactive context,
SEROTONERGIC_PSYCHOACTIVE_CONTEXT__TARGET_LEVEL_PCA,Clozapine,target_mean_common_rhr,TARGET_LEVEL_EM_SVD_PCA,-1.927953588643879,0.8170634788209994,0.01981013686041604,0.16727589085862996,SEROTONERGIC_PSYCHOACTIVE_CONTEXT,Serotonergic psychoactive context,
SEROTONERGIC_PSYCHOACTIVE_CONTEXT__TARGET_LEVEL_PCA,Lysergide (LSD),target_mean_common_rhr,TARGET_LEVEL_EM_SVD_PCA,-1.1019316849832352,0.8170634788209994,0.4337484906109282,0.16727589085862996,SEROTONERGIC_PSYCHOACTIVE_CONTEXT,Serotonergic psychoactive context,
SEROTONERGIC_PSYCHOACTIVE_CONTEXT__TARGET_LEVEL_PCA,Mirtazapine,target_mean_common_rhr,TARGET_LEVEL_EM_SVD_PCA,0.7302144052128042,0.8170634788209994,-0.6703333229043,0.16727589085862996,SEROTONERGIC_PSYCHOACTIVE_CONTEXT,Serotonergic psychoactive context,
SEROTONERGIC_PSYCHOACTIVE_CONTEXT__TARGET_LEVEL_PCA,Olanzapine,target_mean_common_rhr,TARGET_LEVEL_EM_SVD_PCA,0.7826612953088032,0.8170634788209994,-0.3368729005046911,0.16727589085862996,SEROTONERGIC_PSYCHOACTIVE_CONTEXT,Serotonergic psychoactive context,
SEROTONERGIC_PSYCHOACTIVE_CONTEXT__TARGET_LEVEL_PCA,Psilocin,target_mean_common_rhr,TARGET_LEVEL_EM_SVD_PCA,-0.6852041819076853,0.8170634788209994,0.7137754725931662,0.16727589085862996,SEROTONERGIC_PSYCHOACTIVE_CONTEXT,Serotonergic psychoactive context,
SEROTONERGIC_PSYCHOACTIVE_CONTEXT__TARGET_LEVEL_PCA,Psilocybin,target_mean_common_rhr,TARGET_LEVEL_EM_SVD_PCA,-0.1291036092401449,0.8170634788209994,-1.1354840469105056,0.16727589085862996,SEROTONERGIC_PSYCHOACTIVE_CONTEXT,Serotonergic psychoactive context,
SEROTONERGIC_PSYCHOACTIVE_CONTEXT__TARGET_LEVEL_PCA,Risperidone,target_mean_common_rhr,TARGET_LEVEL_EM_SVD_PCA,1.7933910922335006,0.8170634788209994,0.6970925885986478,0.16727589085862996,SEROTONERGIC_PSYCHOACTIVE_CONTEXT,Serotonergic psychoactive context,
SEROTONERGIC_PSYCHOACTIVE_CONTEXT__TARGET_LEVEL_PCA,Ziprasidone,target_mean_common_rhr,TARGET_LEVEL_EM_SVD_PCA,1.7377096708283464,0.8170634788209994,0.7118558769979747,0.16727589085862996,SEROTONERGIC_PSYCHOACTIVE_CONTEXT,Serotonergic psychoactive context,
SEROTONERGIC_PSYCHOACTIVE_CONTEXT__SPARSE_FINGERPRINT_PCA,"Ketamine, pooled parent",alpha001_binary_0_1_NA,SUPPORT_AWARE_SPARSE_FINGERPRINT_EM_SVD_PCA,0.8463495277563249,0.6000131688697384,-0.2886057060101746,0.3044625051384396,SEROTONERGIC_PSYCHOACTIVE_CONTEXT,Serotonergic psychoactive context,
SEROTONERGIC_PSYCHOACTIVE_CONTEXT__SPARSE_FINGERPRINT_PCA,"Ketamine, confirmed racemate",alpha001_binary_0_1_NA,SUPPORT_AWARE_SPARSE_FINGERPRINT_EM_SVD_PCA,-1.2420344424631176,0.6000131688697384,-1.5755462435679146,0.3044625051384396,SEROTONERGIC_PSYCHOACTIVE_CONTEXT,Serotonergic psychoactive context,
SEROTONERGIC_PSYCHOACTIVE_CONTEXT__SPARSE_FINGERPRINT_PCA,Chlorpromazine,alpha001_binary_0_1_NA,SUPPORT_AWARE_SPARSE_FINGERPRINT_EM_SVD_PCA,0.2988628583106809,0.6000131688697384,-0.39390595708764004,0.3044625051384396,SEROTONERGIC_PSYCHOACTIVE_CONTEXT,Serotonergic psychoactive context,
SEROTONERGIC_PSYCHOACTIVE_CONTEXT__SPARSE_FINGERPRINT_PCA,Clozapine,alpha001_binary_0_1_NA,SUPPORT_AWARE_SPARSE_FINGERPRINT_EM_SVD_PCA,0.10778258709603915,0.6000131688697384,-0.2432196915278136,0.3044625051384396,SEROTONERGIC_PSYCHOACTIVE_CONTEXT,Serotonergic psychoactive context,
SEROTONERGIC_PSYCHOACTIVE_CONTEXT__SPARSE_FINGERPRINT_PCA,Lysergide (LSD),alpha001_binary_0_1_NA,SUPPORT_AWARE_SPARSE_FINGERPRINT_EM_SVD_PCA,-0.3922550235317679,0.6000131688697384,-0.6160484790337841,0.3044625051384396,SEROTONERGIC_PSYCHOACTIVE_CONTEXT,Serotonergic psychoactive context,
SEROTONERGIC_PSYCHOACTIVE_CONTEXT__SPARSE_FINGERPRINT_PCA,Mirtazapine,alpha001_binary_0_1_NA,SUPPORT_AWARE_SPARSE_FINGERPRINT_EM_SVD_PCA,-1.877943034645988,0.6000131688697384,-0.8967591407558986,0.3044625051384396,SEROTONERGIC_PSYCHOACTIVE_CONTEXT,Serotonergic psychoactive context,
SEROTONERGIC_PSYCHOACTIVE_CONTEXT__SPARSE_FINGERPRINT_PCA,Olanzapine,alpha001_binary_0_1_NA,SUPPORT_AWARE_SPARSE_FINGERPRINT_EM_SVD_PCA,-1.8225446544583506,0.6000131688697384,3.15803846431889,0.3044625051384396,SEROTONERGIC_PSYCHOACTIVE_CONTEXT,Serotonergic psychoactive context,
SEROTONERGIC_PSYCHOACTIVE_CONTEXT__SPARSE_FINGERPRINT_PCA,Psilocin,alpha001_binary_0_1_NA,SUPPORT_AWARE_SPARSE_FINGERPRINT_EM_SVD_PCA,3.0530960011368804,0.6000131688697384,0.4133041541021475,0.3044625051384396,SEROTONERGIC_PSYCHOACTIVE_CONTEXT,Serotonergic psychoactive context,
SEROTONERGIC_PSYCHOACTIVE_CONTEXT__SPARSE_FINGERPRINT_PCA,Psilocybin,alpha001_binary_0_1_NA,SUPPORT_AWARE_SPARSE_FINGERPRINT_EM_SVD_PCA,2.7756442840045317,0.6000131688697384,0.21266543393035162,0.3044625051384396,SEROTONERGIC_PSYCHOACTIVE_CONTEXT,Serotonergic psychoactive context,
SEROTONERGIC_PSYCHOACTIVE_CONTEXT__SPARSE_FINGERPRINT_PCA,Risperidone,alpha001_binary_0_1_NA,SUPPORT_AWARE_SPARSE_FINGERPRINT_EM_SVD_PCA,-1.533647542442121,0.6000131688697384,-0.34704002000459416,0.3044625051384396,SEROTONERGIC_PSYCHOACTIVE_CONTEXT,Serotonergic psychoactive context,
SEROTONERGIC_PSYCHOACTIVE_CONTEXT__SPARSE_FINGERPRINT_PCA,Ziprasidone,alpha001_binary_0_1_NA,SUPPORT_AWARE_SPARSE_FINGERPRINT_EM_SVD_PCA,-0.21331056076311433,0.6000131688697384,0.5771171856364309,0.3044625051384396,SEROTONERGIC_PSYCHOACTIVE_CONTEXT,Serotonergic psychoactive context,
TYPICAL_ANTIPSYCHOTICS__JOINT_CONTINUOUS_PCA,"Ketamine, pooled parent",strict18_common_rhr,EM_SVD_MISSINGNESS_AWARE_PCA,-8.091544418230022,0.798350628629402,-0.18451121016063596,0.19582116580320597,TYPICAL_ANTIPSYCHOTICS,Typical antipsychotics,
TYPICAL_ANTIPSYCHOTICS__JOINT_CONTINUOUS_PCA,"Ketamine, confirmed racemate",strict18_common_rhr,EM_SVD_MISSINGNESS_AWARE_PCA,17.528066152618013,0.798350628629402,2.698077405010833,0.19582116580320597,TYPICAL_ANTIPSYCHOTICS,Typical antipsychotics,
TYPICAL_ANTIPSYCHOTICS__JOINT_CONTINUOUS_PCA,Chlorpromazine,strict18_common_rhr,EM_SVD_MISSINGNESS_AWARE_PCA,-8.989132283552504,0.798350628629402,5.843023358298314,0.19582116580320597,TYPICAL_ANTIPSYCHOTICS,Typical antipsychotics,
TYPICAL_ANTIPSYCHOTICS__JOINT_CONTINUOUS_PCA,Haloperidol,strict18_common_rhr,EM_SVD_MISSINGNESS_AWARE_PCA,-0.447389450835497,0.798350628629402,-8.356589553148508,0.19582116580320597,TYPICAL_ANTIPSYCHOTICS,Typical antipsychotics,
TYPICAL_ANTIPSYCHOTICS__TARGET_LEVEL_PCA,"Ketamine, pooled parent",target_mean_common_rhr,TARGET_LEVEL_EM_SVD_PCA,-0.9372335616515702,0.7905743897587532,-0.05103914496646666,0.2029758535261093,TYPICAL_ANTIPSYCHOTICS,Typical antipsychotics,
TYPICAL_ANTIPSYCHOTICS__TARGET_LEVEL_PCA,"Ketamine, confirmed racemate",target_mean_common_rhr,TARGET_LEVEL_EM_SVD_PCA,1.9951964376501732,0.7905743897587532,0.4605053804371572,0.2029758535261093,TYPICAL_ANTIPSYCHOTICS,Typical antipsychotics,
TYPICAL_ANTIPSYCHOTICS__TARGET_LEVEL_PCA,Chlorpromazine,target_mean_common_rhr,TARGET_LEVEL_EM_SVD_PCA,-1.2470711865401638,0.7905743897587532,0.6191432393936003,0.2029758535261093,TYPICAL_ANTIPSYCHOTICS,Typical antipsychotics,
TYPICAL_ANTIPSYCHOTICS__TARGET_LEVEL_PCA,Haloperidol,target_mean_common_rhr,TARGET_LEVEL_EM_SVD_PCA,0.189108310541561,0.7905743897587532,-1.0286094748642904,0.2029758535261093,TYPICAL_ANTIPSYCHOTICS,Typical antipsychotics,
TYPICAL_ANTIPSYCHOTICS__SPARSE_FINGERPRINT_PCA,"Ketamine, pooled parent",alpha001_binary_0_1_NA,SUPPORT_AWARE_SPARSE_FINGERPRINT_EM_SVD_PCA,-2.317476158256428,0.9225736743394383,-0.7958442322420318,0.07618131601178567,TYPICAL_ANTIPSYCHOTICS,Typical antipsychotics,
TYPICAL_ANTIPSYCHOTICS__SPARSE_FINGERPRINT_PCA,"Ketamine, confirmed racemate",alpha001_binary_0_1_NA,SUPPORT_AWARE_SPARSE_FINGERPRINT_EM_SVD_PCA,5.539942791886224,0.9225736743394383,0.1372884588306893,0.07618131601178567,TYPICAL_ANTIPSYCHOTICS,Typical antipsychotics,
TYPICAL_ANTIPSYCHOTICS__SPARSE_FINGERPRINT_PCA,Chlorpromazine,alpha001_binary_0_1_NA,SUPPORT_AWARE_SPARSE_FINGERPRINT_EM_SVD_PCA,-0.9358762014143348,0.9225736743394383,-0.8136975876833221,0.07618131601178567,TYPICAL_ANTIPSYCHOTICS,Typical antipsychotics,
TYPICAL_ANTIPSYCHOTICS__SPARSE_FINGERPRINT_PCA,Haloperidol,alpha001_binary_0_1_NA,SUPPORT_AWARE_SPARSE_FINGERPRINT_EM_SVD_PCA,-2.2865904322154647,0.9225736743394383,1.4722533610946646,0.07618131601178567,TYPICAL_ANTIPSYCHOTICS,Typical antipsychotics,
